-- phpMyAdmin SQL Dump
-- version 4.8.5
-- https://www.phpmyadmin.net/
--
-- Servidor: 127.0.0.1
-- Tiempo de generación: 13-07-2023 a las 19:08:11
-- Versión del servidor: 10.1.38-MariaDB
-- Versión de PHP: 7.3.2

SET SQL_MODE = "NO_AUTO_VALUE_ON_ZERO";
SET AUTOCOMMIT = 0;
START TRANSACTION;
SET time_zone = "+00:00";


/*!40101 SET @OLD_CHARACTER_SET_CLIENT=@@CHARACTER_SET_CLIENT */;
/*!40101 SET @OLD_CHARACTER_SET_RESULTS=@@CHARACTER_SET_RESULTS */;
/*!40101 SET @OLD_COLLATION_CONNECTION=@@COLLATION_CONNECTION */;
/*!40101 SET NAMES utf8mb4 */;

--
-- Base de datos: `coe_performance_db`
--

-- --------------------------------------------------------

--
-- Estructura de tabla para la tabla `actividad`
--

CREATE TABLE `actividad` (
  `idActividad` int(11) NOT NULL,
  `tipo` enum('INPUT','OUTPUT') NOT NULL,
  `nombre` varchar(200) NOT NULL,
  `descripcion` text NOT NULL,
  `horasLow` decimal(10,2) NOT NULL,
  `horasMid` decimal(10,2) NOT NULL,
  `horasHigh` decimal(10,2) NOT NULL,
  `fechaCrea` datetime NOT NULL DEFAULT CURRENT_TIMESTAMP,
  `idEtapa` int(11) NOT NULL,
  `resp` varchar(2) NOT NULL,
  `obsoleta` tinyint(4) NOT NULL DEFAULT '0'
) ENGINE=InnoDB DEFAULT CHARSET=utf8mb4;

--
-- Volcado de datos para la tabla `actividad`
--

INSERT INTO `actividad` (`idActividad`, `tipo`, `nombre`, `descripcion`, `horasLow`, `horasMid`, `horasHigh`, `fechaCrea`, `idEtapa`, `resp`, `obsoleta`) VALUES
(1, 'INPUT', 'Customer request for COE services', '', '0.16', '0.16', '0.16', '2021-03-26 18:06:52', 1, 'PM', 0),
(2, 'INPUT', 'Project documentation', '(Engineering drawings, BOM’s, components specifications)', '0.50', '1.00', '1.50', '2021-03-26 18:07:02', 1, '', 1),
(3, 'INPUT', 'Technical requirements for the project for assembly testing and/or components', 'This is when project is customer design', '0.50', '0.50', '0.50', '2021-03-26 18:07:40', 1, 'PM', 0),
(4, 'INPUT', 'Define technical requirements Dimensional, electrical, mechanical, environmental', '(This is for NAI designs)', '1.00', '1.00', '1.00', '2021-03-26 18:08:22', 1, 'PM', 1),
(5, 'OUTPUT', 'Project category/complexity/workload hours', '', '0.08', '0.08', '0.08', '2021-03-30 17:17:18', 1, 'PM', 1),
(6, 'INPUT', 'Purchase order', '', '0.33', '0.33', '0.33', '2021-04-13 17:13:42', 1, '', 1),
(7, 'INPUT', 'NAI BOM', '', '0.00', '0.00', '0.00', '2021-04-13 17:13:59', 1, 'PM', 1),
(8, 'INPUT', 'NAI Work order', '', '0.00', '0.00', '0.00', '2021-04-27 21:39:54', 1, 'PM', 1),
(12, 'INPUT', 'Project ship date', '', '0.00', '0.00', '0.00', '2021-06-07 18:49:43', 1, 'PM', 1),
(13, 'INPUT', 'COE Log status update', '', '0.00', '0.00', '0.00', '2021-06-08 00:04:19', 1, 'PM', 1),
(15, 'OUTPUT', 'Raw material status report', 'Raw material availability including shortages', '0.33', '0.50', '1.00', '2021-07-12 09:02:28', 1, 'PM', 0),
(16, 'OUTPUT', 'List of Raw Materials and /Or RM Purchase Orders', '', '0.50', '0.50', '1.00', '2021-07-12 09:02:28', 1, 'PM', 0),
(17, 'OUTPUT', 'List of Tooling and or Tooling Purchase Orders', '', '0.50', '0.50', '0.50', '2021-07-12 09:02:28', 1, 'DE', 0),
(18, 'OUTPUT', 'Price calculation', '', '0.50', '0.50', '1.00', '2021-07-12 09:02:28', 1, 'PM', 0),
(19, 'OUTPUT', 'Formal quotation ', '', '0.50', '0.50', '1.00', '2021-07-12 09:02:28', 1, 'PM', 0),
(20, 'OUTPUT', 'Design proposal for customer approval', '(Engineering drawing for customer and support design documentation – PTF)', '3.00', '7.00', '11.00', '2021-07-12 09:02:28', 1, 'DE', 0),
(21, 'OUTPUT', 'Project ship date', '', '1.00', '1.00', '1.00', '2021-07-12 09:02:28', 1, 'PM', 0),
(22, 'OUTPUT', 'Tracking # for prototype/FA', '', '0.50', '0.50', '0.50', '2021-07-12 09:02:28', 2, 'PM', 0),
(23, 'INPUT', 'Customer Requirements', '', '0.33', '0.33', '0.33', '2021-07-12 09:02:28', 2, 'DE', 0),
(24, 'INPUT', 'Design specifications', '', '0.00', '0.00', '0.00', '2021-07-12 09:02:28', 2, 'DE', 1),
(25, 'INPUT', 'Drawings/3D CAD model', '', '0.00', '0.00', '0.00', '2021-07-12 09:06:20', 2, 'DE', 1),
(26, 'INPUT', 'Project plan', '', '0.00', '0.00', '0.00', '2021-07-12 09:06:20', 2, 'DE', 1),
(27, 'INPUT', 'NAI work order', '', '0.00', '0.00', '0.00', '2021-07-12 09:06:20', 2, '', 1),
(28, 'INPUT', 'BOM/ AML/AVL/ Raw material requirements', '', '0.00', '0.00', '0.00', '2021-07-12 09:06:20', 2, 'DE', 1),
(29, 'INPUT', 'New materials (other than BOM) / 3rd party', '', '1.00', '2.00', '3.00', '2021-07-12 09:06:20', 2, 'DE', 0),
(30, 'INPUT', 'Tooling required', '', '0.50', '0.50', '0.50', '2021-07-12 09:06:20', 2, 'DE', 0),
(34, 'INPUT', 'Product requirements document (PRD)', '', '0.00', '0.00', '0.00', '2021-07-12 09:06:20', 2, '', 1),
(35, 'INPUT', 'Functional & testing requirements', '', '0.50', '2.00', '3.00', '2021-07-12 09:10:02', 2, 'DE', 0),
(36, 'INPUT', 'Industry standards', '', '0.33', '0.33', '0.33', '2021-07-12 09:10:02', 2, 'QE', 0),
(37, 'INPUT', 'Environmental/ reliability requirements', '', '0.00', '0.00', '0.00', '2021-07-12 09:10:02', 2, '', 1),
(38, 'OUTPUT', 'Physical design', '', '0.00', '0.00', '0.00', '2021-07-12 09:10:02', 2, '', 1),
(39, 'OUTPUT', 'Physical prototype', '', '0.83', '3.00', '12.00', '2021-07-12 09:10:02', 2, 'ME', 0),
(40, 'OUTPUT', 'Design Docs (FMEA,FEA, PTF, ect)', '', '0.00', '0.00', '0.00', '2021-07-12 09:10:02', 2, '', 1),
(41, 'OUTPUT', 'Preliminary Process Compliance - MFG', '', '0.00', '0.00', '0.00', '2021-07-12 09:10:02', 2, '', 1),
(42, 'OUTPUT', 'External Test Evidence', '', '0.33', '0.33', '2.00', '2021-07-12 09:10:02', 2, 'DE', 0),
(43, 'OUTPUT', 'Preliminary work instructions', '', '0.00', '0.00', '0.00', '2021-07-12 09:10:02', 2, '', 1),
(45, 'OUTPUT', 'Gauges and templates for new terminations', '', '0.00', '0.00', '0.00', '2021-07-12 09:12:56', 2, '', 1),
(46, 'OUTPUT', 'ECN', '', '0.25', '0.50', '0.75', '2021-07-12 09:12:56', 2, 'DE', 0),
(47, 'OUTPUT', 'Prototype inspection report', '', '0.00', '0.00', '0.00', '2021-07-12 09:12:56', 2, '', 1),
(48, 'OUTPUT', 'Design intent wire list, electrical schematic', '', '0.00', '0.00', '0.00', '2021-07-12 09:12:56', 2, 'DE', 0),
(49, 'OUTPUT', 'Termination map', '', '0.00', '0.00', '0.00', '2021-07-12 09:12:56', 2, 'DE', 0),
(50, 'OUTPUT', '2D/3D model', '', '0.00', '0.00', '0.00', '2021-07-12 09:12:56', 2, 'DE', 1),
(51, 'OUTPUT', 'Device/part spec/AML/BOM', '', '0.00', '0.00', '0.00', '2021-07-12 09:12:56', 2, 'DE', 1),
(52, 'OUTPUT', 'Critical to function (CTF items)', '', '0.00', '0.00', '0.00', '2021-07-12 09:12:56', 2, 'DE', 0),
(53, 'OUTPUT', 'DFMEA/FEA models', '', '0.00', '0.00', '0.00', '2021-07-12 09:12:56', 2, '', 1),
(54, 'OUTPUT', 'Plastic mold model', '', '0.00', '0.00', '0.00', '2021-07-12 09:12:56', 2, '', 1),
(55, 'OUTPUT', 'Process compliance', '', '0.00', '0.00', '0.00', '2021-07-12 09:15:48', 2, '', 1),
(56, 'OUTPUT', 'Feature test results / Incoming inspection', '', '0.50', '1.50', '4.00', '2021-07-12 09:15:48', 2, 'QE', 0),
(57, 'OUTPUT', 'Safety margins and tolerances', '', '0.00', '0.00', '10.00', '2021-07-12 09:15:48', 2, 'DE', 0),
(58, 'INPUT', 'Prints', '', '0.00', '0.00', '0.00', '2021-07-12 09:24:21', 3, '', 1),
(59, 'INPUT', 'Product design specifications (PDS)', '', '0.00', '0.00', '0.00', '2021-07-12 09:24:21', 3, '', 1),
(60, 'INPUT', 'BOM', '', '0.00', '0.00', '0.00', '2021-07-12 09:24:21', 3, '', 1),
(61, 'INPUT', 'Physical design', '', '0.00', '0.00', '0.00', '2021-07-12 09:24:21', 3, '', 1),
(62, 'INPUT', 'Physical prototype', '', '0.00', '0.00', '0.00', '2021-07-12 09:24:21', 3, '', 1),
(63, 'INPUT', 'Preliminary work instructions', '', '0.00', '0.00', '0.00', '2021-07-12 09:24:21', 3, '', 1),
(64, 'INPUT', 'Gauges for new type of connectors', '', '0.00', '0.00', '0.00', '2021-07-12 09:24:21', 3, '', 1),
(66, 'INPUT', 'First Article Report (FAR)', '', '0.00', '0.00', '0.00', '2021-07-12 09:24:21', 3, '', 1),
(67, 'INPUT', 'DFMEA', '', '0.00', '0.00', '0.00', '2021-07-12 09:24:21', 3, '', 1),
(68, 'OUTPUT', 'PFMEA', '', '1.00', '2.00', '4.00', '2021-07-12 09:28:36', 3, 'ME', 0),
(69, 'OUTPUT', 'Final BOM', '', '0.50', '1.00', '1.50', '2021-07-12 09:28:36', 3, 'DE', 0),
(70, 'OUTPUT', 'Product Samples', '', '7.00', '18.00', '35.00', '2021-07-12 09:28:36', 3, 'ME', 0),
(71, 'OUTPUT', 'First Article Report (FAR)', '', '1.00', '2.00', '3.00', '2021-07-12 09:28:36', 3, 'ME', 0),
(72, 'OUTPUT', 'Mechanical Test (mating/unmating)', '', '2.00', '4.00', '8.00', '2021-07-12 09:28:36', 3, 'ME', 0),
(73, 'OUTPUT', 'Mechanical Test (Insertion/Extension force test)', '', '2.00', '4.00', '8.00', '2021-07-12 09:28:36', 3, 'ME', 0),
(74, 'OUTPUT', 'Electrical Test (Continuity Test)', '', '0.33', '0.50', '1.00', '2021-07-12 09:28:36', 3, 'ME', 0),
(75, 'OUTPUT', 'Electrical Test (Dielectric Withstanding Voltage Test)', '', '0.33', '0.50', '1.00', '2021-07-12 09:28:36', 3, 'ME', 0),
(76, 'OUTPUT', 'Electrical Test (Contact Resistance Test)', '', '0.33', '0.50', '1.00', '2021-07-12 09:28:36', 3, 'ME', 0),
(77, 'OUTPUT', 'Electrical Test (Insulation Resistance Test)', '', '0.33', '0.50', '1.00', '2021-07-12 09:28:36', 3, 'ME', 0),
(78, 'OUTPUT', 'Optical Performance Test (IL/RL)', '', '0.25', '0.33', '1.00', '2021-07-12 09:28:36', 3, 'ME', 0),
(79, 'OUTPUT', 'Environmental Test (IP XX)', '', '1.00', '2.00', '4.00', '2021-07-12 09:28:36', 3, 'QE', 0),
(80, 'OUTPUT', 'Environmental Test (TC test)', '', '172.00', '172.00', '172.00', '2021-07-12 09:28:36', 3, 'DE', 0),
(81, 'OUTPUT', 'Environmental Test Life cycle test', '', '172.00', '172.00', '172.00', '2021-07-12 09:28:36', 3, 'DE', 0),
(82, 'OUTPUT', 'Final Assembly Work Instruction', '', '7.00', '13.00', '18.00', '2021-07-12 09:28:36', 3, 'ME', 0),
(83, 'OUTPUT', 'Test programs for production', '', '1.00', '1.00', '1.00', '2021-07-12 09:28:36', 3, 'ME', 0),
(84, 'OUTPUT', 'Customer Approval', '', '1.00', '1.00', '1.00', '2021-07-12 09:28:36', 3, 'PM', 0),
(86, 'INPUT', 'Forecast from customer/ EAU', '', '0.00', '0.00', '0.00', '2021-07-12 09:34:08', 4, '', 1),
(89, 'INPUT', 'FA approval from customer', '', '0.00', '0.00', '0.00', '2021-07-12 09:34:08', 4, '', 1),
(90, 'INPUT', 'Tooling List', 'Document evidence of manufacturer and / or customer requirements', '0.00', '0.00', '0.00', '2021-07-12 09:34:08', 4, '', 1),
(94, 'INPUT', 'Materials/Tooling availability for mass production', '', '0.00', '0.00', '0.00', '2021-07-12 09:34:08', 4, 'ME', 1),
(96, 'INPUT', 'PCP', '', '0.00', '0.00', '0.00', '2021-07-12 09:34:08', 4, '', 1),
(97, 'INPUT', 'Tooling and machine maintenance plan', '', '0.00', '0.00', '0.00', '2021-07-12 09:34:08', 4, 'ME', 1),
(98, 'INPUT', 'Lessons learned (all areas)', '', '0.00', '0.00', '0.00', '2021-07-12 09:34:08', 4, 'ME', 1),
(99, 'OUTPUT', 'APQP document', '', '0.00', '0.00', '0.00', '2021-07-12 09:36:09', 4, 'QE', 1),
(100, 'OUTPUT', 'PCP', '', '1.00', '2.00', '3.00', '2021-08-09 10:59:54', 3, '', 1),
(101, 'OUTPUT', 'Risk Assesment 1', 'Project Risk Analysis', '0.33', '0.41', '0.50', '2021-08-26 11:43:49', 1, 'QE', 0),
(102, 'OUTPUT', 'FAIR', 'Prototype First Article Inspection Report revision acording to preliminary drawing', '2.00', '3.00', '4.00', '2021-09-07 16:17:41', 2, 'QE', 0),
(103, 'OUTPUT', 'FAR', 'Prototype First Article Report revision acording to preliminary drawing', '1.00', '2.00', '3.00', '2021-09-07 16:19:35', 2, 'ME', 0),
(104, 'OUTPUT', 'FAIR', 'First Article Inspection Report', '2.00', '3.00', '4.00', '2021-09-07 16:22:55', 3, 'QE', 0),
(105, 'OUTPUT', 'Flow Chart', 'Determine the flow of the assembly manufacturing process', '2.00', '4.00', '6.00', '2021-11-05 07:30:16', 3, 'ME', 0),
(106, 'OUTPUT', 'Deviation Format', 'Document any deviations in materials in the BOM against physical', '1.00', '1.00', '1.00', '2021-11-05 07:34:04', 3, 'ME', 0),
(107, 'INPUT', 'Statement of Work', '', '0.50', '0.50', '0.50', '2021-12-01 11:38:42', 1, 'PM', 0),
(108, 'INPUT', 'Customer Desired Ship Date', '', '0.50', '0.50', '0.50', '2021-12-01 11:43:52', 1, 'PM', 0),
(109, 'OUTPUT', 'Project category/complexity/workload hours ', '', '0.00', '0.00', '0.00', '2021-12-01 12:18:09', 1, 'PM', 0),
(110, 'OUTPUT', 'Preliminary NAI BOM ', '', '2.00', '6.00', '16.00', '2021-12-01 12:18:09', 1, 'DE', 0),
(111, 'OUTPUT', 'COE Log status update', '', '0.16', '0.16', '0.16', '2021-12-01 12:18:46', 1, 'PM', 0),
(112, 'OUTPUT', 'TARS', '', '1.00', '1.00', '1.00', '2021-12-01 12:18:46', 1, 'DE', 0),
(113, 'INPUT', 'Purchase order', '', '0.00', '0.00', '0.00', '2021-12-01 12:28:03', 2, 'PM', 0),
(114, 'INPUT', 'Customer Prints/Specs ', '', '0.33', '0.66', '1.00', '2021-12-01 12:28:03', 2, 'DE', 0),
(115, 'INPUT', 'Qualified personnel for New Process', '', '0.50', '0.50', '0.50', '2021-12-01 12:28:41', 2, 'DE', 0),
(116, 'INPUT', 'Hardware requirements document HRD', '', '1.00', '1.00', '1.00', '2021-12-01 12:28:41', 2, 'DE', 0),
(117, 'OUTPUT', 'Components Specifications', '', '0.50', '1.00', '1.50', '2021-12-01 13:28:21', 2, 'DE', 0),
(118, 'OUTPUT', 'Define technical requirements Dimensional, electrical, mechanical, environmental', '(This is for NAI designs) ', '1.00', '1.00', '1.00', '2021-12-01 13:28:21', 2, 'DE', 0),
(119, 'OUTPUT', 'Preliminary sample', '', '7.00', '15.00', '25.00', '2021-12-01 13:29:57', 2, 'ME', 0),
(120, 'OUTPUT', 'NAI Work order ', '', '1.00', '1.00', '1.00', '2021-12-01 13:29:57', 2, 'PM', 0),
(121, 'OUTPUT', 'Preliminary Design FMEA', '', '2.00', '4.00', '6.00', '2021-12-01 13:31:59', 2, 'DE', 0),
(122, 'OUTPUT', 'Preliminary Design FEA', '', '0.33', '0.33', '2.00', '2021-12-01 13:31:59', 2, 'DE', 0),
(123, 'OUTPUT', 'Preliminary Design PTF', '', '2.00', '4.00', '6.00', '2021-12-01 13:31:59', 2, 'DE', 0),
(124, 'OUTPUT', 'Prototype Traceability', '', '2.00', '0.00', '0.00', '2021-12-01 13:31:59', 2, 'ME', 0),
(125, 'OUTPUT', 'Tooling Model', '', '3.00', '6.00', '10.00', '2021-12-01 13:31:59', 2, 'DE', 0),
(126, 'OUTPUT', 'NAI Developed Internal Device/Part Spec', '', '0.00', '0.00', '0.00', '2021-12-01 13:31:59', 2, 'DE', 1),
(127, 'OUTPUT', 'Risk Assesment 2', '', '0.33', '0.41', '0.50', '2021-12-01 13:32:26', 2, 'QE', 0),
(128, 'OUTPUT', 'Risk Assesment 3', '', '0.33', '0.41', '0.50', '2021-12-01 15:05:09', 3, 'QE', 0),
(129, 'OUTPUT', 'Support on Training Process / Ramp Up', '', '10.00', '15.00', '20.00', '2021-12-01 15:06:27', 4, 'ME', 0),
(130, 'OUTPUT', 'Risk Assesment 4', '', '1.00', '1.00', '1.00', '2021-12-01 15:06:27', 4, 'QE', 0),
(131, 'OUTPUT', 'Process Compliance', 'Prototype - QA', '0.33', '0.50', '1.00', '2021-12-02 11:15:54', 2, 'ME', 0),
(132, 'OUTPUT', 'Process Compliance - MFG', '', '1.00', '1.00', '1.00', '2021-12-02 11:18:22', 3, 'ME', 0),
(133, 'OUTPUT', 'Process Compliance - QA', '', '0.33', '0.50', '1.00', '2021-12-02 11:18:36', 3, 'QE', 0),
(134, 'OUTPUT', 'Manufacturer work instructions', '', '0.33', '0.33', '0.33', '2021-12-06 16:41:37', 2, 'DE', 0),
(136, 'OUTPUT', 'PTF', 'Process Tracking File', '2.00', '4.00', '6.00', '2021-12-07 07:25:41', 3, 'DE', 0),
(137, 'OUTPUT', 'Preliminary Assembly Work Instructions', '', '5.00', '10.00', '15.00', '2021-12-10 07:12:34', 2, 'ME', 0),
(138, 'OUTPUT', 'Process Control Plan', '', '2.00', '3.00', '4.00', '2021-12-10 07:12:34', 3, 'QE', 0),
(139, 'OUTPUT', 'Preliminary Prints', '', '0.50', '1.00', '1.50', '2021-12-10 10:19:53', 2, 'DE', 0),
(140, 'OUTPUT', 'Prints', '', '0.50', '1.00', '1.50', '2021-12-10 10:19:53', 3, 'DE', 0),
(141, 'OUTPUT', 'Set Up Electrical Test', 'SET UP', '2.00', '4.00', '6.00', '2022-02-22 08:12:18', 3, 'ME', 0),
(142, 'OUTPUT', 'Test Leads For Electrical Test', 'Produce Test Leads', '14.00', '36.00', '70.00', '2022-02-22 08:14:13', 3, 'ME', 0),
(143, 'OUTPUT', 'Set Up Enviromental Test', 'Set Up', '2.00', '4.00', '6.00', '2022-02-22 08:15:59', 3, 'ME', 0),
(144, 'OUTPUT', 'Test Leads For Enviromental Test', 'Produce Test Leads', '14.00', '36.00', '70.00', '2022-02-22 08:16:53', 3, 'ME', 0),
(145, 'OUTPUT', 'Transmission With Applied Tensile Load ', '23°C only', '72.00', '72.00', '72.00', '2022-05-04 15:37:07', 3, 'ME', 0),
(146, 'OUTPUT', 'Proof test connector and adapters with the furcated cable', 'Straight side and tensile-all interfaces 23°C Only', '72.00', '72.00', '72.00', '2022-05-04 15:44:10', 3, 'ME', 0),
(147, 'OUTPUT', 'Proof test tensile', '100 Lbs for the transition piece', '72.00', '72.00', '72.00', '2022-05-04 15:45:42', 3, 'ME', 0),
(148, 'OUTPUT', 'Seal under load', '5 days', '120.00', '120.00', '120.00', '2022-05-04 15:47:59', 3, 'ME', 0),
(149, 'OUTPUT', 'Critical Chart Matrix', 'Matrix of products characteristics', '0.33', '0.41', '0.50', '2022-10-17 10:28:05', 3, 'QE', 0),
(150, 'OUTPUT', 'Drawing Finished Good', 'TBD', '5.00', '12.00', '45.00', '2023-02-03 14:47:56', 2, 'AE', 0),
(151, 'OUTPUT', 'Drawing Fixture', 'tbd', '4.00', '18.00', '36.00', '2023-02-03 14:48:17', 2, 'AE', 0),
(152, 'OUTPUT', 'Drawing Items', 'tbd', '4.00', '9.00', '18.00', '2023-02-03 14:48:35', 2, 'AE', 0),
(153, 'OUTPUT', 'Alternative Material', 'Find alternative items.', '1.00', '5.00', '10.00', '2023-02-10 11:07:49', 2, 'AE', 0),
(154, 'OUTPUT', 'Update Drawing', 'Update of Drawings', '3.00', '6.00', '18.00', '2023-02-10 16:16:55', 2, 'AE', 0),
(155, 'OUTPUT', 'Tooling Info Requested', 'Find appropiate tooling for Material/Finished good', '1.00', '5.00', '10.00', '2023-02-13 08:19:29', 2, 'AE', 0);

-- --------------------------------------------------------

--
-- Estructura de tabla para la tabla `actividades_proyecto`
--

CREATE TABLE `actividades_proyecto` (
  `idActividades_proyecto` int(11) NOT NULL,
  `idProyecto` int(11) NOT NULL,
  `idActividad` int(11) NOT NULL,
  `fechaInicio` datetime DEFAULT CURRENT_TIMESTAMP,
  `fechaRequerida` datetime DEFAULT NULL,
  `fechaEntrega` datetime DEFAULT NULL,
  `fechaCrea` datetime NOT NULL DEFAULT CURRENT_TIMESTAMP,
  `completado` tinyint(1) NOT NULL DEFAULT '0',
  `notas` text,
  `entregadoPor` int(11) DEFAULT NULL,
  `ubicacion` varchar(300) DEFAULT NULL,
  `fechaAprobacion` datetime DEFAULT NULL,
  `aprobadoPor` int(11) DEFAULT NULL,
  `respAct` int(11) DEFAULT NULL
) ENGINE=InnoDB DEFAULT CHARSET=utf8mb4;

--
-- Volcado de datos para la tabla `actividades_proyecto`
--

INSERT INTO `actividades_proyecto` (`idActividades_proyecto`, `idProyecto`, `idActividad`, `fechaInicio`, `fechaRequerida`, `fechaEntrega`, `fechaCrea`, `completado`, `notas`, `entregadoPor`, `ubicacion`, `fechaAprobacion`, `aprobadoPor`, `respAct`) VALUES
(1, 75, 1, '2021-08-17 00:00:00', '2021-08-17 00:00:00', NULL, '2021-08-17 10:11:16', 0, NULL, NULL, NULL, NULL, NULL, NULL),
(2, 75, 2, '2021-08-17 00:00:00', '2021-08-17 00:00:00', NULL, '2021-08-17 10:11:16', 0, NULL, NULL, NULL, NULL, NULL, NULL),
(3, 75, 3, '2021-08-17 00:00:00', '2021-08-17 00:00:00', NULL, '2021-08-17 10:11:16', 0, NULL, NULL, NULL, NULL, NULL, NULL),
(4, 75, 4, '2021-08-17 00:00:00', '2021-08-17 00:00:00', NULL, '2021-08-17 10:11:16', 0, NULL, NULL, NULL, NULL, NULL, NULL),
(6, 75, 6, '2021-08-17 00:00:00', '2021-08-17 00:00:00', NULL, '2021-08-17 10:11:16', 0, NULL, NULL, NULL, NULL, NULL, NULL),
(7, 75, 7, '2021-08-17 00:00:00', '2021-08-17 00:00:00', NULL, '2021-08-17 10:11:16', 0, NULL, NULL, NULL, NULL, NULL, NULL),
(8, 75, 8, '2021-08-17 00:00:00', '2021-08-17 00:00:00', NULL, '2021-08-17 10:11:16', 0, NULL, NULL, NULL, NULL, NULL, NULL),
(9, 75, 12, '2021-08-17 00:00:00', '2021-08-17 00:00:00', NULL, '2021-08-17 10:11:16', 0, NULL, NULL, NULL, NULL, NULL, NULL),
(10, 75, 13, '2021-08-17 00:00:00', '2021-08-17 00:00:00', NULL, '2021-08-17 10:11:16', 0, NULL, NULL, NULL, NULL, NULL, NULL),
(12, 75, 15, '2021-08-17 00:00:00', '2021-08-17 00:00:00', NULL, '2021-08-17 10:11:16', 0, NULL, NULL, NULL, NULL, NULL, NULL),
(13, 75, 16, '2021-08-17 00:00:00', '2021-08-17 00:00:00', NULL, '2021-08-17 10:11:16', 0, NULL, NULL, NULL, NULL, NULL, NULL),
(14, 75, 17, '2021-08-17 00:00:00', '2021-08-17 00:00:00', NULL, '2021-08-17 10:11:16', 0, NULL, NULL, NULL, NULL, NULL, NULL),
(15, 75, 18, '2021-08-17 00:00:00', '2021-08-17 00:00:00', NULL, '2021-08-17 10:11:16', 0, NULL, NULL, NULL, NULL, NULL, NULL),
(16, 75, 19, '2021-08-17 00:00:00', '2021-08-17 00:00:00', NULL, '2021-08-17 10:11:16', 0, NULL, NULL, NULL, NULL, NULL, NULL),
(17, 75, 20, '2021-08-17 00:00:00', '2021-08-17 00:00:00', NULL, '2021-08-17 10:11:16', 0, NULL, NULL, NULL, NULL, NULL, NULL),
(18, 75, 21, '2021-08-17 00:00:00', '2021-08-17 00:00:00', NULL, '2021-08-17 10:11:16', 0, NULL, NULL, NULL, NULL, NULL, NULL),
(19, 75, 22, '2021-08-17 00:00:00', '2021-08-17 00:00:00', NULL, '2021-08-17 10:11:16', 0, NULL, NULL, NULL, NULL, NULL, NULL),
(20, 75, 23, '2021-08-17 00:00:00', '2021-08-17 00:00:00', NULL, '2021-08-17 10:11:16', 0, NULL, NULL, NULL, NULL, NULL, NULL),
(21, 75, 24, '2021-08-17 00:00:00', '2021-08-17 00:00:00', NULL, '2021-08-17 10:11:16', 0, NULL, NULL, NULL, NULL, NULL, NULL),
(22, 75, 25, '2021-08-17 00:00:00', '2021-08-17 00:00:00', NULL, '2021-08-17 10:11:16', 0, NULL, NULL, NULL, NULL, NULL, NULL),
(23, 75, 26, '2021-08-17 00:00:00', '2021-08-17 00:00:00', NULL, '2021-08-17 10:11:16', 0, NULL, NULL, NULL, NULL, NULL, NULL),
(24, 75, 27, '2021-08-17 00:00:00', '2021-08-17 00:00:00', NULL, '2021-08-17 10:11:16', 0, NULL, NULL, NULL, NULL, NULL, NULL),
(25, 75, 28, '2021-08-17 00:00:00', '2021-08-17 00:00:00', NULL, '2021-08-17 10:11:16', 0, NULL, NULL, NULL, NULL, NULL, NULL),
(26, 75, 29, '2021-08-17 00:00:00', '2021-08-17 00:00:00', NULL, '2021-08-17 10:11:16', 0, NULL, NULL, NULL, NULL, NULL, NULL),
(27, 75, 30, '2021-08-17 00:00:00', '2021-08-17 00:00:00', NULL, '2021-08-17 10:11:16', 0, NULL, NULL, NULL, NULL, NULL, NULL),
(31, 75, 34, '2021-08-17 00:00:00', '2021-08-17 00:00:00', NULL, '2021-08-17 10:11:16', 0, NULL, NULL, NULL, NULL, NULL, NULL),
(32, 75, 35, '2021-08-17 00:00:00', '2021-08-17 00:00:00', NULL, '2021-08-17 10:11:16', 0, NULL, NULL, NULL, NULL, NULL, NULL),
(34, 75, 37, '2021-08-17 00:00:00', '2021-08-17 00:00:00', NULL, '2021-08-17 10:11:16', 0, NULL, NULL, NULL, NULL, NULL, NULL),
(35, 75, 38, '2021-08-17 00:00:00', '2021-08-17 00:00:00', NULL, '2021-08-17 10:11:16', 0, NULL, NULL, NULL, NULL, NULL, NULL),
(36, 75, 39, '2021-08-17 00:00:00', '2021-08-17 00:00:00', NULL, '2021-08-17 10:11:16', 0, NULL, NULL, NULL, NULL, NULL, NULL),
(37, 75, 40, '2021-08-17 00:00:00', '2021-08-17 00:00:00', NULL, '2021-08-17 10:11:16', 0, NULL, NULL, NULL, NULL, NULL, NULL),
(38, 75, 41, '2021-08-17 00:00:00', '2021-08-17 00:00:00', NULL, '2021-08-17 10:11:16', 0, NULL, NULL, NULL, NULL, NULL, NULL),
(39, 75, 42, '2021-08-17 00:00:00', '2021-08-17 00:00:00', NULL, '2021-08-17 10:11:16', 0, NULL, NULL, NULL, NULL, NULL, NULL),
(40, 75, 43, '2021-08-17 00:00:00', '2021-08-17 00:00:00', NULL, '2021-08-17 10:11:16', 0, NULL, NULL, NULL, NULL, NULL, NULL),
(42, 75, 45, '2021-08-17 00:00:00', '2021-08-17 00:00:00', NULL, '2021-08-17 10:11:16', 0, NULL, NULL, NULL, NULL, NULL, NULL),
(43, 75, 46, '2021-08-17 00:00:00', '2021-08-17 00:00:00', NULL, '2021-08-17 10:11:16', 0, NULL, NULL, NULL, NULL, NULL, NULL),
(45, 75, 48, '2021-08-17 00:00:00', '2021-08-17 00:00:00', NULL, '2021-08-17 10:11:16', 0, NULL, NULL, NULL, NULL, NULL, NULL),
(46, 75, 49, '2021-08-17 00:00:00', '2021-08-17 00:00:00', NULL, '2021-08-17 10:11:16', 0, NULL, NULL, NULL, NULL, NULL, NULL),
(47, 75, 50, '2021-08-17 00:00:00', '2021-08-17 00:00:00', NULL, '2021-08-17 10:11:16', 0, NULL, NULL, NULL, NULL, NULL, NULL),
(48, 75, 51, '2021-08-17 00:00:00', '2021-08-17 00:00:00', NULL, '2021-08-17 10:11:16', 0, NULL, NULL, NULL, NULL, NULL, NULL),
(49, 75, 52, '2021-08-17 00:00:00', '2021-08-17 00:00:00', NULL, '2021-08-17 10:11:16', 0, NULL, NULL, NULL, NULL, NULL, NULL),
(50, 75, 53, '2021-08-17 00:00:00', '2021-08-17 00:00:00', NULL, '2021-08-17 10:11:16', 0, NULL, NULL, NULL, NULL, NULL, NULL),
(51, 75, 54, '2021-08-17 00:00:00', '2021-08-17 00:00:00', NULL, '2021-08-17 10:11:16', 0, NULL, NULL, NULL, NULL, NULL, NULL),
(52, 75, 55, '2021-08-17 00:00:00', '2021-08-17 00:00:00', NULL, '2021-08-17 10:11:16', 0, NULL, NULL, NULL, NULL, NULL, NULL),
(53, 75, 56, '2021-08-17 00:00:00', '2021-08-17 00:00:00', NULL, '2021-08-17 10:11:16', 0, NULL, NULL, NULL, NULL, NULL, NULL),
(54, 75, 57, '2021-08-17 00:00:00', '2021-08-17 00:00:00', NULL, '2021-08-17 10:11:16', 0, NULL, NULL, NULL, NULL, NULL, NULL),
(55, 75, 58, '2021-08-17 00:00:00', '2021-08-17 00:00:00', NULL, '2021-08-17 10:11:16', 0, NULL, NULL, NULL, NULL, NULL, NULL),
(56, 75, 59, '2021-08-17 00:00:00', '2021-08-17 00:00:00', NULL, '2021-08-17 10:11:16', 0, NULL, NULL, NULL, NULL, NULL, NULL),
(57, 75, 60, '2021-08-17 00:00:00', '2021-08-17 00:00:00', NULL, '2021-08-17 10:11:16', 0, NULL, NULL, NULL, NULL, NULL, NULL),
(58, 75, 61, '2021-08-17 00:00:00', '2021-08-17 00:00:00', NULL, '2021-08-17 10:11:16', 0, NULL, NULL, NULL, NULL, NULL, NULL),
(59, 75, 62, '2021-08-17 00:00:00', '2021-08-17 00:00:00', NULL, '2021-08-17 10:11:16', 0, NULL, NULL, NULL, NULL, NULL, NULL),
(60, 75, 63, '2021-08-17 00:00:00', '2021-08-17 00:00:00', NULL, '2021-08-17 10:11:16', 0, NULL, NULL, NULL, NULL, NULL, NULL),
(61, 75, 64, '2021-08-17 00:00:00', '2021-08-17 00:00:00', NULL, '2021-08-17 10:11:16', 0, NULL, NULL, NULL, NULL, NULL, NULL),
(63, 75, 66, '2021-08-17 00:00:00', '2021-08-17 00:00:00', NULL, '2021-08-17 10:11:16', 0, NULL, NULL, NULL, NULL, NULL, NULL),
(64, 75, 67, '2021-08-17 00:00:00', '2021-08-17 00:00:00', NULL, '2021-08-17 10:11:16', 0, NULL, NULL, NULL, NULL, NULL, NULL),
(65, 75, 68, '2021-08-17 00:00:00', '2021-08-17 00:00:00', NULL, '2021-08-17 10:11:16', 0, NULL, NULL, NULL, NULL, NULL, NULL),
(66, 75, 69, '2021-08-17 00:00:00', '2021-08-17 00:00:00', NULL, '2021-08-17 10:11:16', 0, NULL, NULL, NULL, NULL, NULL, NULL),
(67, 75, 70, '2021-08-17 00:00:00', '2021-08-17 00:00:00', NULL, '2021-08-17 10:11:16', 0, NULL, NULL, NULL, NULL, NULL, NULL),
(68, 75, 71, '2021-08-17 00:00:00', '2021-08-17 00:00:00', NULL, '2021-08-17 10:11:16', 0, NULL, NULL, NULL, NULL, NULL, NULL),
(69, 75, 72, '2021-08-17 00:00:00', '2021-08-17 00:00:00', NULL, '2021-08-17 10:11:16', 0, NULL, NULL, NULL, NULL, NULL, NULL),
(70, 75, 73, '2021-08-17 00:00:00', '2021-08-17 00:00:00', NULL, '2021-08-17 10:11:16', 0, NULL, NULL, NULL, NULL, NULL, NULL),
(71, 75, 74, '2021-08-17 00:00:00', '2021-08-17 00:00:00', NULL, '2021-08-17 10:11:16', 0, NULL, NULL, NULL, NULL, NULL, NULL),
(72, 75, 75, '2021-08-17 00:00:00', '2021-08-17 00:00:00', NULL, '2021-08-17 10:11:16', 0, NULL, NULL, NULL, NULL, NULL, NULL),
(73, 75, 76, '2021-08-17 00:00:00', '2021-08-17 00:00:00', NULL, '2021-08-17 10:11:16', 0, NULL, NULL, NULL, NULL, NULL, NULL),
(74, 75, 77, '2021-08-17 00:00:00', '2021-08-17 00:00:00', NULL, '2021-08-17 10:11:16', 0, NULL, NULL, NULL, NULL, NULL, NULL),
(75, 75, 78, '2021-08-17 00:00:00', '2021-08-17 00:00:00', NULL, '2021-08-17 10:11:16', 0, NULL, NULL, NULL, NULL, NULL, NULL),
(76, 75, 79, '2021-08-17 00:00:00', '2021-08-17 00:00:00', NULL, '2021-08-17 10:11:16', 0, NULL, NULL, NULL, NULL, NULL, NULL),
(77, 75, 80, '2021-08-17 00:00:00', '2021-08-17 00:00:00', NULL, '2021-08-17 10:11:16', 0, NULL, NULL, NULL, NULL, NULL, NULL),
(78, 75, 81, '2021-08-17 00:00:00', '2021-08-17 00:00:00', NULL, '2021-08-17 10:11:16', 0, NULL, NULL, NULL, NULL, NULL, NULL),
(79, 75, 82, '2021-08-17 00:00:00', '2021-08-17 00:00:00', NULL, '2021-08-17 10:11:16', 0, NULL, NULL, NULL, NULL, NULL, NULL),
(80, 75, 83, '2021-08-17 00:00:00', '2021-08-17 00:00:00', NULL, '2021-08-17 10:11:16', 0, NULL, NULL, NULL, NULL, NULL, NULL),
(81, 75, 84, '2021-08-17 00:00:00', '2021-08-17 00:00:00', NULL, '2021-08-17 10:11:16', 0, NULL, NULL, NULL, NULL, NULL, NULL),
(83, 75, 86, '2021-08-17 00:00:00', '2021-08-17 00:00:00', NULL, '2021-08-17 10:11:16', 0, NULL, NULL, NULL, NULL, NULL, NULL),
(86, 75, 89, '2021-08-17 00:00:00', '2021-08-17 00:00:00', NULL, '2021-08-17 10:11:16', 0, NULL, NULL, NULL, NULL, NULL, NULL),
(91, 75, 94, '2021-08-17 00:00:00', '2021-08-17 00:00:00', NULL, '2021-08-17 10:11:16', 0, NULL, NULL, NULL, NULL, NULL, NULL),
(93, 75, 96, '2021-08-17 00:00:00', '2021-08-17 00:00:00', NULL, '2021-08-17 10:11:16', 0, NULL, NULL, NULL, NULL, NULL, NULL),
(94, 75, 97, '2021-08-17 00:00:00', '2021-08-17 00:00:00', NULL, '2021-08-17 10:11:16', 0, NULL, NULL, NULL, NULL, NULL, NULL),
(95, 75, 98, '2021-08-17 00:00:00', '2021-08-17 00:00:00', NULL, '2021-08-17 10:11:16', 0, NULL, NULL, NULL, NULL, NULL, NULL),
(96, 75, 99, '2021-08-17 00:00:00', '2021-08-17 00:00:00', NULL, '2021-08-17 10:11:16', 0, NULL, NULL, NULL, NULL, NULL, NULL),
(97, 75, 100, '2021-08-17 00:00:00', '2021-08-17 00:00:00', NULL, '2021-08-17 10:11:16', 0, NULL, NULL, NULL, NULL, NULL, NULL),
(118, 77, 1, '2021-08-17 00:00:00', '2021-10-28 00:00:00', '2021-08-19 10:20:08', '2021-08-17 14:24:15', 1, '', 6, 'M:\\Projects\\PDP\\2021\\Corning-Ericcson\\NAI-5272A-10M-COE\\PDP\\STAGE 1\\SG1-08 Statement of work', NULL, NULL, NULL),
(119, 77, 2, '2021-08-17 00:00:00', '2021-10-28 00:00:00', '2021-11-03 17:03:55', '2021-08-17 14:24:15', -1, 'Not Received', 6, NULL, NULL, NULL, NULL),
(120, 77, 3, '2021-08-17 00:00:00', '2021-10-28 00:00:00', '2021-12-03 14:25:50', '2021-08-17 14:24:15', -1, 'No information from Customer', 6, NULL, NULL, NULL, NULL),
(121, 77, 4, '2021-08-17 00:00:00', '2021-10-28 00:00:00', NULL, '2021-08-17 14:24:15', 0, NULL, NULL, NULL, NULL, NULL, NULL),
(123, 77, 6, '2021-08-17 00:00:00', '2021-10-28 00:00:00', '2021-11-02 11:18:08', '2021-08-17 14:24:15', 1, '', 6, 'M:\\Projects\\PDP\\2021\\Corning-Ericcson\\NAI-5272A-10M-COE\\PDP\\STAGE 1\\SG1-07 NAI Work order', NULL, NULL, NULL),
(124, 77, 7, '2021-08-17 00:00:00', '2021-10-28 00:00:00', '2021-08-19 10:20:08', '2021-08-17 14:24:15', 2, '', 6, 'M:\\Projects\\PDP\\2021\\Corning-Ericcson\\NAI-5272A-10M-COE\\PDP\\STAGE 1\\SG1-06 NAI BOM', '2021-09-06 00:00:00', 9, NULL),
(125, 77, 8, '2021-08-17 00:00:00', '2021-10-28 00:00:00', '2021-11-02 11:19:12', '2021-08-17 14:24:15', 1, NULL, 6, 'M:\\Projects\\PDP\\2021\\Corning-Ericcson\\NAI-5272A-10M-COE\\PDP\\STAGE 1\\SG1-07 NAI Work order', NULL, NULL, NULL),
(126, 77, 12, '2021-08-17 00:00:00', '2021-10-28 00:00:00', '2021-11-02 11:21:15', '2021-08-17 14:24:15', -1, 'Repetida', 6, NULL, NULL, NULL, NULL),
(127, 77, 13, '2021-08-17 00:00:00', '2021-10-28 00:00:00', '2021-09-02 07:44:03', '2021-08-17 14:24:15', 1, '', 6, 'I:\\Ingenieria\\COE Lab\\COE Log', NULL, NULL, NULL),
(129, 77, 15, '2021-08-17 00:00:00', '2021-10-28 00:00:00', '2021-08-19 10:20:08', '2021-08-17 14:24:15', 1, '', 6, 'M:\\Projects\\PDP\\2021\\Corning-Ericcson\\NAI-5272A-10M-COE\\PDP\\STAGE 1\\SG1-01 Raw material status report', NULL, NULL, NULL),
(130, 77, 16, '2021-08-17 00:00:00', '2021-10-28 00:00:00', '2021-08-19 10:20:49', '2021-08-17 14:24:15', 1, '', 6, 'M:\\Projects\\PDP\\2021\\Corning-Ericcson\\NAI-5272A-10M-COE\\PDP\\STAGE 1\\SG1-02 Raw material POs', NULL, NULL, NULL),
(131, 77, 17, '2021-08-17 00:00:00', '2021-10-28 00:00:00', '2021-09-02 10:06:33', '2021-08-17 14:24:15', -1, 'Not required for this project', 6, '', NULL, NULL, NULL),
(132, 77, 18, '2021-08-17 00:00:00', '2021-10-28 00:00:00', '2021-08-24 10:14:17', '2021-08-17 14:24:15', 1, '', 6, 'M:\\Projects\\PDP\\2021\\Corning-Ericcson\\NAI-5272A-10M-COE\\PDP\\STAGE 1\\SG1-04 Price calculation for prototype-FA sample service', NULL, NULL, NULL),
(133, 77, 19, '2021-08-17 00:00:00', '2021-10-28 00:00:00', '2021-08-24 10:13:46', '2021-08-17 14:24:15', 1, '', 6, 'M:\\Projects\\PDP\\2021\\Corning-Ericcson\\NAI-5272A-10M-COE\\PDP\\STAGE 1\\SG1-05 Formal quote for prototype-FA sample service', NULL, NULL, NULL),
(134, 77, 20, '2021-08-17 00:00:00', '2021-10-28 00:00:00', '2022-03-24 17:08:57', '2021-08-17 14:24:15', 1, NULL, 3, 'M:\\Projects\\PDP\\2021\\Corning-Ericcson\\NAI-5272A-10M-COE\\PDP\\STAGE 1\\SG1-15 Design proposal for customer approval', NULL, NULL, NULL),
(135, 77, 21, '2021-08-17 00:00:00', '2021-10-28 00:00:00', '2021-11-02 11:15:33', '2021-08-17 14:24:15', 1, NULL, 6, 'M:\\Projects\\PDP\\2021\\Corning-Ericcson\\NAI-5272A-10M-COE\\PDP\\STAGE 1\\SG1-09 Project ship date', NULL, NULL, NULL),
(136, 77, 22, '2021-08-17 00:00:00', '2021-10-28 00:00:00', '2021-11-02 11:16:13', '2021-08-17 14:24:15', 1, NULL, 6, 'M:\\Projects\\PDP\\2021\\Corning-Ericcson\\NAI-5272A-10M-COE\\PDP\\STAGE 1\\SG1-10 Tracking # for prototype-FA', NULL, NULL, NULL),
(137, 77, 23, '2021-08-17 00:00:00', '2021-10-28 00:00:00', '2022-03-24 17:04:06', '2021-08-17 14:24:15', 1, NULL, 3, 'M:\\Projects\\PDP\\2021\\Corning-Ericcson\\NAI-5272A-10M-COE\\PDP\\STAGE 2\\SG2-17 Customer Requirements', NULL, NULL, NULL),
(138, 77, 24, '2021-08-17 00:00:00', '2021-10-28 00:00:00', NULL, '2021-08-17 14:24:15', 0, NULL, NULL, NULL, NULL, NULL, NULL),
(139, 77, 25, '2021-08-17 00:00:00', '2021-10-28 00:00:00', NULL, '2021-08-17 14:24:15', 0, NULL, NULL, NULL, NULL, NULL, NULL),
(140, 77, 26, '2021-08-17 00:00:00', '2021-10-28 00:00:00', '2021-11-03 17:03:28', '2021-08-17 14:24:15', -1, 'Not received', 6, NULL, NULL, NULL, NULL),
(141, 77, 27, '2021-08-17 00:00:00', '2021-10-28 00:00:00', '2021-11-04 07:12:59', '2021-08-17 14:24:15', 1, NULL, 6, 'M:\\Projects\\PDP\\2021\\Corning-Ericcson\\NAI-5272A-10M-COE\\PDP\\STAGE 1\\SG1-07 NAI Work order', NULL, NULL, NULL),
(142, 77, 28, '2021-08-17 00:00:00', '2021-10-28 00:00:00', NULL, '2021-08-17 14:24:15', 0, NULL, NULL, NULL, NULL, NULL, NULL),
(143, 77, 29, '2021-08-17 00:00:00', '2021-10-28 00:00:00', '2022-03-23 17:42:05', '2021-08-17 14:24:15', -1, 'There is not third party materials', 3, NULL, NULL, NULL, NULL),
(144, 77, 30, '2021-08-17 00:00:00', '2021-10-28 00:00:00', '2022-03-24 17:14:07', '2021-08-17 14:24:15', 1, NULL, 3, 'M:\\Projects\\PDP\\2021\\Corning-Ericcson\\NAI-5272A-10M-COE\\PDP\\STAGE 2\\SG2-21 Tooling required', NULL, NULL, NULL),
(148, 77, 34, '2021-08-17 00:00:00', '2021-10-28 00:00:00', NULL, '2021-08-17 14:24:15', 0, NULL, NULL, NULL, NULL, NULL, NULL),
(149, 77, 35, '2021-08-17 00:00:00', '2021-10-28 00:00:00', '2022-03-24 17:15:07', '2021-08-17 14:24:15', 1, NULL, 3, 'M:\\Projects\\PDP\\2021\\Corning-Ericcson\\NAI-5272A-10M-COE\\PDP\\STAGE 2\\SG2-22 Functional & testing requirements', NULL, NULL, NULL),
(150, 77, 36, '2021-08-17 00:00:00', '2021-10-28 00:00:00', '2021-12-21 07:47:45', '2021-08-17 14:24:15', 1, 'Apply GR-326 in general and IEC 60529 for IP protection in breakout with ODC connectors', 9, 'M:\\Projects\\PDP\\INDUSTRIAL STANDARDS', NULL, NULL, NULL),
(151, 77, 37, '2021-08-17 00:00:00', '2021-10-28 00:00:00', NULL, '2021-08-17 14:24:15', 0, NULL, NULL, NULL, NULL, NULL, NULL),
(152, 77, 38, '2021-08-17 00:00:00', '2021-10-28 00:00:00', NULL, '2021-08-17 14:24:15', 0, NULL, NULL, NULL, NULL, NULL, NULL),
(153, 77, 39, '2021-08-17 00:00:00', '2021-10-28 00:00:00', '2021-11-04 16:36:28', '2021-08-17 14:24:15', -1, 'Muestra final', 7, NULL, NULL, NULL, NULL),
(154, 77, 40, '2021-08-17 00:00:00', '2021-10-28 00:00:00', NULL, '2021-08-17 14:24:15', 0, NULL, NULL, NULL, NULL, NULL, NULL),
(155, 77, 41, '2021-08-17 00:00:00', '2021-10-28 00:00:00', '2021-11-12 13:32:11', '2021-08-17 14:24:15', 1, NULL, 7, 'M:\\Projects\\PDP\\2021\\Corning-Ericcson\\NAI-5272A-10M-COE\\PDP\\STAGE 2\\SG2-03 Process compliance evidence', NULL, NULL, NULL),
(156, 77, 42, '2021-08-17 00:00:00', '2021-10-28 00:00:00', '2022-03-23 17:41:10', '2021-08-17 14:24:15', -1, 'It is not required for this project', 3, NULL, NULL, NULL, NULL),
(157, 77, 43, '2021-08-17 00:00:00', '2021-10-28 00:00:00', '2021-11-04 15:43:31', '2021-08-17 14:24:15', 1, NULL, 7, 'M:\\Projects\\PDP\\2021\\Corning-Ericcson\\NAI-5272A-10M-COE\\PDP\\STAGE 3\\SG3-15 Assembly Work Instructions\\AWI', NULL, NULL, NULL),
(159, 77, 45, '2021-08-17 00:00:00', '2021-10-28 00:00:00', '2021-11-04 15:42:16', '2021-08-17 14:24:15', -1, 'CONECTOR ODC SENKO SE UTILIZA EN PLANTA 1', 7, NULL, NULL, NULL, NULL),
(160, 77, 46, '2021-08-17 00:00:00', '2021-10-28 00:00:00', '2022-03-24 17:07:21', '2021-08-17 14:24:15', -1, 'No ECN generated for this assembly', 3, NULL, NULL, NULL, NULL),
(161, 77, 47, '2021-08-17 00:00:00', '2021-10-28 00:00:00', '2021-11-05 11:56:28', '2021-08-17 14:24:15', -1, 'In this project was not considerer prototype sample', 9, NULL, NULL, NULL, NULL),
(162, 77, 48, '2021-08-17 00:00:00', '2021-10-28 00:00:00', '2022-03-24 17:05:17', '2021-08-17 14:24:15', -1, 'No electrical schematic required', 3, NULL, NULL, NULL, NULL),
(163, 77, 49, '2021-08-17 00:00:00', '2021-10-28 00:00:00', '2022-03-24 16:44:20', '2021-08-17 14:24:15', -1, 'Not required', 3, NULL, NULL, NULL, NULL),
(164, 77, 50, '2021-08-17 00:00:00', '2021-10-28 00:00:00', NULL, '2021-08-17 14:24:15', 0, NULL, NULL, NULL, NULL, NULL, NULL),
(165, 77, 51, '2021-08-17 00:00:00', '2021-10-28 00:00:00', NULL, '2021-08-17 14:24:15', 0, NULL, NULL, NULL, NULL, NULL, NULL),
(166, 77, 52, '2021-08-17 00:00:00', '2021-10-28 00:00:00', '2022-02-02 08:19:59', '2021-08-17 14:24:15', -1, 'Not Critical to Function identified', 3, NULL, NULL, NULL, NULL),
(167, 77, 53, '2021-08-17 00:00:00', '2021-10-28 00:00:00', NULL, '2021-08-17 14:24:15', 0, NULL, NULL, NULL, NULL, NULL, NULL),
(168, 77, 54, '2021-08-17 00:00:00', '2021-10-28 00:00:00', NULL, '2021-08-17 14:24:15', 0, NULL, NULL, NULL, NULL, NULL, NULL),
(169, 77, 55, '2021-08-17 00:00:00', '2021-10-28 00:00:00', '2021-11-04 08:44:07', '2021-08-17 14:24:15', 1, NULL, 9, 'M:\\Projects\\PDP\\2021\\Corning-Ericcson\\NAI-5272A-10M-COE\\PDP\\STAGE 2\\SG2-03 Process compliance evidence', NULL, NULL, NULL),
(170, 77, 56, '2021-08-17 00:00:00', '2021-10-28 00:00:00', '2021-12-20 14:26:30', '2021-08-17 14:24:15', -1, 'It was necessary incoming inspection', 9, NULL, NULL, NULL, NULL),
(171, 77, 57, '2021-08-17 00:00:00', '2021-10-28 00:00:00', '2022-03-24 17:07:51', '2021-08-17 14:24:15', 1, NULL, 3, 'M:\\Projects\\PDP\\2021\\Corning-Ericcson\\NAI-5272A-10M-COE\\PDP\\STAGE 2\\SG2-05 Design documents Drawings', NULL, NULL, NULL),
(172, 77, 58, '2021-08-17 00:00:00', '2021-10-28 00:00:00', NULL, '2021-08-17 14:24:15', 0, NULL, NULL, NULL, NULL, NULL, NULL),
(173, 77, 59, '2021-08-17 00:00:00', '2021-10-28 00:00:00', NULL, '2021-08-17 14:24:15', 0, NULL, NULL, NULL, NULL, NULL, NULL),
(174, 77, 60, '2021-08-17 00:00:00', '2021-10-28 00:00:00', NULL, '2021-08-17 14:24:15', 0, NULL, NULL, NULL, NULL, NULL, NULL),
(175, 77, 61, '2021-08-17 00:00:00', '2021-10-28 00:00:00', NULL, '2021-08-17 14:24:15', 0, NULL, NULL, NULL, NULL, NULL, NULL),
(176, 77, 62, '2021-08-17 00:00:00', '2021-10-28 00:00:00', '2021-11-04 16:01:18', '2021-08-17 14:24:15', 1, NULL, 7, 'M:\\Projects\\PDP\\2021\\Corning-Ericcson\\NAI-5272A-10M-COE\\PDP\\STAGE 3\\Physical Prototype', NULL, NULL, NULL),
(177, 77, 63, '2021-08-17 00:00:00', '2021-10-28 00:00:00', '2021-11-18 10:44:24', '2021-08-17 14:24:15', -1, 'AWi completed', 7, NULL, NULL, NULL, NULL),
(178, 77, 64, '2021-08-17 00:00:00', '2021-10-28 00:00:00', NULL, '2021-08-17 14:24:15', 0, NULL, NULL, NULL, NULL, NULL, NULL),
(180, 77, 66, '2021-08-17 00:00:00', '2021-10-28 00:00:00', '2021-11-04 15:41:07', '2021-08-17 14:24:15', 1, NULL, 7, 'M:\\Projects\\PDP\\2021\\Corning-Ericcson\\NAI-5272A-10M-COE\\PDP\\STAGE 3\\SG3-04 First Article Report - FAR', NULL, NULL, NULL),
(181, 77, 67, '2021-08-17 00:00:00', '2021-10-28 00:00:00', NULL, '2021-08-17 14:24:15', 0, NULL, NULL, NULL, NULL, NULL, NULL),
(182, 77, 68, '2021-08-17 00:00:00', '2021-10-28 00:00:00', '2021-11-18 15:21:56', '2021-08-17 14:24:15', 2, 'informacion incorrecta en renglon 133', 7, 'M:\\Projects\\PDP\\2021\\Corning-Ericcson\\NAI-5272A-10M-COE\\PDP\\STAGE 3\\SG3-01 Process FMEA', '2021-11-18 16:47:01', 9, NULL),
(183, 77, 69, '2021-08-17 00:00:00', '2021-10-28 00:00:00', '2021-11-02 14:01:16', '2021-08-17 14:24:15', 1, NULL, 7, 'M:\\Projects\\PDP\\2021\\Corning-Ericcson\\NAI-5272A-10M-COE\\PDP\\STAGE 3\\SG3-02 BOM', NULL, NULL, NULL),
(184, 77, 70, '2021-08-17 00:00:00', '2021-10-28 00:00:00', '2021-11-02 15:35:42', '2021-08-17 14:24:15', 1, NULL, 7, 'M:\\Andrea S\\Reporte Canister Corning\\assy', NULL, NULL, NULL),
(185, 77, 71, '2021-08-17 00:00:00', '2021-10-28 00:00:00', '2021-11-04 15:40:34', '2021-08-17 14:24:15', 2, NULL, 7, 'M:\\Projects\\PDP\\2021\\Corning-Ericcson\\NAI-5272A-10M-COE\\PDP\\STAGE 3\\SG3-04 First Article Report - FAR', '2021-11-05 15:42:05', 9, NULL),
(186, 77, 72, '2021-08-17 00:00:00', '2021-10-28 00:00:00', '2021-11-02 10:01:19', '2021-08-17 14:24:15', -1, 'No se requiere prueba', 7, NULL, NULL, NULL, NULL),
(187, 77, 73, '2021-08-17 00:00:00', '2021-10-28 00:00:00', '2021-11-02 10:03:30', '2021-08-17 14:24:15', -1, 'No se requiere prueba', 7, NULL, NULL, NULL, NULL),
(188, 77, 74, '2021-08-17 00:00:00', '2021-10-28 00:00:00', '2021-11-02 15:37:26', '2021-08-17 14:24:15', -1, 'Se realizo bipeo solamente', 7, NULL, NULL, NULL, NULL),
(189, 77, 75, '2021-08-17 00:00:00', '2021-10-28 00:00:00', '2021-11-02 10:00:31', '2021-08-17 14:24:15', -1, 'No se requiere prueba', 7, NULL, NULL, NULL, NULL),
(190, 77, 76, '2021-08-17 00:00:00', '2021-10-28 00:00:00', '2021-10-11 08:44:47', '2021-08-17 14:24:15', -1, 'No se requiere prueba solo bipeo', 7, NULL, NULL, NULL, NULL),
(191, 77, 77, '2021-08-17 00:00:00', '2021-10-28 00:00:00', '2021-11-02 10:02:43', '2021-08-17 14:24:15', -1, 'NO SE REQUIERE PRUEBA', 7, NULL, NULL, NULL, NULL),
(192, 77, 78, '2021-08-17 00:00:00', '2021-10-28 00:00:00', '2021-11-02 12:13:48', '2021-08-17 14:24:15', 2, NULL, 7, 'M:\\Projects\\PDP\\2021\\Corning-Ericcson\\NAI-5272A-10M-COE\\PDP\\STAGE 3\\SG3-11 Electrical Test IL-RL', '2021-12-17 15:10:33', 9, NULL),
(193, 77, 79, '2021-08-17 00:00:00', '2021-10-28 00:00:00', '2021-11-02 10:03:47', '2021-08-17 14:24:15', -1, 'No se requiere prueba', 7, NULL, NULL, NULL, NULL),
(194, 77, 80, '2021-08-17 00:00:00', '2021-10-28 00:00:00', '2021-11-02 10:02:15', '2021-08-17 14:24:15', -1, 'No se requiere prueba', 7, NULL, NULL, NULL, NULL),
(195, 77, 81, '2021-08-17 00:00:00', '2021-10-28 00:00:00', '2021-10-11 08:44:32', '2021-08-17 14:24:15', -1, 'No se requiere prueba', 7, NULL, NULL, NULL, NULL),
(196, 77, 82, '2021-08-17 00:00:00', '2021-10-28 00:00:00', '2021-12-03 09:31:12', '2021-08-17 14:24:15', 2, 'Se enviaron correcciones a revisar por correo', 7, 'M:\\Projects\\PDP\\2021\\Corning-Ericcson\\NAI-5272A-10M-COE\\PDP\\STAGE 3\\SG3-15 Assembly Work Instructions\\AWI', '2021-12-07 07:46:08', 9, NULL),
(197, 77, 83, '2021-08-17 00:00:00', '2021-10-28 00:00:00', '2021-11-04 16:05:25', '2021-08-17 14:24:15', -1, 'No se requiere', 7, NULL, NULL, NULL, NULL),
(198, 77, 84, '2021-08-17 00:00:00', '2021-10-28 00:00:00', '2021-12-08 10:33:14', '2021-08-17 14:24:15', 1, NULL, 6, 'M:\\Projects\\PDP\\2021\\Corning-Ericcson\\NAI-5272A-10M-COE\\PDP\\STAGE 1\\SG1-14 Customer approval', NULL, NULL, NULL),
(204, 77, 90, '2021-08-17 00:00:00', '2021-10-28 00:00:00', '2021-11-12 13:31:57', '2021-08-17 14:24:15', 1, NULL, 7, 'M:\\Projects\\PDP\\2021\\Corning-Ericcson\\NAI-5272A-10M-COE\\PDP\\STAGE 2\\SG2-03 Process compliance evidence', NULL, NULL, NULL),
(212, 77, 98, '2021-08-17 00:00:00', '2021-10-28 00:00:00', '2021-11-02 15:30:26', '2021-08-17 14:24:15', 1, NULL, 7, 'M:\\Projects\\PDP\\2021\\Corning-Ericcson\\NAI-5272A-10M-COE\\PDP\\STAGE 3', NULL, NULL, NULL),
(214, 77, 100, '2021-08-17 00:00:00', '2021-10-28 00:00:00', '2021-11-08 08:17:38', '2021-08-17 14:24:15', 1, NULL, 9, 'M:\\Projects\\PDP\\2021\\Corning-Ericcson\\NAI-5272A-10M-COE\\PDP\\STAGE 3\\SG3-17 Process Control Plan', NULL, NULL, NULL),
(282, 56, 7, '2021-08-19 00:00:00', '2021-08-04 00:00:00', '2021-09-08 15:28:59', '2021-08-19 10:01:29', 2, 'Son 3 BOm en un mismo archivo separar BOMs por cada finished good', 6, 'M:\\Projects\\PDP\\2021\\Smart Wires\\P104890 - P104891 - P104892\\PDP\\STAGE 1\\SG1-06 NAI BOM', '2021-09-23 07:40:35', 9, NULL),
(283, 56, 8, '2021-08-19 00:00:00', '2021-08-04 00:00:00', '2021-09-02 16:02:53', '2021-08-19 10:01:29', 1, NULL, 6, 'M:\\Projects\\PDP\\2021\\Smart Wires\\P104890 - P104891 - P104892\\PDP\\STAGE 1\\SG1-07 NAI Work order', NULL, NULL, NULL),
(284, 56, 12, '2021-08-19 00:00:00', '2021-08-04 00:00:00', '2021-09-02 16:04:23', '2021-08-19 10:01:29', 1, NULL, 6, 'M:\\Projects\\PDP\\2021\\Smart Wires\\P104890 - P104891 - P104892\\PDP\\STAGE 1\\SG1-09 Project ship date', NULL, NULL, NULL),
(285, 56, 13, '2021-08-19 00:00:00', '2021-08-04 00:00:00', '2021-09-02 16:08:56', '2021-08-19 10:01:29', 1, NULL, 6, 'I:\\Ingenieria\\COE Lab\\COE Log', NULL, NULL, NULL),
(287, 56, 15, '2021-08-19 00:00:00', '2021-08-04 00:00:00', '2021-09-03 15:25:03', '2021-08-19 10:01:29', 1, NULL, 6, 'M:\\Projects\\PDP\\2021\\Smart Wires\\P104890 - P104891 - P104892\\PDP\\STAGE 1\\SG1-01 Raw material status report', NULL, NULL, NULL),
(288, 56, 16, '2021-08-19 00:00:00', '2021-08-04 00:00:00', '2021-09-02 15:56:25', '2021-08-19 10:01:29', 1, NULL, 6, 'M:\\Projects\\PDP\\2021\\Smart Wires\\P104890 - P104891 - P104892\\PDP\\STAGE 1\\SG1-02 Raw material POs', NULL, NULL, NULL),
(289, 56, 18, '2021-08-19 00:00:00', '2021-08-04 00:00:00', '2021-09-29 09:24:16', '2021-08-19 10:01:29', -1, 'N/A', 6, NULL, NULL, NULL, NULL),
(290, 56, 19, '2021-08-19 00:00:00', '2021-08-04 00:00:00', '2021-09-29 09:24:06', '2021-08-19 10:01:29', -1, 'N/A', 6, NULL, NULL, NULL, NULL),
(291, 56, 21, '2021-08-19 00:00:00', '2021-08-04 00:00:00', '2021-09-02 16:05:46', '2021-08-19 10:01:29', 1, NULL, 6, 'M:\\Projects\\PDP\\2021\\Smart Wires\\P104890 - P104891 - P104892\\PDP\\STAGE 1\\SG1-09 Project ship date', NULL, NULL, NULL),
(292, 56, 22, '2021-08-19 00:00:00', '2021-08-04 00:00:00', '2021-09-02 16:05:13', '2021-08-19 10:01:29', 1, NULL, 6, 'M:\\Projects\\PDP\\2021\\Smart Wires\\P104890 - P104891 - P104892\\PDP\\STAGE 1\\SG1-10 Tracking # for prototype-FA', NULL, NULL, NULL),
(293, 56, 58, '2021-08-19 00:00:00', '2021-08-04 00:00:00', '2021-09-08 16:18:00', '2021-08-19 10:01:29', 1, NULL, 8, 'M:\\Projects\\PDP\\2021\\Smart Wires\\P104890 - P104891 - P104892', NULL, NULL, NULL),
(294, 56, 59, '2021-08-19 00:00:00', '2021-08-04 00:00:00', '2021-11-22 17:02:13', '2021-08-19 10:01:29', 1, 'N/A', 8, '', NULL, NULL, NULL),
(295, 56, 60, '2021-08-19 00:00:00', '2021-08-04 00:00:00', '2021-11-22 17:02:40', '2021-08-19 10:01:29', 1, 'Customer BOM into customer DWG', 8, 'M:\\Projects\\PDP\\2021\\Smart Wires\\P104890 - P104891 - P104892', NULL, NULL, NULL),
(296, 56, 70, '2021-08-19 00:00:00', '2021-08-04 00:00:00', '2021-08-30 16:22:51', '2021-08-19 10:01:29', 1, '', 7, 'M:\\Projects\\PDP\\2021\\Smart Wires\\P104890 - P104891 - P104892', NULL, NULL, NULL),
(297, 56, 71, '2021-08-19 00:00:00', '2021-08-04 00:00:00', '2021-11-17 10:59:29', '2021-08-19 10:01:29', 2, 'Informacion no esta en formato controlado', 7, 'M:\\Projects\\PDP\\2021\\Smart Wires\\P104890 - P104891 - P104892\\FAR', '2021-11-18 15:46:34', 9, NULL),
(298, 56, 82, '2021-08-19 00:00:00', '2021-08-04 00:00:00', '2021-08-30 16:21:01', '2021-08-19 10:01:29', 2, '', 7, 'M:\\Projects\\PDP\\2019\\SMART WIRES\\P104890\\Project Book\\AWI', '2021-09-08 08:59:52', 9, NULL),
(299, 56, 100, '2021-08-19 00:00:00', '2021-08-04 00:00:00', '2021-09-07 16:11:12', '2021-08-19 10:01:29', 1, NULL, 9, 'M:\\Projects\\PDP\\2021\\Smart Wires\\P104890 - P104891 - P104892\\PCP', NULL, NULL, NULL),
(302, 56, 89, '2021-08-19 00:00:00', '2021-08-04 00:00:00', '2021-11-22 15:30:11', '2021-08-19 10:01:29', -1, 'NO INFO', 6, '', NULL, NULL, NULL),
(303, 56, 90, '2021-08-19 00:00:00', '2021-08-04 00:00:00', '2021-11-16 14:54:31', '2021-08-19 10:01:29', 1, '', 7, 'M:\\Projects\\PDP\\2021\\Smart Wires\\P104890 - P104891 - P104892', NULL, NULL, NULL),
(304, 56, 97, '2021-08-19 00:00:00', '2021-08-04 00:00:00', '2021-08-30 16:19:30', '2021-08-19 10:01:29', -1, 'No se requiere plan de mantenimiento debido a que no se utiliza herramientas', 7, '', NULL, NULL, NULL),
(305, 56, 98, '2021-08-19 00:00:00', '2021-08-04 00:00:00', '2021-08-30 16:22:37', '2021-08-19 10:01:29', -1, 'No se presentaron lecciones aprendidas en esta PO', 7, '', NULL, NULL, NULL),
(306, 34, 1, '2021-08-19 00:00:00', '2021-07-26 00:00:00', '2021-09-02 15:47:17', '2021-08-19 10:04:09', 1, NULL, 6, 'M:\\Projects\\PDP\\2021\\NWS\\NWS-5273-XXFT\\PDP\\STAGE 1\\SG1-08 Statement of work', NULL, NULL, NULL),
(307, 34, 3, '2021-08-19 00:00:00', '2021-07-26 00:00:00', '2021-09-02 15:49:27', '2021-08-19 10:04:09', 1, NULL, 6, 'M:\\Projects\\PDP\\2021\\NWS\\NWS-5273-XXFT\\PDP\\STAGE 1\\SG1-08 Statement of work', NULL, NULL, NULL),
(308, 34, 4, '2021-08-19 00:00:00', '2021-07-26 00:00:00', '2021-09-08 11:13:42', '2021-08-19 10:04:09', -1, 'N/A', 6, 'N/A', NULL, NULL, NULL),
(310, 34, 13, '2021-08-19 00:00:00', '2021-07-26 00:00:00', '2021-08-19 10:21:33', '2021-08-19 10:04:09', 1, '', 6, 'I:\\Ingenieria\\COE Lab\\COE Log', NULL, NULL, NULL),
(312, 34, 23, '2021-08-19 00:00:00', '2021-07-26 00:00:00', '2022-01-25 09:30:39', '2021-08-19 10:04:09', 1, '', 3, 'M:\\Projects\\PDP\\2021\\NWS\\NWS-5273-XXFT\\PDP\\STAGE 1\\SG1-14 Customer Requirements', NULL, NULL, NULL),
(313, 34, 24, '2021-08-19 00:00:00', '2021-07-26 00:00:00', NULL, '2021-08-19 10:04:09', 0, NULL, NULL, NULL, NULL, NULL, NULL),
(314, 34, 25, '2021-08-19 00:00:00', '2021-07-26 00:00:00', NULL, '2021-08-19 10:04:09', 0, NULL, NULL, NULL, NULL, NULL, NULL),
(315, 34, 51, '2021-08-19 00:00:00', '2021-07-26 00:00:00', NULL, '2021-08-19 10:04:09', 0, NULL, NULL, NULL, NULL, NULL, NULL),
(316, 78, 1, '2021-08-26 00:00:00', NULL, NULL, '2021-08-26 10:03:42', 0, NULL, NULL, NULL, NULL, NULL, NULL),
(317, 78, 2, '2021-08-26 00:00:00', NULL, NULL, '2021-08-26 10:03:42', 0, NULL, NULL, NULL, NULL, NULL, NULL),
(318, 78, 3, '2021-08-26 00:00:00', NULL, NULL, '2021-08-26 10:03:42', 0, NULL, NULL, NULL, NULL, NULL, NULL),
(319, 78, 4, '2021-08-26 00:00:00', NULL, NULL, '2021-08-26 10:03:42', 0, NULL, NULL, NULL, NULL, NULL, NULL),
(321, 78, 6, '2021-08-26 00:00:00', NULL, NULL, '2021-08-26 10:03:42', 0, NULL, NULL, NULL, NULL, NULL, NULL),
(322, 78, 7, '2021-08-26 00:00:00', NULL, NULL, '2021-08-26 10:03:42', 0, NULL, NULL, NULL, NULL, NULL, NULL),
(323, 78, 8, '2021-08-26 00:00:00', NULL, NULL, '2021-08-26 10:03:42', 0, NULL, NULL, NULL, NULL, NULL, NULL),
(324, 78, 12, '2021-08-26 00:00:00', NULL, NULL, '2021-08-26 10:03:42', 0, NULL, NULL, NULL, NULL, NULL, NULL),
(325, 78, 13, '2021-08-26 00:00:00', NULL, NULL, '2021-08-26 10:03:42', 0, NULL, NULL, NULL, NULL, NULL, NULL),
(327, 78, 15, '2021-08-26 00:00:00', NULL, NULL, '2021-08-26 10:03:42', 0, NULL, NULL, NULL, NULL, NULL, NULL),
(328, 78, 16, '2021-08-26 00:00:00', NULL, NULL, '2021-08-26 10:03:42', 0, NULL, NULL, NULL, NULL, NULL, NULL),
(329, 78, 17, '2021-08-26 00:00:00', NULL, NULL, '2021-08-26 10:03:42', 0, NULL, NULL, NULL, NULL, NULL, NULL),
(330, 78, 18, '2021-08-26 00:00:00', NULL, NULL, '2021-08-26 10:03:42', 0, NULL, NULL, NULL, NULL, NULL, NULL),
(331, 78, 19, '2021-08-26 00:00:00', NULL, NULL, '2021-08-26 10:03:42', 0, NULL, NULL, NULL, NULL, NULL, NULL),
(332, 78, 20, '2021-08-26 00:00:00', NULL, NULL, '2021-08-26 10:03:42', 0, NULL, NULL, NULL, NULL, NULL, NULL),
(333, 78, 21, '2021-08-26 00:00:00', NULL, NULL, '2021-08-26 10:03:42', 0, NULL, NULL, NULL, NULL, NULL, NULL),
(334, 78, 22, '2021-08-26 00:00:00', NULL, NULL, '2021-08-26 10:03:42', 0, NULL, NULL, NULL, NULL, NULL, NULL),
(335, 78, 23, '2021-08-26 00:00:00', NULL, NULL, '2021-08-26 10:03:42', 0, NULL, NULL, NULL, NULL, NULL, NULL),
(336, 78, 24, '2021-08-26 00:00:00', NULL, NULL, '2021-08-26 10:03:42', 0, NULL, NULL, NULL, NULL, NULL, NULL),
(337, 78, 25, '2021-08-26 00:00:00', NULL, NULL, '2021-08-26 10:03:42', 0, NULL, NULL, NULL, NULL, NULL, NULL),
(338, 78, 26, '2021-08-26 00:00:00', NULL, NULL, '2021-08-26 10:03:42', 0, NULL, NULL, NULL, NULL, NULL, NULL),
(339, 78, 27, '2021-08-26 00:00:00', NULL, NULL, '2021-08-26 10:03:42', 0, NULL, NULL, NULL, NULL, NULL, NULL),
(340, 78, 28, '2021-08-26 00:00:00', NULL, NULL, '2021-08-26 10:03:42', 0, NULL, NULL, NULL, NULL, NULL, NULL),
(341, 78, 29, '2021-08-26 00:00:00', NULL, NULL, '2021-08-26 10:03:42', 0, NULL, NULL, NULL, NULL, NULL, NULL),
(342, 78, 30, '2021-08-26 00:00:00', NULL, NULL, '2021-08-26 10:03:42', 0, NULL, NULL, NULL, NULL, NULL, NULL),
(346, 78, 34, '2021-08-26 00:00:00', NULL, NULL, '2021-08-26 10:03:42', 0, NULL, NULL, NULL, NULL, NULL, NULL),
(347, 78, 35, '2021-08-26 00:00:00', NULL, NULL, '2021-08-26 10:03:42', 0, NULL, NULL, NULL, NULL, NULL, NULL),
(348, 78, 36, '2021-08-26 00:00:00', NULL, NULL, '2021-08-26 10:03:42', 0, NULL, NULL, NULL, NULL, NULL, NULL),
(349, 78, 37, '2021-08-26 00:00:00', NULL, NULL, '2021-08-26 10:03:42', 0, NULL, NULL, NULL, NULL, NULL, NULL),
(350, 78, 38, '2021-08-26 00:00:00', NULL, NULL, '2021-08-26 10:03:42', 0, NULL, NULL, NULL, NULL, NULL, NULL),
(351, 78, 39, '2021-08-26 00:00:00', NULL, NULL, '2021-08-26 10:03:42', 0, NULL, NULL, NULL, NULL, NULL, NULL),
(352, 78, 40, '2021-08-26 00:00:00', NULL, NULL, '2021-08-26 10:03:42', 0, NULL, NULL, NULL, NULL, NULL, NULL),
(353, 78, 41, '2021-08-26 00:00:00', NULL, NULL, '2021-08-26 10:03:42', 0, NULL, NULL, NULL, NULL, NULL, NULL),
(354, 78, 42, '2021-08-26 00:00:00', NULL, NULL, '2021-08-26 10:03:42', 0, NULL, NULL, NULL, NULL, NULL, NULL),
(355, 78, 43, '2021-08-26 00:00:00', NULL, '2021-11-04 07:25:13', '2021-08-26 10:03:42', 1, '', 2, '', NULL, NULL, NULL),
(357, 78, 45, '2021-08-26 00:00:00', NULL, NULL, '2021-08-26 10:03:42', 0, NULL, NULL, NULL, NULL, NULL, NULL),
(358, 78, 46, '2021-08-26 00:00:00', NULL, NULL, '2021-08-26 10:03:42', 0, NULL, NULL, NULL, NULL, NULL, NULL),
(359, 78, 47, '2021-08-26 00:00:00', NULL, NULL, '2021-08-26 10:03:42', 0, NULL, NULL, NULL, NULL, NULL, NULL),
(360, 78, 48, '2021-08-26 00:00:00', NULL, NULL, '2021-08-26 10:03:42', 0, NULL, NULL, NULL, NULL, NULL, NULL),
(361, 78, 49, '2021-08-26 00:00:00', NULL, NULL, '2021-08-26 10:03:42', 0, NULL, NULL, NULL, NULL, NULL, NULL),
(362, 78, 50, '2021-08-26 00:00:00', NULL, NULL, '2021-08-26 10:03:42', 0, NULL, NULL, NULL, NULL, NULL, NULL),
(363, 78, 51, '2021-08-26 00:00:00', NULL, NULL, '2021-08-26 10:03:42', 0, NULL, NULL, NULL, NULL, NULL, NULL),
(364, 78, 52, '2021-08-26 00:00:00', NULL, NULL, '2021-08-26 10:03:42', 0, NULL, NULL, NULL, NULL, NULL, NULL),
(365, 78, 53, '2021-08-26 00:00:00', NULL, NULL, '2021-08-26 10:03:42', 0, NULL, NULL, NULL, NULL, NULL, NULL),
(366, 78, 54, '2021-08-26 00:00:00', NULL, NULL, '2021-08-26 10:03:42', 0, NULL, NULL, NULL, NULL, NULL, NULL),
(367, 78, 55, '2021-08-26 00:00:00', NULL, NULL, '2021-08-26 10:03:42', 0, NULL, NULL, NULL, NULL, NULL, NULL),
(368, 78, 56, '2021-08-26 00:00:00', NULL, NULL, '2021-08-26 10:03:42', 0, NULL, NULL, NULL, NULL, NULL, NULL),
(369, 78, 57, '2021-08-26 00:00:00', NULL, NULL, '2021-08-26 10:03:42', 0, NULL, NULL, NULL, NULL, NULL, NULL),
(370, 78, 58, '2021-08-26 00:00:00', NULL, NULL, '2021-08-26 10:03:42', 0, NULL, NULL, NULL, NULL, NULL, NULL),
(371, 78, 59, '2021-08-26 00:00:00', NULL, NULL, '2021-08-26 10:03:42', 0, NULL, NULL, NULL, NULL, NULL, NULL),
(372, 78, 60, '2021-08-26 00:00:00', NULL, NULL, '2021-08-26 10:03:42', 0, NULL, NULL, NULL, NULL, NULL, NULL),
(373, 78, 61, '2021-08-26 00:00:00', NULL, NULL, '2021-08-26 10:03:42', 0, NULL, NULL, NULL, NULL, NULL, NULL),
(374, 78, 62, '2021-08-26 00:00:00', NULL, NULL, '2021-08-26 10:03:42', 0, NULL, NULL, NULL, NULL, NULL, NULL),
(375, 78, 63, '2021-08-26 00:00:00', NULL, NULL, '2021-08-26 10:03:42', 0, NULL, NULL, NULL, NULL, NULL, NULL),
(376, 78, 64, '2021-08-26 00:00:00', NULL, NULL, '2021-08-26 10:03:42', 0, NULL, NULL, NULL, NULL, NULL, NULL),
(378, 78, 66, '2021-08-26 00:00:00', NULL, NULL, '2021-08-26 10:03:42', 0, NULL, NULL, NULL, NULL, NULL, NULL),
(379, 78, 67, '2021-08-26 00:00:00', NULL, NULL, '2021-08-26 10:03:42', 0, NULL, NULL, NULL, NULL, NULL, NULL),
(380, 78, 68, '2021-08-26 00:00:00', NULL, NULL, '2021-08-26 10:03:42', 0, NULL, NULL, NULL, NULL, NULL, NULL),
(381, 78, 69, '2021-08-26 00:00:00', NULL, NULL, '2021-08-26 10:03:42', 0, NULL, NULL, NULL, NULL, NULL, NULL),
(382, 78, 70, '2021-08-26 00:00:00', NULL, NULL, '2021-08-26 10:03:42', 0, NULL, NULL, NULL, NULL, NULL, NULL),
(383, 78, 71, '2021-08-26 00:00:00', NULL, NULL, '2021-08-26 10:03:42', 0, NULL, NULL, NULL, NULL, NULL, NULL),
(384, 78, 72, '2021-08-26 00:00:00', NULL, NULL, '2021-08-26 10:03:42', 0, NULL, NULL, NULL, NULL, NULL, NULL),
(385, 78, 73, '2021-08-26 00:00:00', NULL, NULL, '2021-08-26 10:03:42', 0, NULL, NULL, NULL, NULL, NULL, NULL),
(386, 78, 74, '2021-08-26 00:00:00', NULL, '2021-11-04 07:25:24', '2021-08-26 10:03:42', -1, 'N/A', 2, NULL, NULL, NULL, NULL),
(387, 78, 75, '2021-08-26 00:00:00', NULL, NULL, '2021-08-26 10:03:42', 0, NULL, NULL, NULL, NULL, NULL, NULL),
(388, 78, 76, '2021-08-26 00:00:00', NULL, NULL, '2021-08-26 10:03:42', 0, NULL, NULL, NULL, NULL, NULL, NULL),
(389, 78, 77, '2021-08-26 00:00:00', NULL, NULL, '2021-08-26 10:03:42', 0, NULL, NULL, NULL, NULL, NULL, NULL),
(390, 78, 78, '2021-08-26 00:00:00', NULL, NULL, '2021-08-26 10:03:42', 0, NULL, NULL, NULL, NULL, NULL, NULL),
(391, 78, 79, '2021-08-26 00:00:00', NULL, NULL, '2021-08-26 10:03:42', 0, NULL, NULL, NULL, NULL, NULL, NULL),
(392, 78, 80, '2021-08-26 00:00:00', NULL, NULL, '2021-08-26 10:03:42', 0, NULL, NULL, NULL, NULL, NULL, NULL),
(393, 78, 81, '2021-08-26 00:00:00', NULL, NULL, '2021-08-26 10:03:42', 0, NULL, NULL, NULL, NULL, NULL, NULL),
(394, 78, 82, '2021-08-26 00:00:00', NULL, NULL, '2021-08-26 10:03:42', 0, NULL, NULL, NULL, NULL, NULL, NULL),
(395, 78, 83, '2021-08-26 00:00:00', NULL, NULL, '2021-08-26 10:03:42', 0, NULL, NULL, NULL, NULL, NULL, NULL),
(396, 78, 84, '2021-08-26 00:00:00', NULL, NULL, '2021-08-26 10:03:42', 0, NULL, NULL, NULL, NULL, NULL, NULL),
(398, 78, 86, '2021-08-26 00:00:00', NULL, NULL, '2021-08-26 10:03:42', 0, NULL, NULL, NULL, NULL, NULL, NULL),
(401, 78, 89, '2021-08-26 00:00:00', NULL, NULL, '2021-08-26 10:03:42', 0, NULL, NULL, NULL, NULL, NULL, NULL),
(402, 78, 90, '2021-08-26 00:00:00', NULL, NULL, '2021-08-26 10:03:42', 0, NULL, NULL, NULL, NULL, NULL, NULL),
(406, 78, 94, '2021-08-26 00:00:00', NULL, NULL, '2021-08-26 10:03:42', 0, NULL, NULL, NULL, NULL, NULL, NULL),
(408, 78, 96, '2021-08-26 00:00:00', NULL, NULL, '2021-08-26 10:03:42', 0, NULL, NULL, NULL, NULL, NULL, NULL),
(409, 78, 97, '2021-08-26 00:00:00', NULL, NULL, '2021-08-26 10:03:42', 0, NULL, NULL, NULL, NULL, NULL, NULL),
(410, 78, 98, '2021-08-26 00:00:00', NULL, NULL, '2021-08-26 10:03:42', 0, NULL, NULL, NULL, NULL, NULL, NULL),
(411, 78, 99, '2021-08-26 00:00:00', NULL, NULL, '2021-08-26 10:03:42', 0, NULL, NULL, NULL, NULL, NULL, NULL),
(412, 78, 100, '2021-08-26 00:00:00', NULL, NULL, '2021-08-26 10:03:42', 0, '', NULL, '', NULL, NULL, NULL),
(413, 79, 1, '2021-08-26 00:00:00', NULL, '2022-08-10 15:46:32', '2021-08-26 10:08:56', 1, NULL, 6, 'M:\\Projects\\PDP\\2021\\CSD\\LFS-2ARS3D162150G\\Customer request for COE services', NULL, NULL, NULL),
(414, 79, 2, '2021-08-26 00:00:00', NULL, NULL, '2021-08-26 10:08:56', 0, NULL, NULL, NULL, NULL, NULL, NULL),
(415, 79, 3, '2021-08-26 00:00:00', NULL, '2021-11-25 15:32:30', '2021-08-26 10:08:56', 1, NULL, 8, 'I:\\Ingenieria\\Daniel Herrejon\\FILES\\DFMEA', NULL, NULL, NULL),
(418, 79, 6, '2021-08-26 00:00:00', NULL, NULL, '2021-08-26 10:08:56', 0, NULL, NULL, NULL, NULL, NULL, NULL),
(419, 79, 7, '2021-08-26 00:00:00', NULL, '2021-12-01 07:57:24', '2021-08-26 10:08:56', 2, '', 6, 'M:\\Projects\\PDP\\2021\\CSD\\PDP Cabinet Rev C\\Loose Tube\\Stage 1\\SG1-06 NAI BOM', '2021-12-01 07:57:40', 9, NULL),
(422, 79, 13, '2021-08-26 00:00:00', NULL, '2021-08-26 11:29:42', '2021-08-26 10:08:56', 1, '', 6, 'M:\\Projects\\PDP\\2021\\CSD\\PDP Cabinet Rev C\\Loose Tube\\Stage 1\\SG1-11 I NFO from COE LOG', NULL, NULL, NULL),
(424, 79, 15, '2021-08-26 00:00:00', NULL, '2021-08-26 11:31:03', '2021-08-26 10:08:56', 1, '', 6, 'M:\\Projects\\PDP\\2021\\CSD\\PDP Cabinet Rev C\\Loose Tube\\Stage 1\\SG1-01 SG1-02 Raw mat status and POs', NULL, NULL, NULL),
(425, 79, 16, '2021-08-26 00:00:00', NULL, '2021-08-26 11:28:37', '2021-08-26 10:08:56', 1, '', 6, 'M:\\Projects\\PDP\\2021\\CSD\\PDP Cabinet Rev C\\Loose Tube\\Stage 1\\SG1-01 SG1-02 Raw mat status and POs', NULL, NULL, NULL),
(426, 79, 17, '2021-08-26 00:00:00', NULL, '2021-09-02 10:04:29', '2021-08-26 10:08:56', 1, NULL, 6, 'M:\\Projects\\PDP\\2021\\CSD\\PDP Cabinet Rev C\\Loose Tube\\Stage 1\\SG1-03 Tooling POs', NULL, NULL, NULL),
(427, 79, 18, '2021-08-26 00:00:00', NULL, '2022-03-28 07:36:19', '2021-08-26 10:08:56', 1, NULL, 6, 'M:\\Projects\\PDP\\2021\\CSD\\PDP Cabinet Rev C\\Loose Tube\\Stage 1\\SG1-04 price calculation for protype', NULL, NULL, NULL),
(428, 79, 19, '2021-08-26 00:00:00', NULL, '2022-01-17 10:28:28', '2021-08-26 10:08:56', 1, NULL, 6, 'M:\\Projects\\PDP\\2021\\CSD\\PDP Cabinet Rev C\\Loose Tube\\Stage 1\\SG1-05 Fromal Quote', NULL, NULL, NULL),
(429, 79, 20, '2021-08-26 00:00:00', NULL, '2023-01-24 16:05:26', '2021-08-26 10:08:56', 1, NULL, 7, 'M:\\Projects\\PDP\\2022\\CSD\\Cabinet Rev C Final', NULL, NULL, NULL),
(434, 79, 25, '2021-08-26 00:00:00', NULL, '2021-11-24 11:41:45', '2021-08-26 10:08:56', 1, NULL, 8, 'I:\\Ingenieria\\Daniel Herrejon\\DWGs Cabinet Rev C', NULL, NULL, NULL),
(435, 79, 26, '2021-08-26 00:00:00', NULL, '2021-11-26 07:54:31', '2021-08-26 10:08:56', 1, NULL, 8, 'I:\\Ingenieria\\Daniel Herrejon\\FILES\\Project Timing Cabinet', NULL, NULL, NULL),
(444, 79, 35, '2021-08-26 00:00:00', NULL, '2021-11-25 16:43:12', '2021-08-26 10:08:56', 1, NULL, 8, 'I:\\Ingenieria\\Daniel Herrejon\\FILES\\Cabinet Requirements', NULL, NULL, NULL),
(445, 79, 36, '2021-08-26 00:00:00', NULL, '2021-11-25 14:30:11', '2021-08-26 10:08:56', 1, NULL, 8, 'I:\\Ingenieria\\Daniel Herrejon\\FILES\\GR', NULL, NULL, NULL),
(447, 79, 38, '2021-08-26 00:00:00', NULL, '2021-11-25 16:40:55', '2021-08-26 10:08:56', 1, NULL, 8, 'I:\\Ingenieria\\Daniel Herrejon\\FILES\\Cabinet Rev C Design', NULL, NULL, NULL),
(448, 79, 39, '2021-08-26 00:00:00', NULL, '2022-01-17 10:15:30', '2021-08-26 10:08:56', 1, NULL, 2, 'M:\\Projects\\PDP\\2021\\CSD\\PDP Cabinet Rev C\\Loose Tube\\Stage 3\\SG3-15 AWI', NULL, NULL, NULL),
(449, 79, 40, '2021-08-26 00:00:00', NULL, NULL, '2021-08-26 10:08:56', 0, NULL, NULL, NULL, NULL, NULL, NULL),
(450, 79, 41, '2021-08-26 00:00:00', NULL, NULL, '2021-08-26 10:08:56', 0, NULL, NULL, NULL, NULL, NULL, NULL),
(452, 79, 43, '2021-08-26 00:00:00', NULL, NULL, '2021-08-26 10:08:56', 0, NULL, NULL, NULL, NULL, NULL, NULL),
(455, 79, 46, '2021-08-26 00:00:00', NULL, '2021-11-25 14:24:16', '2021-08-26 10:08:56', 1, NULL, 8, 'I:\\Ingenieria\\ECN HMO\\ECN Cabinet Rev C', NULL, NULL, NULL),
(456, 79, 47, '2021-08-26 00:00:00', NULL, NULL, '2021-08-26 10:08:56', 0, NULL, NULL, NULL, NULL, NULL, NULL),
(477, 79, 68, '2021-08-26 00:00:00', NULL, '2022-01-17 10:47:25', '2021-08-26 10:08:56', 2, NULL, 2, 'M:\\Projects\\PDP\\2021\\CSD\\PDP Cabinet Rev C\\Loose Tube\\Stage 3\\SG3-01 FMEA', '2022-01-19 07:45:50', 9, NULL),
(479, 79, 70, '2021-08-26 00:00:00', NULL, '2022-01-17 10:58:40', '2021-08-26 10:08:56', 1, 'Aun no iniciamos', 2, 'M:\\Projects\\PDP\\2021\\CSD\\PDP Cabinet Rev C\\Loose Tube\\Stage 3\\SG3-21 Product Sample\\Fotos', NULL, NULL, NULL),
(480, 79, 71, '2021-08-26 00:00:00', NULL, '2022-07-12 10:01:08', '2021-08-26 10:08:56', -1, 'N/A', 2, NULL, NULL, NULL, NULL),
(481, 79, 72, '2021-08-26 00:00:00', NULL, '2021-11-22 13:08:28', '2021-08-26 10:08:56', -1, 'No requerido', 2, NULL, NULL, NULL, NULL),
(483, 79, 74, '2021-08-26 00:00:00', NULL, '2021-12-10 10:43:05', '2021-08-26 10:08:56', -1, 'Sin requerimineto', 2, '', NULL, NULL, NULL),
(487, 79, 78, '2021-08-26 00:00:00', NULL, '2022-01-11 14:07:19', '2021-08-26 10:08:56', 2, 'Aun no iniciamos', 2, 'M:\\Projects\\PDP\\2021\\CSD\\PDP Cabinet Rev C\\Loose Tube\\Stage 3\\SG3-11 IL-RL test Results', '2022-01-18 14:48:39', 9, NULL),
(488, 79, 79, '2021-08-26 00:00:00', NULL, '2021-12-10 09:26:28', '2021-08-26 10:08:56', -1, 'This product do not has IP requirement', 9, '', NULL, NULL, NULL),
(489, 79, 80, '2021-08-26 00:00:00', NULL, '2023-01-24 16:05:33', '2021-08-26 10:08:56', 1, 'Aun no iniciamos', 7, 'M:\\Projects\\PDP\\2022\\CSD\\Cabinet Rev C Final', NULL, NULL, NULL),
(491, 79, 82, '2021-08-26 00:00:00', NULL, '2022-01-20 07:37:23', '2021-08-26 10:08:56', 3, 'Se rechazo por varias mejoras se envio correo', 2, 'M:\\Projects\\PDP\\2021\\CSD\\PDP Cabinet Rev C\\Loose Tube\\Stage 3\\SG3-15 AWI', '2022-01-26 15:29:39', 9, NULL),
(493, 79, 84, '2021-08-26 00:00:00', NULL, '2022-08-08 10:19:07', '2021-08-26 10:08:56', 1, NULL, 6, 'M:\\Projects\\PDP\\2022\\CSD\\Cabinet Rev C Final\\Customer Approval', NULL, NULL, NULL),
(509, 79, 100, '2021-08-26 00:00:00', NULL, NULL, '2021-08-26 10:08:56', 0, NULL, NULL, NULL, NULL, NULL, NULL),
(510, 79, 101, '2021-09-02 00:00:00', NULL, '2021-11-22 16:19:55', '2021-09-02 07:33:10', 1, NULL, 9, 'M:\\Projects\\PDP\\2021\\CSD\\PDP Cabinet Rev C\\Loose Tube\\Stage 1\\SG1-12 Risk Assessment of project', NULL, NULL, NULL),
(547, 78, 102, '2021-09-07 16:30:30', NULL, NULL, '2021-09-07 16:30:30', 0, NULL, NULL, NULL, NULL, NULL, NULL),
(548, 78, 103, '2021-09-07 16:30:30', NULL, NULL, '2021-09-07 16:30:30', 0, NULL, NULL, NULL, NULL, NULL, NULL),
(549, 78, 104, '2021-09-07 16:30:30', NULL, NULL, '2021-09-07 16:30:30', 0, NULL, NULL, NULL, NULL, NULL, NULL),
(550, 56, 104, '2021-09-07 16:31:31', '2021-08-04 00:00:00', '2021-09-28 09:54:43', '2021-09-07 16:31:31', 1, NULL, 9, 'M:\\Projects\\PDP\\2021\\Smart Wires\\P104890 - P104891 - P104892\\PCP', NULL, NULL, NULL),
(551, 75, 101, '2021-09-07 16:31:45', '2021-08-17 00:00:00', NULL, '2021-09-07 16:31:45', 0, NULL, NULL, NULL, NULL, NULL, NULL),
(552, 75, 102, '2021-09-07 16:31:45', '2021-08-17 00:00:00', NULL, '2021-09-07 16:31:45', 0, NULL, NULL, NULL, NULL, NULL, NULL),
(553, 75, 103, '2021-09-07 16:31:45', '2021-08-17 00:00:00', NULL, '2021-09-07 16:31:45', 0, NULL, NULL, NULL, NULL, NULL, NULL),
(554, 75, 104, '2021-09-07 16:31:45', '2021-08-17 00:00:00', NULL, '2021-09-07 16:31:45', 0, NULL, NULL, NULL, NULL, NULL, NULL),
(557, 79, 104, '2021-09-07 16:31:58', NULL, '2022-01-18 14:44:42', '2021-09-07 16:31:58', 1, NULL, 9, 'M:\\Projects\\PDP\\2021\\CSD\\PDP Cabinet Rev C\\Loose Tube\\Stage 3\\SG3-03 FAIR', NULL, NULL, NULL),
(558, 77, 101, '2021-09-07 16:32:21', '2021-10-28 00:00:00', '2021-11-05 11:54:21', '2021-09-07 16:32:21', 1, NULL, 9, 'M:\\Projects\\PDP\\2021\\Corning-Ericcson\\NAI-5272A-10M-COE\\PDP\\STAGE 1\\SG1-12 Develop Risk assessment', NULL, NULL, NULL),
(559, 77, 102, '2021-09-07 16:32:21', '2021-10-28 00:00:00', '2021-11-05 11:45:01', '2021-09-07 16:32:21', -1, 'Not preliminary prototype was considerer in this project', 9, NULL, NULL, NULL, NULL),
(560, 77, 103, '2021-09-07 16:32:21', '2021-10-28 00:00:00', '2021-12-10 15:49:04', '2021-09-07 16:32:21', -1, 'Se realizo FAR en etapa 3', 7, NULL, NULL, NULL, NULL),
(561, 77, 104, '2021-09-07 16:32:21', '2021-10-28 00:00:00', '2021-11-05 11:55:15', '2021-09-07 16:32:21', 1, NULL, 9, 'M:\\Projects\\PDP\\2021\\Corning-Ericcson\\NAI-5272A-10M-COE\\PDP\\STAGE 3\\SG3-03 Prototype-FA', NULL, NULL, NULL),
(562, 56, 101, '2021-09-07 16:32:41', '2021-08-04 00:00:00', '2021-11-03 16:07:03', '2021-09-07 16:32:41', -1, 'The pieces produced are normal production in this stage not require Risk Analisys', 9, NULL, NULL, NULL, NULL),
(563, 78, 101, '2021-09-07 16:33:08', NULL, NULL, '2021-09-07 16:33:08', 0, NULL, NULL, NULL, NULL, NULL, NULL),
(564, 88, 1, '2021-09-27 07:25:27', '2021-10-05 00:00:00', '2021-09-27 07:35:05', '2021-09-27 07:25:27', 1, NULL, 6, 'M:\\Projects\\PDP\\2021\\NWS\\DS-MEDIUM-4  HT-LCULCU-D24SM4-40FT-COE\\STAGE 1\\SG1-08 Statement of work', NULL, NULL, NULL),
(566, 88, 3, '2021-09-27 07:25:27', '2021-10-05 00:00:00', '2021-12-03 14:24:55', '2021-09-27 07:25:27', 1, NULL, 6, 'M:\\Projects\\PDP\\2021\\NWS\\DS-MEDIUM-4  HT-LCULCU-D24SM4-40FT-COE\\STAGE 1\\SG1-08 Statement of work\\Technical Requirements', NULL, NULL, NULL),
(573, 88, 15, '2021-09-27 07:25:27', '2021-10-05 00:00:00', '2021-09-27 07:42:58', '2021-09-27 07:25:27', 1, NULL, 6, 'M:\\Projects\\PDP\\2021\\NWS\\DS-MEDIUM-4  HT-LCULCU-D24SM4-40FT-COE\\STAGE 1\\SG1-01 Raw material status report', NULL, NULL, NULL),
(574, 88, 16, '2021-09-27 07:25:27', '2021-10-05 00:00:00', '2021-09-29 09:24:49', '2021-09-27 07:25:27', -1, 'N/A', 6, NULL, NULL, NULL, NULL),
(575, 88, 17, '2021-09-27 07:25:27', '2021-10-05 00:00:00', '2021-09-27 10:22:33', '2021-09-27 07:25:27', -1, 'Not required', 6, NULL, NULL, NULL, NULL),
(576, 88, 18, '2021-09-27 07:25:27', '2021-10-05 00:00:00', '2021-09-27 10:22:09', '2021-09-27 07:25:27', -1, 'No hay cálculo para samples de NWS', 6, NULL, NULL, NULL, NULL);
INSERT INTO `actividades_proyecto` (`idActividades_proyecto`, `idProyecto`, `idActividad`, `fechaInicio`, `fechaRequerida`, `fechaEntrega`, `fechaCrea`, `completado`, `notas`, `entregadoPor`, `ubicacion`, `fechaAprobacion`, `aprobadoPor`, `respAct`) VALUES
(577, 88, 19, '2021-09-27 07:25:27', '2021-10-05 00:00:00', '2021-09-27 08:08:37', '2021-09-27 07:25:27', 1, NULL, 6, 'M:\\Projects\\PDP\\2021\\NWS\\DS-MEDIUM-4  HT-LCULCU-D24SM4-40FT-COE\\STAGE 1\\SG1-05 Formal quote for prototype-FA sample service', NULL, NULL, NULL),
(578, 88, 20, '2021-09-27 07:25:27', '2021-10-05 00:00:00', '2022-03-22 15:05:01', '2021-09-27 07:25:27', 1, NULL, 3, 'M:\\Projects\\PDP\\2021\\NWS\\DS-MEDIUM-4  HT-LCULCU-D24SM4-40FT-COE\\STAGE 2\\SG2-05 Design documents Drawings', NULL, NULL, NULL),
(579, 88, 21, '2021-09-27 07:25:27', '2021-10-05 00:00:00', '2021-10-07 07:46:00', '2021-09-27 07:25:27', 1, NULL, 6, 'M:\\Projects\\PDP\\2021\\NWS\\DS-MEDIUM-4  HT-LCULCU-D24SM4-40FT-COE\\STAGE 1\\SG1-09 Project ship date', NULL, NULL, NULL),
(580, 88, 22, '2021-09-27 07:25:27', '2021-10-05 00:00:00', '2021-10-07 07:46:19', '2021-09-27 07:25:27', 1, NULL, 6, 'M:\\Projects\\PDP\\2021\\NWS\\DS-MEDIUM-4  HT-LCULCU-D24SM4-40FT-COE\\STAGE 1\\SG1-10 Tracking # for prototype-FA', NULL, NULL, NULL),
(581, 88, 23, '2021-09-27 07:25:27', '2021-10-05 00:00:00', '2022-03-22 14:53:50', '2021-09-27 07:25:27', 1, NULL, 3, 'M:\\Projects\\PDP\\2021\\NWS\\DS-MEDIUM-4  HT-LCULCU-D24SM4-40FT-COE\\STAGE 1\\SG1-08 Statement of work\\Technical Requirements', NULL, NULL, NULL),
(587, 88, 29, '2021-09-27 07:25:27', '2021-10-05 00:00:00', '2022-03-22 15:36:40', '2021-09-27 07:25:27', -1, 'No 3rd party materials needed', 3, NULL, NULL, NULL, NULL),
(588, 88, 30, '2021-09-27 07:25:27', '2021-10-05 00:00:00', '2022-03-22 15:39:44', '2021-09-27 07:25:27', 1, NULL, 3, 'M:\\Projects\\PDP\\2021\\NWS\\DS-MEDIUM-4  HT-LCULCU-D24SM4-40FT-COE\\STAGE 2\\SG2-17 Tooling required', NULL, NULL, NULL),
(593, 88, 35, '2021-09-27 07:25:27', '2021-10-05 00:00:00', '2022-03-22 17:12:31', '2021-09-27 07:25:27', 1, NULL, 3, 'M:\\Projects\\PDP\\2021\\NWS\\DS-MEDIUM-4 HT-LCULCU-D24SM4-40FT-COE\\STAGE 1\\SG1-08 Statement of work\\Technical Requirements', NULL, NULL, NULL),
(594, 88, 36, '2021-09-27 07:25:27', '2021-10-05 00:00:00', '2021-12-20 13:58:47', '2021-09-27 07:25:27', 1, 'Apply the next stanards:IEC 68-2-18 and GR-326 in general', 9, 'M:\\Projects\\PDP\\INDUSTRIAL STANDARDS', NULL, NULL, NULL),
(597, 88, 39, '2021-09-27 07:25:27', '2021-10-05 00:00:00', '2021-11-04 16:13:11', '2021-09-27 07:25:27', 2, NULL, 7, 'M:\\Projects\\PDP\\2021\\NWS\\DS-MEDIUM-4  HT-LCULCU-D24SM4-40FT-COE\\STAGE 3\\Evidencia de prototipo\\Fotos HT-LCULCU-D24SM4-40FT', '2021-11-04 17:00:34', 9, NULL),
(599, 88, 41, '2021-09-27 07:25:27', '2021-10-05 00:00:00', '2021-11-04 16:51:49', '2021-09-27 07:25:27', 1, NULL, 7, 'M:\\Projects\\PDP\\2021\\NWS\\DS-MEDIUM-4  HT-LCULCU-D24SM4-40FT-COE\\STAGE 3\\SG3-04 First Article Report - FAR', NULL, NULL, NULL),
(600, 88, 42, '2021-09-27 07:25:27', '2021-10-05 00:00:00', '2022-03-22 15:07:44', '2021-09-27 07:25:27', -1, 'No external testing needed', 3, NULL, NULL, NULL, NULL),
(601, 88, 43, '2021-09-27 07:25:27', '2021-10-05 00:00:00', '2021-11-04 16:53:38', '2021-09-27 07:25:27', 1, NULL, 7, 'M:\\Projects\\PDP\\2021\\NWS\\DS-MEDIUM-4  HT-LCULCU-D24SM4-40FT-COE\\STAGE 3\\SG3-15 Assembly Work Instructions\\AWI', NULL, NULL, NULL),
(604, 88, 46, '2021-09-27 07:25:27', '2021-10-05 00:00:00', '2022-03-22 15:41:32', '2021-09-27 07:25:27', -1, 'There is not an ECN for this project', 3, NULL, NULL, NULL, NULL),
(606, 88, 48, '2021-09-27 07:25:27', '2021-10-05 00:00:00', '2022-03-22 14:55:51', '2021-09-27 07:25:27', -1, 'No electrical schematic required', 3, NULL, NULL, NULL, NULL),
(607, 88, 49, '2021-09-27 07:25:27', '2021-10-05 00:00:00', '2022-03-22 17:08:56', '2021-09-27 07:25:27', -1, 'Not required', 3, NULL, NULL, NULL, NULL),
(610, 88, 52, '2021-09-27 07:25:27', '2021-10-05 00:00:00', '2022-02-02 08:19:44', '2021-09-27 07:25:27', -1, 'Not Critical to Function identified', 3, NULL, NULL, NULL, NULL),
(614, 88, 56, '2021-09-27 07:25:27', '2021-10-05 00:00:00', '2021-12-17 11:11:26', '2021-09-27 07:25:27', -1, 'It was not required Incoming inspection', 9, NULL, NULL, NULL, NULL),
(615, 88, 57, '2021-09-27 07:25:27', '2021-10-05 00:00:00', '2022-03-22 17:12:57', '2021-09-27 07:25:27', 1, NULL, 3, 'M:\\Projects\\PDP\\2021\\NWS\\DS-MEDIUM-4 HT-LCULCU-D24SM4-40FT-COE\\STAGE 2\\SG2-05 Design documents Drawings', NULL, NULL, NULL),
(620, 88, 62, '2021-09-27 07:25:27', '2021-10-05 00:00:00', '2021-11-04 16:57:37', '2021-09-27 07:25:27', 1, NULL, 7, 'M:\\Projects\\PDP\\2021\\NWS\\DS-MEDIUM-4  HT-LCULCU-D24SM4-40FT-COE\\STAGE 3\\Evidencia de prototipo', NULL, NULL, NULL),
(624, 88, 66, '2021-09-27 07:25:27', '2021-10-05 00:00:00', '2021-11-04 16:54:36', '2021-09-27 07:25:27', 1, NULL, 7, 'M:\\Projects\\PDP\\2021\\NWS\\DS-MEDIUM-4  HT-LCULCU-D24SM4-40FT-COE\\STAGE 3\\SG3-04 First Article Report - FAR', NULL, NULL, NULL),
(626, 88, 68, '2021-09-27 07:25:27', '2021-10-05 00:00:00', '2021-11-24 09:38:05', '2021-09-27 07:25:27', -1, 'Proyecto con diseño no viable', 7, NULL, NULL, NULL, NULL),
(627, 88, 69, '2021-09-27 07:25:27', '2021-10-05 00:00:00', '2021-10-01 07:29:37', '2021-09-27 07:25:27', 1, NULL, 7, 'M:\\Projects\\PDP\\2021\\NWS\\DS-MEDIUM-4  HT-LCULCU-D24SM4-40FT-COE\\STAGE 3\\SG3-02 BOM', NULL, NULL, NULL),
(628, 88, 70, '2021-09-27 07:25:27', '2021-10-05 00:00:00', '2021-10-11 14:22:12', '2021-09-27 07:25:27', 1, NULL, 7, 'M:\\Projects\\PDP\\2021\\NWS\\DS-MEDIUM-4  HT-LCULCU-D24SM4-40FT-COE\\STAGE 3\\Evidencia de prototipo\\Fotos HT-LCULCU-D24SM4-40FT', NULL, NULL, NULL),
(629, 88, 71, '2021-09-27 07:25:27', '2021-10-05 00:00:00', '2021-10-11 07:56:13', '2021-09-27 07:25:27', 2, NULL, 7, 'M:\\Projects\\PDP\\2021\\NWS\\DS-MEDIUM-4  HT-LCULCU-D24SM4-40FT-COE\\STAGE 3\\SG3-04 First Article Report - FAR', '2021-11-04 07:55:37', 9, NULL),
(630, 88, 72, '2021-09-27 07:25:27', '2021-10-05 00:00:00', '2021-10-01 09:41:27', '2021-09-27 07:25:27', -1, 'No se requiere prueba', 7, NULL, NULL, NULL, NULL),
(631, 88, 73, '2021-09-27 07:25:27', '2021-10-05 00:00:00', '2021-10-01 09:45:04', '2021-09-27 07:25:27', -1, 'No se requiere prueba', 7, NULL, NULL, NULL, NULL),
(632, 88, 74, '2021-09-27 07:25:27', '2021-10-05 00:00:00', '2021-10-11 07:56:03', '2021-09-27 07:25:27', 1, NULL, 7, 'M:\\Projects\\PDP\\2021\\NWS\\DS-MEDIUM-4  HT-LCULCU-D24SM4-40FT-COE\\STAGE 3\\SG3-04 First Article Report - FAR', NULL, NULL, NULL),
(633, 88, 75, '2021-09-27 07:25:27', '2021-10-05 00:00:00', '2021-10-01 09:45:22', '2021-09-27 07:25:27', -1, 'No se requiere prueba', 7, NULL, NULL, NULL, NULL),
(634, 88, 76, '2021-09-27 07:25:27', '2021-10-05 00:00:00', '2021-10-01 09:38:58', '2021-09-27 07:25:27', -1, 'No se requiere prueba electrica debido a que los cobres no se despojan y van taponeados con tubing', 7, NULL, NULL, NULL, NULL),
(635, 88, 77, '2021-09-27 07:25:27', '2021-10-05 00:00:00', '2021-10-01 09:43:08', '2021-09-27 07:25:27', -1, 'No se requiere prueba', 7, NULL, NULL, NULL, NULL),
(636, 88, 78, '2021-09-27 07:25:27', '2021-10-05 00:00:00', '2021-10-01 08:08:12', '2021-09-27 07:25:27', 2, NULL, 7, 'M:\\Projects\\PDP\\2021\\NWS\\DS-MEDIUM-4  HT-LCULCU-D24SM4-40FT-COE\\STAGE 3\\SG3-11 Electrical Test IL-RL', '2021-12-16 07:47:20', 9, NULL),
(637, 88, 79, '2021-09-27 07:25:27', '2021-10-05 00:00:00', '2021-10-01 09:42:06', '2021-09-27 07:25:27', -1, 'No se requiere prueba', 7, NULL, NULL, NULL, NULL),
(638, 88, 80, '2021-09-27 07:25:27', '2021-10-05 00:00:00', '2021-10-01 09:44:41', '2021-09-27 07:25:27', -1, 'No se requiere prueba', 7, NULL, NULL, NULL, NULL),
(639, 88, 81, '2021-09-27 07:25:27', '2021-10-05 00:00:00', '2021-10-01 09:40:30', '2021-09-27 07:25:27', -1, 'No se requiere prueba ', 7, NULL, NULL, NULL, NULL),
(640, 88, 82, '2021-09-27 07:25:27', '2021-10-05 00:00:00', '2021-12-01 09:10:59', '2021-09-27 07:25:27', 2, 'Correciones no actualizadas', 7, 'M:\\Projects\\PDP\\2021\\NWS\\DS-MEDIUM-4  HT-LCULCU-D24SM4-40FT-COE\\STAGE 3\\SG3-15 Assembly Work Instructions\\AWI', '2021-12-02 07:54:21', 9, NULL),
(641, 88, 83, '2021-09-27 07:25:27', '2021-10-05 00:00:00', '2021-11-04 16:53:54', '2021-09-27 07:25:27', -1, 'no se requiere', 7, NULL, NULL, NULL, NULL),
(642, 88, 84, '2021-09-27 07:25:27', '2021-10-05 00:00:00', '2022-07-26 11:20:41', '2021-09-27 07:25:27', -1, 'We dont have answer from NWS', 6, NULL, NULL, NULL, NULL),
(659, 88, 101, '2021-09-27 07:25:27', '2021-10-05 00:00:00', '2021-11-03 16:43:44', '2021-09-27 07:25:27', 1, NULL, 9, 'M:\\Projects\\PDP\\2021\\NWS\\DS-MEDIUM-4  HT-LCULCU-D24SM4-40FT-COE\\STAGE 1\\SG1-12 Develop Risk assessment', NULL, NULL, NULL),
(660, 88, 102, '2021-09-27 07:25:27', '2021-10-05 00:00:00', '2021-10-06 09:48:06', '2021-09-27 07:25:27', 1, NULL, 9, 'M:\\Projects\\PDP\\2021\\NWS\\DS-MEDIUM-4  HT-LCULCU-D24SM4-40FT-COE\\STAGE 2\\SG2-02 Prototype inspection report', NULL, NULL, NULL),
(661, 88, 103, '2021-09-27 07:25:27', '2021-10-05 00:00:00', '2021-12-10 15:48:52', '2021-09-27 07:25:27', -1, 'se realizo FAR en etapa 3', 7, NULL, NULL, NULL, NULL),
(662, 88, 104, '2021-09-27 07:25:27', '2021-10-05 00:00:00', '2021-11-03 16:45:24', '2021-09-27 07:25:27', 1, NULL, 9, 'M:\\Projects\\PDP\\2021\\NWS\\DS-MEDIUM-4  HT-LCULCU-D24SM4-40FT-COE\\STAGE 3\\SG3-03 Prototype-FA', NULL, NULL, NULL),
(663, 94, 1, '2021-10-28 15:40:52', '2021-10-28 00:00:00', '2021-11-02 11:23:24', '2021-10-28 15:40:52', 1, NULL, 6, 'M:\\Projects\\PDP\\2021\\NWS\\DS-MEDIUM-5 ODC\\STAGE 1\\SG1-08 Statement of work', NULL, NULL, NULL),
(664, 94, 2, '2021-10-28 15:40:52', '2021-10-28 00:00:00', '2021-11-03 17:00:13', '2021-10-28 15:40:52', -1, 'Not received', 6, NULL, NULL, NULL, NULL),
(665, 94, 3, '2021-10-28 15:40:52', '2021-10-28 00:00:00', '2021-12-03 14:25:28', '2021-10-28 15:40:52', 1, 'N/A', 6, 'M:\\Projects\\PDP\\2021\\NWS\\DS-MEDIUM-5 ODC\\STAGE 1\\SG1-08 Statement of work\\Technical Requirements', NULL, NULL, NULL),
(666, 94, 4, '2021-10-28 15:40:52', '2021-10-28 00:00:00', NULL, '2021-10-28 15:40:52', 0, NULL, NULL, NULL, NULL, NULL, NULL),
(667, 94, 6, '2021-10-28 15:40:52', '2021-10-28 00:00:00', '2021-11-02 11:23:55', '2021-10-28 15:40:52', 1, NULL, 6, 'M:\\Projects\\PDP\\2021\\NWS\\DS-MEDIUM-5 ODC\\STAGE 1\\SG1-07 NAI Work order', NULL, NULL, NULL),
(668, 94, 7, '2021-10-28 15:40:52', '2021-10-28 00:00:00', '2021-11-02 11:42:31', '2021-10-28 15:40:52', 2, NULL, 6, 'M:\\Projects\\PDP\\2021\\NWS\\DS-MEDIUM-5 ODC\\STAGE 1\\SG1-06 NAI BOM', '2021-11-04 08:56:35', 9, NULL),
(669, 94, 8, '2021-10-28 15:40:52', '2021-10-28 00:00:00', '2021-11-02 11:27:59', '2021-10-28 15:40:52', 1, NULL, 6, 'M:\\Projects\\PDP\\2021\\NWS\\DS-MEDIUM-5 ODC\\STAGE 1\\SG1-07 NAI Work order', NULL, NULL, NULL),
(670, 94, 12, '2021-10-28 15:40:52', '2021-10-28 00:00:00', '2021-11-02 11:29:04', '2021-10-28 15:40:52', 1, NULL, 6, 'M:\\Projects\\PDP\\2021\\NWS\\DS-MEDIUM-5 ODC\\STAGE 1\\SG1-09 Project ship date', NULL, NULL, NULL),
(671, 94, 13, '2021-10-28 15:40:52', '2021-10-28 00:00:00', '2021-11-02 11:46:25', '2021-10-28 15:40:52', 1, NULL, 6, 'M:\\Projects\\PDP\\2021\\NWS\\DS-MEDIUM-5 ODC\\STAGE 1\\SG1-11 INFO from COE LOG', NULL, NULL, NULL),
(672, 94, 15, '2021-10-28 15:40:52', '2021-10-28 00:00:00', '2021-11-02 15:14:42', '2021-10-28 15:40:52', 1, NULL, 6, 'M:\\Projects\\PDP\\2021\\NWS\\DS-MEDIUM-5 ODC\\STAGE 1\\SG1-01 Raw material status report', NULL, NULL, NULL),
(673, 94, 16, '2021-10-28 15:40:52', '2021-10-28 00:00:00', '2021-11-02 11:25:56', '2021-10-28 15:40:52', -1, 'N/A', 6, NULL, NULL, NULL, NULL),
(674, 94, 17, '2021-10-28 15:40:52', '2021-10-28 00:00:00', '2021-11-02 11:25:38', '2021-10-28 15:40:52', -1, 'N/A', 6, NULL, NULL, NULL, NULL),
(675, 94, 18, '2021-10-28 15:40:52', '2021-10-28 00:00:00', '2021-11-02 14:32:47', '2021-10-28 15:40:52', 1, NULL, 6, 'M:\\Projects\\PDP\\2021\\NWS\\DS-MEDIUM-5 ODC\\STAGE 1\\SG1-04 Price calculation for prototype-FA sample service', NULL, NULL, NULL),
(676, 94, 19, '2021-10-28 15:40:52', '2021-10-28 00:00:00', '2021-11-02 14:33:08', '2021-10-28 15:40:52', 1, NULL, 6, 'M:\\Projects\\PDP\\2021\\NWS\\DS-MEDIUM-5 ODC\\STAGE 1\\SG1-05 Formal quote for prototype-FA sample service', NULL, NULL, NULL),
(677, 94, 20, '2021-10-28 15:40:52', '2021-10-28 00:00:00', '2022-03-23 14:53:23', '2021-10-28 15:40:52', 1, NULL, 3, 'M:\\Projects\\PDP\\2021\\NWS\\DS-MEDIUM-5 ODC\\STAGE 1\\SG1-14 Design proposal for customer approval', NULL, NULL, NULL),
(678, 94, 21, '2021-10-28 15:40:52', '2021-10-28 00:00:00', '2021-11-02 11:24:34', '2021-10-28 15:40:52', 1, NULL, 6, 'M:\\Projects\\PDP\\2021\\NWS\\DS-MEDIUM-5 ODC\\STAGE 1\\SG1-09 Project ship date', NULL, NULL, NULL),
(679, 94, 22, '2021-10-28 15:40:52', '2021-10-28 00:00:00', '2021-11-02 11:25:21', '2021-10-28 15:40:52', 1, NULL, 6, 'M:\\Projects\\PDP\\2021\\NWS\\DS-MEDIUM-5 ODC\\STAGE 1\\SG1-10 Tracking # for prototype-FA	', NULL, NULL, NULL),
(680, 94, 23, '2021-10-28 15:40:52', '2021-10-28 00:00:00', '2022-03-23 14:49:45', '2021-10-28 15:40:52', 1, NULL, 3, 'M:\\Projects\\PDP\\2021\\NWS\\DS-MEDIUM-5 ODC\\STAGE 1\\SG1-08 Statement of work\\Technical Requirements', NULL, NULL, NULL),
(681, 94, 24, '2021-10-28 15:40:52', '2021-10-28 00:00:00', NULL, '2021-10-28 15:40:52', 0, NULL, NULL, NULL, NULL, NULL, NULL),
(682, 94, 25, '2021-10-28 15:40:52', '2021-10-28 00:00:00', NULL, '2021-10-28 15:40:52', 0, NULL, NULL, NULL, NULL, NULL, NULL),
(683, 94, 26, '2021-10-28 15:40:52', '2021-10-28 00:00:00', '2021-11-03 17:00:27', '2021-10-28 15:40:52', -1, 'Not received', 6, NULL, NULL, NULL, NULL),
(684, 94, 27, '2021-10-28 15:40:52', '2021-10-28 00:00:00', '2021-11-04 07:12:22', '2021-10-28 15:40:52', 1, NULL, 6, 'M:\\Projects\\PDP\\2021\\NWS\\DS-MEDIUM-5 ODC\\STAGE 1\\SG1-07 NAI Work order', NULL, NULL, NULL),
(685, 94, 28, '2021-10-28 15:40:52', '2021-10-28 00:00:00', NULL, '2021-10-28 15:40:52', 0, NULL, NULL, NULL, NULL, NULL, NULL),
(686, 94, 29, '2021-10-28 15:40:52', '2021-10-28 00:00:00', '2022-03-23 15:05:27', '2021-10-28 15:40:52', -1, 'No third party material', 3, NULL, NULL, NULL, NULL),
(687, 94, 30, '2021-10-28 15:40:52', '2021-10-28 00:00:00', '2022-03-24 16:27:21', '2021-10-28 15:40:52', 1, NULL, 3, 'M:\\Projects\\PDP\\2021\\NWS\\DS-MEDIUM-5 ODC\\STAGE 2\\SG2-20 Tooling required', NULL, NULL, NULL),
(691, 94, 34, '2021-10-28 15:40:52', '2021-10-28 00:00:00', NULL, '2021-10-28 15:40:52', 0, NULL, NULL, NULL, NULL, NULL, NULL),
(692, 94, 35, '2021-10-28 15:40:52', '2021-10-28 00:00:00', '2022-03-23 15:04:50', '2021-10-28 15:40:52', 1, NULL, 3, 'M:\\Projects\\PDP\\2021\\NWS\\DS-MEDIUM-5 ODC\\STAGE 1\\SG1-08 Statement of work\\Technical Requirements', NULL, NULL, NULL),
(693, 94, 36, '2021-10-28 15:40:52', '2021-10-28 00:00:00', '2021-12-20 14:12:07', '2021-10-28 15:40:52', 1, 'stadard IEC 60529 for IP requirements and GR-326 in general', 9, 'M:\\Projects\\PDP\\INDUSTRIAL STANDARDS', NULL, NULL, NULL),
(694, 94, 37, '2021-10-28 15:40:52', '2021-10-28 00:00:00', NULL, '2021-10-28 15:40:52', 0, NULL, NULL, NULL, NULL, NULL, NULL),
(695, 94, 38, '2021-10-28 15:40:52', '2021-10-28 00:00:00', NULL, '2021-10-28 15:40:52', 0, NULL, NULL, NULL, NULL, NULL, NULL),
(696, 94, 39, '2021-10-28 15:40:52', '2021-10-28 00:00:00', '2021-11-04 16:36:45', '2021-10-28 15:40:52', -1, 'N/A', 2, 'M:\\Projects\\PDP\\2021\\NWS\\DS-MEDIUM-5 ODC\\STAGE 3\\SG3-23 Physical Prototype', NULL, NULL, NULL),
(697, 94, 40, '2021-10-28 15:40:52', '2021-10-28 00:00:00', NULL, '2021-10-28 15:40:52', 0, 'N/A', NULL, '', NULL, NULL, NULL),
(698, 94, 41, '2021-10-28 15:40:52', '2021-10-28 00:00:00', '2021-11-04 07:31:27', '2021-10-28 15:40:52', 1, NULL, 2, 'M:\\Projects\\PDP\\2021\\NWS\\DS-MEDIUM-5 ODC\\STAGE 3\\SG3-21 Process Evidency', NULL, NULL, NULL),
(699, 94, 42, '2021-10-28 15:40:52', '2021-10-28 00:00:00', '2022-03-23 15:03:43', '2021-10-28 15:40:52', -1, 'There is no third party or external testing', 3, NULL, NULL, NULL, NULL),
(700, 94, 43, '2021-10-28 15:40:52', '2021-10-28 00:00:00', '2021-11-04 07:25:43', '2021-10-28 15:40:52', 1, NULL, 2, 'M:\\Projects\\PDP\\2021\\NWS\\DS-MEDIUM-5 ODC\\STAGE 3\\SG3-22 Preliminary Work Instruction', NULL, NULL, NULL),
(702, 94, 45, '2021-10-28 15:40:52', '2021-10-28 00:00:00', '2021-11-04 07:12:57', '2021-10-28 15:40:52', -1, 'Material Comun', 2, '', NULL, NULL, NULL),
(703, 94, 46, '2021-10-28 15:40:52', '2021-10-28 00:00:00', '2022-03-24 16:27:45', '2021-10-28 15:40:52', -1, 'No ECN generated', 3, NULL, NULL, NULL, NULL),
(704, 94, 47, '2021-10-28 15:40:52', '2021-10-28 00:00:00', '2021-11-03 16:32:50', '2021-10-28 15:40:52', -1, 'In this project were not considerer prototype samples only final samples.', 9, '', NULL, NULL, NULL),
(705, 94, 48, '2021-10-28 15:40:52', '2021-10-28 00:00:00', '2022-03-23 14:51:04', '2021-10-28 15:40:52', -1, 'No wire list for this project', 3, '', NULL, NULL, NULL),
(706, 94, 49, '2021-10-28 15:40:52', '2021-10-28 00:00:00', '2022-03-23 17:40:36', '2021-10-28 15:40:52', -1, 'Not Required', 3, NULL, NULL, NULL, NULL),
(707, 94, 50, '2021-10-28 15:40:52', '2021-10-28 00:00:00', NULL, '2021-10-28 15:40:52', 0, NULL, NULL, NULL, NULL, NULL, NULL),
(708, 94, 51, '2021-10-28 15:40:52', '2021-10-28 00:00:00', NULL, '2021-10-28 15:40:52', 0, 'N/A', NULL, '', NULL, NULL, NULL),
(709, 94, 52, '2021-10-28 15:40:52', '2021-10-28 00:00:00', '2022-02-02 08:19:52', '2021-10-28 15:40:52', -1, 'Not Critical to Function identified', 3, '', NULL, NULL, NULL),
(710, 94, 53, '2021-10-28 15:40:52', '2021-10-28 00:00:00', NULL, '2021-10-28 15:40:52', 0, 'N/A', NULL, '', NULL, NULL, NULL),
(711, 94, 54, '2021-10-28 15:40:52', '2021-10-28 00:00:00', NULL, '2021-10-28 15:40:52', 0, 'N/A', NULL, '', NULL, NULL, NULL),
(712, 94, 55, '2021-10-28 15:40:52', '2021-10-28 00:00:00', '2021-11-05 11:40:00', '2021-10-28 15:40:52', 1, NULL, 9, 'M:\\Projects\\PDP\\2021\\NWS\\DS-MEDIUM-5 ODC\\STAGE 2\\SG2-03 Process compliance evidence', NULL, NULL, NULL),
(713, 94, 56, '2021-10-28 15:40:52', '2021-10-28 00:00:00', '2021-12-17 11:11:51', '2021-10-28 15:40:52', -1, 'it was not required Incoming inspection', 9, '', NULL, NULL, NULL),
(714, 94, 57, '2021-10-28 15:40:52', '2021-10-28 00:00:00', '2022-03-24 16:12:00', '2021-10-28 15:40:52', 1, 'N/A', 3, 'M:\\Projects\\PDP\\2021\\NWS\\DS-MEDIUM-5 ODC\\STAGE 2\\SG2-05 Design documents Drawings', NULL, NULL, NULL),
(715, 94, 58, '2021-10-28 15:40:52', '2021-10-28 00:00:00', '2021-12-07 09:47:15', '2021-10-28 15:40:52', 1, 'N/A', 3, 'C:\\Users\\fnorzagaray\\Desktop\\CUSTOMER\\NWS\\ODC Fiber Optic Jumpers\\PRINTS', NULL, NULL, NULL),
(716, 94, 59, '2021-10-28 15:40:52', '2021-10-28 00:00:00', NULL, '2021-10-28 15:40:52', 0, 'N/A', NULL, '', NULL, NULL, NULL),
(717, 94, 60, '2021-10-28 15:40:52', '2021-10-28 00:00:00', NULL, '2021-10-28 15:40:52', 0, NULL, NULL, NULL, NULL, NULL, NULL),
(718, 94, 61, '2021-10-28 15:40:52', '2021-10-28 00:00:00', NULL, '2021-10-28 15:40:52', 0, 'N/A', NULL, '', NULL, NULL, NULL),
(719, 94, 62, '2021-10-28 15:40:52', '2021-10-28 00:00:00', '2021-11-05 13:38:45', '2021-10-28 15:40:52', -1, '', 2, '', NULL, NULL, NULL),
(720, 94, 63, '2021-10-28 15:40:52', '2021-10-28 00:00:00', '2021-11-18 15:07:54', '2021-10-28 15:40:52', 1, NULL, 2, 'M:\\Projects\\PDP\\2021\\NWS\\DS-MEDIUM-5 ODC\\STAGE 3\\SG3-22 Preliminary Work Instruction', NULL, NULL, NULL),
(721, 94, 64, '2021-10-28 15:40:52', '2021-10-28 00:00:00', NULL, '2021-10-28 15:40:52', 0, 'N/A', NULL, '', NULL, NULL, NULL),
(723, 94, 66, '2021-10-28 15:40:52', '2021-10-28 00:00:00', '2021-11-16 10:44:36', '2021-10-28 15:40:52', 1, '', 2, 'M:\\Projects\\PDP\\2021\\NWS\\DS-MEDIUM-5 ODC\\STAGE 3\\SG3-04 First Article Report - FAR', NULL, NULL, NULL),
(724, 94, 67, '2021-10-28 15:40:52', '2021-10-28 00:00:00', NULL, '2021-10-28 15:40:52', 0, 'N/A', NULL, '', NULL, NULL, NULL),
(725, 94, 68, '2021-10-28 15:40:52', '2021-10-28 00:00:00', '2021-11-16 07:33:59', '2021-10-28 15:40:52', 2, 'Informacion incomplete en current control deteccion y RPN en los renglones 134 - 136', 2, 'M:\\Projects\\PDP\\2021\\NWS\\DS-MEDIUM-5 ODC\\STAGE 3\\SG3-24 PFMEA', '2021-11-18 14:48:48', 9, NULL),
(726, 94, 69, '2021-10-28 15:40:52', '2021-10-28 00:00:00', '2021-11-04 07:29:13', '2021-10-28 15:40:52', 1, NULL, 2, 'M:\\Projects\\PDP\\2021\\NWS\\DS-MEDIUM-5 ODC\\STAGE 3\\SG3-02 BOM', NULL, NULL, NULL),
(727, 94, 70, '2021-10-28 15:40:52', '2021-10-28 00:00:00', '2021-11-18 07:15:56', '2021-10-28 15:40:52', 1, NULL, 2, 'M:\\Projects\\PDP\\2021\\NWS\\DS-MEDIUM-5 ODC\\STAGE 3\\SG3-Product Samples', NULL, NULL, NULL),
(728, 94, 71, '2021-10-28 15:40:52', '2021-10-28 00:00:00', '2021-11-04 07:26:53', '2021-10-28 15:40:52', 2, NULL, 2, 'M:\\Projects\\PDP\\2021\\NWS\\DS-MEDIUM-5 ODC\\STAGE 3\\SG3-04 First Article Report - FAR', '2021-11-04 08:58:04', 9, NULL),
(729, 94, 72, '2021-10-28 15:40:52', '2021-10-28 00:00:00', '2021-11-04 07:14:40', '2021-10-28 15:40:52', -1, 'N/A', 2, NULL, NULL, NULL, NULL),
(730, 94, 73, '2021-10-28 15:40:52', '2021-10-28 00:00:00', '2021-11-04 07:13:18', '2021-10-28 15:40:52', -1, 'N/A', 2, NULL, NULL, NULL, NULL),
(731, 94, 74, '2021-10-28 15:40:52', '2021-10-28 00:00:00', '2021-11-04 07:14:18', '2021-10-28 15:40:52', -1, 'N/A', 2, NULL, NULL, NULL, NULL),
(732, 94, 75, '2021-10-28 15:40:52', '2021-10-28 00:00:00', '2021-11-04 07:28:41', '2021-10-28 15:40:52', -1, 'N/A\n', 2, NULL, NULL, NULL, NULL),
(733, 94, 76, '2021-10-28 15:40:52', '2021-10-28 00:00:00', '2021-11-04 07:14:05', '2021-10-28 15:40:52', -1, 'N/A', 2, NULL, NULL, NULL, NULL),
(734, 94, 77, '2021-10-28 15:40:52', '2021-10-28 00:00:00', '2021-11-04 07:15:00', '2021-10-28 15:40:52', -1, 'N/A', 2, NULL, NULL, NULL, NULL),
(735, 94, 78, '2021-10-28 15:40:52', '2021-10-28 00:00:00', '2021-11-04 07:27:20', '2021-10-28 15:40:52', 2, NULL, 2, 'M:\\Projects\\PDP\\2021\\NWS\\DS-MEDIUM-5 ODC\\STAGE 3\\SG3-11 Electrical Test IL-RL', '2021-12-17 11:48:28', 9, NULL),
(736, 94, 79, '2021-10-28 15:40:52', '2021-10-28 00:00:00', '2021-11-04 07:15:23', '2021-10-28 15:40:52', -1, 'N/A', 2, NULL, NULL, NULL, NULL),
(737, 94, 80, '2021-10-28 15:40:52', '2021-10-28 00:00:00', '2021-11-04 07:13:27', '2021-10-28 15:40:52', -1, 'N/A', 2, NULL, NULL, NULL, NULL),
(738, 94, 81, '2021-10-28 15:40:52', '2021-10-28 00:00:00', '2021-11-04 07:14:26', '2021-10-28 15:40:52', -1, 'N/A', 2, NULL, NULL, NULL, NULL),
(739, 94, 82, '2021-10-28 15:40:52', '2021-10-28 00:00:00', '2021-11-18 09:47:03', '2021-10-28 15:40:52', 2, 'Requiere correcciones de uso d emat especificar req d epull test connector ODC', 2, 'M:\\Projects\\PDP\\2021\\NWS\\DS-MEDIUM-5 ODC\\STAGE 3\\SG3-15 Assembly Work Instructions', '2021-11-18 16:43:57', 9, NULL),
(740, 94, 83, '2021-10-28 15:40:52', '2021-10-28 00:00:00', '2021-11-04 07:16:48', '2021-10-28 15:40:52', -1, 'N/A', 2, NULL, NULL, NULL, NULL),
(741, 94, 84, '2021-10-28 15:40:52', '2021-10-28 00:00:00', '2022-08-10 15:42:22', '2021-10-28 15:40:52', -1, 'N/A', 6, '', NULL, NULL, NULL),
(747, 94, 90, '2021-10-28 15:40:52', '2021-10-28 00:00:00', '2021-11-05 09:21:15', '2021-10-28 15:40:52', 1, NULL, 2, 'M:\\Projects\\PDP\\2021\\NWS\\DS-MEDIUM-5 ODC\\STAGE 3\\SG3-26 Tooling List', NULL, NULL, NULL),
(757, 94, 100, '2021-10-28 15:40:52', '2021-10-28 00:00:00', '2021-11-08 08:17:03', '2021-10-28 15:40:52', 1, NULL, 9, 'M:\\Projects\\PDP\\2021\\NWS\\DS-MEDIUM-5 ODC\\STAGE 3\\SG3-17 Process Control Plan', NULL, NULL, NULL),
(758, 94, 101, '2021-10-28 15:40:52', '2021-10-28 00:00:00', '2021-11-05 11:39:04', '2021-10-28 15:40:52', 1, NULL, 9, 'M:\\Projects\\PDP\\2021\\NWS\\DS-MEDIUM-5 ODC\\STAGE 1\\SG1-12 Develop Risk assessment', NULL, NULL, NULL),
(759, 94, 102, '2021-10-28 15:40:52', '2021-10-28 00:00:00', '2021-11-03 16:33:40', '2021-10-28 15:40:52', -1, 'This project not considerer prototype samples only final samples', 9, NULL, NULL, NULL, NULL),
(760, 94, 103, '2021-10-28 15:40:52', '2021-10-28 00:00:00', '2021-12-08 16:10:35', '2021-10-28 15:40:52', 1, 'N/A', 2, 'M:\\Projects\\PDP\\2021\\NWS\\DS-MEDIUM-5 ODC\\STAGE 3\\SG3-04 First Article Report - FAR', NULL, NULL, NULL),
(761, 94, 104, '2021-10-28 15:40:52', '2021-10-28 00:00:00', '2021-11-05 11:49:53', '2021-10-28 15:40:52', 1, NULL, 9, 'M:\\Projects\\PDP\\2021\\NWS\\DS-MEDIUM-5 ODC\\STAGE 3\\SG3-03 Prototype-FAIR', NULL, NULL, NULL),
(762, 91, 79, '2021-11-02 10:37:05', NULL, '2021-11-03 16:11:11', '2021-11-02 10:37:05', 1, 'N/A', 2, 'M:\\Projects\\PDP\\2021\\NWS\\Test teroson IP-X7', NULL, NULL, NULL),
(862, 88, 105, '2021-11-05 07:49:47', '2021-10-05 00:00:00', '2021-11-05 15:51:40', '2021-11-05 07:49:47', 2, NULL, 7, 'M:\\Projects\\PDP\\2021\\Corning-Ericcson\\NAI-5272A-10M-COE\\PDP\\STAGE 3\\SG3-16 Flow Chart', '2021-12-16 07:53:21', 9, NULL),
(863, 88, 106, '2021-11-05 07:49:47', '2021-10-05 00:00:00', '2021-11-18 16:53:41', '2021-11-05 07:49:47', 1, NULL, 7, 'M:\\Projects\\PDP\\2021\\NWS\\DS-MEDIUM-4  HT-LCULCU-D24SM4-40FT-COE\\STAGE 3\\SG3-02 BOM', NULL, NULL, NULL),
(864, 94, 105, '2021-11-05 07:50:20', '2021-10-28 00:00:00', '2021-11-05 09:25:18', '2021-11-05 07:50:20', 2, NULL, 2, 'M:\\Projects\\PDP\\2021\\NWS\\DS-MEDIUM-5 ODC\\STAGE 3\\SG3-16 Flow Chart', '2021-12-17 14:32:24', 9, NULL),
(865, 94, 106, '2021-11-05 07:50:20', '2021-10-28 00:00:00', '2021-11-05 09:24:57', '2021-11-05 07:50:20', 1, NULL, 2, 'M:\\Projects\\PDP\\2021\\NWS\\DS-MEDIUM-5 ODC\\STAGE 3\\SG3- Deviation Format', NULL, NULL, NULL),
(866, 56, 105, '2021-11-05 07:50:40', '2021-08-04 00:00:00', '2021-11-16 14:55:55', '2021-11-05 07:50:40', 2, NULL, 7, 'M:\\Projects\\PDP\\2019\\SMART WIRES\\P104890\\Project Book\\PROCESS FLOWCHART', '2021-12-17 11:52:39', 9, NULL),
(867, 56, 106, '2021-11-05 07:50:40', '2021-08-04 00:00:00', '2021-11-05 16:14:01', '2021-11-05 07:50:40', -1, 'no se realizaron desviaciones', 7, NULL, NULL, NULL, NULL),
(868, 77, 105, '2021-11-05 07:50:56', '2021-10-28 00:00:00', '2021-11-05 15:51:55', '2021-11-05 07:50:56', 2, NULL, 7, 'M:\\Projects\\PDP\\2021\\Corning-Ericcson\\NAI-5272A-10M-COE\\PDP\\STAGE 3\\SG3-16 Flow Chart', '2021-12-17 15:11:42', 9, NULL),
(869, 77, 106, '2021-11-05 07:50:56', '2021-10-28 00:00:00', '2021-11-18 16:51:22', '2021-11-05 07:50:56', 1, '', 7, '', NULL, NULL, NULL),
(870, 79, 105, '2021-11-05 07:51:49', NULL, '2022-01-11 12:40:53', '2021-11-05 07:51:49', 2, 'Validacion', 2, 'M:\\Projects\\PDP\\2022\\CSD\\Cabinet Rev D\\Procees Flow', '2022-01-18 16:50:17', 9, NULL),
(871, 79, 106, '2021-11-05 07:51:49', NULL, '2022-07-12 10:01:02', '2021-11-05 07:51:49', -1, 'N/A', 2, '', NULL, NULL, NULL),
(983, 95, 15, '2021-11-10 07:33:14', '2021-11-10 00:00:00', '2021-11-10 07:40:54', '2021-11-10 07:33:14', 1, NULL, 5, 'MATERIAL LIST SOFTWARE', NULL, NULL, NULL),
(984, 95, 16, '2021-11-10 07:33:14', '2021-11-10 00:00:00', '2021-11-10 07:40:03', '2021-11-10 07:33:14', 1, NULL, 5, 'MATERIALS ON HAND', NULL, NULL, NULL),
(985, 95, 21, '2021-11-10 07:33:14', '2021-11-10 00:00:00', '2021-11-10 17:04:08', '2021-11-10 07:33:14', 1, NULL, 5, 'ADDED SHIP DATE TO PROJECT', NULL, NULL, NULL),
(986, 95, 22, '2021-11-10 07:33:14', '2021-11-10 00:00:00', '2021-11-19 11:23:12', '2021-11-10 07:33:14', 1, NULL, 6, 'M:\\Projects\\PDP\\2021\\RFS\\DS-MEDIUM-6 75901632-COE\\PDP\\STAGE 1\\SG1-10 Tracking # for prototype-FA', NULL, NULL, NULL),
(987, 95, 39, '2021-11-10 07:36:57', '2021-11-10 00:00:00', '2021-11-11 15:46:14', '2021-11-10 07:36:57', 2, NULL, 2, 'M:\\Projects\\PDP\\2021\\RFS\\DS-MEDIUM-6 75901632-COE\\FOTOS\\11-11-2021', '2021-11-12 09:01:15', 9, NULL),
(989, 95, 78, '2021-11-10 07:36:57', '2021-11-10 00:00:00', '2021-11-11 15:19:07', '2021-11-10 07:36:57', -1, 'No funcional\n', 2, NULL, NULL, NULL, NULL),
(991, 75, 5, '2021-11-10 11:45:05', '2021-08-17 00:00:00', NULL, '2021-11-10 11:45:05', 0, NULL, NULL, NULL, NULL, NULL, NULL),
(992, 75, 36, '2021-11-10 11:45:05', '2021-08-17 00:00:00', NULL, '2021-11-10 11:45:05', 0, NULL, NULL, NULL, NULL, NULL, NULL),
(993, 75, 47, '2021-11-10 11:45:05', '2021-08-17 00:00:00', NULL, '2021-11-10 11:45:05', 0, NULL, NULL, NULL, NULL, NULL, NULL),
(994, 75, 105, '2021-11-10 11:45:05', '2021-08-17 00:00:00', NULL, '2021-11-10 11:45:05', 0, NULL, NULL, NULL, NULL, NULL, NULL),
(995, 75, 106, '2021-11-10 11:45:05', '2021-08-17 00:00:00', NULL, '2021-11-10 11:45:05', 0, NULL, NULL, NULL, NULL, NULL, NULL),
(997, 75, 90, '2021-11-10 11:45:05', '2021-08-17 00:00:00', NULL, '2021-11-10 11:45:05', 0, NULL, NULL, NULL, NULL, NULL, NULL),
(1588, 202, 15, '2021-11-16 16:35:07', '2100-10-09 00:00:00', '2021-11-23 08:29:35', '2021-11-16 16:35:07', 1, '', 6, 'M:\\Projects\\PDP\\2021\\Corning-Ericcson\\DS-HIGH-29 COC-5312A-XXM\\STAGE 1\\SG1-05 Raw material status report', NULL, NULL, NULL),
(1589, 202, 16, '2021-11-16 16:35:07', '2100-10-09 00:00:00', '2021-11-25 14:52:48', '2021-11-16 16:35:07', 1, '', 6, 'M:\\Projects\\PDP\\2021\\Corning-Ericcson\\DS-HIGH-29 COC-5312A-XXM\\STAGE 1\\SG1-06 Raw material purchase orders', NULL, NULL, NULL),
(1590, 202, 17, '2021-11-16 16:35:07', '2100-10-09 00:00:00', '2021-11-17 07:33:04', '2021-11-16 16:35:07', -1, 'ALL TERMINATION TOOLING IS AVAILABLE ODC/LC/MOLDING TESTING ETC', 5, '', NULL, NULL, NULL),
(1592, 202, 19, '2021-11-16 16:35:07', '2100-10-09 00:00:00', '2021-11-17 07:32:03', '2021-11-16 16:35:07', -1, 'PROJECT QUOTED AS CONFIGURATOR UNDER QO-04281-6', 5, 'M:\\Projects\\PDP\\2021\\Corning-Ericcson\\DS-HIGH-29 COC-5312A-XXM\\STAGE 1\\SG1-09 Formal quotation for COE Services', NULL, NULL, NULL),
(1594, 202, 21, '2021-11-16 16:35:07', '2100-10-09 00:00:00', NULL, '2021-11-16 16:35:07', 0, NULL, NULL, NULL, NULL, NULL, NULL),
(1596, 202, 101, '2021-11-16 16:35:07', '2100-10-09 00:00:00', '2022-03-16 09:21:10', '2021-11-16 16:35:07', 1, NULL, 9, 'M:\\Projects\\PDP\\2021\\Corning-Ericcson\\DS-HIGH-29 COC-5312A-XXM\\STAGE 1\\SG1-13 Risk Assesment 1', NULL, NULL, NULL),
(1601, 202, 27, '2021-11-16 16:35:07', '2100-10-09 00:00:00', '2021-11-25 14:45:34', '2021-11-16 16:35:07', 1, '', 6, 'M:\\Projects\\PDP\\2021\\Corning-Ericcson\\DS-HIGH-29 COC-5312A-XXM\\STAGE 2\\SG2-23 NAI Work order', NULL, NULL, NULL),
(1604, 202, 30, '2021-11-16 16:35:07', '2100-10-09 00:00:00', NULL, '2021-11-16 16:35:07', 0, NULL, NULL, NULL, NULL, NULL, NULL),
(1607, 202, 36, '2021-11-16 16:35:07', '2100-10-09 00:00:00', '2022-03-16 08:47:34', '2021-11-16 16:35:07', 1, 'GR-326 GR-3173', 9, 'M:\\Projects\\PDP\\INDUSTRIAL STANDARDS', NULL, NULL, NULL),
(1635, 202, 63, '2021-11-16 16:35:07', '2100-10-09 00:00:00', NULL, '2021-11-16 16:35:07', 0, 'Preliminary AWI finished Waiting for Quality revision', NULL, '', NULL, NULL, NULL),
(1650, 202, 78, '2021-11-16 16:35:07', '2100-10-09 00:00:00', '2022-01-14 11:05:03', '2021-11-16 16:35:07', 2, NULL, 7, 'M:\\Projects\\PDP\\2021\\Corning-Ericcson\\DS-HIGH-29 COC-5312A-XXM\\STAGE 3\\SG3-11 Optical Performance Test IL RL', '2022-01-18 16:53:58', 9, NULL),
(1654, 202, 82, '2021-11-16 16:35:07', '2100-10-09 00:00:00', '2022-01-14 11:03:13', '2021-11-16 16:35:07', 2, NULL, 7, 'M:\\Projects\\PDP\\2021\\Corning-Ericcson\\DS-HIGH-29 COC-5312A-XXM\\STAGE 3\\SG3-15 Final Assembly Work Instruction', '2022-01-19 08:17:45', 9, NULL),
(1656, 202, 84, '2021-11-16 16:35:07', '2100-10-09 00:00:00', NULL, '2021-11-16 16:35:07', 0, NULL, NULL, NULL, NULL, NULL, NULL),
(1658, 202, 104, '2021-11-16 16:35:07', '2100-10-09 00:00:00', NULL, '2021-11-16 16:35:07', 0, NULL, NULL, NULL, NULL, NULL, NULL),
(1667, 202, 105, '2021-11-16 16:35:11', '2100-10-09 00:00:00', '2021-11-18 15:32:52', '2021-11-16 16:35:11', 2, '', 7, 'M:\\Projects\\PDP\\2021\\Corning-Ericcson\\DS-HIGH-29 COC-5312A-XXM\\STAGE 3\\SG3-19 Flow Chart', '2021-12-17 11:32:12', 9, NULL),
(2034, 214, 7, '2021-11-17 07:52:10', '2021-11-25 00:00:00', '2021-12-01 07:20:22', '2021-11-17 07:52:10', -1, 'N/A', 6, '', '2021-11-25 09:20:32', 9, NULL),
(2042, 214, 19, '2021-11-17 07:52:10', '2021-11-25 00:00:00', '2021-11-24 11:35:28', '2021-11-17 07:52:10', -1, 'On Hold', 6, NULL, NULL, NULL, NULL),
(2043, 214, 20, '2021-11-17 07:52:10', '2021-11-25 00:00:00', '2021-11-24 11:13:51', '2021-11-17 07:52:10', 1, '', 3, 'M:\\Projects\\PDP\\2021\\PPC\\DS-MEDIUM-62  Broadband', NULL, NULL, NULL),
(2047, 214, 24, '2021-11-17 07:52:10', '2021-11-25 00:00:00', '2021-11-23 10:11:12', '2021-11-17 07:52:10', 1, 'Design completed in section of TARS in the PTF document format.', 3, 'M:\\Projects\\PDP\\2021\\PPC\\DS-MEDIUM-62  Broadband', NULL, NULL, NULL),
(2055, 214, 35, '2021-11-17 07:52:10', '2021-11-25 00:00:00', '2021-11-24 11:17:44', '2021-11-17 07:52:10', 1, 'Not Applicable', 3, '', NULL, NULL, NULL),
(2077, 214, 58, '2021-11-17 07:52:10', '2021-11-25 00:00:00', '2021-11-24 11:11:51', '2021-11-17 07:52:10', 1, '', 3, 'M:\\Projects\\PDP\\2021\\PPC\\DS-MEDIUM-62  Broadband\\Drawings', NULL, NULL, NULL),
(2120, 215, 1, '2021-11-17 16:36:47', '2021-11-16 00:00:00', NULL, '2021-11-17 16:36:47', 0, NULL, NULL, NULL, NULL, NULL, NULL),
(2121, 215, 2, '2021-11-17 16:36:47', '2021-11-16 00:00:00', NULL, '2021-11-17 16:36:47', 0, NULL, NULL, NULL, NULL, NULL, NULL),
(2122, 215, 3, '2021-11-17 16:36:47', '2021-11-16 00:00:00', NULL, '2021-11-17 16:36:47', 0, NULL, NULL, NULL, NULL, NULL, NULL),
(2123, 215, 4, '2021-11-17 16:36:47', '2021-11-16 00:00:00', NULL, '2021-11-17 16:36:47', 0, NULL, NULL, NULL, NULL, NULL, NULL),
(2124, 215, 6, '2021-11-17 16:36:47', '2021-11-16 00:00:00', NULL, '2021-11-17 16:36:47', 0, NULL, NULL, NULL, NULL, NULL, NULL),
(2125, 215, 7, '2021-11-17 16:36:47', '2021-11-16 00:00:00', NULL, '2021-11-17 16:36:47', 0, NULL, NULL, NULL, NULL, NULL, NULL),
(2126, 215, 8, '2021-11-17 16:36:47', '2021-11-16 00:00:00', NULL, '2021-11-17 16:36:47', 0, NULL, NULL, NULL, NULL, NULL, NULL),
(2127, 215, 12, '2021-11-17 16:36:47', '2021-11-16 00:00:00', NULL, '2021-11-17 16:36:47', 0, NULL, NULL, NULL, NULL, NULL, NULL),
(2128, 215, 13, '2021-11-17 16:36:47', '2021-11-16 00:00:00', NULL, '2021-11-17 16:36:47', 0, NULL, NULL, NULL, NULL, NULL, NULL),
(2129, 215, 15, '2021-11-17 16:36:47', '2021-11-16 00:00:00', NULL, '2021-11-17 16:36:47', 0, NULL, NULL, NULL, NULL, NULL, NULL),
(2130, 215, 16, '2021-11-17 16:36:47', '2021-11-16 00:00:00', NULL, '2021-11-17 16:36:47', 0, NULL, NULL, NULL, NULL, NULL, NULL),
(2131, 215, 17, '2021-11-17 16:36:47', '2021-11-16 00:00:00', NULL, '2021-11-17 16:36:47', 0, NULL, NULL, NULL, NULL, NULL, NULL),
(2132, 215, 18, '2021-11-17 16:36:47', '2021-11-16 00:00:00', NULL, '2021-11-17 16:36:47', 0, NULL, NULL, NULL, NULL, NULL, NULL),
(2133, 215, 19, '2021-11-17 16:36:47', '2021-11-16 00:00:00', NULL, '2021-11-17 16:36:47', 0, NULL, NULL, NULL, NULL, NULL, NULL),
(2134, 215, 20, '2021-11-17 16:36:47', '2021-11-16 00:00:00', NULL, '2021-11-17 16:36:47', 0, NULL, NULL, NULL, NULL, NULL, NULL),
(2135, 215, 21, '2021-11-17 16:36:47', '2021-11-16 00:00:00', NULL, '2021-11-17 16:36:47', 0, NULL, NULL, NULL, NULL, NULL, NULL),
(2136, 215, 22, '2021-11-17 16:36:47', '2021-11-16 00:00:00', NULL, '2021-11-17 16:36:47', 0, NULL, NULL, NULL, NULL, NULL, NULL),
(2137, 215, 23, '2021-11-17 16:36:47', '2021-11-16 00:00:00', NULL, '2021-11-17 16:36:47', 0, NULL, NULL, NULL, NULL, NULL, NULL),
(2138, 215, 24, '2021-11-17 16:36:47', '2021-11-16 00:00:00', NULL, '2021-11-17 16:36:47', 0, NULL, NULL, NULL, NULL, NULL, NULL),
(2139, 215, 25, '2021-11-17 16:36:47', '2021-11-16 00:00:00', NULL, '2021-11-17 16:36:47', 0, NULL, NULL, NULL, NULL, NULL, NULL),
(2140, 215, 26, '2021-11-17 16:36:47', '2021-11-16 00:00:00', NULL, '2021-11-17 16:36:47', 0, NULL, NULL, NULL, NULL, NULL, NULL),
(2141, 215, 27, '2021-11-17 16:36:47', '2021-11-16 00:00:00', NULL, '2021-11-17 16:36:47', 0, NULL, NULL, NULL, NULL, NULL, NULL),
(2142, 215, 28, '2021-11-17 16:36:47', '2021-11-16 00:00:00', NULL, '2021-11-17 16:36:47', 0, NULL, NULL, NULL, NULL, NULL, NULL),
(2143, 215, 29, '2021-11-17 16:36:47', '2021-11-16 00:00:00', NULL, '2021-11-17 16:36:47', 0, NULL, NULL, NULL, NULL, NULL, NULL),
(2144, 215, 30, '2021-11-17 16:36:47', '2021-11-16 00:00:00', NULL, '2021-11-17 16:36:47', 0, NULL, NULL, NULL, NULL, NULL, NULL),
(2145, 215, 34, '2021-11-17 16:36:47', '2021-11-16 00:00:00', NULL, '2021-11-17 16:36:47', 0, NULL, NULL, NULL, NULL, NULL, NULL),
(2146, 215, 35, '2021-11-17 16:36:47', '2021-11-16 00:00:00', NULL, '2021-11-17 16:36:47', 0, NULL, NULL, NULL, NULL, NULL, NULL),
(2147, 215, 36, '2021-11-17 16:36:47', '2021-11-16 00:00:00', NULL, '2021-11-17 16:36:47', 0, NULL, NULL, NULL, NULL, NULL, NULL),
(2148, 215, 37, '2021-11-17 16:36:47', '2021-11-16 00:00:00', NULL, '2021-11-17 16:36:47', 0, NULL, NULL, NULL, NULL, NULL, NULL),
(2149, 215, 38, '2021-11-17 16:36:47', '2021-11-16 00:00:00', NULL, '2021-11-17 16:36:47', 0, NULL, NULL, NULL, NULL, NULL, NULL),
(2150, 215, 39, '2021-11-17 16:36:47', '2021-11-16 00:00:00', NULL, '2021-11-17 16:36:47', 0, NULL, NULL, NULL, NULL, NULL, NULL),
(2151, 215, 40, '2021-11-17 16:36:47', '2021-11-16 00:00:00', NULL, '2021-11-17 16:36:47', 0, NULL, NULL, NULL, NULL, NULL, NULL),
(2152, 215, 41, '2021-11-17 16:36:47', '2021-11-16 00:00:00', NULL, '2021-11-17 16:36:47', 0, NULL, NULL, NULL, NULL, NULL, NULL),
(2153, 215, 42, '2021-11-17 16:36:47', '2021-11-16 00:00:00', NULL, '2021-11-17 16:36:47', 0, NULL, NULL, NULL, NULL, NULL, NULL),
(2154, 215, 43, '2021-11-17 16:36:47', '2021-11-16 00:00:00', NULL, '2021-11-17 16:36:47', 0, NULL, NULL, NULL, NULL, NULL, NULL),
(2155, 215, 45, '2021-11-17 16:36:47', '2021-11-16 00:00:00', NULL, '2021-11-17 16:36:47', 0, NULL, NULL, NULL, NULL, NULL, NULL),
(2156, 215, 46, '2021-11-17 16:36:47', '2021-11-16 00:00:00', NULL, '2021-11-17 16:36:47', 0, NULL, NULL, NULL, NULL, NULL, NULL),
(2157, 215, 47, '2021-11-17 16:36:47', '2021-11-16 00:00:00', NULL, '2021-11-17 16:36:47', 0, NULL, NULL, NULL, NULL, NULL, NULL),
(2158, 215, 48, '2021-11-17 16:36:47', '2021-11-16 00:00:00', NULL, '2021-11-17 16:36:47', 0, NULL, NULL, NULL, NULL, NULL, NULL),
(2159, 215, 49, '2021-11-17 16:36:47', '2021-11-16 00:00:00', NULL, '2021-11-17 16:36:47', 0, NULL, NULL, NULL, NULL, NULL, NULL),
(2160, 215, 50, '2021-11-17 16:36:47', '2021-11-16 00:00:00', NULL, '2021-11-17 16:36:47', 0, NULL, NULL, NULL, NULL, NULL, NULL),
(2161, 215, 51, '2021-11-17 16:36:47', '2021-11-16 00:00:00', NULL, '2021-11-17 16:36:47', 0, NULL, NULL, NULL, NULL, NULL, NULL),
(2162, 215, 52, '2021-11-17 16:36:47', '2021-11-16 00:00:00', NULL, '2021-11-17 16:36:47', 0, NULL, NULL, NULL, NULL, NULL, NULL),
(2163, 215, 53, '2021-11-17 16:36:47', '2021-11-16 00:00:00', NULL, '2021-11-17 16:36:47', 0, NULL, NULL, NULL, NULL, NULL, NULL),
(2164, 215, 54, '2021-11-17 16:36:47', '2021-11-16 00:00:00', NULL, '2021-11-17 16:36:47', 0, NULL, NULL, NULL, NULL, NULL, NULL),
(2165, 215, 55, '2021-11-17 16:36:47', '2021-11-16 00:00:00', NULL, '2021-11-17 16:36:47', 0, NULL, NULL, NULL, NULL, NULL, NULL),
(2166, 215, 56, '2021-11-17 16:36:47', '2021-11-16 00:00:00', NULL, '2021-11-17 16:36:47', 0, NULL, NULL, NULL, NULL, NULL, NULL),
(2167, 215, 57, '2021-11-17 16:36:47', '2021-11-16 00:00:00', NULL, '2021-11-17 16:36:47', 0, NULL, NULL, NULL, NULL, NULL, NULL),
(2168, 215, 58, '2021-11-17 16:36:47', '2021-11-16 00:00:00', NULL, '2021-11-17 16:36:47', 0, NULL, NULL, NULL, NULL, NULL, NULL),
(2169, 215, 59, '2021-11-17 16:36:47', '2021-11-16 00:00:00', NULL, '2021-11-17 16:36:47', 0, NULL, NULL, NULL, NULL, NULL, NULL),
(2170, 215, 60, '2021-11-17 16:36:47', '2021-11-16 00:00:00', NULL, '2021-11-17 16:36:47', 0, NULL, NULL, NULL, NULL, NULL, NULL),
(2171, 215, 61, '2021-11-17 16:36:47', '2021-11-16 00:00:00', NULL, '2021-11-17 16:36:47', 0, NULL, NULL, NULL, NULL, NULL, NULL),
(2172, 215, 62, '2021-11-17 16:36:47', '2021-11-16 00:00:00', NULL, '2021-11-17 16:36:47', 0, NULL, NULL, NULL, NULL, NULL, NULL),
(2173, 215, 63, '2021-11-17 16:36:47', '2021-11-16 00:00:00', NULL, '2021-11-17 16:36:47', 0, NULL, NULL, NULL, NULL, NULL, NULL),
(2174, 215, 64, '2021-11-17 16:36:47', '2021-11-16 00:00:00', NULL, '2021-11-17 16:36:47', 0, NULL, NULL, NULL, NULL, NULL, NULL),
(2176, 215, 66, '2021-11-17 16:36:47', '2021-11-16 00:00:00', NULL, '2021-11-17 16:36:47', 0, NULL, NULL, NULL, NULL, NULL, NULL),
(2177, 215, 67, '2021-11-17 16:36:47', '2021-11-16 00:00:00', NULL, '2021-11-17 16:36:47', 0, NULL, NULL, NULL, NULL, NULL, NULL),
(2178, 215, 68, '2021-11-17 16:36:47', '2021-11-16 00:00:00', NULL, '2021-11-17 16:36:47', 0, NULL, NULL, NULL, NULL, NULL, NULL),
(2179, 215, 69, '2021-11-17 16:36:47', '2021-11-16 00:00:00', NULL, '2021-11-17 16:36:47', 0, NULL, NULL, NULL, NULL, NULL, NULL),
(2180, 215, 70, '2021-11-17 16:36:47', '2021-11-16 00:00:00', NULL, '2021-11-17 16:36:47', 0, NULL, NULL, NULL, NULL, NULL, NULL),
(2181, 215, 71, '2021-11-17 16:36:47', '2021-11-16 00:00:00', NULL, '2021-11-17 16:36:47', 0, NULL, NULL, NULL, NULL, NULL, NULL),
(2182, 215, 72, '2021-11-17 16:36:47', '2021-11-16 00:00:00', NULL, '2021-11-17 16:36:47', 0, NULL, NULL, NULL, NULL, NULL, NULL),
(2183, 215, 73, '2021-11-17 16:36:47', '2021-11-16 00:00:00', NULL, '2021-11-17 16:36:47', 0, NULL, NULL, NULL, NULL, NULL, NULL),
(2184, 215, 74, '2021-11-17 16:36:47', '2021-11-16 00:00:00', NULL, '2021-11-17 16:36:47', 0, NULL, NULL, NULL, NULL, NULL, NULL),
(2185, 215, 75, '2021-11-17 16:36:47', '2021-11-16 00:00:00', NULL, '2021-11-17 16:36:47', 0, NULL, NULL, NULL, NULL, NULL, NULL),
(2186, 215, 76, '2021-11-17 16:36:47', '2021-11-16 00:00:00', NULL, '2021-11-17 16:36:47', 0, NULL, NULL, NULL, NULL, NULL, NULL),
(2187, 215, 77, '2021-11-17 16:36:47', '2021-11-16 00:00:00', NULL, '2021-11-17 16:36:47', 0, NULL, NULL, NULL, NULL, NULL, NULL),
(2188, 215, 78, '2021-11-17 16:36:47', '2021-11-16 00:00:00', NULL, '2021-11-17 16:36:47', 0, NULL, NULL, NULL, NULL, NULL, NULL),
(2189, 215, 79, '2021-11-17 16:36:47', '2021-11-16 00:00:00', NULL, '2021-11-17 16:36:47', 0, NULL, NULL, NULL, NULL, NULL, NULL),
(2190, 215, 80, '2021-11-17 16:36:47', '2021-11-16 00:00:00', NULL, '2021-11-17 16:36:47', 0, NULL, NULL, NULL, NULL, NULL, NULL),
(2191, 215, 81, '2021-11-17 16:36:47', '2021-11-16 00:00:00', NULL, '2021-11-17 16:36:47', 0, NULL, NULL, NULL, NULL, NULL, NULL),
(2192, 215, 82, '2021-11-17 16:36:47', '2021-11-16 00:00:00', NULL, '2021-11-17 16:36:47', 0, NULL, NULL, NULL, NULL, NULL, NULL),
(2193, 215, 83, '2021-11-17 16:36:47', '2021-11-16 00:00:00', NULL, '2021-11-17 16:36:47', 0, NULL, NULL, NULL, NULL, NULL, NULL),
(2194, 215, 84, '2021-11-17 16:36:47', '2021-11-16 00:00:00', NULL, '2021-11-17 16:36:47', 0, NULL, NULL, NULL, NULL, NULL, NULL),
(2195, 215, 86, '2021-11-17 16:36:47', '2021-11-16 00:00:00', NULL, '2021-11-17 16:36:47', 0, NULL, NULL, NULL, NULL, NULL, NULL),
(2196, 215, 89, '2021-11-17 16:36:47', '2021-11-16 00:00:00', NULL, '2021-11-17 16:36:47', 0, NULL, NULL, NULL, NULL, NULL, NULL),
(2197, 215, 90, '2021-11-17 16:36:47', '2021-11-16 00:00:00', NULL, '2021-11-17 16:36:47', 0, NULL, NULL, NULL, NULL, NULL, NULL),
(2198, 215, 94, '2021-11-17 16:36:47', '2021-11-16 00:00:00', NULL, '2021-11-17 16:36:47', 0, NULL, NULL, NULL, NULL, NULL, NULL),
(2199, 215, 96, '2021-11-17 16:36:47', '2021-11-16 00:00:00', NULL, '2021-11-17 16:36:47', 0, NULL, NULL, NULL, NULL, NULL, NULL),
(2200, 215, 97, '2021-11-17 16:36:47', '2021-11-16 00:00:00', NULL, '2021-11-17 16:36:47', 0, NULL, NULL, NULL, NULL, NULL, NULL),
(2201, 215, 98, '2021-11-17 16:36:47', '2021-11-16 00:00:00', NULL, '2021-11-17 16:36:47', 0, NULL, NULL, NULL, NULL, NULL, NULL),
(2202, 215, 99, '2021-11-17 16:36:47', '2021-11-16 00:00:00', NULL, '2021-11-17 16:36:47', 0, NULL, NULL, NULL, NULL, NULL, NULL),
(2203, 215, 100, '2021-11-17 16:36:47', '2021-11-16 00:00:00', NULL, '2021-11-17 16:36:47', 0, NULL, NULL, NULL, NULL, NULL, NULL),
(2204, 215, 101, '2021-11-17 16:36:47', '2021-11-16 00:00:00', NULL, '2021-11-17 16:36:47', 0, NULL, NULL, NULL, NULL, NULL, NULL),
(2205, 215, 102, '2021-11-17 16:36:47', '2021-11-16 00:00:00', NULL, '2021-11-17 16:36:47', 0, NULL, NULL, NULL, NULL, NULL, NULL),
(2206, 215, 103, '2021-11-17 16:36:47', '2021-11-16 00:00:00', NULL, '2021-11-17 16:36:47', 0, NULL, NULL, NULL, NULL, NULL, NULL),
(2207, 215, 104, '2021-11-17 16:36:47', '2021-11-16 00:00:00', NULL, '2021-11-17 16:36:47', 0, NULL, NULL, NULL, NULL, NULL, NULL),
(2208, 215, 105, '2021-11-17 16:36:47', '2021-11-16 00:00:00', NULL, '2021-11-17 16:36:47', 0, NULL, NULL, NULL, NULL, NULL, NULL),
(2209, 215, 106, '2021-11-17 16:36:47', '2021-11-16 00:00:00', NULL, '2021-11-17 16:36:47', 0, NULL, NULL, NULL, NULL, NULL, NULL),
(2300, 220, 1, '2021-11-23 10:00:28', '2021-12-08 00:00:00', '2021-11-23 10:07:23', '2021-11-23 10:00:28', 1, '', 6, 'M:\\Projects\\PDP\\2021\\NWS\\DS-MEDIUM-64 H2AOPC\\STAGE 1\\SG1-01 Customer request for COE services', NULL, NULL, NULL),
(2302, 220, 3, '2021-11-23 10:00:28', '2021-12-08 00:00:00', '2021-11-23 10:06:08', '2021-11-23 10:00:28', 1, '', 6, 'M:\\Projects\\PDP\\2021\\NWS\\DS-MEDIUM-64 H2AOPC\\STAGE 1\\SG1-02 Technical requirements for the project for assembly testing and or components', NULL, NULL, NULL),
(2309, 220, 15, '2021-11-23 10:00:28', '2021-12-08 00:00:00', '2021-12-03 09:14:43', '2021-11-23 10:00:28', 1, '', 6, 'M:\\Projects\\PDP\\2021\\NWS\\DS-MEDIUM-64 H2AOPC\\STAGE 1\\SG1-05 Raw material status report', NULL, NULL, NULL),
(2310, 220, 16, '2021-11-23 10:00:28', '2021-12-08 00:00:00', '2021-12-03 09:15:16', '2021-11-23 10:00:28', -1, 'N/A', 6, NULL, NULL, NULL, NULL),
(2311, 220, 17, '2021-11-23 10:00:28', '2021-12-08 00:00:00', '2022-03-27 14:49:41', '2021-11-23 10:00:28', -1, 'Not new tooling required', 3, NULL, NULL, NULL, NULL),
(2312, 220, 18, '2021-11-23 10:00:28', '2021-12-08 00:00:00', '2021-12-07 13:57:39', '2021-11-23 10:00:28', 1, '', 6, 'M:\\Projects\\PDP\\2021\\NWS\\DS-MEDIUM-64 H2AOPC\\STAGE 1\\SG1-08 Price calculation for COE service', NULL, NULL, NULL),
(2313, 220, 19, '2021-11-23 10:00:28', '2021-12-08 00:00:00', '2021-12-07 07:27:06', '2021-11-23 10:00:28', 1, '', 6, 'M:\\Projects\\PDP\\2021\\NWS\\DS-MEDIUM-64 H2AOPC\\STAGE 1\\SG1-09 Formal quotation for COE Services', NULL, NULL, NULL),
(2314, 220, 20, '2021-11-23 10:00:28', '2021-12-08 00:00:00', '2022-03-27 14:14:52', '2021-11-23 10:00:28', 1, NULL, 3, 'M:\\Projects\\PDP\\2021\\NWS\\DS-MEDIUM-64 H2AOPC\\STAGE 1\\SG1-10 Design proposal for customer approval', NULL, NULL, NULL),
(2315, 220, 21, '2021-11-23 10:00:28', '2021-12-08 00:00:00', '2021-12-09 15:43:22', '2021-11-23 10:00:28', 1, '', 6, 'M:\\Projects\\PDP\\2021\\NWS\\DS-MEDIUM-64 H2AOPC\\STAGE 1\\SG1-11 Project ship date', NULL, NULL, NULL),
(2316, 220, 22, '2021-11-23 10:00:28', '2021-12-08 00:00:00', '2021-12-15 14:59:32', '2021-11-23 10:00:28', 1, NULL, 6, 'M:\\Projects\\PDP\\2021\\NWS\\DS-MEDIUM-64 H2AOPC\\STAGE 1\\SG1-12 Tracking for prototype FA', NULL, NULL, NULL),
(2317, 220, 23, '2021-11-23 10:00:28', '2021-12-08 00:00:00', '2021-12-08 09:48:03', '2021-11-23 10:00:28', 1, NULL, 3, 'M:\\Projects\\PDP\\2021\\NWS\\DS-MEDIUM-64 H2AOPC\\STAGE 1\\SG1-14 Customer Requirements', NULL, NULL, NULL),
(2323, 220, 29, '2021-11-23 10:00:28', '2021-12-08 00:00:00', '2022-03-23 17:42:47', '2021-11-23 10:00:28', -1, 'There is not a third party material', 3, NULL, NULL, NULL, NULL),
(2324, 220, 30, '2021-11-23 10:00:28', '2021-12-08 00:00:00', '2022-03-27 14:52:37', '2021-11-23 10:00:28', -1, 'Not required new tooling', 3, NULL, NULL, NULL, NULL),
(2326, 220, 35, '2021-11-23 10:00:28', '2021-12-08 00:00:00', '2022-03-27 14:48:40', '2021-11-23 10:00:28', 1, NULL, 3, 'M:\\Projects\\PDP\\2021\\NWS\\DS-MEDIUM-64 H2AOPC\\STAGE 2\\SG2-04 Functional & testing requirements', NULL, NULL, NULL),
(2327, 220, 36, '2021-11-23 10:00:28', '2021-12-08 00:00:00', '2022-01-19 11:38:38', '2021-11-23 10:00:28', 1, 'GR-326 in general and  IEC 68-2-30 ', 9, 'M:\\Projects\\PDP\\INDUSTRIAL STANDARDS', NULL, NULL, NULL),
(2358, 220, 68, '2021-11-23 10:00:28', '2021-12-08 00:00:00', '2021-12-08 15:58:23', '2021-11-23 10:00:28', 2, '', 2, 'M:\\Projects\\PDP\\2021\\NWS\\DS-MEDIUM-64 H2AOPC\\STAGE 3\\SG3-01 PFMEA', '2021-12-17 11:07:42', 9, NULL),
(2359, 220, 69, '2021-11-23 10:00:28', '2021-12-08 00:00:00', '2022-03-27 14:44:29', '2021-11-23 10:00:28', 1, NULL, 3, 'M:\\Projects\\PDP\\2021\\NWS\\DS-MEDIUM-64 H2AOPC\\STAGE 3\\SG3-02 Final BOM', NULL, NULL, NULL),
(2360, 220, 70, '2021-11-23 10:00:28', '2021-12-08 00:00:00', '2021-12-10 14:18:15', '2021-11-23 10:00:28', 1, NULL, 2, 'M:\\Projects\\PDP\\2021\\NWS\\DS-MEDIUM-64 H2AOPC\\STAGE 3\\SG3-03 Product Samples', NULL, NULL, NULL),
(2361, 220, 71, '2021-11-23 10:00:28', '2021-12-08 00:00:00', '2021-12-10 11:48:06', '2021-11-23 10:00:28', -1, 'Repetida', 2, NULL, NULL, NULL, NULL),
(2364, 220, 74, '2021-11-23 10:00:28', '2021-12-08 00:00:00', '2021-12-10 10:42:36', '2021-11-23 10:00:28', -1, 'en inspeccion', 2, NULL, NULL, NULL, NULL),
(2368, 220, 78, '2021-11-23 10:00:28', '2021-12-08 00:00:00', '2021-12-08 15:56:05', '2021-11-23 10:00:28', 2, '', 2, 'M:\\Projects\\PDP\\2021\\NWS\\DS-MEDIUM-64 H2AOPC\\STAGE 3\\SG3-11 Optical Performance Test IL RL', '2021-12-17 10:49:42', 9, NULL),
(2372, 220, 82, '2021-11-23 10:00:28', '2021-12-08 00:00:00', '2021-12-10 14:14:21', '2021-11-23 10:00:28', 2, NULL, 2, 'M:\\Projects\\PDP\\2021\\NWS\\DS-MEDIUM-64 H2AOPC\\STAGE 3\\SG3-15 Final Assembly Work Instruction', '2021-12-17 11:10:10', 9, NULL),
(2374, 220, 84, '2021-11-23 10:00:28', '2021-12-08 00:00:00', '2021-12-20 09:58:44', '2021-11-23 10:00:28', -1, 'Pending customer approval', 6, '', NULL, NULL, NULL),
(2384, 220, 101, '2021-11-23 10:00:28', '2021-12-08 00:00:00', '2021-11-24 08:04:26', '2021-11-23 10:00:28', 1, '', 9, 'M:\\Projects\\PDP\\2021\\NWS\\DS-MEDIUM-64 H2AOPC\\STAGE 1\\SG1-13 Risk Assesment 1', NULL, NULL, NULL),
(2386, 220, 103, '2021-11-23 10:00:28', '2021-12-08 00:00:00', '2021-12-09 11:50:39', '2021-11-23 10:00:28', 1, '', 2, 'M:\\Projects\\PDP\\2021\\NWS\\DS-MEDIUM-64 H2AOPC\\STAGE 3\\SG3-04 First Article Report FAR', NULL, NULL, NULL),
(2387, 220, 104, '2021-11-23 10:00:28', '2021-12-08 00:00:00', '2021-12-09 08:01:22', '2021-11-23 10:00:28', 1, '', 9, 'M:\\Projects\\PDP\\2021\\NWS\\DS-MEDIUM-64 H2AOPC\\STAGE 3\\SG3-18 FAIR', NULL, NULL, NULL),
(2388, 220, 105, '2021-11-23 10:00:28', '2021-12-08 00:00:00', '2021-12-08 16:05:26', '2021-11-23 10:00:28', 2, '', 2, 'M:\\Projects\\PDP\\2021\\NWS\\DS-MEDIUM-64 H2AOPC\\STAGE 3\\SG3-19 Flow Chart', '2021-12-16 07:56:33', 9, NULL),
(2389, 220, 106, '2021-11-23 10:00:28', '2021-12-08 00:00:00', '2021-12-10 09:53:59', '2021-11-23 10:00:28', 1, NULL, 2, 'M:\\Projects\\PDP\\2021\\NWS\\DS-MEDIUM-64 H2AOPC\\STAGE 3\\SG3-20 Deviation Format', NULL, NULL, NULL);
INSERT INTO `actividades_proyecto` (`idActividades_proyecto`, `idProyecto`, `idActividad`, `fechaInicio`, `fechaRequerida`, `fechaEntrega`, `fechaCrea`, `completado`, `notas`, `entregadoPor`, `ubicacion`, `fechaAprobacion`, `aprobadoPor`, `respAct`) VALUES
(2390, 79, 5, '2021-11-24 15:50:13', NULL, '2021-12-01 07:23:59', '2021-11-24 15:50:13', 1, NULL, 6, 'M:\\Projects\\PDP\\2021\\CSD\\PDP Cabinet Rev C\\Loose Tube\\Stage 1\\SG1-11 I NFO from COE LOG', NULL, NULL, NULL),
(2391, 79, 69, '2021-11-24 15:50:13', NULL, '2023-01-24 16:05:39', '2021-11-24 15:50:13', 1, NULL, 7, 'M:\\Projects\\PDP\\2022\\CSD\\Cabinet Rev C Final', NULL, NULL, NULL),
(2395, 220, 128, '2021-12-09 08:05:36', '2021-12-08 00:00:00', '2021-12-21 09:05:07', '2021-12-09 08:05:36', 1, NULL, 9, 'M:\\Projects\\PDP\\2021\\NWS\\DS-MEDIUM-64 H2AOPC\\STAGE 3\\SG3-21 Risk Assesment 3', NULL, NULL, NULL),
(2396, 220, 132, '2021-12-09 08:05:36', '2021-12-08 00:00:00', '2021-12-10 09:54:38', '2021-12-09 08:05:36', 1, NULL, 2, 'M:\\Projects\\PDP\\2021\\NWS\\DS-MEDIUM-64 H2AOPC\\STAGE 3\\SG3-22 Process Compliance - MFG', NULL, NULL, NULL),
(2397, 220, 133, '2021-12-09 08:05:36', '2021-12-08 00:00:00', '2021-12-10 09:27:45', '2021-12-09 08:05:36', 1, NULL, 9, 'M:\\Projects\\PDP\\2021\\NWS\\DS-MEDIUM-64 H2AOPC\\STAGE 3\\SG3-23 Process Compliance - QA', NULL, NULL, NULL),
(2398, 220, 136, '2021-12-09 08:05:36', '2021-12-08 00:00:00', '2022-04-04 08:40:36', '2021-12-09 08:05:36', 2, NULL, 3, 'M:\\Projects\\PDP\\2021\\NWS\\DS-MEDIUM-64 H2AOPC\\STAGE 3\\SG3-24 PTF', '2022-04-28 10:03:16', 9, NULL),
(2399, 220, 107, '2021-12-09 10:14:57', '2021-12-08 00:00:00', '2021-12-09 15:44:42', '2021-12-09 10:14:57', 1, '', 6, 'M:\\Projects\\PDP\\2021\\NWS\\DS-MEDIUM-64 H2AOPC\\STAGE 1\\SG1-03 Statement of Work', NULL, NULL, NULL),
(2400, 220, 108, '2021-12-09 10:14:57', '2021-12-08 00:00:00', '2021-12-09 15:43:47', '2021-12-09 10:14:57', 1, NULL, 6, 'M:\\Projects\\PDP\\2021\\NWS\\DS-MEDIUM-64 H2AOPC\\STAGE 1\\SG1-04 Customer Desired Ship Date', NULL, NULL, NULL),
(2401, 220, 109, '2021-12-09 10:14:57', '2021-12-08 00:00:00', '2021-12-09 15:54:17', '2021-12-09 10:14:57', 1, NULL, 6, 'M:\\Projects\\PDP\\2021\\NWS\\DS-MEDIUM-64 H2AOPC\\STAGE 1\\SG1-14 Project categorycomplexity workload hour', NULL, NULL, NULL),
(2402, 220, 110, '2021-12-09 10:14:57', '2021-12-08 00:00:00', '2022-03-27 14:46:01', '2021-12-09 10:14:57', 1, NULL, 3, 'M:\\Projects\\PDP\\2021\\NWS\\DS-MEDIUM-64 H2AOPC\\STAGE 1\\SG1-15 Preliminary NAI BOM', NULL, NULL, NULL),
(2403, 220, 111, '2021-12-09 10:14:57', '2021-12-08 00:00:00', '2021-12-09 15:55:49', '2021-12-09 10:14:57', 1, NULL, 6, 'M:\\Projects\\PDP\\2021\\NWS\\DS-MEDIUM-64 H2AOPC\\STAGE 1\\SG1-16 COE Log status update', NULL, NULL, NULL),
(2404, 220, 112, '2021-12-09 10:14:57', '2021-12-08 00:00:00', '2022-04-04 08:28:30', '2021-12-09 10:14:57', 1, NULL, 3, 'M:\\Projects\\PDP\\2021\\NWS\\DS-MEDIUM-64 H2AOPC\\STAGE 2\\SG2-26 Preliminary Design PTF', NULL, NULL, NULL),
(2405, 220, 113, '2021-12-09 10:26:20', '2021-12-08 00:00:00', '2021-12-09 15:44:10', '2021-12-09 10:26:20', 1, NULL, 6, 'M:\\Projects\\PDP\\2021\\NWS\\DS-MEDIUM-64 H2AOPC\\STAGE 2\\SG2-06 Purchase order', NULL, NULL, NULL),
(2406, 220, 117, '2021-12-09 10:26:20', '2021-12-08 00:00:00', '2022-03-27 14:47:03', '2021-12-09 10:26:20', 1, NULL, 3, 'M:\\Projects\\PDP\\2021\\NWS\\DS-MEDIUM-64 H2AOPC\\STAGE 2\\SG2-34 Components Specifications', NULL, NULL, NULL),
(2407, 220, 118, '2021-12-09 10:26:20', '2021-12-08 00:00:00', '2022-04-04 07:32:54', '2021-12-09 10:26:20', -1, 'Technical requirements defined by customer', 3, NULL, NULL, NULL, NULL),
(2408, 220, 123, '2021-12-09 10:26:20', '2021-12-08 00:00:00', '2022-04-04 08:28:14', '2021-12-09 10:26:20', 1, NULL, 3, 'M:\\Projects\\PDP\\2021\\NWS\\DS-MEDIUM-64 H2AOPC\\STAGE 2\\SG2-26 Preliminary Design PTF', NULL, NULL, NULL),
(2409, 220, 127, '2021-12-09 10:26:20', '2021-12-08 00:00:00', '2021-12-21 09:04:40', '2021-12-09 10:26:20', 1, NULL, 9, 'M:\\Projects\\PDP\\2021\\NWS\\DS-MEDIUM-64 H2AOPC\\STAGE 2\\SG2-30 Risk Assesment 2', NULL, NULL, NULL),
(2410, 202, 1, '2021-12-09 10:37:02', '2100-10-09 00:00:00', '2021-12-10 08:01:05', '2021-12-09 10:37:02', 1, '', 6, 'M:\\Projects\\PDP\\2021\\Corning-Ericcson\\DS-HIGH-29 COC-5312A-XXM\\STAGE 1\\SG1-01 Customer request for COE services', NULL, NULL, NULL),
(2413, 202, 108, '2021-12-09 10:37:02', '2100-10-09 00:00:00', '2021-12-10 08:03:11', '2021-12-09 10:37:02', 1, NULL, 6, 'M:\\Projects\\PDP\\2021\\Corning-Ericcson\\DS-HIGH-29 COC-5312A-XXM\\STAGE 1\\SG1-04 Customer Desired Ship Date', NULL, NULL, NULL),
(2414, 202, 18, '2021-12-09 10:37:02', '2100-10-09 00:00:00', NULL, '2021-12-09 10:37:02', 0, NULL, NULL, NULL, NULL, NULL, NULL),
(2415, 202, 20, '2021-12-09 10:37:02', '2100-10-09 00:00:00', NULL, '2021-12-09 10:37:02', 0, NULL, NULL, NULL, NULL, NULL, NULL),
(2416, 202, 109, '2021-12-09 10:37:02', '2100-10-09 00:00:00', '2021-12-10 07:57:30', '2021-12-09 10:37:02', 1, NULL, 6, 'M:\\Projects\\PDP\\2021\\Corning-Ericcson\\DS-HIGH-29 COC-5312A-XXM\\STAGE 1\\SG1-14 Project categorycomplexity workload hour', NULL, NULL, NULL),
(2417, 202, 110, '2021-12-09 10:37:02', '2100-10-09 00:00:00', NULL, '2021-12-09 10:37:02', 0, NULL, NULL, NULL, NULL, NULL, NULL),
(2418, 202, 111, '2021-12-09 10:37:02', '2100-10-09 00:00:00', '2021-12-10 08:04:51', '2021-12-09 10:37:02', 1, NULL, 6, 'M:\\Projects\\PDP\\2021\\Corning-Ericcson\\DS-HIGH-29 COC-5312A-XXM\\STAGE 1\\SG1-16 COE Log status update', NULL, NULL, NULL),
(2419, 202, 112, '2021-12-09 10:37:02', '2100-10-09 00:00:00', NULL, '2021-12-09 10:37:02', 0, NULL, NULL, NULL, NULL, NULL, NULL),
(2420, 202, 23, '2021-12-09 10:37:02', '2100-10-09 00:00:00', NULL, '2021-12-09 10:37:02', 0, '', NULL, '', NULL, NULL, NULL),
(2422, 202, 113, '2021-12-09 10:37:02', '2100-10-09 00:00:00', '2021-12-10 07:58:03', '2021-12-09 10:37:02', 1, NULL, 6, 'M:\\Projects\\PDP\\2021\\Corning-Ericcson\\DS-HIGH-29 COC-5312A-XXM\\STAGE 2\\SG2-06 Purchase order', NULL, NULL, NULL),
(2423, 202, 46, '2021-12-09 10:37:02', '2100-10-09 00:00:00', NULL, '2021-12-09 10:37:02', 0, NULL, NULL, NULL, NULL, NULL, NULL),
(2424, 202, 52, '2021-12-09 10:37:02', '2100-10-09 00:00:00', '2022-02-02 08:20:13', '2021-12-09 10:37:02', -1, 'Not Critical to Function identified', 3, '', NULL, NULL, NULL),
(2425, 202, 125, '2021-12-09 10:37:02', '2100-10-09 00:00:00', NULL, '2021-12-09 10:37:02', 0, NULL, NULL, NULL, NULL, NULL, NULL),
(2426, 221, 1, '2021-12-10 10:47:31', '2021-12-30 00:00:00', '2021-12-10 11:36:05', '2021-12-10 10:47:31', 1, NULL, 6, 'M:\\Projects\\PDP\\2021\\NWS\\DS-MEDIUM-65 SAMSUNG RRU\\STAGE 1\\SG1-01 Customer request for COE services', NULL, NULL, NULL),
(2427, 221, 3, '2021-12-10 10:47:31', '2021-12-30 00:00:00', '2022-07-25 08:58:41', '2021-12-10 10:47:31', -1, 'N/A', 6, NULL, NULL, NULL, NULL),
(2428, 221, 15, '2021-12-10 10:47:31', '2021-12-30 00:00:00', '2021-12-10 11:33:59', '2021-12-10 10:47:31', 1, NULL, 6, 'M:\\Projects\\PDP\\2021\\NWS\\DS-MEDIUM-65 SAMSUNG RRU\\STAGE 1\\SG1-05 Raw material status report', NULL, NULL, NULL),
(2429, 221, 16, '2021-12-10 10:47:31', '2021-12-30 00:00:00', '2021-12-10 11:32:38', '2021-12-10 10:47:31', 1, 'N/A', 6, '', NULL, NULL, NULL),
(2430, 221, 17, '2021-12-10 10:47:31', '2021-12-30 00:00:00', '2022-04-04 11:26:30', '2021-12-10 10:47:31', -1, 'Not purchase special tooling', 3, NULL, NULL, NULL, NULL),
(2431, 221, 18, '2021-12-10 10:47:31', '2021-12-30 00:00:00', '2021-12-13 07:11:15', '2021-12-10 10:47:31', 1, NULL, 6, 'M:\\Projects\\PDP\\2021\\NWS\\DS-MEDIUM-65 SAMSUNG RRU\\STAGE 1\\SG1-08 Price calculation for COE service', NULL, NULL, NULL),
(2432, 221, 19, '2021-12-10 10:47:31', '2021-12-30 00:00:00', '2021-12-10 15:49:22', '2021-12-10 10:47:31', 1, NULL, 6, 'M:\\Projects\\PDP\\2021\\NWS\\DS-MEDIUM-65 SAMSUNG RRU\\STAGE 1\\SG1-09 Formal quotation for COE Services', NULL, NULL, NULL),
(2433, 221, 20, '2021-12-10 10:47:31', '2021-12-30 00:00:00', '2021-12-13 09:31:09', '2021-12-10 10:47:31', 1, NULL, 3, 'M:\\Projects\\PDP\\2021\\NWS\\DS-MEDIUM-65 SAMSUNG RRU\\STAGE 1\\SG1-10 Design proposal for customer approval', NULL, NULL, NULL),
(2434, 221, 21, '2021-12-10 10:47:31', '2021-12-30 00:00:00', '2022-01-06 10:33:51', '2021-12-10 10:47:31', 1, NULL, 6, 'M:\\Projects\\PDP\\2021\\NWS\\DS-MEDIUM-65 SAMSUNG RRU\\STAGE 1\\SG1-11 Project ship date', NULL, NULL, NULL),
(2435, 221, 22, '2021-12-10 10:47:31', '2021-12-30 00:00:00', '2022-01-06 10:34:08', '2021-12-10 10:47:31', 1, NULL, 6, 'M:\\Projects\\PDP\\2021\\NWS\\DS-MEDIUM-65 SAMSUNG RRU\\STAGE 1\\SG1-12 Tracking for prototype FA', NULL, NULL, NULL),
(2436, 221, 23, '2021-12-10 10:47:31', '2021-12-30 00:00:00', '2021-12-13 10:01:39', '2021-12-10 10:47:31', 1, NULL, 3, 'M:\\Projects\\PDP\\2021\\NWS\\DS-MEDIUM-65 SAMSUNG RRU\\STAGE 1\\SG1-02 Technical requirements for the project for assembly testing and or components', NULL, NULL, NULL),
(2437, 221, 29, '2021-12-10 10:47:31', '2021-12-30 00:00:00', '2022-03-27 14:58:24', '2021-12-10 10:47:31', -1, 'No third party materials', 3, NULL, NULL, NULL, NULL),
(2438, 221, 30, '2021-12-10 10:47:31', '2021-12-30 00:00:00', '2022-04-25 14:24:03', '2021-12-10 10:47:31', 1, NULL, 3, 'M:\\Projects\\PDP\\2021\\NWS\\DS-MEDIUM-65 SAMSUNG RRU\\STAGE 1\\SG1-07 List of Tooling and or Tooling Purchase Orders', NULL, NULL, NULL),
(2439, 221, 35, '2021-12-10 10:47:31', '2021-12-30 00:00:00', '2022-04-04 09:09:03', '2021-12-10 10:47:31', 1, NULL, 3, 'M:\\Projects\\PDP\\2021\\NWS\\DS-MEDIUM-65 SAMSUNG RRU\\STAGE 3\\SG3-25 Prints', NULL, NULL, NULL),
(2440, 221, 36, '2021-12-10 10:47:31', '2021-12-30 00:00:00', '2021-12-22 10:54:26', '2021-12-10 10:47:31', -1, '', 9, NULL, NULL, NULL, NULL),
(2441, 221, 39, '2021-12-10 10:47:31', '2021-12-30 00:00:00', '2021-12-13 09:44:17', '2021-12-10 10:47:31', -1, 'Sample', 2, NULL, NULL, NULL, NULL),
(2442, 221, 42, '2021-12-10 10:47:31', '2021-12-30 00:00:00', '2022-03-23 17:43:26', '2021-12-10 10:47:31', -1, 'No external testing for this project', 3, NULL, NULL, NULL, NULL),
(2449, 221, 68, '2021-12-10 10:47:31', '2021-12-30 00:00:00', '2021-12-16 17:07:05', '2021-12-10 10:47:31', 2, NULL, 2, 'M:\\Projects\\PDP\\2021\\NWS\\DS-MEDIUM-65 SAMSUNG RRU\\STAGE 3\\SG3-01 PFMEA', '2021-12-17 15:13:10', 9, NULL),
(2450, 221, 69, '2021-12-10 10:47:31', '2021-12-30 00:00:00', '2022-04-04 09:07:00', '2021-12-10 10:47:31', 1, NULL, 3, 'M:\\Projects\\PDP\\2021\\NWS\\DS-MEDIUM-65 SAMSUNG RRU\\STAGE 3\\SG3-02 Final BOM', NULL, NULL, NULL),
(2451, 221, 70, '2021-12-10 10:47:31', '2021-12-30 00:00:00', '2022-01-20 07:24:28', '2021-12-10 10:47:31', 1, NULL, 7, 'M:\\Projects\\PDP\\2021\\NWS\\DS-MEDIUM-65 SAMSUNG RRU\\STAGE 3\\SG3-03 Product Samples', NULL, NULL, NULL),
(2452, 221, 71, '2021-12-10 10:47:31', '2021-12-30 00:00:00', '2022-01-19 11:11:08', '2021-12-10 10:47:31', 1, NULL, 7, 'M:\\Projects\\PDP\\2021\\NWS\\DS-MEDIUM-65 SAMSUNG RRU\\STAGE 3\\SG3-04 First Article Report FAR', NULL, NULL, NULL),
(2459, 221, 78, '2021-12-10 10:47:31', '2021-12-30 00:00:00', '2021-12-20 11:30:43', '2021-12-10 10:47:31', 2, NULL, 2, 'M:\\Projects\\PDP\\2021\\NWS\\DS-MEDIUM-65 SAMSUNG RRU\\STAGE 3\\SG3-11 Optical Performance Test IL RL', '2021-12-20 13:41:58', 9, NULL),
(2463, 221, 82, '2021-12-10 10:47:31', '2021-12-30 00:00:00', '2022-01-14 11:06:48', '2021-12-10 10:47:31', 2, NULL, 7, 'M:\\Projects\\PDP\\2021\\NWS\\DS-MEDIUM-65 SAMSUNG RRU\\STAGE 3\\SG3-15 Final Assembly Work Instruction', '2022-01-18 14:55:03', 9, NULL),
(2465, 221, 84, '2021-12-10 10:47:31', '2021-12-30 00:00:00', '2022-04-05 07:24:30', '2021-12-10 10:47:31', 1, NULL, 6, 'M:\\Projects\\PDP\\2021\\NWS\\DS-MEDIUM-65 SAMSUNG RRU\\STAGE 3\\SG3-17 Customer Approval', NULL, NULL, NULL),
(2467, 221, 101, '2021-12-10 10:47:31', '2021-12-30 00:00:00', '2021-12-22 15:35:03', '2021-12-10 10:47:31', 1, NULL, 9, 'M:\\Projects\\PDP\\2021\\NWS\\DS-MEDIUM-65 SAMSUNG RRU\\STAGE 1\\SG1-13 Risk Assesment 1', NULL, NULL, NULL),
(2468, 221, 102, '2021-12-10 10:47:31', '2021-12-30 00:00:00', '2021-12-22 10:48:52', '2021-12-10 10:47:31', 1, NULL, 9, 'M:\\Projects\\PDP\\2021\\NWS\\DS-MEDIUM-65 SAMSUNG RRU\\STAGE 3\\SG3-18 FAIR', NULL, NULL, NULL),
(2469, 221, 103, '2021-12-10 10:47:31', '2021-12-30 00:00:00', '2021-12-20 11:32:40', '2021-12-10 10:47:31', -1, 'Sin prototipos', 2, NULL, NULL, NULL, NULL),
(2470, 221, 104, '2021-12-10 10:47:31', '2021-12-30 00:00:00', '2021-12-22 11:07:41', '2021-12-10 10:47:31', 1, NULL, 9, 'M:\\Projects\\PDP\\2021\\NWS\\DS-MEDIUM-65 SAMSUNG RRU\\STAGE 3\\SG3-18 FAIR', NULL, NULL, NULL),
(2471, 221, 105, '2021-12-10 10:47:31', '2021-12-30 00:00:00', '2021-12-14 18:20:04', '2021-12-10 10:47:31', 2, NULL, 2, 'M:\\Projects\\PDP\\2021\\NWS\\DS-MEDIUM-65 SAMSUNG RRU\\STAGE 3\\SG3-19 Flow Chart', '2021-12-17 15:14:29', 9, NULL),
(2472, 221, 106, '2021-12-10 10:47:31', '2021-12-30 00:00:00', '2021-12-16 15:10:11', '2021-12-10 10:47:31', 1, NULL, 2, 'M:\\Projects\\PDP\\2021\\NWS\\DS-MEDIUM-65 SAMSUNG RRU\\STAGE 3\\SG3-20 Deviation Format', NULL, NULL, NULL),
(2473, 221, 107, '2021-12-10 10:47:31', '2021-12-30 00:00:00', '2021-12-10 15:49:48', '2021-12-10 10:47:31', -1, 'Not received', 6, NULL, NULL, NULL, NULL),
(2474, 221, 108, '2021-12-10 10:47:31', '2021-12-30 00:00:00', '2021-12-10 15:50:34', '2021-12-10 10:47:31', 1, NULL, 6, 'M:\\Projects\\PDP\\2021\\NWS\\DS-MEDIUM-65 SAMSUNG RRU\\STAGE 1\\SG1-04 Customer Desired Ship Date', NULL, NULL, NULL),
(2475, 221, 109, '2021-12-10 10:47:31', '2021-12-30 00:00:00', '2021-12-10 11:35:41', '2021-12-10 10:47:31', 1, NULL, 6, 'M:\\Projects\\PDP\\2021\\NWS\\DS-MEDIUM-65 SAMSUNG RRU\\STAGE 1\\SG1-14 Project categorycomplexity workload hour', NULL, NULL, NULL),
(2476, 221, 110, '2021-12-10 10:47:31', '2021-12-30 00:00:00', '2021-12-14 10:09:16', '2021-12-10 10:47:31', 1, NULL, 3, 'M:\\Projects\\PDP\\2021\\NWS\\DS-MEDIUM-65 SAMSUNG RRU\\STAGE 1\\SG1-15 Preliminary NAI BOM', NULL, NULL, NULL),
(2477, 221, 111, '2021-12-10 10:47:31', '2021-12-30 00:00:00', '2021-12-10 11:37:17', '2021-12-10 10:47:31', 1, NULL, 6, 'M:\\Projects\\PDP\\2021\\NWS\\DS-MEDIUM-65 SAMSUNG RRU\\STAGE 1\\SG1-16 COE Log status update', NULL, NULL, NULL),
(2478, 221, 112, '2021-12-10 10:47:31', '2021-12-30 00:00:00', '2022-04-04 09:01:39', '2021-12-10 10:47:31', 1, NULL, 3, 'M:\\Projects\\PDP\\2021\\NWS\\DS-MEDIUM-65 SAMSUNG RRU\\STAGE 2\\SG2-26 Preliminary Design PTF', NULL, NULL, NULL),
(2479, 221, 113, '2021-12-10 10:47:31', '2021-12-30 00:00:00', '2021-12-10 11:33:23', '2021-12-10 10:47:31', 1, NULL, 6, 'M:\\Projects\\PDP\\2021\\NWS\\DS-MEDIUM-65 SAMSUNG RRU\\STAGE 2\\SG2-06 Purchase order', NULL, NULL, NULL),
(2480, 221, 114, '2021-12-10 10:47:31', '2021-12-30 00:00:00', '2022-04-04 08:55:16', '2021-12-10 10:47:31', -1, 'Customer does not shared a print or specs. only an email received', 3, NULL, NULL, NULL, NULL),
(2481, 221, 115, '2021-12-10 10:47:31', '2021-12-30 00:00:00', '2022-04-25 14:21:53', '2021-12-10 10:47:31', -1, 'Personnel does not required to learn new procedures', 3, NULL, NULL, NULL, NULL),
(2482, 221, 116, '2021-12-10 10:47:31', '2021-12-30 00:00:00', '2022-04-25 14:11:54', '2021-12-10 10:47:31', -1, 'There is no new hardware required', 3, NULL, NULL, NULL, NULL),
(2484, 221, 118, '2021-12-10 10:47:31', '2021-12-30 00:00:00', '2022-04-04 11:27:34', '2021-12-10 10:47:31', -1, 'Requirements are in Drawing. No validation test on this sample', 3, NULL, NULL, NULL, NULL),
(2486, 221, 120, '2021-12-10 10:47:31', '2021-12-30 00:00:00', '2021-12-13 11:45:47', '2021-12-10 10:47:31', 1, NULL, 6, 'M:\\Projects\\PDP\\2021\\NWS\\DS-MEDIUM-65 SAMSUNG RRU\\STAGE 2\\SG2-23 NAI Work order', NULL, NULL, NULL),
(2487, 221, 121, '2021-12-10 10:47:31', '2021-12-30 00:00:00', '2022-04-04 09:07:58', '2021-12-10 10:47:31', -1, 'There is not a DFMEA for this project', 3, NULL, NULL, NULL, NULL),
(2489, 221, 123, '2021-12-10 10:47:31', '2021-12-30 00:00:00', '2022-04-04 09:01:19', '2021-12-10 10:47:31', 1, NULL, 3, 'M:\\Projects\\PDP\\2021\\NWS\\DS-MEDIUM-65 SAMSUNG RRU\\STAGE 2\\SG2-26 Preliminary Design PTF', NULL, NULL, NULL),
(2490, 221, 124, '2021-12-10 10:47:31', '2021-12-30 00:00:00', '2021-12-20 11:31:09', '2021-12-10 10:47:31', -1, 'Sin informacion', 2, NULL, NULL, NULL, NULL),
(2491, 221, 125, '2021-12-10 10:47:31', '2021-12-30 00:00:00', '2022-04-25 14:30:29', '2021-12-10 10:47:31', 1, NULL, 3, 'M:\\Projects\\PDP\\2021\\NWS\\DS-MEDIUM-65 SAMSUNG RRU\\STAGE 2\\SG2-28 Tooling Model', NULL, NULL, NULL),
(2493, 221, 127, '2021-12-10 10:47:31', '2021-12-30 00:00:00', '2021-12-22 15:35:28', '2021-12-10 10:47:31', 1, NULL, 9, 'M:\\Projects\\PDP\\2021\\NWS\\DS-MEDIUM-65 SAMSUNG RRU\\STAGE 2\\SG2-30 Risk Assesment 2', NULL, NULL, NULL),
(2494, 221, 128, '2021-12-10 10:47:31', '2021-12-30 00:00:00', '2021-12-22 15:35:52', '2021-12-10 10:47:31', 1, NULL, 9, 'M:\\Projects\\PDP\\2021\\NWS\\DS-MEDIUM-65 SAMSUNG RRU\\STAGE 3\\SG3-21 Risk Assesment 3', NULL, NULL, NULL),
(2495, 221, 129, '2021-12-10 10:47:31', '2021-12-30 00:00:00', '2022-01-27 09:30:38', '2021-12-10 10:47:31', -1, 'Todavia no cae PO de produccion para realizar entrenamiento', 7, NULL, NULL, NULL, NULL),
(2496, 221, 130, '2021-12-10 10:47:31', '2021-12-30 00:00:00', '2022-04-06 14:33:30', '2021-12-10 10:47:31', -1, 'Project no paso apiso d eproduccion', 9, '', NULL, NULL, NULL),
(2497, 221, 131, '2021-12-10 10:47:31', '2021-12-30 00:00:00', '2022-01-19 11:14:28', '2021-12-10 10:47:31', -1, '', 7, NULL, NULL, NULL, NULL),
(2498, 221, 132, '2021-12-10 10:47:31', '2021-12-30 00:00:00', '2022-01-19 11:21:35', '2021-12-10 10:47:31', -1, 'Se realizo piezas para el cliente', 7, NULL, NULL, NULL, NULL),
(2499, 221, 133, '2021-12-10 10:47:31', '2021-12-30 00:00:00', '2021-12-22 11:38:26', '2021-12-10 10:47:31', 1, NULL, 9, 'M:\\Projects\\PDP\\2021\\NWS\\DS-MEDIUM-65 SAMSUNG RRU\\STAGE 3\\SG3-23 Process Compliance - QA', NULL, NULL, NULL),
(2500, 221, 134, '2021-12-10 10:47:31', '2021-12-30 00:00:00', '2021-12-14 10:02:03', '2021-12-10 10:47:31', 1, NULL, 3, 'M:\\Projects\\PDP\\2021\\NWS\\DS-MEDIUM-65 SAMSUNG RRU\\STAGE 2\\SG2-32 Manufacturer work instructions', NULL, NULL, NULL),
(2501, 221, 136, '2021-12-10 10:47:31', '2021-12-30 00:00:00', '2022-04-25 14:11:34', '2021-12-10 10:47:31', 2, NULL, 3, 'M:\\Projects\\PDP\\2021\\NWS\\DS-MEDIUM-65 SAMSUNG RRU\\STAGE 3\\SG3-24 PTF', '2022-04-28 10:01:06', 9, NULL),
(2502, 221, 137, '2021-12-10 10:47:31', '2021-12-30 00:00:00', '2022-01-14 11:09:59', '2021-12-10 10:47:31', -1, '', 7, NULL, NULL, NULL, NULL),
(2503, 221, 138, '2021-12-10 10:47:31', '2021-12-30 00:00:00', '2021-12-22 15:37:55', '2021-12-10 10:47:31', 1, NULL, 9, 'M:\\Projects\\PDP\\2021\\NWS\\DS-MEDIUM-65 SAMSUNG RRU\\STAGE 3\\SG3-26 Process Control Plan', NULL, NULL, NULL),
(2504, 221, 139, '2021-12-10 10:47:31', '2021-12-30 00:00:00', '2021-12-14 10:15:06', '2021-12-10 10:47:31', 1, NULL, 3, 'M:\\Projects\\PDP\\2021\\NWS\\DS-MEDIUM-65 SAMSUNG RRU\\STAGE 2\\SG2-34 Preliminary Prints', NULL, NULL, NULL),
(2505, 221, 140, '2021-12-10 10:47:31', '2021-12-30 00:00:00', '2021-12-14 10:13:07', '2021-12-10 10:47:31', 1, NULL, 3, 'M:\\Projects\\PDP\\2021\\NWS\\DS-MEDIUM-65 SAMSUNG RRU\\STAGE 3\\SG3-25 Prints', NULL, NULL, NULL),
(2506, 95, 82, '2021-12-10 15:42:23', '2021-11-10 00:00:00', '2021-12-20 11:22:22', '2021-12-10 15:42:23', 3, 'Link no abre', 2, 'https://muhimbi-pcso.azurewebsites.net/ONEIDA%20%20Cable%206X24%20Preliminary.aspx?SPHostUrl=https%3A%2F%2Fnaigroup.sharepoint.com%2Fsites%2Felibrary%2Feng%2FCOE&ItemUrl=%2Fsites%2Felibrary%2Feng%2FCOE%2FReleased%2FONEIDA+%28+Cable+6X24+Preliminary%29.pdf&param=LwBSD%2FBFJzv%2BXKZvE%2FWJIkOiCaX8l%2B', '2021-12-20 13:40:27', 9, NULL),
(2507, 95, 129, '2021-12-10 15:42:23', '2021-11-10 00:00:00', '2021-12-17 09:16:22', '2021-12-10 15:42:23', 1, NULL, 2, 'M:\\Projects\\PDP\\2021\\Archivos de validaciones', NULL, NULL, NULL),
(2508, 93, 69, '2021-12-13 11:28:11', NULL, NULL, '2021-12-13 11:28:11', 0, NULL, NULL, NULL, NULL, NULL, NULL),
(2509, 93, 70, '2021-12-13 11:28:11', NULL, NULL, '2021-12-13 11:28:11', 0, NULL, NULL, NULL, NULL, NULL, NULL),
(2510, 93, 72, '2021-12-13 11:28:11', NULL, '2022-01-19 11:28:07', '2021-12-13 11:28:11', -1, 'No se requiere pruebas mecanicas', 7, NULL, NULL, NULL, NULL),
(2511, 93, 73, '2021-12-13 11:28:11', NULL, '2022-01-19 11:23:58', '2021-12-13 11:28:11', -1, 'No se requiere prueba ', 7, NULL, NULL, NULL, NULL),
(2512, 93, 74, '2021-12-13 11:28:11', NULL, '2021-12-13 15:40:17', '2021-12-13 11:28:11', -1, 'no se utiliza cobre', 7, NULL, NULL, NULL, NULL),
(2513, 93, 75, '2021-12-13 11:28:11', NULL, '2021-12-13 15:40:31', '2021-12-13 11:28:11', -1, 'no se utiliza cobre', 7, NULL, NULL, NULL, NULL),
(2514, 93, 76, '2021-12-13 11:28:11', NULL, '2021-12-13 15:40:04', '2021-12-13 11:28:11', -1, 'no se utiliza cobre', 7, NULL, NULL, NULL, NULL),
(2515, 93, 77, '2021-12-13 11:28:11', NULL, '2022-01-14 11:27:28', '2021-12-13 11:28:11', -1, '', 7, NULL, NULL, NULL, NULL),
(2516, 93, 78, '2021-12-13 11:28:11', NULL, NULL, '2021-12-13 11:28:11', 0, NULL, NULL, NULL, NULL, NULL, NULL),
(2517, 93, 79, '2021-12-13 11:28:11', NULL, '2022-08-01 16:52:15', '2021-12-13 11:28:11', -1, 'Este requerimeinto no aplica para validar el epoxy que va dentro de los conectores', 9, NULL, NULL, NULL, NULL),
(2518, 93, 80, '2021-12-13 11:28:11', NULL, NULL, '2021-12-13 11:28:11', 0, NULL, NULL, NULL, NULL, NULL, NULL),
(2519, 93, 81, '2021-12-13 11:28:11', NULL, NULL, '2021-12-13 11:28:11', 0, NULL, NULL, NULL, NULL, NULL, NULL),
(2521, 93, 132, '2021-12-13 11:28:11', NULL, NULL, '2021-12-13 11:28:11', 0, NULL, NULL, NULL, NULL, NULL, NULL),
(2522, 92, 69, '2021-12-13 11:28:49', NULL, NULL, '2021-12-13 11:28:49', 0, NULL, NULL, NULL, NULL, NULL, NULL),
(2523, 92, 70, '2021-12-13 11:28:49', NULL, '2021-12-13 11:47:36', '2021-12-13 11:28:49', 1, NULL, 2, 'M:\\Projects\\PDP\\2021\\RFS\\DS-MEDIUM-6 75901632-COE\\PDP\\STAGE 3\\SG3-21 Product Sample', NULL, NULL, NULL),
(2524, 92, 72, '2021-12-13 11:28:49', NULL, '2021-12-13 11:34:59', '2021-12-13 11:28:49', -1, 'Sin requerimineto', 2, NULL, NULL, NULL, NULL),
(2525, 92, 73, '2021-12-13 11:28:49', NULL, '2021-12-13 11:34:47', '2021-12-13 11:28:49', -1, 'Sin requerimineto', 2, NULL, NULL, NULL, NULL),
(2526, 92, 74, '2021-12-13 11:28:49', NULL, '2021-12-13 11:34:26', '2021-12-13 11:28:49', -1, 'FAR', 2, NULL, NULL, NULL, NULL),
(2527, 92, 75, '2021-12-13 11:28:49', NULL, '2021-12-13 11:34:37', '2021-12-13 11:28:49', -1, 'Sin requerimineto', 2, NULL, NULL, NULL, NULL),
(2528, 92, 76, '2021-12-13 11:28:49', NULL, '2021-12-13 11:34:12', '2021-12-13 11:28:49', -1, 'Sin requerimineto', 2, NULL, NULL, NULL, NULL),
(2529, 92, 77, '2021-12-13 11:28:49', NULL, '2021-12-13 11:35:11', '2021-12-13 11:28:49', -1, 'Sin requerimineto', 2, NULL, NULL, NULL, NULL),
(2530, 92, 78, '2021-12-13 11:28:49', NULL, '2021-12-13 11:42:35', '2021-12-13 11:28:49', 2, NULL, 2, 'M:\\Projects\\PDP\\2021\\RFS\\DS-MEDIUM-6 75901632-COE\\PDP\\STAGE 3\\SG3-11 Electrical Test IL-RL', '2021-12-17 11:54:23', 9, NULL),
(2531, 92, 79, '2021-12-13 11:28:49', NULL, '2021-12-16 07:22:54', '2021-12-13 11:28:49', -1, 'Product does not have IPXX requirement', 9, NULL, NULL, NULL, NULL),
(2532, 92, 80, '2021-12-13 11:28:49', NULL, NULL, '2021-12-13 11:28:49', 0, NULL, NULL, NULL, NULL, NULL, NULL),
(2533, 92, 81, '2021-12-13 11:28:49', NULL, NULL, '2021-12-13 11:28:49', 0, NULL, NULL, NULL, NULL, NULL, NULL),
(2535, 92, 132, '2021-12-13 11:28:49', NULL, '2022-04-20 08:23:03', '2021-12-13 11:28:49', -1, 'N/A', 2, NULL, NULL, NULL, NULL),
(2536, 90, 69, '2021-12-13 11:29:17', NULL, NULL, '2021-12-13 11:29:17', 0, NULL, NULL, NULL, NULL, NULL, NULL),
(2537, 90, 70, '2021-12-13 11:29:17', NULL, NULL, '2021-12-13 11:29:17', 0, NULL, NULL, NULL, NULL, NULL, NULL),
(2538, 90, 72, '2021-12-13 11:29:17', NULL, NULL, '2021-12-13 11:29:17', 0, NULL, NULL, NULL, NULL, NULL, NULL),
(2539, 90, 73, '2021-12-13 11:29:17', NULL, NULL, '2021-12-13 11:29:17', 0, NULL, NULL, NULL, NULL, NULL, NULL),
(2540, 90, 74, '2021-12-13 11:29:17', NULL, NULL, '2021-12-13 11:29:17', 0, NULL, NULL, NULL, NULL, NULL, NULL),
(2541, 90, 75, '2021-12-13 11:29:17', NULL, '2021-12-14 18:21:27', '2021-12-13 11:29:17', -1, 'Sin requerimineto', 2, NULL, NULL, NULL, NULL),
(2542, 90, 76, '2021-12-13 11:29:17', NULL, '2021-12-14 18:21:12', '2021-12-13 11:29:17', -1, 'Sin requerimiento', 2, NULL, NULL, NULL, NULL),
(2543, 90, 77, '2021-12-13 11:29:17', NULL, '2021-12-14 18:21:42', '2021-12-13 11:29:17', -1, 'Sin requerimineto ', 2, NULL, NULL, NULL, NULL),
(2544, 90, 78, '2021-12-13 11:29:17', NULL, NULL, '2021-12-13 11:29:17', 0, NULL, NULL, NULL, NULL, NULL, NULL),
(2545, 90, 79, '2021-12-13 11:29:17', NULL, '2021-12-16 07:28:19', '2021-12-13 11:29:17', -1, 'It does not apply the IPXX requirement this epoxy is used in connectorized.', 9, NULL, NULL, NULL, NULL),
(2546, 90, 80, '2021-12-13 11:29:17', NULL, NULL, '2021-12-13 11:29:17', 0, NULL, NULL, NULL, NULL, NULL, NULL),
(2547, 90, 81, '2021-12-13 11:29:17', NULL, NULL, '2021-12-13 11:29:17', 0, NULL, NULL, NULL, NULL, NULL, NULL),
(2549, 90, 132, '2021-12-13 11:29:17', NULL, NULL, '2021-12-13 11:29:17', 0, NULL, NULL, NULL, NULL, NULL, NULL),
(2550, 89, 69, '2021-12-13 11:30:00', NULL, NULL, '2021-12-13 11:30:00', 0, NULL, NULL, NULL, NULL, NULL, NULL),
(2551, 89, 70, '2021-12-13 11:30:00', NULL, '2022-01-20 11:00:33', '2021-12-13 11:30:00', -1, 'No muestra completa', 2, NULL, NULL, NULL, NULL),
(2552, 89, 72, '2021-12-13 11:30:00', NULL, '2021-12-13 13:07:32', '2021-12-13 11:30:00', 1, NULL, 2, 'M:\\Projects\\PDP\\2021\\Archivos de validaciones', NULL, NULL, NULL),
(2553, 89, 73, '2021-12-13 11:30:00', NULL, '2021-12-13 12:06:08', '2021-12-13 11:30:00', -1, 'Sin requerimineto', 2, NULL, NULL, NULL, NULL),
(2554, 89, 74, '2021-12-13 11:30:00', NULL, '2021-12-13 12:05:24', '2021-12-13 11:30:00', -1, 'Sin requerimineto', 2, NULL, NULL, NULL, NULL),
(2555, 89, 75, '2021-12-13 11:30:00', NULL, '2021-12-13 12:05:35', '2021-12-13 11:30:00', -1, 'Sin requerimiento', 2, NULL, NULL, NULL, NULL),
(2556, 89, 76, '2021-12-13 11:30:00', NULL, '2021-12-13 12:05:13', '2021-12-13 11:30:00', -1, 'Sin requerimineto', 2, NULL, NULL, NULL, NULL),
(2557, 89, 77, '2021-12-13 11:30:00', NULL, '2021-12-13 12:05:49', '2021-12-13 11:30:00', -1, 'Sin requerimineto', 2, NULL, NULL, NULL, NULL),
(2558, 89, 78, '2021-12-13 11:30:00', NULL, '2022-01-20 11:02:32', '2021-12-13 11:30:00', -1, 'Thermal cycle test', 2, NULL, NULL, NULL, NULL),
(2559, 89, 79, '2021-12-13 11:30:00', NULL, '2021-12-17 08:01:27', '2021-12-13 11:30:00', -1, 'It does not require IPXX test', 9, NULL, NULL, NULL, NULL),
(2560, 89, 80, '2021-12-13 11:30:00', NULL, NULL, '2021-12-13 11:30:00', 0, NULL, NULL, NULL, NULL, NULL, NULL),
(2561, 89, 81, '2021-12-13 11:30:00', NULL, NULL, '2021-12-13 11:30:00', 0, NULL, NULL, NULL, NULL, NULL, NULL),
(2563, 89, 132, '2021-12-13 11:30:00', NULL, '2022-01-20 11:02:08', '2021-12-13 11:30:00', 1, NULL, 2, 'M:\\Projects\\PDP\\2021\\Archivos de validaciones\\ADH-119FO', NULL, NULL, NULL),
(2564, 80, 69, '2021-12-13 11:30:28', '2021-09-02 00:00:00', '2022-02-01 09:39:10', '2021-12-13 11:30:28', 1, NULL, 3, 'M:\\Projects\\PDP\\2021\\NWS\\Final BOM EHCS 70FT', NULL, NULL, NULL),
(2565, 80, 70, '2021-12-13 11:30:28', '2021-09-02 00:00:00', '2021-12-13 12:03:59', '2021-12-13 11:30:28', -1, 'Sin requerimiento', 2, NULL, NULL, NULL, NULL),
(2566, 80, 72, '2021-12-13 11:30:28', '2021-09-02 00:00:00', '2021-12-13 12:03:23', '2021-12-13 11:30:28', -1, 'Sin requerimento', 2, NULL, NULL, NULL, NULL),
(2567, 80, 73, '2021-12-13 11:30:28', '2021-09-02 00:00:00', '2021-12-13 12:03:04', '2021-12-13 11:30:28', -1, 'Sin requerimineto', 2, NULL, NULL, NULL, NULL),
(2568, 80, 74, '2021-12-13 11:30:28', '2021-09-02 00:00:00', '2021-12-13 12:01:09', '2021-12-13 11:30:28', -1, 'Sin requerimineto', 2, NULL, NULL, NULL, NULL),
(2569, 80, 75, '2021-12-13 11:30:28', '2021-09-02 00:00:00', '2021-12-13 12:02:31', '2021-12-13 11:30:28', -1, 'Sin requerimento', 2, NULL, NULL, NULL, NULL),
(2570, 80, 76, '2021-12-13 11:30:28', '2021-09-02 00:00:00', '2021-12-13 11:59:25', '2021-12-13 11:30:28', -1, 'Sin requerimineto', 2, NULL, NULL, NULL, NULL),
(2571, 80, 77, '2021-12-13 11:30:28', '2021-09-02 00:00:00', '2021-12-13 12:02:41', '2021-12-13 11:30:28', -1, 'Sin requerimineto', 2, NULL, NULL, NULL, NULL),
(2572, 80, 78, '2021-12-13 11:30:28', '2021-09-02 00:00:00', '2021-12-13 12:03:45', '2021-12-13 11:30:28', -1, 'Sin requerimiento', 2, NULL, NULL, NULL, NULL),
(2573, 80, 79, '2021-12-13 11:30:28', '2021-09-02 00:00:00', '2021-12-22 15:50:03', '2021-12-13 11:30:28', 1, NULL, 9, 'M:\\Projects\\PDP\\2021\\NWS\\Test teroson IP-X7', NULL, NULL, NULL),
(2574, 80, 80, '2021-12-13 11:30:28', '2021-09-02 00:00:00', '2022-02-01 09:13:49', '2021-12-13 11:30:28', -1, 'Not required for this assembly', 3, NULL, NULL, NULL, NULL),
(2575, 80, 81, '2021-12-13 11:30:28', '2021-09-02 00:00:00', '2022-02-01 09:13:33', '2021-12-13 11:30:28', -1, 'Not required for this assembly', 3, NULL, NULL, NULL, NULL),
(2577, 80, 132, '2021-12-13 11:30:28', '2021-09-02 00:00:00', '2021-12-13 12:04:09', '2021-12-13 11:30:28', -1, 'Sin rewquerimineto', 2, NULL, NULL, NULL, NULL),
(2578, 217, 69, '2021-12-13 11:31:00', NULL, NULL, '2021-12-13 11:31:00', 0, NULL, NULL, NULL, NULL, NULL, NULL),
(2579, 217, 70, '2021-12-13 11:31:00', NULL, '2021-12-17 09:17:34', '2021-12-13 11:31:00', -1, 'Se manufacturo en Planta 1', 2, NULL, NULL, NULL, NULL),
(2580, 217, 72, '2021-12-13 11:31:00', NULL, '2021-12-13 13:12:38', '2021-12-13 11:31:00', -1, 'Sin requerimineto', 2, NULL, NULL, NULL, NULL),
(2581, 217, 73, '2021-12-13 11:31:00', NULL, '2021-12-13 13:12:33', '2021-12-13 11:31:00', -1, 'Sin requerimineto', 2, NULL, NULL, NULL, NULL),
(2582, 217, 74, '2021-12-13 11:31:00', NULL, '2021-12-15 07:13:48', '2021-12-13 11:31:00', -1, 'Sin requerimineto', 2, NULL, NULL, NULL, NULL),
(2583, 217, 75, '2021-12-13 11:31:00', NULL, '2021-12-13 13:12:27', '2021-12-13 11:31:00', -1, 'Sin requerimineto', 2, NULL, NULL, NULL, NULL),
(2584, 217, 76, '2021-12-13 11:31:00', NULL, '2021-12-13 13:12:21', '2021-12-13 11:31:00', -1, 'Sin requerimineto', 2, NULL, NULL, NULL, NULL),
(2585, 217, 77, '2021-12-13 11:31:00', NULL, '2021-12-13 13:12:45', '2021-12-13 11:31:00', -1, 'Sin requerimineto', 2, NULL, NULL, NULL, NULL),
(2586, 217, 78, '2021-12-13 11:31:00', NULL, '2021-12-17 14:38:36', '2021-12-13 11:31:00', 2, 'varios archivos en este folder no se sabe cual es el que corresponde al cable HELKAMA', 2, 'M:\\Projects\\PDP\\2021\\Archivos de validaciones\\Helkama', '2021-12-20 10:48:25', 9, NULL),
(2587, 217, 79, '2021-12-13 11:31:00', NULL, '2021-12-16 08:10:42', '2021-12-13 11:31:00', -1, 'It does not apply this requirement in this product', 9, NULL, NULL, NULL, NULL),
(2588, 217, 80, '2021-12-13 11:31:00', NULL, NULL, '2021-12-13 11:31:00', 0, NULL, NULL, NULL, NULL, NULL, NULL),
(2589, 217, 81, '2021-12-13 11:31:00', NULL, NULL, '2021-12-13 11:31:00', 0, NULL, NULL, NULL, NULL, NULL, NULL),
(2591, 217, 132, '2021-12-13 11:31:00', NULL, '2021-12-17 09:17:51', '2021-12-13 11:31:00', -1, 'Se manufacturo en Planta  1', 2, NULL, NULL, NULL, NULL),
(2592, 91, 69, '2021-12-13 11:43:28', NULL, NULL, '2021-12-13 11:43:28', 0, NULL, NULL, NULL, NULL, NULL, NULL),
(2593, 91, 70, '2021-12-13 11:43:28', NULL, '2021-12-13 13:11:35', '2021-12-13 11:43:28', 1, NULL, 2, 'M:\\Projects\\PDP\\2021\\Archivos de validaciones', NULL, NULL, NULL),
(2594, 91, 72, '2021-12-13 11:43:28', NULL, '2021-12-13 13:08:55', '2021-12-13 11:43:28', -1, 'Sin requerimiento', 2, NULL, NULL, NULL, NULL),
(2595, 91, 73, '2021-12-13 11:43:28', NULL, '2021-12-13 13:08:50', '2021-12-13 11:43:28', -1, 'Sin requerimiento', 2, NULL, NULL, NULL, NULL),
(2596, 91, 74, '2021-12-13 11:43:28', NULL, '2021-12-13 13:08:30', '2021-12-13 11:43:28', -1, 'Sin requerimiento', 2, NULL, NULL, NULL, NULL),
(2597, 91, 75, '2021-12-13 11:43:28', NULL, '2021-12-13 13:08:36', '2021-12-13 11:43:28', -1, 'Sin requerimiento', 2, NULL, NULL, NULL, NULL),
(2598, 91, 76, '2021-12-13 11:43:28', NULL, '2021-12-13 13:08:13', '2021-12-13 11:43:28', -1, 'Sin requerimineto', 2, NULL, NULL, NULL, NULL),
(2599, 91, 77, '2021-12-13 11:43:28', NULL, '2021-12-13 13:08:44', '2021-12-13 11:43:28', -1, 'Sin requerimiento', 2, NULL, NULL, NULL, NULL),
(2600, 91, 78, '2021-12-13 11:43:28', NULL, '2021-12-13 13:09:02', '2021-12-13 11:43:28', -1, 'Sin requerimiento', 2, NULL, NULL, NULL, NULL),
(2601, 91, 80, '2021-12-13 11:43:28', NULL, NULL, '2021-12-13 11:43:28', 0, NULL, NULL, NULL, NULL, NULL, NULL),
(2602, 91, 81, '2021-12-13 11:43:28', NULL, NULL, '2021-12-13 11:43:28', 0, NULL, NULL, NULL, NULL, NULL, NULL),
(2604, 91, 132, '2021-12-13 11:43:28', NULL, '2021-12-13 13:09:08', '2021-12-13 11:43:28', -1, 'Sin requerimiento', 2, NULL, NULL, NULL, NULL),
(2605, 222, 69, '2022-01-04 14:00:27', '2023-01-04 00:00:00', '2023-01-11 08:22:57', '2022-01-04 14:00:27', 1, NULL, 3, 'M:\\Projects\\PDP\\2022\\Prysmian\\BTP-LOW-5  CasaLink Solution\\STAGE 3\\SG3-02 Final BOM', NULL, NULL, NULL),
(2606, 222, 70, '2022-01-04 14:00:27', '2023-01-04 00:00:00', '2022-06-21 15:57:14', '2022-01-04 14:00:27', 1, NULL, 2, 'M:\\Projects\\PDP\\2022\\Casalink', NULL, NULL, NULL),
(2613, 222, 78, '2022-01-04 14:00:27', '2023-01-04 00:00:00', '2022-05-16 07:49:27', '2022-01-04 14:00:27', 2, NULL, 2, 'M:\\Projects\\PDP\\2022\\Prysmian\\BTP-LOW-5  CasaLink Solution\\STAGE 3\\SG3-11 Optical Performance Test IL RL', '2022-05-31 14:52:31', 9, NULL),
(2617, 222, 84, '2022-01-04 14:00:27', '2023-01-04 00:00:00', '2022-07-26 11:19:53', '2022-01-04 14:00:27', -1, 'We dont have answer from Prysmian', 6, NULL, NULL, NULL, NULL),
(2618, 222, 132, '2022-01-04 14:00:27', '2023-01-04 00:00:00', '2022-06-21 15:52:26', '2022-01-04 14:00:27', -1, 'N/A', 2, NULL, NULL, NULL, NULL),
(2619, 223, 69, '2022-01-13 08:56:44', NULL, NULL, '2022-01-13 08:56:44', 0, NULL, NULL, NULL, NULL, NULL, NULL),
(2620, 223, 70, '2022-01-13 08:56:44', NULL, NULL, '2022-01-13 08:56:44', 0, NULL, NULL, NULL, NULL, NULL, NULL),
(2621, 223, 72, '2022-01-13 08:56:44', NULL, NULL, '2022-01-13 08:56:44', 0, NULL, NULL, NULL, NULL, NULL, NULL),
(2622, 223, 73, '2022-01-13 08:56:44', NULL, NULL, '2022-01-13 08:56:44', 0, NULL, NULL, NULL, NULL, NULL, NULL),
(2623, 223, 74, '2022-01-13 08:56:44', NULL, NULL, '2022-01-13 08:56:44', 0, NULL, NULL, NULL, NULL, NULL, NULL),
(2624, 223, 75, '2022-01-13 08:56:44', NULL, NULL, '2022-01-13 08:56:44', 0, NULL, NULL, NULL, NULL, NULL, NULL),
(2625, 223, 76, '2022-01-13 08:56:44', NULL, NULL, '2022-01-13 08:56:44', 0, NULL, NULL, NULL, NULL, NULL, NULL),
(2626, 223, 77, '2022-01-13 08:56:44', NULL, NULL, '2022-01-13 08:56:44', 0, NULL, NULL, NULL, NULL, NULL, NULL),
(2627, 223, 78, '2022-01-13 08:56:44', NULL, NULL, '2022-01-13 08:56:44', 0, NULL, NULL, NULL, NULL, NULL, NULL),
(2628, 223, 79, '2022-01-13 08:56:44', NULL, NULL, '2022-01-13 08:56:44', 0, NULL, NULL, NULL, NULL, NULL, NULL),
(2629, 223, 80, '2022-01-13 08:56:44', NULL, NULL, '2022-01-13 08:56:44', 0, NULL, NULL, NULL, NULL, NULL, NULL),
(2630, 223, 81, '2022-01-13 08:56:44', NULL, NULL, '2022-01-13 08:56:44', 0, NULL, NULL, NULL, NULL, NULL, NULL),
(2631, 223, 84, '2022-01-13 08:56:44', NULL, NULL, '2022-01-13 08:56:44', 0, NULL, NULL, NULL, NULL, NULL, NULL),
(2632, 223, 132, '2022-01-13 08:56:44', NULL, NULL, '2022-01-13 08:56:44', 0, NULL, NULL, NULL, NULL, NULL, NULL),
(2634, 224, 70, '2022-01-17 09:06:10', NULL, '2022-01-27 10:08:09', '2022-01-17 09:06:10', 1, NULL, 2, 'M:\\Projects\\PDP\\2022\\NWS\\Aluminio Armor\\STAGE 3\\SG3-16 Product Samples', NULL, NULL, NULL),
(2635, 224, 72, '2022-01-17 09:06:10', NULL, '2022-01-20 07:38:20', '2022-01-17 09:06:10', -1, 'Sin requerimiento  ', 2, NULL, NULL, NULL, NULL),
(2636, 224, 73, '2022-01-17 09:06:10', NULL, '2022-01-20 07:38:39', '2022-01-17 09:06:10', -1, 'Sin requerimiento  ', 2, NULL, NULL, NULL, NULL),
(2637, 224, 74, '2022-01-17 09:06:10', NULL, '2022-01-20 07:38:30', '2022-01-17 09:06:10', -1, 'Sin requerimiento  ', 2, NULL, NULL, NULL, NULL),
(2638, 224, 75, '2022-01-17 09:06:10', NULL, '2022-01-20 07:38:11', '2022-01-17 09:06:10', -1, 'Sin requerimiento  ', 2, NULL, NULL, NULL, NULL),
(2639, 224, 76, '2022-01-17 09:06:10', NULL, '2022-01-20 07:37:54', '2022-01-17 09:06:10', -1, 'Sin requerimiento  ', 2, NULL, NULL, NULL, NULL),
(2640, 224, 77, '2022-01-17 09:06:10', NULL, '2022-01-20 07:38:26', '2022-01-17 09:06:10', -1, 'Sin requerimiento  ', 2, NULL, NULL, NULL, NULL),
(2641, 224, 78, '2022-01-17 09:06:10', NULL, '2022-01-26 13:38:39', '2022-01-17 09:06:10', 2, NULL, 2, 'M:\\Projects\\PDP\\2022\\NWS\\Aliminio Armor\\STAGE 3\\SG3-11 Electrical Test IL-RL', '2022-01-26 15:28:30', 9, NULL),
(2642, 224, 79, '2022-01-17 09:06:10', NULL, '2022-08-01 16:47:54', '2022-01-17 09:06:10', -1, 'No aplica este prueba se esta probando cable con armor de aluminio', 9, NULL, NULL, NULL, NULL),
(2643, 224, 80, '2022-01-17 09:06:10', NULL, '2022-08-15 17:14:33', '2022-01-17 09:06:10', 1, NULL, 3, 'M:\\Projects\\PDP\\2022\\NWS\\Validations\\VT-LOW-10 Aluminum armor\\Aluminio Armor\\STAGE 3\\SG3-17 Environmental Test Thermal Cycle Test', NULL, NULL, NULL),
(2646, 224, 132, '2022-01-17 09:06:10', NULL, '2022-01-26 14:12:36', '2022-01-17 09:06:10', 1, NULL, 2, 'M:\\Projects\\PDP\\2022\\NWS\\Aliminio Armor\\STAGE 3\\SG3-21 Process Evidency', NULL, NULL, NULL),
(2647, 225, 1, '2022-01-21 08:26:35', NULL, NULL, '2022-01-21 08:26:35', 0, NULL, NULL, NULL, NULL, NULL, NULL),
(2648, 225, 3, '2022-01-21 08:26:35', NULL, NULL, '2022-01-21 08:26:35', 0, NULL, NULL, NULL, NULL, NULL, NULL),
(2649, 225, 15, '2022-01-21 08:26:35', NULL, NULL, '2022-01-21 08:26:35', 0, NULL, NULL, NULL, NULL, NULL, NULL),
(2650, 225, 16, '2022-01-21 08:26:35', NULL, NULL, '2022-01-21 08:26:35', 0, NULL, NULL, NULL, NULL, NULL, NULL),
(2651, 225, 17, '2022-01-21 08:26:35', NULL, NULL, '2022-01-21 08:26:35', 0, NULL, NULL, NULL, NULL, NULL, NULL),
(2652, 225, 18, '2022-01-21 08:26:35', NULL, NULL, '2022-01-21 08:26:35', 0, NULL, NULL, NULL, NULL, NULL, NULL),
(2653, 225, 19, '2022-01-21 08:26:35', NULL, NULL, '2022-01-21 08:26:35', 0, NULL, NULL, NULL, NULL, NULL, NULL),
(2654, 225, 20, '2022-01-21 08:26:35', NULL, NULL, '2022-01-21 08:26:35', 0, NULL, NULL, NULL, NULL, NULL, NULL),
(2655, 225, 21, '2022-01-21 08:26:35', NULL, NULL, '2022-01-21 08:26:35', 0, NULL, NULL, NULL, NULL, NULL, NULL),
(2656, 225, 22, '2022-01-21 08:26:35', NULL, NULL, '2022-01-21 08:26:35', 0, NULL, NULL, NULL, NULL, NULL, NULL),
(2657, 225, 23, '2022-01-21 08:26:35', NULL, NULL, '2022-01-21 08:26:35', 0, NULL, NULL, NULL, NULL, NULL, NULL),
(2658, 225, 29, '2022-01-21 08:26:35', NULL, NULL, '2022-01-21 08:26:35', 0, NULL, NULL, NULL, NULL, NULL, NULL),
(2659, 225, 30, '2022-01-21 08:26:35', NULL, NULL, '2022-01-21 08:26:35', 0, NULL, NULL, NULL, NULL, NULL, NULL),
(2660, 225, 35, '2022-01-21 08:26:35', NULL, NULL, '2022-01-21 08:26:35', 0, NULL, NULL, NULL, NULL, NULL, NULL),
(2661, 225, 36, '2022-01-21 08:26:35', NULL, NULL, '2022-01-21 08:26:35', 0, NULL, NULL, NULL, NULL, NULL, NULL),
(2662, 225, 39, '2022-01-21 08:26:35', NULL, '2022-01-21 16:00:49', '2022-01-21 08:26:35', -1, 'Sin requerimiento ', 2, NULL, NULL, NULL, NULL),
(2663, 225, 42, '2022-01-21 08:26:35', NULL, NULL, '2022-01-21 08:26:35', 0, NULL, NULL, NULL, NULL, NULL, NULL),
(2664, 225, 46, '2022-01-21 08:26:35', NULL, NULL, '2022-01-21 08:26:35', 0, NULL, NULL, NULL, NULL, NULL, NULL),
(2665, 225, 48, '2022-01-21 08:26:35', NULL, NULL, '2022-01-21 08:26:35', 0, NULL, NULL, NULL, NULL, NULL, NULL),
(2666, 225, 49, '2022-01-21 08:26:35', NULL, NULL, '2022-01-21 08:26:35', 0, NULL, NULL, NULL, NULL, NULL, NULL),
(2667, 225, 52, '2022-01-21 08:26:35', NULL, NULL, '2022-01-21 08:26:35', 0, NULL, NULL, NULL, NULL, NULL, NULL),
(2668, 225, 56, '2022-01-21 08:26:35', NULL, NULL, '2022-01-21 08:26:35', 0, NULL, NULL, NULL, NULL, NULL, NULL),
(2669, 225, 57, '2022-01-21 08:26:35', NULL, NULL, '2022-01-21 08:26:35', 0, NULL, NULL, NULL, NULL, NULL, NULL),
(2670, 225, 68, '2022-01-21 08:26:35', NULL, NULL, '2022-01-21 08:26:35', 0, NULL, NULL, NULL, NULL, NULL, NULL),
(2671, 225, 69, '2022-01-21 08:26:35', NULL, NULL, '2022-01-21 08:26:35', 0, NULL, NULL, NULL, NULL, NULL, NULL),
(2672, 225, 70, '2022-01-21 08:26:35', NULL, '2022-01-26 13:26:59', '2022-01-21 08:26:35', 1, NULL, 2, 'M:\\Projects\\PDP\\2021\\NWS\\DS-MEDIUM-5 ODC\\STAGE 3\\01-26-2022\\SG3-Product Samples', NULL, NULL, NULL),
(2673, 225, 71, '2022-01-21 08:26:35', NULL, '2022-01-28 07:41:19', '2022-01-21 08:26:35', 1, NULL, 2, 'M:\\Projects\\PDP\\2021\\NWS\\DS-MEDIUM-5 ODC\\STAGE 3\\01-26-2022\\SG3-01 First Article Report - FAR', NULL, NULL, NULL),
(2674, 225, 72, '2022-01-21 08:26:35', NULL, '2022-01-21 16:00:37', '2022-01-21 08:26:35', -1, 'Sin requerimiento ', 2, NULL, NULL, NULL, NULL),
(2675, 225, 73, '2022-01-21 08:26:35', NULL, '2022-01-21 16:00:30', '2022-01-21 08:26:35', -1, 'Sin requerimiento ', 2, NULL, NULL, NULL, NULL),
(2676, 225, 74, '2022-01-21 08:26:35', NULL, '2022-01-21 16:00:04', '2022-01-21 08:26:35', -1, 'Solo fibra', 2, NULL, NULL, NULL, NULL),
(2677, 225, 75, '2022-01-21 08:26:35', NULL, '2022-01-21 16:00:10', '2022-01-21 08:26:35', -1, 'Solo fibra', 2, NULL, NULL, NULL, NULL),
(2678, 225, 76, '2022-01-21 08:26:35', NULL, '2022-01-21 15:59:58', '2022-01-21 08:26:35', -1, 'Solo fibra', 2, NULL, NULL, NULL, NULL),
(2679, 225, 77, '2022-01-21 08:26:35', NULL, '2022-01-21 16:00:15', '2022-01-21 08:26:35', -1, 'Solo fibra', 2, NULL, NULL, NULL, NULL),
(2680, 225, 78, '2022-01-21 08:26:35', NULL, '2022-01-26 13:01:16', '2022-01-21 08:26:35', 2, NULL, 2, 'M:\\Projects\\PDP\\2021\\NWS\\DS-MEDIUM-5 ODC\\STAGE 3\\01-26-2022\\SG3-11 Electrical Test IL-RL', '2022-01-26 15:28:52', 9, NULL),
(2681, 225, 79, '2022-01-21 08:26:35', NULL, NULL, '2022-01-21 08:26:35', 0, NULL, NULL, NULL, NULL, NULL, NULL),
(2682, 225, 80, '2022-01-21 08:26:35', NULL, NULL, '2022-01-21 08:26:35', 0, NULL, NULL, NULL, NULL, NULL, NULL),
(2683, 225, 81, '2022-01-21 08:26:35', NULL, NULL, '2022-01-21 08:26:35', 0, NULL, NULL, NULL, NULL, NULL, NULL),
(2684, 225, 82, '2022-01-21 08:26:35', NULL, NULL, '2022-01-21 08:26:35', 0, NULL, NULL, NULL, NULL, NULL, NULL),
(2685, 225, 83, '2022-01-21 08:26:35', NULL, '2022-01-24 07:50:21', '2022-01-21 08:26:35', -1, 'termanaciones comunes ', 2, NULL, NULL, NULL, NULL),
(2686, 225, 84, '2022-01-21 08:26:35', NULL, NULL, '2022-01-21 08:26:35', 0, NULL, NULL, NULL, NULL, NULL, NULL),
(2687, 225, 99, '2022-01-21 08:26:35', NULL, NULL, '2022-01-21 08:26:35', 0, NULL, NULL, NULL, NULL, NULL, NULL),
(2688, 225, 101, '2022-01-21 08:26:35', NULL, NULL, '2022-01-21 08:26:35', 0, NULL, NULL, NULL, NULL, NULL, NULL),
(2689, 225, 102, '2022-01-21 08:26:35', NULL, NULL, '2022-01-21 08:26:35', 0, NULL, NULL, NULL, NULL, NULL, NULL),
(2690, 225, 103, '2022-01-21 08:26:35', NULL, '2022-01-26 13:00:52', '2022-01-21 08:26:35', 1, NULL, 2, 'M:\\Projects\\PDP\\2021\\NWS\\DS-MEDIUM-5 ODC\\STAGE 3\\01-26-2022\\SG3-04 First Article Report - FAR', NULL, NULL, NULL),
(2691, 225, 104, '2022-01-21 08:26:35', NULL, NULL, '2022-01-21 08:26:35', 0, NULL, NULL, NULL, NULL, NULL, NULL),
(2692, 225, 105, '2022-01-21 08:26:35', NULL, '2022-01-26 13:41:14', '2022-01-21 08:26:35', -1, 'N/A', 2, NULL, NULL, NULL, NULL),
(2693, 225, 106, '2022-01-21 08:26:35', NULL, '2022-01-27 10:48:37', '2022-01-21 08:26:35', 1, NULL, 2, 'M:\\Projects\\PDP\\2021\\NWS\\DS-MEDIUM-5 ODC\\STAGE 3\\01-26-2022\\SG3-Deviation Format', NULL, NULL, NULL),
(2694, 225, 107, '2022-01-21 08:26:35', NULL, NULL, '2022-01-21 08:26:35', 0, NULL, NULL, NULL, NULL, NULL, NULL),
(2695, 225, 108, '2022-01-21 08:26:35', NULL, NULL, '2022-01-21 08:26:35', 0, NULL, NULL, NULL, NULL, NULL, NULL),
(2696, 225, 109, '2022-01-21 08:26:35', NULL, NULL, '2022-01-21 08:26:35', 0, NULL, NULL, NULL, NULL, NULL, NULL),
(2697, 225, 110, '2022-01-21 08:26:35', NULL, NULL, '2022-01-21 08:26:35', 0, NULL, NULL, NULL, NULL, NULL, NULL),
(2698, 225, 111, '2022-01-21 08:26:35', NULL, NULL, '2022-01-21 08:26:35', 0, NULL, NULL, NULL, NULL, NULL, NULL),
(2699, 225, 112, '2022-01-21 08:26:35', NULL, NULL, '2022-01-21 08:26:35', 0, NULL, NULL, NULL, NULL, NULL, NULL),
(2700, 225, 113, '2022-01-21 08:26:35', NULL, NULL, '2022-01-21 08:26:35', 0, NULL, NULL, NULL, NULL, NULL, NULL),
(2701, 225, 114, '2022-01-21 08:26:35', NULL, NULL, '2022-01-21 08:26:35', 0, NULL, NULL, NULL, NULL, NULL, NULL),
(2702, 225, 115, '2022-01-21 08:26:35', NULL, NULL, '2022-01-21 08:26:35', 0, NULL, NULL, NULL, NULL, NULL, NULL),
(2703, 225, 116, '2022-01-21 08:26:35', NULL, NULL, '2022-01-21 08:26:35', 0, NULL, NULL, NULL, NULL, NULL, NULL),
(2704, 225, 117, '2022-01-21 08:26:35', NULL, NULL, '2022-01-21 08:26:35', 0, NULL, NULL, NULL, NULL, NULL, NULL),
(2705, 225, 118, '2022-01-21 08:26:35', NULL, NULL, '2022-01-21 08:26:35', 0, NULL, NULL, NULL, NULL, NULL, NULL),
(2706, 225, 119, '2022-01-21 08:26:35', NULL, '2022-01-26 10:02:46', '2022-01-21 08:26:35', -1, 'Sin requerimiento', 2, NULL, NULL, NULL, NULL),
(2707, 225, 120, '2022-01-21 08:26:35', NULL, NULL, '2022-01-21 08:26:35', 0, NULL, NULL, NULL, NULL, NULL, NULL),
(2708, 225, 121, '2022-01-21 08:26:35', NULL, NULL, '2022-01-21 08:26:35', 0, NULL, NULL, NULL, NULL, NULL, NULL),
(2709, 225, 122, '2022-01-21 08:26:35', NULL, NULL, '2022-01-21 08:26:35', 0, NULL, NULL, NULL, NULL, NULL, NULL),
(2710, 225, 123, '2022-01-21 08:26:35', NULL, NULL, '2022-01-21 08:26:35', 0, NULL, NULL, NULL, NULL, NULL, NULL),
(2711, 225, 124, '2022-01-21 08:26:35', NULL, '2022-01-27 11:13:21', '2022-01-21 08:26:35', 1, NULL, 2, 'M:\\Projects\\PDP\\2021\\NWS\\DS-MEDIUM-5 ODC\\STAGE 3\\01-26-2022\\SG3-Protype Tracebility', NULL, NULL, NULL),
(2712, 225, 125, '2022-01-21 08:26:35', NULL, NULL, '2022-01-21 08:26:35', 0, NULL, NULL, NULL, NULL, NULL, NULL),
(2714, 225, 127, '2022-01-21 08:26:35', NULL, NULL, '2022-01-21 08:26:35', 0, NULL, NULL, NULL, NULL, NULL, NULL),
(2715, 225, 128, '2022-01-21 08:26:35', NULL, NULL, '2022-01-21 08:26:35', 0, NULL, NULL, NULL, NULL, NULL, NULL),
(2716, 225, 129, '2022-01-21 08:26:35', NULL, NULL, '2022-01-21 08:26:35', 0, NULL, NULL, NULL, NULL, NULL, NULL),
(2717, 225, 130, '2022-01-21 08:26:35', NULL, NULL, '2022-01-21 08:26:35', 0, NULL, NULL, NULL, NULL, NULL, NULL),
(2718, 225, 131, '2022-01-21 08:26:35', NULL, NULL, '2022-01-21 08:26:35', 0, NULL, NULL, NULL, NULL, NULL, NULL),
(2719, 225, 132, '2022-01-21 08:26:35', NULL, '2022-01-28 07:38:25', '2022-01-21 08:26:35', 1, NULL, 2, 'M:\\Projects\\PDP\\2021\\NWS\\DS-MEDIUM-5 ODC\\STAGE 3\\01-26-2022\\SG3-21 Process Compliance', NULL, NULL, NULL),
(2720, 225, 133, '2022-01-21 08:26:35', NULL, NULL, '2022-01-21 08:26:35', 0, NULL, NULL, NULL, NULL, NULL, NULL),
(2721, 225, 134, '2022-01-21 08:26:35', NULL, NULL, '2022-01-21 08:26:35', 0, NULL, NULL, NULL, NULL, NULL, NULL),
(2722, 225, 136, '2022-01-21 08:26:35', NULL, NULL, '2022-01-21 08:26:35', 0, NULL, NULL, NULL, NULL, NULL, NULL),
(2723, 225, 137, '2022-01-21 08:26:35', NULL, '2022-01-27 10:49:02', '2022-01-21 08:26:35', 1, NULL, 2, 'M:\\Projects\\PDP\\2021\\NWS\\DS-MEDIUM-5 ODC\\STAGE 3\\01-26-2022\\SG3-22 Preliminary Work Instruction', NULL, NULL, NULL),
(2724, 225, 138, '2022-01-21 08:26:35', NULL, NULL, '2022-01-21 08:26:35', 0, NULL, NULL, NULL, NULL, NULL, NULL),
(2725, 225, 139, '2022-01-21 08:26:35', NULL, NULL, '2022-01-21 08:26:35', 0, NULL, NULL, NULL, NULL, NULL, NULL),
(2726, 225, 140, '2022-01-21 08:26:35', NULL, NULL, '2022-01-21 08:26:35', 0, NULL, NULL, NULL, NULL, NULL, NULL),
(2727, 226, 1, '2022-01-26 08:06:27', NULL, NULL, '2022-01-26 08:06:27', 0, NULL, NULL, NULL, NULL, NULL, NULL),
(2728, 226, 3, '2022-01-26 08:06:27', NULL, NULL, '2022-01-26 08:06:27', 0, NULL, NULL, NULL, NULL, NULL, NULL),
(2729, 226, 15, '2022-01-26 08:06:27', NULL, '2022-01-26 08:51:01', '2022-01-26 08:06:27', 1, NULL, 6, 'M:\\Projects\\PDP\\2022\\Smart Wires\\DS-LOW-14 SMW-P113819.2\\STAGE 1\\SG1-05 Raw material status report', NULL, NULL, NULL),
(2730, 226, 16, '2022-01-26 08:06:27', NULL, NULL, '2022-01-26 08:06:27', 0, NULL, NULL, NULL, NULL, NULL, NULL),
(2731, 226, 17, '2022-01-26 08:06:27', NULL, NULL, '2022-01-26 08:06:27', 0, NULL, NULL, NULL, NULL, NULL, NULL),
(2732, 226, 18, '2022-01-26 08:06:27', NULL, NULL, '2022-01-26 08:06:27', 0, NULL, NULL, NULL, NULL, NULL, NULL),
(2733, 226, 19, '2022-01-26 08:06:27', NULL, NULL, '2022-01-26 08:06:27', 0, NULL, NULL, NULL, NULL, NULL, NULL),
(2734, 226, 20, '2022-01-26 08:06:27', NULL, NULL, '2022-01-26 08:06:27', 0, NULL, NULL, NULL, NULL, NULL, NULL),
(2735, 226, 21, '2022-01-26 08:06:27', NULL, NULL, '2022-01-26 08:06:27', 0, NULL, NULL, NULL, NULL, NULL, NULL),
(2736, 226, 22, '2022-01-26 08:06:27', NULL, NULL, '2022-01-26 08:06:27', 0, NULL, NULL, NULL, NULL, NULL, NULL),
(2737, 226, 23, '2022-01-26 08:06:27', NULL, NULL, '2022-01-26 08:06:27', 0, NULL, NULL, NULL, NULL, NULL, NULL),
(2738, 226, 29, '2022-01-26 08:06:27', NULL, NULL, '2022-01-26 08:06:27', 0, NULL, NULL, NULL, NULL, NULL, NULL),
(2739, 226, 30, '2022-01-26 08:06:27', NULL, NULL, '2022-01-26 08:06:27', 0, NULL, NULL, NULL, NULL, NULL, NULL),
(2740, 226, 35, '2022-01-26 08:06:27', NULL, NULL, '2022-01-26 08:06:27', 0, NULL, NULL, NULL, NULL, NULL, NULL),
(2741, 226, 36, '2022-01-26 08:06:27', NULL, NULL, '2022-01-26 08:06:27', 0, NULL, NULL, NULL, NULL, NULL, NULL),
(2742, 226, 39, '2022-01-26 08:06:27', NULL, NULL, '2022-01-26 08:06:27', 0, NULL, NULL, NULL, NULL, NULL, NULL),
(2743, 226, 42, '2022-01-26 08:06:27', NULL, NULL, '2022-01-26 08:06:27', 0, NULL, NULL, NULL, NULL, NULL, NULL),
(2744, 226, 46, '2022-01-26 08:06:27', NULL, NULL, '2022-01-26 08:06:27', 0, NULL, NULL, NULL, NULL, NULL, NULL),
(2745, 226, 48, '2022-01-26 08:06:27', NULL, NULL, '2022-01-26 08:06:27', 0, NULL, NULL, NULL, NULL, NULL, NULL),
(2746, 226, 49, '2022-01-26 08:06:27', NULL, NULL, '2022-01-26 08:06:27', 0, NULL, NULL, NULL, NULL, NULL, NULL),
(2747, 226, 52, '2022-01-26 08:06:27', NULL, NULL, '2022-01-26 08:06:27', 0, NULL, NULL, NULL, NULL, NULL, NULL),
(2748, 226, 56, '2022-01-26 08:06:27', NULL, NULL, '2022-01-26 08:06:27', 0, NULL, NULL, NULL, NULL, NULL, NULL),
(2749, 226, 57, '2022-01-26 08:06:27', NULL, NULL, '2022-01-26 08:06:27', 0, NULL, NULL, NULL, NULL, NULL, NULL),
(2750, 226, 68, '2022-01-26 08:06:27', NULL, NULL, '2022-01-26 08:06:27', 0, NULL, NULL, NULL, NULL, NULL, NULL),
(2751, 226, 69, '2022-01-26 08:06:27', NULL, NULL, '2022-01-26 08:06:27', 0, NULL, NULL, NULL, NULL, NULL, NULL);
INSERT INTO `actividades_proyecto` (`idActividades_proyecto`, `idProyecto`, `idActividad`, `fechaInicio`, `fechaRequerida`, `fechaEntrega`, `fechaCrea`, `completado`, `notas`, `entregadoPor`, `ubicacion`, `fechaAprobacion`, `aprobadoPor`, `respAct`) VALUES
(2752, 226, 70, '2022-01-26 08:06:27', NULL, NULL, '2022-01-26 08:06:27', 0, NULL, NULL, NULL, NULL, NULL, NULL),
(2753, 226, 71, '2022-01-26 08:06:27', NULL, NULL, '2022-01-26 08:06:27', 0, NULL, NULL, NULL, NULL, NULL, NULL),
(2754, 226, 72, '2022-01-26 08:06:27', NULL, NULL, '2022-01-26 08:06:27', 0, NULL, NULL, NULL, NULL, NULL, NULL),
(2755, 226, 73, '2022-01-26 08:06:27', NULL, NULL, '2022-01-26 08:06:27', 0, NULL, NULL, NULL, NULL, NULL, NULL),
(2756, 226, 74, '2022-01-26 08:06:27', NULL, NULL, '2022-01-26 08:06:27', 0, NULL, NULL, NULL, NULL, NULL, NULL),
(2757, 226, 75, '2022-01-26 08:06:27', NULL, NULL, '2022-01-26 08:06:27', 0, NULL, NULL, NULL, NULL, NULL, NULL),
(2758, 226, 76, '2022-01-26 08:06:27', NULL, NULL, '2022-01-26 08:06:27', 0, NULL, NULL, NULL, NULL, NULL, NULL),
(2759, 226, 77, '2022-01-26 08:06:27', NULL, NULL, '2022-01-26 08:06:27', 0, NULL, NULL, NULL, NULL, NULL, NULL),
(2760, 226, 78, '2022-01-26 08:06:27', NULL, NULL, '2022-01-26 08:06:27', 0, NULL, NULL, NULL, NULL, NULL, NULL),
(2761, 226, 79, '2022-01-26 08:06:27', NULL, NULL, '2022-01-26 08:06:27', 0, NULL, NULL, NULL, NULL, NULL, NULL),
(2762, 226, 80, '2022-01-26 08:06:27', NULL, NULL, '2022-01-26 08:06:27', 0, NULL, NULL, NULL, NULL, NULL, NULL),
(2763, 226, 81, '2022-01-26 08:06:27', NULL, NULL, '2022-01-26 08:06:27', 0, NULL, NULL, NULL, NULL, NULL, NULL),
(2764, 226, 82, '2022-01-26 08:06:27', NULL, NULL, '2022-01-26 08:06:27', 0, NULL, NULL, NULL, NULL, NULL, NULL),
(2765, 226, 83, '2022-01-26 08:06:27', NULL, NULL, '2022-01-26 08:06:27', 0, NULL, NULL, NULL, NULL, NULL, NULL),
(2766, 226, 84, '2022-01-26 08:06:27', NULL, NULL, '2022-01-26 08:06:27', 0, NULL, NULL, NULL, NULL, NULL, NULL),
(2767, 226, 99, '2022-01-26 08:06:27', NULL, NULL, '2022-01-26 08:06:27', 0, NULL, NULL, NULL, NULL, NULL, NULL),
(2768, 226, 101, '2022-01-26 08:06:27', NULL, NULL, '2022-01-26 08:06:27', 0, NULL, NULL, NULL, NULL, NULL, NULL),
(2769, 226, 102, '2022-01-26 08:06:27', NULL, NULL, '2022-01-26 08:06:27', 0, NULL, NULL, NULL, NULL, NULL, NULL),
(2770, 226, 103, '2022-01-26 08:06:27', NULL, NULL, '2022-01-26 08:06:27', 0, NULL, NULL, NULL, NULL, NULL, NULL),
(2771, 226, 104, '2022-01-26 08:06:27', NULL, NULL, '2022-01-26 08:06:27', 0, NULL, NULL, NULL, NULL, NULL, NULL),
(2772, 226, 105, '2022-01-26 08:06:27', NULL, NULL, '2022-01-26 08:06:27', 0, NULL, NULL, NULL, NULL, NULL, NULL),
(2773, 226, 106, '2022-01-26 08:06:27', NULL, NULL, '2022-01-26 08:06:27', 0, NULL, NULL, NULL, NULL, NULL, NULL),
(2774, 226, 107, '2022-01-26 08:06:27', NULL, NULL, '2022-01-26 08:06:27', 0, NULL, NULL, NULL, NULL, NULL, NULL),
(2775, 226, 108, '2022-01-26 08:06:27', NULL, NULL, '2022-01-26 08:06:27', 0, NULL, NULL, NULL, NULL, NULL, NULL),
(2776, 226, 109, '2022-01-26 08:06:27', NULL, NULL, '2022-01-26 08:06:27', 0, NULL, NULL, NULL, NULL, NULL, NULL),
(2777, 226, 110, '2022-01-26 08:06:27', NULL, NULL, '2022-01-26 08:06:27', 0, NULL, NULL, NULL, NULL, NULL, NULL),
(2778, 226, 111, '2022-01-26 08:06:27', NULL, NULL, '2022-01-26 08:06:27', 0, NULL, NULL, NULL, NULL, NULL, NULL),
(2779, 226, 112, '2022-01-26 08:06:27', NULL, NULL, '2022-01-26 08:06:27', 0, NULL, NULL, NULL, NULL, NULL, NULL),
(2780, 226, 113, '2022-01-26 08:06:27', NULL, '2022-01-26 08:52:19', '2022-01-26 08:06:27', 1, NULL, 6, 'M:\\Projects\\PDP\\2022\\Smart Wires\\DS-LOW-14 SMW-P113819.2\\STAGE 2\\SG2-06 Purchase order', NULL, NULL, NULL),
(2781, 226, 114, '2022-01-26 08:06:27', NULL, NULL, '2022-01-26 08:06:27', 0, NULL, NULL, NULL, NULL, NULL, NULL),
(2782, 226, 115, '2022-01-26 08:06:27', NULL, NULL, '2022-01-26 08:06:27', 0, NULL, NULL, NULL, NULL, NULL, NULL),
(2783, 226, 116, '2022-01-26 08:06:27', NULL, NULL, '2022-01-26 08:06:27', 0, NULL, NULL, NULL, NULL, NULL, NULL),
(2784, 226, 117, '2022-01-26 08:06:27', NULL, NULL, '2022-01-26 08:06:27', 0, NULL, NULL, NULL, NULL, NULL, NULL),
(2785, 226, 118, '2022-01-26 08:06:27', NULL, NULL, '2022-01-26 08:06:27', 0, NULL, NULL, NULL, NULL, NULL, NULL),
(2786, 226, 119, '2022-01-26 08:06:27', NULL, NULL, '2022-01-26 08:06:27', 0, NULL, NULL, NULL, NULL, NULL, NULL),
(2787, 226, 120, '2022-01-26 08:06:27', NULL, NULL, '2022-01-26 08:06:27', 0, NULL, NULL, NULL, NULL, NULL, NULL),
(2788, 226, 121, '2022-01-26 08:06:27', NULL, NULL, '2022-01-26 08:06:27', 0, NULL, NULL, NULL, NULL, NULL, NULL),
(2789, 226, 122, '2022-01-26 08:06:27', NULL, NULL, '2022-01-26 08:06:27', 0, NULL, NULL, NULL, NULL, NULL, NULL),
(2790, 226, 123, '2022-01-26 08:06:27', NULL, NULL, '2022-01-26 08:06:27', 0, NULL, NULL, NULL, NULL, NULL, NULL),
(2791, 226, 124, '2022-01-26 08:06:27', NULL, NULL, '2022-01-26 08:06:27', 0, NULL, NULL, NULL, NULL, NULL, NULL),
(2792, 226, 125, '2022-01-26 08:06:27', NULL, NULL, '2022-01-26 08:06:27', 0, NULL, NULL, NULL, NULL, NULL, NULL),
(2794, 226, 127, '2022-01-26 08:06:27', NULL, NULL, '2022-01-26 08:06:27', 0, NULL, NULL, NULL, NULL, NULL, NULL),
(2795, 226, 128, '2022-01-26 08:06:27', NULL, NULL, '2022-01-26 08:06:27', 0, NULL, NULL, NULL, NULL, NULL, NULL),
(2797, 226, 130, '2022-01-26 08:06:27', NULL, NULL, '2022-01-26 08:06:27', 0, NULL, NULL, NULL, NULL, NULL, NULL),
(2798, 226, 131, '2022-01-26 08:06:27', NULL, NULL, '2022-01-26 08:06:27', 0, NULL, NULL, NULL, NULL, NULL, NULL),
(2799, 226, 132, '2022-01-26 08:06:27', NULL, NULL, '2022-01-26 08:06:27', 0, NULL, NULL, NULL, NULL, NULL, NULL),
(2800, 226, 133, '2022-01-26 08:06:27', NULL, NULL, '2022-01-26 08:06:27', 0, NULL, NULL, NULL, NULL, NULL, NULL),
(2801, 226, 134, '2022-01-26 08:06:27', NULL, NULL, '2022-01-26 08:06:27', 0, NULL, NULL, NULL, NULL, NULL, NULL),
(2802, 226, 136, '2022-01-26 08:06:27', NULL, NULL, '2022-01-26 08:06:27', 0, NULL, NULL, NULL, NULL, NULL, NULL),
(2803, 226, 137, '2022-01-26 08:06:27', NULL, NULL, '2022-01-26 08:06:27', 0, NULL, NULL, NULL, NULL, NULL, NULL),
(2804, 226, 138, '2022-01-26 08:06:27', NULL, NULL, '2022-01-26 08:06:27', 0, NULL, NULL, NULL, NULL, NULL, NULL),
(2805, 226, 139, '2022-01-26 08:06:27', NULL, NULL, '2022-01-26 08:06:27', 0, NULL, NULL, NULL, NULL, NULL, NULL),
(2806, 226, 140, '2022-01-26 08:06:27', NULL, NULL, '2022-01-26 08:06:27', 0, NULL, NULL, NULL, NULL, NULL, NULL),
(2807, 227, 69, '2022-02-08 08:58:11', '2022-02-02 00:00:00', '2022-03-23 17:40:05', '2022-02-08 08:58:11', 1, NULL, 3, 'M:\\Projects\\PDP\\2022\\NWS\\Validations\\VT-MEDIUM-3 5307-6FT\\SG3-24 Final BOM', NULL, NULL, NULL),
(2808, 227, 70, '2022-02-08 08:58:11', '2022-02-02 00:00:00', '2022-02-08 11:08:00', '2022-02-08 08:58:11', 1, '', 2, 'M:\\Projects\\PDP\\2022\\NWS\\VT-MEDIUM-3 5307-6FT\\SG3-16 Product Samples', NULL, NULL, NULL),
(2809, 227, 72, '2022-02-08 08:58:11', '2022-02-02 00:00:00', '2022-02-08 10:01:30', '2022-02-08 08:58:11', -1, 'No funcional', 2, NULL, NULL, NULL, NULL),
(2810, 227, 73, '2022-02-08 08:58:11', '2022-02-02 00:00:00', '2022-02-08 10:01:25', '2022-02-08 08:58:11', -1, 'No funcional', 2, NULL, NULL, NULL, NULL),
(2811, 227, 74, '2022-02-08 08:58:11', '2022-02-02 00:00:00', '2022-02-08 10:01:09', '2022-02-08 08:58:11', -1, 'No funcional', 2, NULL, NULL, NULL, NULL),
(2812, 227, 75, '2022-02-08 08:58:11', '2022-02-02 00:00:00', '2022-02-08 10:01:14', '2022-02-08 08:58:11', -1, 'No funcional', 2, NULL, NULL, NULL, NULL),
(2813, 227, 76, '2022-02-08 08:58:11', '2022-02-02 00:00:00', '2022-02-08 10:01:03', '2022-02-08 08:58:11', -1, 'No funcional', 2, NULL, NULL, NULL, NULL),
(2814, 227, 77, '2022-02-08 08:58:11', '2022-02-02 00:00:00', '2022-02-08 10:01:20', '2022-02-08 08:58:11', -1, 'No funcional', 2, NULL, NULL, NULL, NULL),
(2815, 227, 78, '2022-02-08 08:58:11', '2022-02-02 00:00:00', '2022-02-08 10:01:36', '2022-02-08 08:58:11', -1, 'No funcional', 2, NULL, NULL, NULL, NULL),
(2816, 227, 79, '2022-02-08 08:58:11', '2022-02-02 00:00:00', '2022-03-22 09:42:46', '2022-02-08 08:58:11', -1, 'This project not require IP test', 9, NULL, NULL, NULL, NULL),
(2817, 227, 80, '2022-02-08 08:58:11', '2022-02-02 00:00:00', '2022-02-18 07:48:30', '2022-02-08 08:58:11', -1, 'Mockup nonfunctional sample of the bottom part of EHCS assembly. There is no required Testing. ', 3, NULL, NULL, NULL, NULL),
(2818, 227, 81, '2022-02-08 08:58:11', '2022-02-02 00:00:00', '2022-02-18 07:48:20', '2022-02-08 08:58:11', -1, 'Mockup nonfunctional sample of the bottom part of EHCS assembly. There is no required Testing. ', 3, NULL, NULL, NULL, NULL),
(2820, 227, 132, '2022-02-08 08:58:11', '2022-02-02 00:00:00', '2022-02-08 11:13:46', '2022-02-08 08:58:11', 1, '', 2, 'M:\\Projects\\PDP\\2022\\NWS\\VT-MEDIUM-3 5307-6FT\\SG3-15 Process Compliance', NULL, NULL, NULL),
(2821, 228, 69, '2022-02-09 09:11:27', NULL, NULL, '2022-02-09 09:11:27', 0, NULL, NULL, NULL, NULL, NULL, NULL),
(2822, 228, 70, '2022-02-09 09:11:27', NULL, '2022-02-23 10:34:02', '2022-02-09 09:11:27', 1, NULL, 2, 'M:\\Projects\\PDP\\2022\\NWS\\Validations\\VT-LOW-12 Helkama 2\\SG3-16 Product Samples', NULL, NULL, NULL),
(2823, 228, 72, '2022-02-09 09:11:27', NULL, '2022-02-23 10:16:08', '2022-02-09 09:11:27', -1, 'SIN REQUERIMIENTO', 2, NULL, NULL, NULL, NULL),
(2824, 228, 73, '2022-02-09 09:11:27', NULL, '2022-02-23 10:17:06', '2022-02-09 09:11:27', -1, 'SI  REQUERIMIENTO', 2, NULL, NULL, NULL, NULL),
(2825, 228, 74, '2022-02-09 09:11:27', NULL, '2022-02-23 10:34:26', '2022-02-09 09:11:27', -1, 'SIN REQUERIMIENTO', 2, NULL, NULL, NULL, NULL),
(2826, 228, 75, '2022-02-09 09:11:27', NULL, '2022-02-23 10:16:26', '2022-02-09 09:11:27', -1, 'SIN REQUERIMIENTO', 2, NULL, NULL, NULL, NULL),
(2827, 228, 76, '2022-02-09 09:11:27', NULL, '2022-02-23 10:16:53', '2022-02-09 09:11:27', -1, 'SIN REQUERIMIRNTO', 2, NULL, NULL, NULL, NULL),
(2828, 228, 77, '2022-02-09 09:11:27', NULL, '2022-02-23 10:16:39', '2022-02-09 09:11:27', -1, 'SIN REQUERIMIENTO', 2, NULL, NULL, NULL, NULL),
(2829, 228, 78, '2022-02-09 09:11:27', NULL, '2022-02-23 10:15:48', '2022-02-09 09:11:27', 2, NULL, 2, 'M:\\Projects\\PDP\\2022\\NWS\\Validations\\VT-LOW-12 Helkama 2\\SG3-11 Electrical Test IL-RL', '2022-02-24 11:34:17', 9, NULL),
(2830, 228, 79, '2022-02-09 09:11:27', NULL, '2022-02-24 11:32:24', '2022-02-09 09:11:27', -1, 'This validation does not have IP requirement', 9, NULL, NULL, NULL, NULL),
(2831, 228, 80, '2022-02-09 09:11:27', NULL, NULL, '2022-02-09 09:11:27', 0, NULL, NULL, NULL, NULL, NULL, NULL),
(2832, 228, 81, '2022-02-09 09:11:27', NULL, NULL, '2022-02-09 09:11:27', 0, NULL, NULL, NULL, NULL, NULL, NULL),
(2834, 228, 132, '2022-02-09 09:11:27', NULL, '2022-02-23 10:25:30', '2022-02-09 09:11:27', 1, NULL, 2, 'M:\\Projects\\PDP\\2022\\NWS\\Validations\\VT-LOW-12 Helkama 2\\SG3-15 Process Compliance', NULL, NULL, NULL),
(2835, 202, 56, '2022-02-15 15:36:38', '2100-10-09 00:00:00', NULL, '2022-02-15 15:36:38', 0, NULL, NULL, NULL, NULL, NULL, NULL),
(2836, 202, 117, '2022-02-15 15:36:38', '2100-10-09 00:00:00', NULL, '2022-02-15 15:36:38', 0, NULL, NULL, NULL, NULL, NULL, NULL),
(2837, 202, 118, '2022-02-15 15:36:38', '2100-10-09 00:00:00', NULL, '2022-02-15 15:36:38', 0, NULL, NULL, NULL, NULL, NULL, NULL),
(2838, 202, 119, '2022-02-15 15:36:38', '2100-10-09 00:00:00', '2022-03-07 11:54:32', '2022-02-15 15:36:38', -1, 'SE REALIZO PRODUCT SAMPLE', 7, NULL, NULL, NULL, NULL),
(2839, 202, 123, '2022-02-15 15:36:38', '2100-10-09 00:00:00', NULL, '2022-02-15 15:36:38', 0, NULL, NULL, NULL, NULL, NULL, NULL),
(2840, 202, 124, '2022-02-15 15:36:38', '2100-10-09 00:00:00', '2022-03-11 15:24:42', '2022-02-15 15:36:38', -1, 'La muestra realizada es para el COE. No se embarcara. ', 7, NULL, NULL, NULL, NULL),
(2841, 202, 127, '2022-02-15 15:36:38', '2100-10-09 00:00:00', NULL, '2022-02-15 15:36:38', 0, NULL, NULL, NULL, NULL, NULL, NULL),
(2842, 202, 131, '2022-02-15 15:36:38', '2100-10-09 00:00:00', '2022-03-16 10:01:07', '2022-02-15 15:36:38', -1, 'se realizo muestras ', 7, NULL, NULL, NULL, NULL),
(2843, 202, 137, '2022-02-15 15:36:38', '2100-10-09 00:00:00', '2022-03-11 15:20:10', '2022-02-15 15:36:38', 1, NULL, 7, 'M:\\Projects\\PDP\\2021\\Corning-Ericcson\\DS-HIGH-29 COC-5312A-XXM\\STAGE 3\\SG3-15 Final Assembly Work Instruction', NULL, NULL, NULL),
(2844, 202, 139, '2022-02-15 15:36:38', '2100-10-09 00:00:00', NULL, '2022-02-15 15:36:38', 0, NULL, NULL, NULL, NULL, NULL, NULL),
(2845, 202, 68, '2022-02-15 15:36:38', '2100-10-09 00:00:00', '2022-03-07 11:07:15', '2022-02-15 15:36:38', 2, NULL, 7, 'M:\\Projects\\PDP\\2021\\Corning-Ericcson\\DS-HIGH-29 COC-5312A-XXM\\STAGE 3\\SG3-01 PFMEA', '2022-03-16 08:44:38', 9, NULL),
(2846, 202, 69, '2022-02-15 15:36:38', '2100-10-09 00:00:00', NULL, '2022-02-15 15:36:38', 0, NULL, NULL, NULL, NULL, NULL, NULL),
(2847, 202, 70, '2022-02-15 15:36:38', '2100-10-09 00:00:00', '2022-03-23 07:32:59', '2022-02-15 15:36:38', 1, NULL, 7, 'M:\\Projects\\PDP\\2021\\Corning-Ericcson\\DS-HIGH-29 COC-5312A-XXM\\STAGE 3\\SG3-03 Product Samples', NULL, NULL, NULL),
(2848, 202, 71, '2022-02-15 15:36:38', '2100-10-09 00:00:00', '2022-03-07 11:53:09', '2022-02-15 15:36:38', 1, NULL, 7, 'M:\\Projects\\PDP\\2021\\Corning-Ericcson\\DS-HIGH-29 COC-5312A-XXM\\STAGE 3\\SG3-04 First Article Report FAR', NULL, NULL, NULL),
(2849, 202, 74, '2022-02-15 15:36:38', '2100-10-09 00:00:00', '2022-03-07 11:04:38', '2022-02-15 15:36:38', 1, NULL, 7, 'na', NULL, NULL, NULL),
(2850, 202, 75, '2022-02-15 15:36:38', '2100-10-09 00:00:00', '2022-02-23 15:21:54', '2022-02-15 15:36:38', -1, 'no se requiere esta prueba', 7, NULL, NULL, NULL, NULL),
(2851, 202, 76, '2022-02-15 15:36:38', '2100-10-09 00:00:00', '2022-02-23 15:19:01', '2022-02-15 15:36:38', -1, 'no se requiere electrical test', 7, NULL, NULL, NULL, NULL),
(2852, 202, 77, '2022-02-15 15:36:38', '2100-10-09 00:00:00', '2022-02-23 15:22:11', '2022-02-15 15:36:38', -1, 'no se requiere esta prueba', 7, NULL, NULL, NULL, NULL),
(2853, 202, 79, '2022-02-15 15:36:38', '2100-10-09 00:00:00', NULL, '2022-02-15 15:36:38', 0, NULL, NULL, NULL, NULL, NULL, NULL),
(2854, 202, 80, '2022-02-15 15:36:38', '2100-10-09 00:00:00', NULL, '2022-02-15 15:36:38', 0, NULL, NULL, NULL, NULL, NULL, NULL),
(2855, 202, 106, '2022-02-15 15:36:38', '2100-10-09 00:00:00', '2022-03-07 11:05:30', '2022-02-15 15:36:38', -1, 'se utilizaron los componentes del bom', 7, NULL, NULL, NULL, NULL),
(2856, 202, 128, '2022-02-15 15:36:38', '2100-10-09 00:00:00', NULL, '2022-02-15 15:36:38', 0, NULL, NULL, NULL, NULL, NULL, NULL),
(2857, 202, 132, '2022-02-15 15:36:38', '2100-10-09 00:00:00', '2022-03-23 07:36:18', '2022-02-15 15:36:38', -1, 'se realizaron muestras para thermochamber', 7, NULL, NULL, NULL, NULL),
(2858, 202, 133, '2022-02-15 15:36:38', '2100-10-09 00:00:00', NULL, '2022-02-15 15:36:38', 0, NULL, NULL, NULL, NULL, NULL, NULL),
(2859, 202, 136, '2022-02-15 15:36:38', '2100-10-09 00:00:00', NULL, '2022-02-15 15:36:38', 0, NULL, NULL, NULL, NULL, NULL, NULL),
(2860, 202, 138, '2022-02-15 15:36:38', '2100-10-09 00:00:00', NULL, '2022-02-15 15:36:38', 0, NULL, NULL, NULL, NULL, NULL, NULL),
(2861, 202, 140, '2022-02-15 15:36:38', '2100-10-09 00:00:00', NULL, '2022-02-15 15:36:38', 0, NULL, NULL, NULL, NULL, NULL, NULL),
(2862, 202, 129, '2022-02-15 15:36:38', '2100-10-09 00:00:00', '2022-03-23 07:33:36', '2022-02-15 15:36:38', 1, NULL, 7, 'na', NULL, NULL, NULL),
(2863, 202, 130, '2022-02-15 15:36:38', '2100-10-09 00:00:00', NULL, '2022-02-15 15:36:38', 0, NULL, NULL, NULL, NULL, NULL, NULL),
(2945, 230, 70, '2022-02-22 13:51:32', NULL, '2022-02-25 07:24:12', '2022-02-22 13:51:32', 1, NULL, 2, 'M:\\Projects\\PDP\\2022\\NWS\\Validations\\VT-LOW-14 Senko Redesign\\SG3-16 Product Samples', NULL, NULL, NULL),
(2946, 230, 72, '2022-02-22 13:51:32', NULL, '2022-02-23 10:35:29', '2022-02-22 13:51:32', -1, 'SIN REQUERIMIENTO', 2, NULL, NULL, NULL, NULL),
(2947, 230, 73, '2022-02-22 13:51:32', NULL, '2022-02-23 10:35:40', '2022-02-22 13:51:32', -1, 'SIN REQUERIMIENTO', 2, NULL, NULL, NULL, NULL),
(2948, 230, 74, '2022-02-22 13:51:32', NULL, '2022-02-23 10:35:06', '2022-02-22 13:51:32', -1, 'SOLO FIBRA', 2, NULL, NULL, NULL, NULL),
(2949, 230, 75, '2022-02-22 13:51:32', NULL, '2022-02-23 10:34:55', '2022-02-22 13:51:32', -1, 'SOLO FIBRA', 2, NULL, NULL, NULL, NULL),
(2950, 230, 76, '2022-02-22 13:51:32', NULL, '2022-02-23 10:34:47', '2022-02-22 13:51:32', -1, 'SOLO FIBRA', 2, NULL, NULL, NULL, NULL),
(2951, 230, 77, '2022-02-22 13:51:32', NULL, '2022-02-23 10:35:17', '2022-02-22 13:51:32', -1, 'SOLO FIBRA', 2, NULL, NULL, NULL, NULL),
(2952, 230, 78, '2022-02-22 13:51:32', NULL, '2022-02-23 10:35:56', '2022-02-22 13:51:32', -1, 'SIN REQUERIMIENTO', 2, NULL, NULL, NULL, NULL),
(2953, 230, 79, '2022-02-22 13:51:32', NULL, '2022-08-05 14:16:16', '2022-02-22 13:51:32', -1, 'Muestra no funcional', 9, NULL, NULL, NULL, NULL),
(2954, 230, 80, '2022-02-22 13:51:32', NULL, '2022-08-15 17:05:57', '2022-02-22 13:51:32', 1, NULL, 3, 'M:\\Projects\\PDP\\2022\\NWS\\Validations\\VT-LOW-14 Senko Redesign\\SG3-17 Environmental Test Thermal Cycle Test', NULL, NULL, NULL),
(2957, 230, 132, '2022-02-22 13:51:32', NULL, '2022-02-24 12:01:42', '2022-02-22 13:51:32', -1, 'NO FUNCIONALES SOLO MECANICAS', 2, NULL, NULL, NULL, NULL),
(2960, 231, 72, '2022-02-24 11:49:59', NULL, '2022-02-24 12:14:42', '2022-02-24 11:49:59', -1, 'SIN REQUERIMIENTO', 2, NULL, NULL, NULL, NULL),
(2961, 231, 73, '2022-02-24 11:49:59', NULL, '2022-02-24 12:14:26', '2022-02-24 11:49:59', -1, 'SIN REQUERIMIENTO', 2, NULL, NULL, NULL, NULL),
(2962, 231, 74, '2022-02-24 11:49:59', NULL, '2022-02-24 12:13:52', '2022-02-24 11:49:59', -1, 'SOLO FIBRA', 2, NULL, NULL, NULL, NULL),
(2963, 231, 75, '2022-02-24 11:49:59', NULL, '2022-02-24 12:13:59', '2022-02-24 11:49:59', -1, 'SOLO FIBRA', 2, NULL, NULL, NULL, NULL),
(2964, 231, 76, '2022-02-24 11:49:59', NULL, '2022-02-24 12:13:44', '2022-02-24 11:49:59', -1, 'SOLO FIBRA', 2, NULL, NULL, NULL, NULL),
(2965, 231, 77, '2022-02-24 11:49:59', NULL, '2022-02-24 12:14:11', '2022-02-24 11:49:59', -1, 'SOLO FIBRA', 2, NULL, NULL, NULL, NULL),
(2966, 231, 78, '2022-02-24 11:49:59', NULL, '2022-02-25 10:09:38', '2022-02-24 11:49:59', -1, 'NO FUNCIONALES', 2, NULL, NULL, NULL, NULL),
(2967, 231, 79, '2022-02-24 11:49:59', NULL, '2022-08-05 14:15:32', '2022-02-24 11:49:59', -1, 'Se fabrico muestra no funcional', 9, NULL, NULL, NULL, NULL),
(2968, 231, 80, '2022-02-24 11:49:59', NULL, '2022-08-15 17:00:23', '2022-02-24 11:49:59', 1, NULL, 3, 'M:\\Projects\\PDP\\2022\\NWS\\Validations\\VT-LOW-16 SNKO-CD2\\TC', NULL, NULL, NULL),
(2971, 231, 132, '2022-02-24 11:49:59', NULL, '2022-03-08 11:47:49', '2022-02-24 11:49:59', 1, NULL, 2, 'M:\\Projects\\PDP\\2022\\NWS\\Validations\\VT-LOW-16 SNKO-CD2\\Fotos Senko CD2', NULL, NULL, NULL),
(2972, 232, 1, '2022-02-28 09:18:09', NULL, '2022-03-25 16:08:09', '2022-02-28 09:18:09', 1, NULL, 6, 'M:\\Projects\\PDP\\2022\\NWS\\DS-LOW-14 H1AOPC JUMPERS\\STAGE 1\\SG1-01 Customer request for COE services', NULL, NULL, NULL),
(2973, 232, 3, '2022-02-28 09:18:09', NULL, '2022-07-25 09:06:04', '2022-02-28 09:18:09', -1, 'N/A', 6, NULL, NULL, NULL, NULL),
(2974, 232, 15, '2022-02-28 09:18:09', NULL, '2022-03-27 18:57:33', '2022-02-28 09:18:09', 1, NULL, 6, 'M:\\Projects\\PDP\\2022\\NWS\\DS-LOW-14 H1AOPC JUMPERS\\STAGE 1\\SG1-05 Raw material status report', NULL, NULL, NULL),
(2975, 232, 16, '2022-02-28 09:18:09', NULL, '2022-03-27 19:14:58', '2022-02-28 09:18:09', 1, NULL, 6, 'M:\\Projects\\PDP\\2022\\NWS\\DS-LOW-14 H1AOPC JUMPERS\\STAGE 1\\SG1-06 Raw material purchase orders', NULL, NULL, NULL),
(2976, 232, 17, '2022-02-28 09:18:09', NULL, NULL, '2022-02-28 09:18:09', 0, NULL, NULL, NULL, NULL, NULL, NULL),
(2977, 232, 18, '2022-02-28 09:18:09', NULL, '2022-03-28 08:27:58', '2022-02-28 09:18:09', 1, NULL, 6, 'M:\\Projects\\PDP\\2022\\NWS\\DS-LOW-14 H1AOPC JUMPERS\\STAGE 1\\SG1-08 Price calculation for COE service', NULL, NULL, NULL),
(2978, 232, 19, '2022-02-28 09:18:09', NULL, '2022-03-28 08:28:37', '2022-02-28 09:18:09', 1, NULL, 6, 'M:\\Projects\\PDP\\2022\\NWS\\DS-LOW-14 H1AOPC JUMPERS\\STAGE 1\\SG1-09 Formal quotation for COE Services', NULL, NULL, NULL),
(2979, 232, 20, '2022-02-28 09:18:09', NULL, NULL, '2022-02-28 09:18:09', 0, NULL, NULL, NULL, NULL, NULL, NULL),
(2980, 232, 21, '2022-02-28 09:18:09', NULL, '2022-03-27 18:45:05', '2022-02-28 09:18:09', 1, NULL, 6, 'M:\\Projects\\PDP\\2022\\NWS\\DS-LOW-14 H1AOPC JUMPERS\\STAGE 1\\SG1-11 Project ship date', NULL, NULL, NULL),
(2981, 232, 22, '2022-02-28 09:18:09', NULL, '2022-03-25 16:08:59', '2022-02-28 09:18:09', 1, NULL, 6, 'M:\\Projects\\PDP\\2022\\NWS\\DS-LOW-14 H1AOPC JUMPERS\\STAGE 1\\SG1-12 Tracking for prototype FA', NULL, NULL, NULL),
(2982, 232, 23, '2022-02-28 09:18:09', NULL, NULL, '2022-02-28 09:18:09', 0, NULL, NULL, NULL, NULL, NULL, NULL),
(2983, 232, 29, '2022-02-28 09:18:09', NULL, NULL, '2022-02-28 09:18:09', 0, NULL, NULL, NULL, NULL, NULL, NULL),
(2984, 232, 30, '2022-02-28 09:18:09', NULL, NULL, '2022-02-28 09:18:09', 0, NULL, NULL, NULL, NULL, NULL, NULL),
(2985, 232, 35, '2022-02-28 09:18:09', NULL, NULL, '2022-02-28 09:18:09', 0, NULL, NULL, NULL, NULL, NULL, NULL),
(2986, 232, 36, '2022-02-28 09:18:09', NULL, '2022-06-09 09:11:09', '2022-02-28 09:18:09', 1, NULL, 9, 'M:\\Projects\\PDP\\INDUSTRIAL STANDARDS', NULL, NULL, NULL),
(2987, 232, 39, '2022-02-28 09:18:09', NULL, '2022-03-18 10:43:28', '2022-02-28 09:18:09', -1, 'N/A', 2, NULL, NULL, NULL, NULL),
(2988, 232, 42, '2022-02-28 09:18:09', NULL, NULL, '2022-02-28 09:18:09', 0, NULL, NULL, NULL, NULL, NULL, NULL),
(2989, 232, 46, '2022-02-28 09:18:09', NULL, NULL, '2022-02-28 09:18:09', 0, NULL, NULL, NULL, NULL, NULL, NULL),
(2990, 232, 48, '2022-02-28 09:18:09', NULL, NULL, '2022-02-28 09:18:09', 0, NULL, NULL, NULL, NULL, NULL, NULL),
(2991, 232, 49, '2022-02-28 09:18:09', NULL, NULL, '2022-02-28 09:18:09', 0, NULL, NULL, NULL, NULL, NULL, NULL),
(2992, 232, 52, '2022-02-28 09:18:09', NULL, NULL, '2022-02-28 09:18:09', 0, NULL, NULL, NULL, NULL, NULL, NULL),
(2993, 232, 56, '2022-02-28 09:18:09', NULL, '2022-08-02 11:48:43', '2022-02-28 09:18:09', -1, 'No se hizo incoming inspection en el COE', 9, NULL, NULL, NULL, NULL),
(2994, 232, 57, '2022-02-28 09:18:09', NULL, NULL, '2022-02-28 09:18:09', 0, NULL, NULL, NULL, NULL, NULL, NULL),
(2995, 232, 68, '2022-02-28 09:18:09', NULL, '2022-08-25 11:21:00', '2022-02-28 09:18:09', 2, NULL, 2, 'M:\\Projects\\PDP\\2022\\NWS\\DS-LOW-14 H1AOPC JUMPERS\\STAGE 3\\SG3-01 PFMEA', '2022-10-17 16:32:11', 9, NULL),
(2996, 232, 69, '2022-02-28 09:18:09', NULL, NULL, '2022-02-28 09:18:09', 0, NULL, NULL, NULL, NULL, NULL, NULL),
(2997, 232, 70, '2022-02-28 09:18:09', NULL, '2022-03-22 10:32:59', '2022-02-28 09:18:09', 1, NULL, 2, 'M:\\Projects\\PDP\\2022\\NWS\\DS-LOW-14 H1AOPC JUMPERS\\STAGE 3\\SG3-03 Product Samples', NULL, NULL, NULL),
(2998, 232, 71, '2022-02-28 09:18:09', NULL, '2022-03-22 10:15:59', '2022-02-28 09:18:09', 1, NULL, 2, 'M:\\Projects\\PDP\\2022\\NWS\\DS-LOW-14 H1AOPC JUMPERS\\STAGE 3\\SG3-04 First Article Report FAR', NULL, NULL, NULL),
(2999, 232, 72, '2022-02-28 09:18:09', NULL, '2022-03-16 15:55:51', '2022-02-28 09:18:09', -1, 'N/A', 2, NULL, NULL, NULL, NULL),
(3000, 232, 73, '2022-02-28 09:18:09', NULL, '2022-03-16 15:55:43', '2022-02-28 09:18:09', -1, 'N/A', 2, NULL, NULL, NULL, NULL),
(3001, 232, 74, '2022-02-28 09:18:09', NULL, '2022-03-22 10:09:35', '2022-02-28 09:18:09', -1, 'FAR', 2, NULL, NULL, NULL, NULL),
(3002, 232, 75, '2022-02-28 09:18:09', NULL, '2022-03-22 10:09:43', '2022-02-28 09:18:09', -1, 'N/A', 2, NULL, NULL, NULL, NULL),
(3003, 232, 76, '2022-02-28 09:18:09', NULL, '2022-03-22 10:09:25', '2022-02-28 09:18:09', -1, 'N/A', 2, NULL, NULL, NULL, NULL),
(3004, 232, 77, '2022-02-28 09:18:09', NULL, '2022-03-18 10:43:49', '2022-02-28 09:18:09', -1, 'N/A', 2, NULL, NULL, NULL, NULL),
(3005, 232, 78, '2022-02-28 09:18:09', NULL, '2022-03-18 10:43:16', '2022-02-28 09:18:09', 2, NULL, 2, 'M:\\Projects\\PDP\\2022\\NWS\\DS-LOW-14 H1AOPC JUMPERS\\STAGE 3\\SG3-11 Optical Performance Test IL RL', '2022-03-23 10:03:24', 9, NULL),
(3006, 232, 79, '2022-02-28 09:18:09', NULL, '2022-08-25 07:47:41', '2022-02-28 09:18:09', -1, 'Similar product passed IPX7 test', 9, NULL, NULL, NULL, NULL),
(3007, 232, 80, '2022-02-28 09:18:09', NULL, NULL, '2022-02-28 09:18:09', 0, NULL, NULL, NULL, NULL, NULL, NULL),
(3008, 232, 81, '2022-02-28 09:18:09', NULL, NULL, '2022-02-28 09:18:09', 0, NULL, NULL, NULL, NULL, NULL, NULL),
(3009, 232, 82, '2022-02-28 09:18:09', NULL, '2022-03-24 16:18:50', '2022-02-28 09:18:09', 2, NULL, 2, 'M:\\Projects\\PDP\\2022\\NWS\\DS-LOW-14 H1AOPC JUMPERS\\STAGE 3\\SG3-15 Final Assembly Work Instruction', '2022-03-31 07:46:13', 9, NULL),
(3010, 232, 83, '2022-02-28 09:18:09', NULL, '2022-03-18 10:44:11', '2022-02-28 09:18:09', -1, 'N/A', 2, NULL, NULL, NULL, NULL),
(3011, 232, 84, '2022-02-28 09:18:09', NULL, '2022-07-25 09:05:12', '2022-02-28 09:18:09', 1, NULL, 6, 'M:\\Projects\\PDP\\2022\\NWS\\DS-LOW-18 HJ-H1AOPC-APC-XSM6-XXFT\\Customer Approval', NULL, NULL, NULL),
(3012, 232, 99, '2022-02-28 09:18:09', NULL, '2022-06-09 09:09:21', '2022-02-28 09:18:09', -1, 'Not apply for this project', 9, NULL, NULL, NULL, NULL),
(3013, 232, 101, '2022-02-28 09:18:09', NULL, '2022-08-25 07:49:47', '2022-02-28 09:18:09', 1, NULL, 9, 'M:\\Projects\\PDP\\2022\\NWS\\DS-LOW-14 H1AOPC JUMPERS\\STAGE 1\\SG1-13 Risk Assesment 1', NULL, NULL, NULL),
(3014, 232, 102, '2022-02-28 09:18:09', NULL, '2022-06-09 09:08:32', '2022-02-28 09:18:09', 1, NULL, 9, 'M:\\Projects\\PDP\\2022\\NWS\\DS-LOW-18 HJ-H1AOPC-APC-XSM6-XXFT\\FAIR', NULL, NULL, NULL),
(3015, 232, 103, '2022-02-28 09:18:09', NULL, '2022-03-22 10:09:15', '2022-02-28 09:18:09', 1, NULL, 2, 'M:\\Projects\\PDP\\2022\\NWS\\DS-LOW-14 H1AOPC JUMPERS\\STAGE 3\\SG3-04 First Article Report FAR', NULL, NULL, NULL),
(3016, 232, 104, '2022-02-28 09:18:09', NULL, '2022-08-02 12:13:54', '2022-02-28 09:18:09', 1, NULL, 9, 'M:\\Projects\\PDP\\2022\\NWS\\DS-LOW-14 H1AOPC JUMPERS\\STAGE 3\\SG3-18 FAIR', NULL, NULL, NULL),
(3017, 232, 105, '2022-02-28 09:18:09', NULL, NULL, '2022-02-28 09:18:09', 0, NULL, NULL, NULL, NULL, NULL, NULL),
(3018, 232, 106, '2022-02-28 09:18:09', NULL, '2022-03-24 16:46:17', '2022-02-28 09:18:09', 1, NULL, 2, 'M:\\Projects\\PDP\\2022\\NWS\\DS-LOW-14 H1AOPC JUMPERS\\STAGE 3\\SG3-20 Deviation Format', NULL, NULL, NULL),
(3019, 232, 107, '2022-02-28 09:18:09', NULL, '2022-03-27 19:18:39', '2022-02-28 09:18:09', -1, 'Not provided', 6, NULL, NULL, NULL, NULL),
(3020, 232, 108, '2022-02-28 09:18:09', NULL, '2022-03-27 19:17:05', '2022-02-28 09:18:09', 1, NULL, 6, 'M:\\Projects\\PDP\\2022\\NWS\\DS-LOW-14 H1AOPC JUMPERS\\STAGE 1\\SG1-04 Customer Desired Ship Date', NULL, NULL, NULL),
(3021, 232, 109, '2022-02-28 09:18:09', NULL, '2022-03-26 22:26:01', '2022-02-28 09:18:09', 1, NULL, 6, 'M:\\Projects\\PDP\\2022\\NWS\\DS-LOW-14 H1AOPC JUMPERS\\STAGE 1\\SG1-14 Project categorycomplexity workload hour', NULL, NULL, NULL),
(3022, 232, 110, '2022-02-28 09:18:09', NULL, NULL, '2022-02-28 09:18:09', 0, NULL, NULL, NULL, NULL, NULL, NULL),
(3023, 232, 111, '2022-02-28 09:18:09', NULL, '2022-03-26 22:22:45', '2022-02-28 09:18:09', 1, NULL, 6, 'M:\\Projects\\PDP\\2022\\NWS\\DS-LOW-14 H1AOPC JUMPERS\\STAGE 1\\SG1-16 COE Log status update', NULL, NULL, NULL),
(3024, 232, 112, '2022-02-28 09:18:09', NULL, NULL, '2022-02-28 09:18:09', 0, NULL, NULL, NULL, NULL, NULL, NULL),
(3025, 232, 113, '2022-02-28 09:18:09', NULL, '2022-02-28 16:33:35', '2022-02-28 09:18:09', 1, NULL, 6, 'M:\\Projects\\PDP\\2022\\NWS\\DS-LOW-14 H1AOPC JUMPERS\\STAGE 2\\SG2-06 Purchase order', NULL, NULL, NULL),
(3026, 232, 114, '2022-02-28 09:18:09', NULL, NULL, '2022-02-28 09:18:09', 0, NULL, NULL, NULL, NULL, NULL, NULL),
(3027, 232, 115, '2022-02-28 09:18:09', NULL, NULL, '2022-02-28 09:18:09', 0, NULL, NULL, NULL, NULL, NULL, NULL),
(3028, 232, 116, '2022-02-28 09:18:09', NULL, NULL, '2022-02-28 09:18:09', 0, NULL, NULL, NULL, NULL, NULL, NULL),
(3029, 232, 117, '2022-02-28 09:18:09', NULL, NULL, '2022-02-28 09:18:09', 0, NULL, NULL, NULL, NULL, NULL, NULL),
(3030, 232, 118, '2022-02-28 09:18:09', NULL, NULL, '2022-02-28 09:18:09', 0, NULL, NULL, NULL, NULL, NULL, NULL),
(3031, 232, 119, '2022-02-28 09:18:09', NULL, '2022-03-22 10:18:02', '2022-02-28 09:18:09', -1, 'PRODUCT SAMPLE', 2, NULL, NULL, NULL, NULL),
(3032, 232, 120, '2022-02-28 09:18:09', NULL, '2022-03-26 22:20:38', '2022-02-28 09:18:09', 1, NULL, 6, 'M:\\Projects\\PDP\\2022\\NWS\\DS-LOW-14 H1AOPC JUMPERS\\STAGE 2\\SG2-23 NAI Work order', NULL, NULL, NULL),
(3033, 232, 121, '2022-02-28 09:18:09', NULL, NULL, '2022-02-28 09:18:09', 0, NULL, NULL, NULL, NULL, NULL, NULL),
(3034, 232, 122, '2022-02-28 09:18:09', NULL, NULL, '2022-02-28 09:18:09', 0, NULL, NULL, NULL, NULL, NULL, NULL),
(3035, 232, 123, '2022-02-28 09:18:09', NULL, NULL, '2022-02-28 09:18:09', 0, NULL, NULL, NULL, NULL, NULL, NULL),
(3036, 232, 124, '2022-02-28 09:18:09', NULL, '2022-03-18 10:44:25', '2022-02-28 09:18:09', -1, 'N/A', 2, NULL, NULL, NULL, NULL),
(3037, 232, 125, '2022-02-28 09:18:09', NULL, NULL, '2022-02-28 09:18:09', 0, NULL, NULL, NULL, NULL, NULL, NULL),
(3038, 232, 127, '2022-02-28 09:18:09', NULL, '2022-08-25 07:49:27', '2022-02-28 09:18:09', 1, NULL, 9, 'M:\\Projects\\PDP\\2022\\NWS\\DS-LOW-14 H1AOPC JUMPERS\\STAGE 2\\SG2-30 Risk Assesment 2', NULL, NULL, NULL),
(3039, 232, 128, '2022-02-28 09:18:09', NULL, '2022-08-25 07:49:04', '2022-02-28 09:18:09', 1, NULL, 9, 'M:\\Projects\\PDP\\2022\\NWS\\DS-LOW-14 H1AOPC JUMPERS\\STAGE 3\\SG3-21 Risk Assesment 3', NULL, NULL, NULL),
(3040, 232, 129, '2022-02-28 09:18:09', NULL, '2022-04-20 08:22:40', '2022-02-28 09:18:09', -1, 'Sin requerimiento', 2, NULL, NULL, NULL, NULL),
(3041, 232, 130, '2022-02-28 09:18:09', NULL, NULL, '2022-02-28 09:18:09', 0, NULL, NULL, NULL, NULL, NULL, NULL),
(3042, 232, 131, '2022-02-28 09:18:09', NULL, '2022-03-29 07:53:26', '2022-02-28 09:18:09', 1, NULL, 2, 'M:\\Projects\\PDP\\2022\\NWS\\DS-LOW-14 H1AOPC JUMPERS\\STAGE 3\\SG3-22 Process Compliance - MFG', NULL, NULL, NULL),
(3043, 232, 132, '2022-02-28 09:18:09', NULL, '2022-03-24 16:17:11', '2022-02-28 09:18:09', 1, NULL, 2, 'M:\\Projects\\PDP\\2022\\NWS\\DS-LOW-14 H1AOPC JUMPERS\\STAGE 3\\SG3-22 Process Compliance - MFG', NULL, NULL, NULL),
(3044, 232, 133, '2022-02-28 09:18:09', NULL, '2022-08-25 07:48:24', '2022-02-28 09:18:09', 1, NULL, 9, 'M:\\Projects\\PDP\\2022\\NWS\\DS-LOW-14 H1AOPC JUMPERS\\STAGE 3\\SG3-23 Process Compliance - QA', NULL, NULL, NULL),
(3045, 232, 134, '2022-02-28 09:18:09', NULL, NULL, '2022-02-28 09:18:09', 0, NULL, NULL, NULL, NULL, NULL, NULL),
(3046, 232, 136, '2022-02-28 09:18:09', NULL, NULL, '2022-02-28 09:18:09', 0, NULL, NULL, NULL, NULL, NULL, NULL),
(3047, 232, 137, '2022-02-28 09:18:09', NULL, '2022-03-24 16:19:05', '2022-02-28 09:18:09', -1, 'N/A', 2, NULL, NULL, NULL, NULL),
(3048, 232, 138, '2022-02-28 09:18:09', NULL, '2022-08-25 07:48:47', '2022-02-28 09:18:09', 1, NULL, 9, 'M:\\Projects\\PDP\\2022\\NWS\\DS-LOW-14 H1AOPC JUMPERS\\STAGE 3\\SG3-25 PCP', NULL, NULL, NULL),
(3049, 232, 139, '2022-02-28 09:18:09', NULL, NULL, '2022-02-28 09:18:09', 0, NULL, NULL, NULL, NULL, NULL, NULL),
(3050, 232, 140, '2022-02-28 09:18:09', NULL, NULL, '2022-02-28 09:18:09', 0, NULL, NULL, NULL, NULL, NULL, NULL),
(3051, 228, 143, '2022-03-02 15:23:10', NULL, '2022-03-07 11:00:54', '2022-03-02 15:23:10', 1, NULL, 2, 'M:\\Projects\\PDP\\2022\\NWS\\Validations\\VT-LOW-12 Helkama 2\\SG3-24 Set Up Enviromental Test', NULL, NULL, NULL),
(3052, 228, 144, '2022-03-02 15:23:10', NULL, '2022-03-03 16:29:57', '2022-03-02 15:23:10', -1, 'N/A\n', 2, NULL, NULL, NULL, NULL),
(3053, 233, 1, '2022-03-08 09:26:40', NULL, '2022-03-27 15:06:11', '2022-03-08 09:26:40', 1, NULL, 6, 'M:\\Projects\\PDP\\2022\\NWS\\DS-LOW-17 SAMPLE 6X24\\STAGE 1\\SG1-01 Customer request for COE services', NULL, NULL, NULL),
(3054, 233, 3, '2022-03-08 09:26:40', NULL, '2022-04-22 15:36:24', '2022-03-08 09:26:40', -1, 'Not provided', 6, NULL, NULL, NULL, NULL),
(3055, 233, 15, '2022-03-08 09:26:40', NULL, '2022-03-27 15:04:48', '2022-03-08 09:26:40', 1, NULL, 6, 'M:\\Projects\\PDP\\2022\\NWS\\DS-LOW-17 SAMPLE 6X24\\STAGE 1\\SG1-05 Raw material status report', NULL, NULL, NULL),
(3056, 233, 16, '2022-03-08 09:26:40', NULL, '2022-03-27 15:05:03', '2022-03-08 09:26:40', -1, 'Not required', 6, NULL, NULL, NULL, NULL),
(3057, 233, 17, '2022-03-08 09:26:40', NULL, NULL, '2022-03-08 09:26:40', 0, NULL, NULL, NULL, NULL, NULL, NULL),
(3058, 233, 18, '2022-03-08 09:26:40', NULL, '2022-04-22 15:36:11', '2022-03-08 09:26:40', -1, 'Not required', 6, NULL, NULL, NULL, NULL),
(3059, 233, 19, '2022-03-08 09:26:40', NULL, '2022-04-22 15:36:03', '2022-03-08 09:26:40', -1, 'Not required', 6, NULL, NULL, NULL, NULL),
(3060, 233, 20, '2022-03-08 09:26:40', NULL, NULL, '2022-03-08 09:26:40', 0, NULL, NULL, NULL, NULL, NULL, NULL),
(3061, 233, 21, '2022-03-08 09:26:40', NULL, '2022-03-27 14:55:14', '2022-03-08 09:26:40', 1, NULL, 6, 'M:\\Projects\\PDP\\2022\\NWS\\DS-LOW-17 SAMPLE 6X24\\STAGE 1\\SG1-11 Project ship date', NULL, NULL, NULL),
(3062, 233, 22, '2022-03-08 09:26:40', NULL, '2022-03-27 14:55:35', '2022-03-08 09:26:40', 1, NULL, 6, 'M:\\Projects\\PDP\\2022\\NWS\\DS-LOW-17 SAMPLE 6X24\\STAGE 1\\SG1-12 Tracking for prototype FA', NULL, NULL, NULL),
(3063, 233, 23, '2022-03-08 09:26:40', NULL, NULL, '2022-03-08 09:26:40', 0, NULL, NULL, NULL, NULL, NULL, NULL),
(3064, 233, 29, '2022-03-08 09:26:40', NULL, NULL, '2022-03-08 09:26:40', 0, NULL, NULL, NULL, NULL, NULL, NULL),
(3065, 233, 30, '2022-03-08 09:26:40', NULL, NULL, '2022-03-08 09:26:40', 0, NULL, NULL, NULL, NULL, NULL, NULL),
(3066, 233, 35, '2022-03-08 09:26:40', NULL, NULL, '2022-03-08 09:26:40', 0, NULL, NULL, NULL, NULL, NULL, NULL),
(3067, 233, 36, '2022-03-08 09:26:40', NULL, '2022-08-02 11:51:18', '2022-03-08 09:26:40', 1, NULL, 9, 'M:\\Projects\\PDP\\INDUSTRIAL STANDARDS', NULL, NULL, NULL),
(3068, 233, 39, '2022-03-08 09:26:40', NULL, '2022-03-16 15:53:56', '2022-03-08 09:26:40', 1, NULL, 2, 'M:\\Projects\\PDP\\2022\\NWS\\DS-LOW-17 SAMPLE 6X24\\STAGE 3\\SG3-25Physical prototype', NULL, NULL, NULL),
(3069, 233, 42, '2022-03-08 09:26:40', NULL, NULL, '2022-03-08 09:26:40', 0, NULL, NULL, NULL, NULL, NULL, NULL),
(3070, 233, 46, '2022-03-08 09:26:40', NULL, NULL, '2022-03-08 09:26:40', 0, NULL, NULL, NULL, NULL, NULL, NULL),
(3071, 233, 48, '2022-03-08 09:26:40', NULL, NULL, '2022-03-08 09:26:40', 0, NULL, NULL, NULL, NULL, NULL, NULL),
(3072, 233, 49, '2022-03-08 09:26:40', NULL, NULL, '2022-03-08 09:26:40', 0, NULL, NULL, NULL, NULL, NULL, NULL),
(3073, 233, 52, '2022-03-08 09:26:40', NULL, NULL, '2022-03-08 09:26:40', 0, NULL, NULL, NULL, NULL, NULL, NULL),
(3074, 233, 56, '2022-03-08 09:26:40', NULL, '2022-08-02 11:50:17', '2022-03-08 09:26:40', -1, 'No se realizo Incoming Inspection en el COE', 9, NULL, NULL, NULL, NULL),
(3075, 233, 57, '2022-03-08 09:26:40', NULL, NULL, '2022-03-08 09:26:40', 0, NULL, NULL, NULL, NULL, NULL, NULL),
(3076, 233, 68, '2022-03-08 09:26:40', NULL, '2022-03-14 14:47:32', '2022-03-08 09:26:40', -1, 'Prototipo y PN antiguo', 2, NULL, NULL, NULL, NULL),
(3077, 233, 69, '2022-03-08 09:26:40', NULL, NULL, '2022-03-08 09:26:40', 0, NULL, NULL, NULL, NULL, NULL, NULL),
(3078, 233, 70, '2022-03-08 09:26:40', NULL, '2022-03-09 14:48:24', '2022-03-08 09:26:40', -1, 'Prototype', 2, NULL, NULL, NULL, NULL),
(3079, 233, 71, '2022-03-08 09:26:40', NULL, '2022-03-16 15:49:35', '2022-03-08 09:26:40', 1, NULL, 2, 'M:\\Projects\\PDP\\2022\\NWS\\DS-LOW-17 SAMPLE 6X24\\STAGE 3\\SG3-04 First Article Report FAR', NULL, NULL, NULL),
(3080, 233, 72, '2022-03-08 09:26:40', NULL, '2022-03-09 14:45:36', '2022-03-08 09:26:40', -1, 'Muestra No Funcional', 2, NULL, NULL, NULL, NULL),
(3081, 233, 73, '2022-03-08 09:26:40', NULL, '2022-03-09 14:45:31', '2022-03-08 09:26:40', -1, 'Muestra No Funcional', 2, NULL, NULL, NULL, NULL),
(3082, 233, 74, '2022-03-08 09:26:40', NULL, '2022-03-09 14:45:11', '2022-03-08 09:26:40', -1, 'Muestra No Funcional', 2, NULL, NULL, NULL, NULL),
(3083, 233, 75, '2022-03-08 09:26:40', NULL, '2022-03-09 14:45:16', '2022-03-08 09:26:40', -1, 'Muestra No Funcional', 2, NULL, NULL, NULL, NULL),
(3084, 233, 76, '2022-03-08 09:26:40', NULL, '2022-03-09 14:45:05', '2022-03-08 09:26:40', -1, 'Muestra No Funcional', 2, NULL, NULL, NULL, NULL),
(3085, 233, 77, '2022-03-08 09:26:40', NULL, '2022-03-09 14:45:22', '2022-03-08 09:26:40', -1, 'Muestra No Funcional', 2, NULL, NULL, NULL, NULL),
(3086, 233, 78, '2022-03-08 09:26:40', NULL, '2022-03-09 14:47:52', '2022-03-08 09:26:40', -1, 'Muestra No Funcional', 2, NULL, NULL, NULL, NULL),
(3087, 233, 79, '2022-03-08 09:26:40', NULL, '2022-08-05 14:11:42', '2022-03-08 09:26:40', -1, 'Se fabrico muestra no funcional', 9, NULL, NULL, NULL, NULL),
(3088, 233, 80, '2022-03-08 09:26:40', NULL, NULL, '2022-03-08 09:26:40', 0, NULL, NULL, NULL, NULL, NULL, NULL),
(3089, 233, 81, '2022-03-08 09:26:40', NULL, NULL, '2022-03-08 09:26:40', 0, NULL, NULL, NULL, NULL, NULL, NULL),
(3090, 233, 82, '2022-03-08 09:26:40', NULL, '2022-03-14 14:46:45', '2022-03-08 09:26:40', -1, 'Pn antiguo', 2, NULL, NULL, NULL, NULL),
(3091, 233, 83, '2022-03-08 09:26:40', NULL, '2022-03-09 14:44:49', '2022-03-08 09:26:40', -1, 'Muestra No Funcional', 2, NULL, NULL, NULL, NULL),
(3092, 233, 84, '2022-03-08 09:26:40', NULL, '2022-08-10 15:38:07', '2022-03-08 09:26:40', -1, 'N/A', 6, NULL, NULL, NULL, NULL),
(3093, 233, 99, '2022-03-08 09:26:40', NULL, '2022-06-09 09:09:38', '2022-03-08 09:26:40', -1, 'Not apply', 9, NULL, NULL, NULL, NULL),
(3094, 233, 101, '2022-03-08 09:26:40', NULL, '2022-08-05 14:13:01', '2022-03-08 09:26:40', -1, 'Se fabrico muestra no funcional', 9, NULL, NULL, NULL, NULL),
(3095, 233, 102, '2022-03-08 09:26:40', NULL, '2022-08-05 14:11:58', '2022-03-08 09:26:40', -1, 'Se fabrico muestra no funcional', 9, NULL, NULL, NULL, NULL),
(3096, 233, 103, '2022-03-08 09:26:40', NULL, '2022-03-16 15:49:52', '2022-03-08 09:26:40', -1, 'N/A', 2, NULL, NULL, NULL, NULL),
(3097, 233, 104, '2022-03-08 09:26:40', NULL, '2022-08-05 14:16:51', '2022-03-08 09:26:40', -1, 'Se fabrico muestra no funcional', 9, NULL, NULL, NULL, NULL),
(3098, 233, 105, '2022-03-08 09:26:40', NULL, '2022-03-14 14:47:17', '2022-03-08 09:26:40', -1, 'Prototipo y Pn antiguo', 2, NULL, NULL, NULL, NULL),
(3099, 233, 106, '2022-03-08 09:26:40', NULL, '2022-03-14 14:47:41', '2022-03-08 09:26:40', -1, 'Prototipo y PN antiguo', 2, NULL, NULL, NULL, NULL),
(3100, 233, 107, '2022-03-08 09:26:40', NULL, '2022-03-27 19:18:19', '2022-03-08 09:26:40', -1, 'Not provided', 6, NULL, NULL, NULL, NULL),
(3101, 233, 108, '2022-03-08 09:26:40', NULL, '2022-03-27 15:07:32', '2022-03-08 09:26:40', 1, NULL, 6, 'M:\\Projects\\PDP\\2022\\NWS\\DS-LOW-17 SAMPLE 6X24\\STAGE 1\\SG1-04 Customer Desired Ship Date', NULL, NULL, NULL),
(3102, 233, 109, '2022-03-08 09:26:40', NULL, '2022-03-27 14:57:36', '2022-03-08 09:26:40', 1, NULL, 6, 'M:\\Projects\\PDP\\2022\\NWS\\DS-LOW-17 SAMPLE 6X24\\STAGE 1\\SG1-14 Project category complexity workload hour', NULL, NULL, NULL),
(3103, 233, 110, '2022-03-08 09:26:40', NULL, NULL, '2022-03-08 09:26:40', 0, NULL, NULL, NULL, NULL, NULL, NULL),
(3104, 233, 111, '2022-03-08 09:26:40', NULL, '2022-03-27 14:50:01', '2022-03-08 09:26:40', 1, NULL, 6, 'M:\\Projects\\PDP\\2022\\NWS\\DS-LOW-17 SAMPLE 6X24\\STAGE 1\\SG1-16 COE Log status update', NULL, NULL, NULL),
(3105, 233, 112, '2022-03-08 09:26:40', NULL, NULL, '2022-03-08 09:26:40', 0, NULL, NULL, NULL, NULL, NULL, NULL),
(3106, 233, 113, '2022-03-08 09:26:40', NULL, '2022-03-27 14:52:04', '2022-03-08 09:26:40', 1, NULL, 6, 'M:\\Projects\\PDP\\2022\\NWS\\DS-LOW-17 SAMPLE 6X24\\STAGE 2\\SG2-06 Purchase order', NULL, NULL, NULL),
(3107, 233, 114, '2022-03-08 09:26:40', NULL, NULL, '2022-03-08 09:26:40', 0, NULL, NULL, NULL, NULL, NULL, NULL),
(3108, 233, 115, '2022-03-08 09:26:40', NULL, NULL, '2022-03-08 09:26:40', 0, NULL, NULL, NULL, NULL, NULL, NULL),
(3109, 233, 116, '2022-03-08 09:26:40', NULL, NULL, '2022-03-08 09:26:40', 0, NULL, NULL, NULL, NULL, NULL, NULL),
(3110, 233, 117, '2022-03-08 09:26:40', NULL, NULL, '2022-03-08 09:26:40', 0, NULL, NULL, NULL, NULL, NULL, NULL),
(3111, 233, 118, '2022-03-08 09:26:40', NULL, NULL, '2022-03-08 09:26:40', 0, NULL, NULL, NULL, NULL, NULL, NULL),
(3112, 233, 119, '2022-03-08 09:26:40', NULL, '2022-03-09 14:48:42', '2022-03-08 09:26:40', -1, 'prototype', 2, NULL, NULL, NULL, NULL),
(3113, 233, 120, '2022-03-08 09:26:40', NULL, '2022-03-27 14:54:25', '2022-03-08 09:26:40', 1, NULL, 6, 'M:\\Projects\\PDP\\2022\\NWS\\DS-LOW-17 SAMPLE 6X24\\STAGE 2\\SG2-23 NAI Work order', NULL, NULL, NULL),
(3114, 233, 121, '2022-03-08 09:26:40', NULL, NULL, '2022-03-08 09:26:40', 0, NULL, NULL, NULL, NULL, NULL, NULL),
(3115, 233, 122, '2022-03-08 09:26:40', NULL, NULL, '2022-03-08 09:26:40', 0, NULL, NULL, NULL, NULL, NULL, NULL),
(3116, 233, 123, '2022-03-08 09:26:40', NULL, NULL, '2022-03-08 09:26:40', 0, NULL, NULL, NULL, NULL, NULL, NULL),
(3117, 233, 124, '2022-03-08 09:26:40', NULL, '2022-04-20 08:23:11', '2022-03-08 09:26:40', -1, 'N/A', 2, NULL, NULL, NULL, NULL),
(3118, 233, 125, '2022-03-08 09:26:40', NULL, NULL, '2022-03-08 09:26:40', 0, NULL, NULL, NULL, NULL, NULL, NULL),
(3119, 233, 127, '2022-03-08 09:26:40', NULL, '2022-08-05 14:13:15', '2022-03-08 09:26:40', -1, 'Se fabrico muestra no funcional\n', 9, NULL, NULL, NULL, NULL),
(3120, 233, 128, '2022-03-08 09:26:40', NULL, '2022-08-05 14:13:31', '2022-03-08 09:26:40', -1, 'Se fabrico muestra no funcional\n', 9, NULL, NULL, NULL, NULL),
(3121, 233, 129, '2022-03-08 09:26:40', NULL, '2022-03-09 14:44:56', '2022-03-08 09:26:40', -1, 'Muestra No Funcional', 2, NULL, NULL, NULL, NULL),
(3122, 233, 130, '2022-03-08 09:26:40', NULL, '2022-08-05 14:13:44', '2022-03-08 09:26:40', -1, 'Se fabrico muestra no fncional\n', 9, NULL, NULL, NULL, NULL),
(3123, 233, 131, '2022-03-08 09:26:40', NULL, '2022-05-02 08:02:14', '2022-03-08 09:26:40', -1, 'N/A', 2, NULL, NULL, NULL, NULL),
(3124, 233, 132, '2022-03-08 09:26:40', NULL, '2022-03-16 15:55:13', '2022-03-08 09:26:40', 1, NULL, 2, 'M:\\Projects\\PDP\\2022\\NWS\\DS-LOW-17 SAMPLE 6X24\\STAGE 3\\SG3-22 Process Compliance - MFG', NULL, NULL, NULL),
(3125, 233, 133, '2022-03-08 09:26:40', NULL, '2022-08-05 14:12:23', '2022-03-08 09:26:40', -1, 'Se fabrico muestra no funcional\n', 9, NULL, NULL, NULL, NULL),
(3126, 233, 134, '2022-03-08 09:26:40', NULL, NULL, '2022-03-08 09:26:40', 0, NULL, NULL, NULL, NULL, NULL, NULL),
(3127, 233, 136, '2022-03-08 09:26:40', NULL, NULL, '2022-03-08 09:26:40', 0, NULL, NULL, NULL, NULL, NULL, NULL),
(3128, 233, 137, '2022-03-08 09:26:40', NULL, '2022-03-14 14:46:56', '2022-03-08 09:26:40', -1, 'Pn antiguo', 2, NULL, NULL, NULL, NULL),
(3129, 233, 138, '2022-03-08 09:26:40', NULL, '2022-08-05 14:12:45', '2022-03-08 09:26:40', -1, 'Se nfabrico muestra no funcional', 9, NULL, NULL, NULL, NULL),
(3130, 233, 139, '2022-03-08 09:26:40', NULL, NULL, '2022-03-08 09:26:40', 0, NULL, NULL, NULL, NULL, NULL, NULL),
(3131, 233, 140, '2022-03-08 09:26:40', NULL, NULL, '2022-03-08 09:26:40', 0, NULL, NULL, NULL, NULL, NULL, NULL),
(3132, 234, 15, '2022-03-11 11:15:25', '2022-03-23 00:00:00', '2022-03-25 16:02:18', '2022-03-11 11:15:25', 1, NULL, 6, 'M:\\Projects\\PDP\\2022\\NWS\\BTP-LOW-3 IP 21 FIBER ASSY\\STAGE 1\\SG1-05 Raw material status report', NULL, NULL, NULL),
(3133, 234, 16, '2022-03-11 11:15:25', '2022-03-23 00:00:00', '2022-03-25 16:00:33', '2022-03-11 11:15:25', 1, '', 6, 'M:\\Projects\\PDP\\2022\\NWS\\BTP-LOW-3 IP 21 FIBER ASSY\\STAGE 1\\SG1-06 Raw material purchase orders', NULL, NULL, NULL),
(3134, 234, 18, '2022-03-11 11:15:25', '2022-03-23 00:00:00', '2022-04-05 07:25:07', '2022-03-11 11:15:25', -1, 'Not required', 6, NULL, NULL, NULL, NULL),
(3135, 234, 19, '2022-03-11 11:15:25', '2022-03-23 00:00:00', '2022-04-05 07:24:56', '2022-03-11 11:15:25', -1, 'Not required', 6, NULL, NULL, NULL, NULL),
(3136, 234, 21, '2022-03-11 11:15:25', '2022-03-23 00:00:00', '2022-03-25 16:00:51', '2022-03-11 11:15:25', 1, NULL, 6, 'M:\\Projects\\PDP\\2022\\NWS\\BTP-LOW-3 IP 21 FIBER ASSY\\STAGE 1\\SG1-11 Project ship date', NULL, NULL, NULL),
(3137, 234, 22, '2022-03-11 11:15:25', '2022-03-23 00:00:00', '2022-03-25 16:01:21', '2022-03-11 11:15:25', 1, NULL, 6, 'M:\\Projects\\PDP\\2022\\NWS\\BTP-LOW-3 IP 21 FIBER ASSY\\STAGE 1\\SG1-12 Tracking for prototype FA', NULL, NULL, NULL),
(3138, 234, 70, '2022-03-11 11:15:25', '2022-03-23 00:00:00', '2022-03-24 14:28:27', '2022-03-11 11:15:25', 1, NULL, 2, 'M:\\Projects\\PDP\\2022\\NWS\\BTP-LOW-3 IP 21 FIBER ASSY\\STAGE 3\\SG3-22 Process Compliance - MFG', NULL, NULL, NULL),
(3139, 234, 71, '2022-03-11 11:15:25', '2022-03-23 00:00:00', '2022-03-29 07:52:28', '2022-03-11 11:15:25', 1, NULL, 2, 'M:\\Projects\\PDP\\2022\\NWS\\BTP-LOW-3 IP 21 FIBER ASSY\\STAGE 3\\SG3-04 First Article Report FAR', NULL, NULL, NULL),
(3140, 234, 82, '2022-03-11 11:15:25', '2022-03-23 00:00:00', '2022-03-24 16:22:36', '2022-03-11 11:15:25', 2, NULL, 2, 'M:\\Projects\\PDP\\2022\\NWS\\BTP-LOW-3 IP 21 FIBER ASSY\\STAGE 3\\SG3-15 Final Assembly Work Instruction', '2022-03-31 07:50:32', 9, NULL),
(3141, 234, 101, '2022-03-11 11:15:25', '2022-03-23 00:00:00', '2022-04-28 07:57:02', '2022-03-11 11:15:25', 1, NULL, 9, 'M:\\Projects\\PDP\\2022\\NWS\\BTP-LOW-3 IP 21 FIBER ASSY\\STAGE 1\\SG1-13 Risk Assesment 1', NULL, NULL, NULL),
(3142, 234, 102, '2022-03-11 11:15:25', '2022-03-23 00:00:00', '2022-04-28 09:59:26', '2022-03-11 11:15:25', 1, NULL, 9, 'M:\\Projects\\PDP\\2022\\NWS\\BTP-LOW-3 IP 21 FIBER ASSY\\STAGE 3\\SG3-18 FAIR', NULL, NULL, NULL),
(3143, 234, 103, '2022-03-11 11:15:25', '2022-03-23 00:00:00', '2022-03-24 15:08:21', '2022-03-11 11:15:25', -1, 'Stage 3', 2, NULL, NULL, NULL, NULL),
(3144, 234, 104, '2022-03-11 11:15:25', '2022-03-23 00:00:00', '2022-04-28 11:06:55', '2022-03-11 11:15:25', 1, NULL, 9, 'M:\\Projects\\PDP\\2022\\NWS\\BTP-LOW-3 IP 21 FIBER ASSY\\STAGE 3\\SG3-18 FAIR', NULL, NULL, NULL),
(3145, 234, 105, '2022-03-11 11:15:25', '2022-03-23 00:00:00', '2022-04-08 09:38:51', '2022-03-11 11:15:25', 2, NULL, 2, 'M:\\Projects\\PDP\\2022\\NWS\\BTP-LOW-3 IP 21 FIBER ASSY\\STAGE 3\\SG3-19 Flow Chart', '2022-04-20 07:33:12', 9, NULL),
(3146, 234, 106, '2022-03-11 11:15:25', '2022-03-23 00:00:00', '2022-03-24 16:47:33', '2022-03-11 11:15:25', 1, NULL, 2, 'M:\\Projects\\PDP\\2022\\NWS\\BTP-LOW-3 IP 21 FIBER ASSY\\STAGE 3\\SG3-04 First Article Report FAR', NULL, NULL, NULL),
(3147, 222, 3, '2022-03-22 15:15:07', '2023-01-04 00:00:00', '2022-06-21 16:04:44', '2022-03-22 15:15:07', 1, NULL, 6, 'M:\\Projects\\PDP\\2022\\Prysmian\\BTP-LOW-5  CasaLink Solution\\STAGE 1\\SG1-02 Technical requirements for the project for assembly testing and or components', NULL, NULL, NULL),
(3149, 222, 16, '2022-03-22 15:15:07', '2023-01-04 00:00:00', '2022-06-21 16:02:56', '2022-03-22 15:15:07', 1, NULL, 6, 'M:\\Projects\\PDP\\2022\\Prysmian\\BTP-LOW-5  CasaLink Solution\\STAGE 1\\SG1-06 Raw material purchase orders', NULL, NULL, NULL),
(3150, 222, 17, '2022-03-22 15:15:07', '2023-01-04 00:00:00', '2023-01-11 08:27:47', '2022-03-22 15:15:07', -1, 'No special Tooling\n', 3, NULL, NULL, NULL, NULL),
(3151, 222, 18, '2022-03-22 15:15:07', '2023-01-04 00:00:00', '2022-06-21 15:50:43', '2022-03-22 15:15:07', 1, NULL, 6, 'M:\\Projects\\PDP\\2022\\Prysmian\\BTP-LOW-5  CasaLink Solution\\STAGE 1\\SG1-08 Price calculation for COE service', NULL, NULL, NULL),
(3152, 222, 19, '2022-03-22 15:15:07', '2023-01-04 00:00:00', '2022-06-21 15:50:30', '2022-03-22 15:15:07', 1, NULL, 6, 'M:\\Projects\\PDP\\2022\\Prysmian\\BTP-LOW-5  CasaLink Solution\\STAGE 1\\SG1-09 Formal quotation for COE Services', NULL, NULL, NULL),
(3153, 222, 101, '2022-03-22 15:15:07', '2023-01-04 00:00:00', '2022-08-05 07:53:35', '2022-03-22 15:15:07', 1, NULL, 9, 'M:\\Projects\\PDP\\2022\\Prysmian\\BTP-LOW-5  CasaLink Solution\\STAGE 1\\SG1-13 Risk Assesment 1', NULL, NULL, NULL),
(3154, 222, 109, '2022-03-22 15:15:07', '2023-01-04 00:00:00', '2022-06-21 10:59:39', '2022-03-22 15:15:07', 1, NULL, 6, 'M:\\Projects\\PDP\\2022\\Prysmian\\BTP-LOW-5  CasaLink Solution\\STAGE 1\\SG1-14 Project categorycomplexity workload hour', NULL, NULL, NULL),
(3155, 222, 110, '2022-03-22 15:15:07', '2023-01-04 00:00:00', '2023-01-11 08:22:22', '2022-03-22 15:15:07', 1, NULL, 3, 'M:\\Projects\\PDP\\2022\\Prysmian\\BTP-LOW-5  CasaLink Solution\\STAGE 1\\SG1-15 Preliminary NAI BOM', NULL, NULL, NULL),
(3156, 222, 111, '2022-03-22 15:15:07', '2023-01-04 00:00:00', '2022-06-21 10:59:20', '2022-03-22 15:15:07', 1, NULL, 6, 'M:\\Projects\\PDP\\2022\\Prysmian\\BTP-LOW-5  CasaLink Solution\\STAGE 1\\SG1-16 COE Log status update', NULL, NULL, NULL),
(3162, 222, 114, '2022-03-22 15:15:07', '2023-01-04 00:00:00', '2023-01-11 08:24:01', '2022-03-22 15:15:07', 1, NULL, 3, 'M:\\Projects\\PDP\\2022\\Prysmian\\BTP-LOW-5  CasaLink Solution\\STAGE 2\\SG2-07 Customer Prints Specs', NULL, NULL, NULL),
(3163, 222, 104, '2022-03-22 15:15:07', '2023-01-04 00:00:00', '2022-06-23 16:01:57', '2022-03-22 15:15:07', 1, NULL, 9, 'M:\\Projects\\PDP\\2022\\Prysmian\\BTP-LOW-5  CasaLink Solution\\STAGE 3\\SG3-18 FAIR', NULL, NULL, NULL),
(3164, 222, 105, '2022-03-22 15:15:07', '2023-01-04 00:00:00', '2022-12-09 09:50:54', '2022-03-22 15:15:07', -1, 'n/a', 2, NULL, NULL, NULL, NULL),
(3165, 222, 128, '2022-03-22 15:15:07', '2023-01-04 00:00:00', '2022-08-05 07:53:11', '2022-03-22 15:15:07', 1, NULL, 9, 'M:\\Projects\\PDP\\2022\\Prysmian\\BTP-LOW-5  CasaLink Solution\\STAGE 3\\SG3-21 Risk Assesment 3', NULL, NULL, NULL),
(3166, 222, 133, '2022-03-22 15:15:07', '2023-01-04 00:00:00', '2023-01-04 11:43:47', '2022-03-22 15:15:07', -1, 'Fase 3 no desarrollada', 9, NULL, NULL, NULL, NULL),
(3167, 222, 136, '2022-03-22 15:15:07', '2023-01-04 00:00:00', '2023-01-11 08:05:25', '2022-03-22 15:15:07', 2, NULL, 3, 'M:\\Projects\\PDP\\2022\\Prysmian\\BTP-LOW-5  CasaLink Solution\\STAGE 3\\SG3-24 PTF', '2023-01-20 07:54:29', 9, NULL),
(3168, 222, 138, '2022-03-22 15:15:07', '2023-01-04 00:00:00', '2023-01-04 11:44:05', '2022-03-22 15:15:07', -1, 'FASE 3 NO DESARROLLADA', 9, NULL, NULL, NULL, NULL),
(3171, 234, 68, '2022-03-22 15:19:47', '2022-03-23 00:00:00', '2022-08-02 08:58:54', '2022-03-22 15:19:47', -1, 'n/a', 2, NULL, NULL, NULL, NULL),
(3172, 234, 69, '2022-03-22 15:19:47', '2022-03-23 00:00:00', '2022-03-27 14:57:37', '2022-03-22 15:19:47', 1, NULL, 3, 'M:\\Projects\\PDP\\2022\\NWS\\BTP-LOW-3 IP 21 FIBER ASSY\\STAGE 3\\SG3-02 Final BOM', NULL, NULL, NULL);
INSERT INTO `actividades_proyecto` (`idActividades_proyecto`, `idProyecto`, `idActividad`, `fechaInicio`, `fechaRequerida`, `fechaEntrega`, `fechaCrea`, `completado`, `notas`, `entregadoPor`, `ubicacion`, `fechaAprobacion`, `aprobadoPor`, `respAct`) VALUES
(3173, 234, 78, '2022-03-22 15:19:47', '2022-03-23 00:00:00', '2022-03-24 14:24:39', '2022-03-22 15:19:47', 2, NULL, 2, 'M:\\Projects\\PDP\\2022\\NWS\\BTP-LOW-3 IP 21 FIBER ASSY\\STAGE 3\\SG3-11 Optical Performance Test IL RL', '2022-04-20 07:32:38', 9, NULL),
(3174, 234, 128, '2022-03-22 15:19:47', '2022-03-23 00:00:00', '2022-04-27 10:19:45', '2022-03-22 15:19:47', -1, 'The proyect will not be trasnfered to production lines', 9, NULL, NULL, NULL, NULL),
(3175, 234, 132, '2022-03-22 15:19:47', '2022-03-23 00:00:00', '2022-03-24 15:08:03', '2022-03-22 15:19:47', 1, NULL, 2, 'M:\\Projects\\PDP\\2022\\NWS\\BTP-LOW-3 IP 21 FIBER ASSY\\STAGE 3\\SG3-22 Process Compliance - MFG', NULL, NULL, NULL),
(3176, 234, 133, '2022-03-22 15:19:47', '2022-03-23 00:00:00', '2022-04-27 10:27:14', '2022-03-22 15:19:47', 1, NULL, 9, 'M:\\Projects\\PDP\\2022\\NWS\\BTP-LOW-3 IP 21 FIBER ASSY\\STAGE 3\\SG3-23 Process Compliance - QA', NULL, NULL, NULL),
(3177, 234, 138, '2022-03-22 15:19:47', '2022-03-23 00:00:00', '2022-04-28 07:57:40', '2022-03-22 15:19:47', 1, NULL, 9, 'M:\\Projects\\PDP\\2022\\NWS\\BTP-LOW-3 IP 21 FIBER ASSY\\STAGE 3\\SG3-24 Process Control Plan', NULL, NULL, NULL),
(3178, 235, 69, '2022-03-24 08:23:19', '2022-04-07 00:00:00', '2022-08-02 17:12:19', '2022-03-24 08:23:19', -1, 'Component to be added to a final product already exist. No BOM is required.', 3, NULL, NULL, NULL, NULL),
(3179, 235, 70, '2022-03-24 08:23:19', '2022-04-07 00:00:00', '2022-04-04 09:32:50', '2022-03-24 08:23:19', -1, 'Manufactura PLanta 1', 2, NULL, NULL, NULL, NULL),
(3180, 235, 72, '2022-03-24 08:23:19', '2022-04-07 00:00:00', '2022-04-04 09:33:07', '2022-03-24 08:23:19', -1, 'Sin requerimineto', 2, NULL, NULL, NULL, NULL),
(3181, 235, 73, '2022-03-24 08:23:19', '2022-04-07 00:00:00', '2022-04-04 09:33:48', '2022-03-24 08:23:19', -1, 'sin requerimiento', 2, NULL, NULL, NULL, NULL),
(3182, 235, 74, '2022-03-24 08:23:19', '2022-04-07 00:00:00', '2022-04-04 09:34:03', '2022-03-24 08:23:19', -1, 'sin requerimiento', 2, NULL, NULL, NULL, NULL),
(3183, 235, 75, '2022-03-24 08:23:19', '2022-04-07 00:00:00', '2022-04-04 09:34:15', '2022-03-24 08:23:19', -1, 'Sin requerimiento', 2, NULL, NULL, NULL, NULL),
(3184, 235, 76, '2022-03-24 08:23:19', '2022-04-07 00:00:00', '2022-04-04 09:33:26', '2022-03-24 08:23:19', -1, 'Sin requerimiento', 2, NULL, NULL, NULL, NULL),
(3185, 235, 77, '2022-03-24 08:23:19', '2022-04-07 00:00:00', '2022-04-20 08:20:34', '2022-03-24 08:23:19', -1, 'Sin requerimiento', 2, NULL, NULL, NULL, NULL),
(3186, 235, 78, '2022-03-24 08:23:19', '2022-04-07 00:00:00', '2022-04-08 10:36:14', '2022-03-24 08:23:19', 2, NULL, 2, 'M:\\Projects\\PDP\\2022\\NWS\\Validations\\VT-HIGH-02 EHCS Condumex\\STAGE 3\\SG3-11 Optical Performance Test IL RL', '2022-04-20 07:31:24', 9, NULL),
(3187, 235, 79, '2022-03-24 08:23:19', '2022-04-07 00:00:00', '2022-04-20 07:28:13', '2022-03-24 08:23:19', -1, 'No aplica prueba de IP', 9, NULL, NULL, NULL, NULL),
(3188, 235, 80, '2022-03-24 08:23:19', '2022-04-07 00:00:00', '2022-08-31 07:36:21', '2022-03-24 08:23:19', 1, NULL, 3, 'M:\\Projects\\PDP\\2022\\NWS\\Validations\\VT-HIGH-02 EHCS Condumex\\STAGE 3\\SG3-13 Environmental Test TC test', NULL, NULL, NULL),
(3189, 235, 81, '2022-03-24 08:23:19', '2022-04-07 00:00:00', '2022-04-25 15:57:53', '2022-03-24 08:23:19', -1, 'Not required', 3, NULL, NULL, NULL, NULL),
(3191, 235, 132, '2022-03-24 08:23:19', '2022-04-07 00:00:00', '2022-04-07 11:21:48', '2022-03-24 08:23:19', -1, 'Manufactura en planta 1', 2, NULL, NULL, NULL, NULL),
(3192, 236, 69, '2022-03-31 08:21:17', '2022-04-10 00:00:00', NULL, '2022-03-31 08:21:17', 0, NULL, NULL, NULL, NULL, NULL, NULL),
(3193, 236, 70, '2022-03-31 08:21:17', '2022-04-10 00:00:00', NULL, '2022-03-31 08:21:17', 0, NULL, NULL, NULL, NULL, NULL, NULL),
(3194, 236, 72, '2022-03-31 08:21:17', '2022-04-10 00:00:00', NULL, '2022-03-31 08:21:17', 0, NULL, NULL, NULL, NULL, NULL, NULL),
(3195, 236, 73, '2022-03-31 08:21:17', '2022-04-10 00:00:00', NULL, '2022-03-31 08:21:17', 0, NULL, NULL, NULL, NULL, NULL, NULL),
(3196, 236, 74, '2022-03-31 08:21:17', '2022-04-10 00:00:00', NULL, '2022-03-31 08:21:17', 0, NULL, NULL, NULL, NULL, NULL, NULL),
(3197, 236, 75, '2022-03-31 08:21:17', '2022-04-10 00:00:00', NULL, '2022-03-31 08:21:17', 0, NULL, NULL, NULL, NULL, NULL, NULL),
(3198, 236, 76, '2022-03-31 08:21:17', '2022-04-10 00:00:00', NULL, '2022-03-31 08:21:17', 0, NULL, NULL, NULL, NULL, NULL, NULL),
(3199, 236, 77, '2022-03-31 08:21:17', '2022-04-10 00:00:00', NULL, '2022-03-31 08:21:17', 0, NULL, NULL, NULL, NULL, NULL, NULL),
(3200, 236, 78, '2022-03-31 08:21:17', '2022-04-10 00:00:00', NULL, '2022-03-31 08:21:17', 0, NULL, NULL, NULL, NULL, NULL, NULL),
(3201, 236, 79, '2022-03-31 08:21:17', '2022-04-10 00:00:00', '2022-04-20 07:28:34', '2022-03-31 08:21:17', -1, 'N/A prueba de IP', 9, NULL, NULL, NULL, NULL),
(3202, 236, 80, '2022-03-31 08:21:17', '2022-04-10 00:00:00', NULL, '2022-03-31 08:21:17', 0, NULL, NULL, NULL, NULL, NULL, NULL),
(3203, 236, 81, '2022-03-31 08:21:17', '2022-04-10 00:00:00', '2022-04-25 16:00:53', '2022-03-31 08:21:17', -1, 'Not applicable', 3, NULL, NULL, NULL, NULL),
(3204, 236, 84, '2022-03-31 08:21:17', '2022-04-10 00:00:00', '2022-07-26 11:18:56', '2022-03-31 08:21:17', -1, 'We dont have answer from NWS', 6, NULL, NULL, NULL, NULL),
(3205, 236, 132, '2022-03-31 08:21:17', '2022-04-10 00:00:00', NULL, '2022-03-31 08:21:17', 0, NULL, NULL, NULL, NULL, NULL, NULL),
(3206, 237, 1, '2022-04-04 10:53:20', '2022-04-05 00:00:00', '2022-04-05 07:52:34', '2022-04-04 10:53:20', 1, NULL, 6, 'M:\\Projects\\PDP\\2022\\NWS\\DS-MEDIUM-70 NEW ODC NOKIA JMPRS\\STAGE 1\\SG1-01 Customer request for COE services', NULL, NULL, NULL),
(3207, 237, 3, '2022-04-04 10:53:20', '2022-04-05 00:00:00', '2022-04-22 15:34:47', '2022-04-04 10:53:20', -1, 'Not provided', 6, NULL, NULL, NULL, NULL),
(3208, 237, 15, '2022-04-04 10:53:20', '2022-04-05 00:00:00', '2022-04-05 07:41:35', '2022-04-04 10:53:20', 1, NULL, 6, 'M:\\Projects\\PDP\\2022\\NWS\\DS-MEDIUM-70 NEW ODC NOKIA JMPRS\\STAGE 1\\SG1-05 Raw material status report', NULL, NULL, NULL),
(3209, 237, 16, '2022-04-04 10:53:20', '2022-04-05 00:00:00', '2022-04-05 07:42:38', '2022-04-04 10:53:20', -1, 'Not required', 6, NULL, NULL, NULL, NULL),
(3210, 237, 17, '2022-04-04 10:53:20', '2022-04-05 00:00:00', '2022-04-25 15:18:20', '2022-04-04 10:53:20', -1, 'No New tooling', 3, NULL, NULL, NULL, NULL),
(3211, 237, 18, '2022-04-04 10:53:20', '2022-04-05 00:00:00', '2022-04-22 15:35:00', '2022-04-04 10:53:20', -1, 'Not required', 6, NULL, NULL, NULL, NULL),
(3212, 237, 19, '2022-04-04 10:53:20', '2022-04-05 00:00:00', '2022-04-22 15:35:17', '2022-04-04 10:53:20', -1, 'Not required', 6, NULL, NULL, NULL, NULL),
(3213, 237, 20, '2022-04-04 10:53:20', '2022-04-05 00:00:00', '2022-04-25 14:40:05', '2022-04-04 10:53:20', 1, NULL, 3, 'M:\\Projects\\PDP\\2022\\NWS\\DS-MEDIUM-70 NEW ODC NOKIA JMPRS\\STAGE 1\\SG1-10 Design proposal for customer approval', NULL, NULL, NULL),
(3214, 237, 21, '2022-04-04 10:53:20', '2022-04-05 00:00:00', '2022-04-08 07:18:10', '2022-04-04 10:53:20', 1, NULL, 6, 'M:\\Projects\\PDP\\2022\\NWS\\DS-MEDIUM-70 NEW ODC NOKIA JMPRS\\STAGE 1\\SG1-11 Project ship date', NULL, NULL, NULL),
(3215, 237, 22, '2022-04-04 10:53:20', '2022-04-05 00:00:00', '2022-04-08 16:17:00', '2022-04-04 10:53:20', 1, NULL, 6, 'M:\\Projects\\PDP\\2022\\NWS\\DS-MEDIUM-70 NEW ODC NOKIA JMPRS\\STAGE 1\\SG1-12 Tracking for prototype FA', NULL, NULL, NULL),
(3216, 237, 23, '2022-04-04 10:53:20', '2022-04-05 00:00:00', '2022-04-25 14:40:52', '2022-04-04 10:53:20', 1, NULL, 3, 'M:\\Projects\\PDP\\2022\\NWS\\DS-MEDIUM-70 NEW ODC NOKIA JMPRS\\STAGE 1\\SG1-02 Technical requirements for the project for assembly testing and or components', NULL, NULL, NULL),
(3217, 237, 29, '2022-04-04 10:53:20', '2022-04-05 00:00:00', '2022-04-25 14:48:43', '2022-04-04 10:53:20', -1, 'No new 3rd party materials', 3, NULL, NULL, NULL, NULL),
(3218, 237, 30, '2022-04-04 10:53:20', '2022-04-05 00:00:00', '2022-04-25 15:22:21', '2022-04-04 10:53:20', -1, 'Not required new tooling different than current tooling for mass production', 3, NULL, NULL, NULL, NULL),
(3219, 237, 35, '2022-04-04 10:53:20', '2022-04-05 00:00:00', '2022-11-07 08:51:29', '2022-04-04 10:53:20', -1, 'According to Print', 3, NULL, NULL, NULL, NULL),
(3220, 237, 36, '2022-04-04 10:53:20', '2022-04-05 00:00:00', '2022-04-28 07:21:19', '2022-04-04 10:53:20', 1, NULL, 9, 'M:\\Projects\\PDP\\INDUSTRIAL STANDARDS', NULL, NULL, NULL),
(3221, 237, 39, '2022-04-04 10:53:20', '2022-04-05 00:00:00', '2022-04-05 08:14:00', '2022-04-04 10:53:20', -1, 'SAMPLE', 2, NULL, NULL, NULL, NULL),
(3222, 237, 42, '2022-04-04 10:53:20', '2022-04-05 00:00:00', '2022-04-25 15:23:43', '2022-04-04 10:53:20', -1, 'There is not external validation', 3, NULL, NULL, NULL, NULL),
(3223, 237, 46, '2022-04-04 10:53:20', '2022-04-05 00:00:00', '2022-11-07 15:38:56', '2022-04-04 10:53:20', -1, 'No ECN during this validation/design', 3, NULL, NULL, NULL, NULL),
(3224, 237, 48, '2022-04-04 10:53:20', '2022-04-05 00:00:00', '2022-04-25 17:56:20', '2022-04-04 10:53:20', -1, 'According to print', 3, NULL, NULL, NULL, NULL),
(3225, 237, 49, '2022-04-04 10:53:20', '2022-04-05 00:00:00', '2022-04-25 15:48:37', '2022-04-04 10:53:20', -1, 'Not applicable', 3, NULL, NULL, NULL, NULL),
(3226, 237, 52, '2022-04-04 10:53:20', '2022-04-05 00:00:00', '2022-04-25 14:37:54', '2022-04-04 10:53:20', -1, 'There is not identified CTF in this project', 3, NULL, NULL, NULL, NULL),
(3227, 237, 56, '2022-04-04 10:53:20', '2022-04-05 00:00:00', '2022-04-28 07:18:32', '2022-04-04 10:53:20', -1, 'No new components', 9, NULL, NULL, NULL, NULL),
(3228, 237, 57, '2022-04-04 10:53:20', '2022-04-05 00:00:00', '2022-04-25 15:49:01', '2022-04-04 10:53:20', -1, 'According to Drawing tolerances', 3, NULL, NULL, NULL, NULL),
(3229, 237, 68, '2022-04-04 10:53:20', '2022-04-05 00:00:00', '2022-11-03 14:00:45', '2022-04-04 10:53:20', 2, NULL, 2, 'M:\\Projects\\PDP\\2022\\NWS\\DS-MEDIUM-70 NEW ODC NOKIA JMPRS\\STAGE 3\\SG3-01 PFMEA', '2022-11-04 08:37:40', 9, NULL),
(3230, 237, 69, '2022-04-04 10:53:20', '2022-04-05 00:00:00', '2022-04-25 15:24:50', '2022-04-04 10:53:20', 1, NULL, 3, 'M:\\Projects\\PDP\\2022\\NWS\\DS-MEDIUM-70 NEW ODC NOKIA JMPRS\\STAGE 3\\SG3-02 Final BOM', NULL, NULL, NULL),
(3231, 237, 70, '2022-04-04 10:53:20', '2022-04-05 00:00:00', '2022-04-08 10:44:03', '2022-04-04 10:53:20', 1, NULL, 2, 'M:\\Projects\\PDP\\2022\\NWS\\DS-MEDIUM-70 NEW ODC NOKIA JMPRS\\STAGE 3\\SG3-03 Product Samples', NULL, NULL, NULL),
(3232, 237, 71, '2022-04-04 10:53:20', '2022-04-05 00:00:00', '2022-04-07 11:18:44', '2022-04-04 10:53:20', 1, NULL, 2, 'M:\\Projects\\PDP\\2022\\NWS\\DS-MEDIUM-70 NEW ODC NOKIA JMPRS\\STAGE 3\\SG3-04 First Article Report FAR', NULL, NULL, NULL),
(3233, 237, 72, '2022-04-04 10:53:20', '2022-04-05 00:00:00', '2022-04-05 08:12:07', '2022-04-04 10:53:20', -1, 'SIN REQUERIMIENTO', 2, NULL, NULL, NULL, NULL),
(3234, 237, 73, '2022-04-04 10:53:20', '2022-04-05 00:00:00', '2022-04-05 08:12:28', '2022-04-04 10:53:20', -1, 'SIN REQUERIMIENTO', 2, NULL, NULL, NULL, NULL),
(3235, 237, 74, '2022-04-04 10:53:20', '2022-04-05 00:00:00', '2022-04-05 08:09:55', '2022-04-04 10:53:20', -1, 'SOLO FIBRA', 2, NULL, NULL, NULL, NULL),
(3236, 237, 75, '2022-04-04 10:53:20', '2022-04-05 00:00:00', '2022-04-05 08:10:41', '2022-04-04 10:53:20', -1, 'SOLO FIBRA', 2, NULL, NULL, NULL, NULL),
(3237, 237, 76, '2022-04-04 10:53:20', '2022-04-05 00:00:00', '2022-04-05 08:09:47', '2022-04-04 10:53:20', -1, 'SOLO FIBRA', 2, NULL, NULL, NULL, NULL),
(3238, 237, 77, '2022-04-04 10:53:20', '2022-04-05 00:00:00', '2022-04-05 08:11:34', '2022-04-04 10:53:20', -1, 'SOLO FIBRA', 2, NULL, NULL, NULL, NULL),
(3239, 237, 78, '2022-04-04 10:53:20', '2022-04-05 00:00:00', '2022-04-07 10:58:57', '2022-04-04 10:53:20', 2, NULL, 2, 'M:\\Projects\\PDP\\2022\\NWS\\DS-MEDIUM-70 NEW ODC NOKIA JMPRS\\STAGE 3\\SG3-11 Optical Performance Test IL RL', '2022-04-28 10:02:38', 9, NULL),
(3240, 237, 79, '2022-04-04 10:53:20', '2022-04-05 00:00:00', '2022-04-28 07:19:05', '2022-04-04 10:53:20', -1, 'Test not required', 9, NULL, NULL, NULL, NULL),
(3241, 237, 80, '2022-04-04 10:53:20', '2022-04-05 00:00:00', '2022-11-07 15:37:17', '2022-04-04 10:53:20', 1, NULL, 3, 'M:\\Projects\\PDP\\2022\\NWS\\DS-MEDIUM-70 NEW ODC NOKIA JMPRS\\STAGE 3\\SG3-13 Environmental Test TC test', NULL, NULL, NULL),
(3242, 237, 81, '2022-04-04 10:53:20', '2022-04-05 00:00:00', '2022-11-07 15:37:39', '2022-04-04 10:53:20', -1, 'N/A', 3, NULL, NULL, NULL, NULL),
(3243, 237, 82, '2022-04-04 10:53:20', '2022-04-05 00:00:00', '2022-04-19 07:25:35', '2022-04-04 10:53:20', 2, NULL, 2, 'M:\\Projects\\PDP\\2022\\NWS\\DS-MEDIUM-70 NEW ODC NOKIA JMPRS\\STAGE 3\\SG3-15 Final Assembly Work Instruction', '2022-04-28 10:01:40', 9, NULL),
(3244, 237, 83, '2022-04-04 10:53:20', '2022-04-05 00:00:00', '2022-04-08 10:19:12', '2022-04-04 10:53:20', -1, 'N/A\n', 2, NULL, NULL, NULL, NULL),
(3245, 237, 84, '2022-04-04 10:53:20', '2022-04-05 00:00:00', '2022-08-10 15:42:48', '2022-04-04 10:53:20', -1, 'N/A', 6, NULL, NULL, NULL, NULL),
(3246, 237, 99, '2022-04-04 10:53:20', '2022-04-05 00:00:00', '2022-04-28 07:19:43', '2022-04-04 10:53:20', -1, 'There are not additional documents', 9, NULL, NULL, NULL, NULL),
(3247, 237, 101, '2022-04-04 10:53:20', '2022-04-05 00:00:00', '2022-04-28 08:01:23', '2022-04-04 10:53:20', 1, NULL, 9, 'M:\\Projects\\PDP\\2022\\NWS\\DS-MEDIUM-70 NEW ODC NOKIA JMPRS\\STAGE 1\\SG1-13 Risk Assesment 1', NULL, NULL, NULL),
(3248, 237, 102, '2022-04-04 10:53:20', '2022-04-05 00:00:00', '2022-05-30 09:22:19', '2022-04-04 10:53:20', 1, NULL, 9, 'M:\\Projects\\PDP\\2022\\NWS\\DS-MEDIUM-70 NEW ODC NOKIA JMPRS\\STAGE 3\\SG3-18 FAIR', NULL, NULL, NULL),
(3249, 237, 103, '2022-04-04 10:53:20', '2022-04-05 00:00:00', '2022-04-07 11:19:10', '2022-04-04 10:53:20', -1, 'Repetido', 2, NULL, NULL, NULL, NULL),
(3250, 237, 104, '2022-04-04 10:53:20', '2022-04-05 00:00:00', '2022-05-30 09:20:59', '2022-04-04 10:53:20', 1, NULL, 9, 'M:\\Projects\\PDP\\2022\\NWS\\DS-MEDIUM-70 NEW ODC NOKIA JMPRS\\STAGE 3\\SG3-18 FAIR', NULL, NULL, NULL),
(3251, 237, 105, '2022-04-04 10:53:20', '2022-04-05 00:00:00', '2022-04-19 09:31:10', '2022-04-04 10:53:20', 2, NULL, 2, 'M:\\Projects\\PDP\\2022\\NWS\\DS-MEDIUM-70 NEW ODC NOKIA JMPRS\\STAGE 3\\SG3-19 Flow Chart', '2022-04-28 10:01:57', 9, NULL),
(3252, 237, 106, '2022-04-04 10:53:20', '2022-04-05 00:00:00', '2022-04-19 16:28:30', '2022-04-04 10:53:20', 1, NULL, 2, 'M:\\Projects\\PDP\\2022\\NWS\\DS-MEDIUM-70 NEW ODC NOKIA JMPRS\\STAGE 3\\SG3-20 Deviation Format', NULL, NULL, NULL),
(3253, 237, 107, '2022-04-04 10:53:20', '2022-04-05 00:00:00', '2022-04-05 08:21:12', '2022-04-04 10:53:20', -1, 'Not received', 6, NULL, NULL, NULL, NULL),
(3254, 237, 108, '2022-04-04 10:53:20', '2022-04-05 00:00:00', '2022-04-22 15:35:32', '2022-04-04 10:53:20', -1, 'Not provided', 6, NULL, NULL, NULL, NULL),
(3255, 237, 109, '2022-04-04 10:53:20', '2022-04-05 00:00:00', '2022-04-05 08:18:32', '2022-04-04 10:53:20', 1, NULL, 6, 'M:\\Projects\\PDP\\2022\\NWS\\DS-MEDIUM-70 NEW ODC NOKIA JMPRS\\STAGE 1\\SG1-14 Project categorycomplexity workload hour', NULL, NULL, NULL),
(3256, 237, 110, '2022-04-04 10:53:20', '2022-04-05 00:00:00', '2022-04-25 14:47:46', '2022-04-04 10:53:20', 1, NULL, 3, 'M:\\Projects\\PDP\\2022\\NWS\\DS-MEDIUM-70 NEW ODC NOKIA JMPRS\\STAGE 1\\SG1-15 Preliminary NAI BOM', NULL, NULL, NULL),
(3257, 237, 111, '2022-04-04 10:53:20', '2022-04-05 00:00:00', '2022-04-06 14:51:11', '2022-04-04 10:53:20', 1, NULL, 6, 'M:\\Projects\\PDP\\2022\\NWS\\DS-MEDIUM-70 NEW ODC NOKIA JMPRS\\STAGE 1\\SG1-16 COE Log status update', NULL, NULL, NULL),
(3258, 237, 112, '2022-04-04 10:53:20', '2022-04-05 00:00:00', '2022-11-07 15:36:00', '2022-04-04 10:53:20', 1, NULL, 3, 'M:\\Projects\\PDP\\2022\\NWS\\DS-MEDIUM-70 NEW ODC NOKIA JMPRS\\STAGE 3\\SG3-24 PTF', NULL, NULL, NULL),
(3259, 237, 113, '2022-04-04 10:53:20', '2022-04-05 00:00:00', '2022-04-05 07:53:51', '2022-04-04 10:53:20', 1, NULL, 6, 'M:\\Projects\\PDP\\2022\\NWS\\DS-MEDIUM-70 NEW ODC NOKIA JMPRS\\STAGE 2\\SG2-06 Purchase order', NULL, NULL, NULL),
(3260, 237, 114, '2022-04-04 10:53:20', '2022-04-05 00:00:00', '2022-04-25 14:45:54', '2022-04-04 10:53:20', 1, NULL, 3, 'M:\\Projects\\PDP\\2022\\NWS\\DS-MEDIUM-70 NEW ODC NOKIA JMPRS\\STAGE 1\\SG1-02 Technical requirements for the project for assembly testing and or components', NULL, NULL, NULL),
(3261, 237, 115, '2022-04-04 10:53:20', '2022-04-05 00:00:00', '2022-04-25 15:18:58', '2022-04-04 10:53:20', -1, 'Not Required', 3, NULL, NULL, NULL, NULL),
(3262, 237, 116, '2022-04-04 10:53:20', '2022-04-05 00:00:00', '2022-04-25 14:51:36', '2022-04-04 10:53:20', -1, 'Not Applicable', 3, NULL, NULL, NULL, NULL),
(3263, 237, 117, '2022-04-04 10:53:20', '2022-04-05 00:00:00', '2022-11-07 15:53:30', '2022-04-04 10:53:20', 1, NULL, 3, 'M:\\Projects\\PDP\\2022\\NWS\\DS-MEDIUM-70 NEW ODC NOKIA JMPRS\\STAGE 2\\SG2-29 Components specifications', NULL, NULL, NULL),
(3264, 237, 118, '2022-04-04 10:53:20', '2022-04-05 00:00:00', '2022-04-25 17:55:57', '2022-04-04 10:53:20', -1, 'According to Print', 3, NULL, NULL, NULL, NULL),
(3265, 237, 119, '2022-04-04 10:53:20', '2022-04-05 00:00:00', '2022-04-07 11:21:27', '2022-04-04 10:53:20', -1, 'N/A', 2, NULL, NULL, NULL, NULL),
(3266, 237, 120, '2022-04-04 10:53:20', '2022-04-05 00:00:00', '2022-04-05 07:52:59', '2022-04-04 10:53:20', 1, NULL, 6, 'M:\\Projects\\PDP\\2022\\NWS\\DS-MEDIUM-70 NEW ODC NOKIA JMPRS\\STAGE 2\\SG2-23 NAI Work order', NULL, NULL, NULL),
(3267, 237, 121, '2022-04-04 10:53:20', '2022-04-05 00:00:00', '2022-11-07 08:51:44', '2022-04-04 10:53:20', -1, 'Manufacturing FMEA to be used', 3, NULL, NULL, NULL, NULL),
(3268, 237, 122, '2022-04-04 10:53:20', '2022-04-05 00:00:00', '2022-04-25 14:48:12', '2022-04-04 10:53:20', -1, 'Not FEA required', 3, NULL, NULL, NULL, NULL),
(3269, 237, 123, '2022-04-04 10:53:20', '2022-04-05 00:00:00', '2022-11-07 08:51:56', '2022-04-04 10:53:20', -1, 'See Final PTF\n', 3, NULL, NULL, NULL, NULL),
(3270, 237, 124, '2022-04-04 10:53:20', '2022-04-05 00:00:00', '2022-04-07 11:21:14', '2022-04-04 10:53:20', -1, 'N/A\n', 2, NULL, NULL, NULL, NULL),
(3271, 237, 125, '2022-04-04 10:53:20', '2022-04-05 00:00:00', '2022-04-25 15:21:38', '2022-04-04 10:53:20', 1, NULL, 3, 'M:\\Projects\\PDP\\2022\\NWS\\DS-MEDIUM-70 NEW ODC NOKIA JMPRS\\STAGE 2\\SG2-28 Tooling Model', NULL, NULL, NULL),
(3272, 237, 127, '2022-04-04 10:53:20', '2022-04-05 00:00:00', '2022-04-28 08:01:49', '2022-04-04 10:53:20', 1, NULL, 9, 'M:\\Projects\\PDP\\2022\\NWS\\DS-MEDIUM-70 NEW ODC NOKIA JMPRS\\STAGE 2\\SG2-30 Risk Assesment 2', NULL, NULL, NULL),
(3273, 237, 128, '2022-04-04 10:53:20', '2022-04-05 00:00:00', '2022-04-28 08:02:17', '2022-04-04 10:53:20', 1, NULL, 9, 'M:\\Projects\\PDP\\2022\\NWS\\DS-MEDIUM-70 NEW ODC NOKIA JMPRS\\STAGE 3\\SG3-21 Risk Assesment 3', NULL, NULL, NULL),
(3274, 237, 129, '2022-04-04 10:53:20', '2022-04-05 00:00:00', '2022-04-08 10:44:32', '2022-04-04 10:53:20', -1, 'N/A', 2, NULL, NULL, NULL, NULL),
(3275, 237, 130, '2022-04-04 10:53:20', '2022-04-05 00:00:00', '2022-08-15 09:48:51', '2022-04-04 10:53:20', 1, 'Pendiente no se ha transferido a piso de produccion', 9, 'M:\\Projects\\PDP\\2022\\NWS\\DS-MEDIUM-70 NEW ODC NOKIA JMPRS\\STAGE 4\\SG4-03 Risk Assesment 4', NULL, NULL, NULL),
(3276, 237, 131, '2022-04-04 10:53:20', '2022-04-05 00:00:00', '2022-04-20 08:21:03', '2022-04-04 10:53:20', -1, 'Asingnar a QC', 2, NULL, NULL, NULL, NULL),
(3277, 237, 132, '2022-04-04 10:53:20', '2022-04-05 00:00:00', '2022-04-07 11:08:25', '2022-04-04 10:53:20', 1, NULL, 2, 'M:\\Projects\\PDP\\2022\\NWS\\DS-MEDIUM-70 NEW ODC NOKIA JMPRS\\STAGE 3\\SG3-22 Process Compliance - MFG', NULL, NULL, NULL),
(3278, 237, 133, '2022-04-04 10:53:20', '2022-04-05 00:00:00', '2022-05-30 15:31:49', '2022-04-04 10:53:20', 1, NULL, 9, 'M:\\Projects\\PDP\\2022\\NWS\\DS-MEDIUM-70 NEW ODC NOKIA JMPRS\\STAGE 3\\SG3-23 Process Compliance - QA', NULL, NULL, NULL),
(3279, 237, 134, '2022-04-04 10:53:20', '2022-04-05 00:00:00', '2022-04-25 14:57:34', '2022-04-04 10:53:20', 1, NULL, 3, 'M:\\Projects\\PDP\\2022\\NWS\\DS-MEDIUM-70 NEW ODC NOKIA JMPRS\\STAGE 2\\SG2-32 Manufacturer work instructions', NULL, NULL, NULL),
(3280, 237, 136, '2022-04-04 10:53:20', '2022-04-05 00:00:00', '2022-11-07 15:36:17', '2022-04-04 10:53:20', 2, NULL, 3, 'M:\\Projects\\PDP\\2022\\NWS\\DS-MEDIUM-70 NEW ODC NOKIA JMPRS\\STAGE 3\\SG3-24 PTF', '2022-11-14 10:19:18', 9, NULL),
(3281, 237, 137, '2022-04-04 10:53:20', '2022-04-05 00:00:00', '2022-04-08 10:49:48', '2022-04-04 10:53:20', 1, NULL, 2, 'M:\\Projects\\PDP\\2022\\NWS\\DS-MEDIUM-70 NEW ODC NOKIA JMPRS\\STAGE 3\\SG3-15 Final Assembly Work Instruction', NULL, NULL, NULL),
(3282, 237, 138, '2022-04-04 10:53:20', '2022-04-05 00:00:00', '2022-04-28 08:04:12', '2022-04-04 10:53:20', 1, NULL, 9, 'M:\\Projects\\PDP\\2022\\NWS\\DS-MEDIUM-70 NEW ODC NOKIA JMPRS\\STAGE 3\\SG3-26 Process Control Plan', NULL, NULL, NULL),
(3283, 237, 139, '2022-04-04 10:53:20', '2022-04-05 00:00:00', '2022-04-25 15:01:59', '2022-04-04 10:53:20', 1, NULL, 3, 'M:\\Projects\\PDP\\2022\\NWS\\DS-MEDIUM-70 NEW ODC NOKIA JMPRS\\STAGE 2\\SG2-34 Preliminary Prints', NULL, NULL, NULL),
(3284, 237, 140, '2022-04-04 10:53:20', '2022-04-05 00:00:00', '2022-04-25 15:04:45', '2022-04-04 10:53:20', 1, NULL, 3, 'M:\\Projects\\PDP\\2022\\NWS\\DS-MEDIUM-70 NEW ODC NOKIA JMPRS\\STAGE 3\\SG3-25 Prints', NULL, NULL, NULL),
(3285, 238, 1, '2022-04-05 16:39:46', '2022-04-07 00:00:00', '2022-04-06 14:41:07', '2022-04-05 16:39:46', 1, NULL, 6, 'M:\\Projects\\PDP\\2022\\NWS\\DS-MEDIUM-71 HCS2.0 HJ SAMPLES\\STAGE 1\\SG1-01 Customer request for COE services', NULL, NULL, NULL),
(3286, 238, 3, '2022-04-05 16:39:46', '2022-04-07 00:00:00', '2022-04-07 07:28:40', '2022-04-05 16:39:46', -1, 'Not required', 6, NULL, NULL, NULL, NULL),
(3287, 238, 15, '2022-04-05 16:39:46', '2022-04-07 00:00:00', '2022-04-07 07:28:16', '2022-04-05 16:39:46', 1, NULL, 6, 'M:\\Projects\\PDP\\2022\\NWS\\DS-MEDIUM-71 HCS2.0 HJ SAMPLES\\STAGE 1\\SG1-05 Raw material status report', NULL, NULL, NULL),
(3288, 238, 16, '2022-04-05 16:39:46', '2022-04-07 00:00:00', '2022-04-06 14:41:32', '2022-04-05 16:39:46', -1, 'Not required', 6, NULL, NULL, NULL, NULL),
(3289, 238, 17, '2022-04-05 16:39:46', '2022-04-07 00:00:00', '2022-04-25 17:48:14', '2022-04-05 16:39:46', -1, 'Not applicable', 3, NULL, NULL, NULL, NULL),
(3290, 238, 18, '2022-04-05 16:39:46', '2022-04-07 00:00:00', '2022-04-22 15:26:06', '2022-04-05 16:39:46', 1, NULL, 6, 'M:\\Projects\\PDP\\2022\\NWS\\DS-MEDIUM-71 HCS2.0 HJ SAMPLES\\STAGE 1\\SG1-08 Price calculation for COE service', NULL, NULL, NULL),
(3291, 238, 19, '2022-04-05 16:39:46', '2022-04-07 00:00:00', '2022-07-25 08:51:20', '2022-04-05 16:39:46', -1, 'N/A', 6, NULL, NULL, NULL, NULL),
(3292, 238, 20, '2022-04-05 16:39:46', '2022-04-07 00:00:00', '2022-04-25 16:35:47', '2022-04-05 16:39:46', -1, 'Customer shared Print', 3, NULL, NULL, NULL, NULL),
(3293, 238, 21, '2022-04-05 16:39:46', '2022-04-07 00:00:00', '2022-04-22 15:23:26', '2022-04-05 16:39:46', 1, NULL, 6, 'M:\\Projects\\PDP\\2022\\NWS\\DS-MEDIUM-71 HCS2.0 HJ SAMPLES\\STAGE 1\\SG1-11 Project ship date', NULL, NULL, NULL),
(3294, 238, 22, '2022-04-05 16:39:46', '2022-04-07 00:00:00', '2022-04-22 15:22:47', '2022-04-05 16:39:46', 1, NULL, 6, 'M:\\Projects\\PDP\\2022\\NWS\\DS-MEDIUM-71 HCS2.0 HJ SAMPLES\\STAGE 1\\SG1-12 Tracking for prototype FA', NULL, NULL, NULL),
(3295, 238, 23, '2022-04-05 16:39:46', '2022-04-07 00:00:00', '2022-04-25 16:34:58', '2022-04-05 16:39:46', 1, NULL, 3, 'M:\\Projects\\PDP\\2022\\NWS\\DS-MEDIUM-71 HCS2.0 HJ SAMPLES\\STAGE 2\\SG2-01 Customer Requirements', NULL, NULL, NULL),
(3296, 238, 29, '2022-04-05 16:39:46', '2022-04-07 00:00:00', '2022-04-25 15:50:24', '2022-04-05 16:39:46', -1, 'Not Applicable', 3, NULL, NULL, NULL, NULL),
(3297, 238, 30, '2022-04-05 16:39:46', '2022-04-07 00:00:00', '2022-04-25 17:47:53', '2022-04-05 16:39:46', -1, 'No special tooling required', 3, NULL, NULL, NULL, NULL),
(3298, 238, 35, '2022-04-05 16:39:46', '2022-04-07 00:00:00', '2022-04-25 17:50:27', '2022-04-05 16:39:46', -1, 'According to Print', 3, NULL, NULL, NULL, NULL),
(3299, 238, 36, '2022-04-05 16:39:46', '2022-04-07 00:00:00', '2022-04-28 07:23:34', '2022-04-05 16:39:46', 1, NULL, 9, 'M:\\Projects\\PDP\\INDUSTRIAL STANDARDS', NULL, NULL, NULL),
(3300, 238, 39, '2022-04-05 16:39:46', '2022-04-07 00:00:00', '2022-04-11 15:43:51', '2022-04-05 16:39:46', -1, 'N/A', 2, NULL, NULL, NULL, NULL),
(3301, 238, 42, '2022-04-05 16:39:46', '2022-04-07 00:00:00', '2022-04-25 15:32:27', '2022-04-05 16:39:46', -1, 'Not external validations', 3, NULL, NULL, NULL, NULL),
(3302, 238, 46, '2022-04-05 16:39:46', '2022-04-07 00:00:00', '2022-04-25 17:49:39', '2022-04-05 16:39:46', -1, 'No ECN required for the project samples', 3, NULL, NULL, NULL, NULL),
(3303, 238, 48, '2022-04-05 16:39:46', '2022-04-07 00:00:00', '2022-04-25 16:35:26', '2022-04-05 16:39:46', -1, 'According to Print', 3, NULL, NULL, NULL, NULL),
(3304, 238, 49, '2022-04-05 16:39:46', '2022-04-07 00:00:00', '2022-04-25 15:51:40', '2022-04-05 16:39:46', -1, 'Not applicable', 3, NULL, NULL, NULL, NULL),
(3305, 238, 52, '2022-04-05 16:39:46', '2022-04-07 00:00:00', '2022-04-25 15:29:48', '2022-04-05 16:39:46', -1, 'Not CTF identified', 3, NULL, NULL, NULL, NULL),
(3306, 238, 56, '2022-04-05 16:39:46', '2022-04-07 00:00:00', '2022-04-28 07:25:42', '2022-04-05 16:39:46', -1, 'N/A', 9, NULL, NULL, NULL, NULL),
(3307, 238, 57, '2022-04-05 16:39:46', '2022-04-07 00:00:00', '2022-04-25 15:51:22', '2022-04-05 16:39:46', -1, 'According to Drawing', 3, NULL, NULL, NULL, NULL),
(3308, 238, 68, '2022-04-05 16:39:46', '2022-04-07 00:00:00', '2022-04-12 10:03:13', '2022-04-05 16:39:46', 2, NULL, 2, 'M:\\Projects\\PDP\\2022\\NWS\\DS-MEDIUM-71 HCS2.0 HJ SAMPLES\\STAGE 3\\SG3-01 PFMEA', '2022-04-28 10:03:54', 9, NULL),
(3309, 238, 69, '2022-04-05 16:39:46', '2022-04-07 00:00:00', '2022-04-25 16:45:27', '2022-04-05 16:39:46', 1, NULL, 3, 'M:\\Projects\\PDP\\2022\\NWS\\DS-MEDIUM-71 HCS2.0 HJ SAMPLES\\STAGE 3\\SG3-02 Final BOM', NULL, NULL, NULL),
(3310, 238, 70, '2022-04-05 16:39:46', '2022-04-07 00:00:00', '2022-04-11 15:51:14', '2022-04-05 16:39:46', 1, NULL, 2, 'M:\\Projects\\PDP\\2022\\NWS\\DS-MEDIUM-71 HCS2.0 HJ SAMPLES\\STAGE 3\\SG3-03 Product Samples', NULL, NULL, NULL),
(3311, 238, 71, '2022-04-05 16:39:46', '2022-04-07 00:00:00', '2022-04-11 15:42:34', '2022-04-05 16:39:46', 1, NULL, 2, 'M:\\Projects\\PDP\\2022\\NWS\\DS-MEDIUM-71 HCS2.0 HJ SAMPLES\\STAGE 3\\SG3-04 First Article Report FAR', NULL, NULL, NULL),
(3312, 238, 72, '2022-04-05 16:39:46', '2022-04-07 00:00:00', '2022-04-07 10:50:24', '2022-04-05 16:39:46', -1, 'Sin requerimiento', 2, NULL, NULL, NULL, NULL),
(3313, 238, 73, '2022-04-05 16:39:46', '2022-04-07 00:00:00', '2022-04-07 10:50:08', '2022-04-05 16:39:46', -1, 'Sin requerimineto', 2, NULL, NULL, NULL, NULL),
(3314, 238, 74, '2022-04-05 16:39:46', '2022-04-07 00:00:00', '2022-04-11 15:43:32', '2022-04-05 16:39:46', -1, 'N/A', 2, NULL, NULL, NULL, NULL),
(3315, 238, 75, '2022-04-05 16:39:46', '2022-04-07 00:00:00', '2022-04-07 10:49:43', '2022-04-05 16:39:46', -1, 'sin requerimineto', 2, NULL, NULL, NULL, NULL),
(3316, 238, 76, '2022-04-05 16:39:46', '2022-04-07 00:00:00', '2022-04-07 10:49:29', '2022-04-05 16:39:46', -1, 'sin requerimineto', 2, NULL, NULL, NULL, NULL),
(3317, 238, 77, '2022-04-05 16:39:46', '2022-04-07 00:00:00', '2022-04-11 15:43:39', '2022-04-05 16:39:46', -1, 'N/A', 2, NULL, NULL, NULL, NULL),
(3318, 238, 78, '2022-04-05 16:39:46', '2022-04-07 00:00:00', '2022-04-09 11:35:24', '2022-04-05 16:39:46', 2, NULL, 2, 'M:\\Projects\\PDP\\2022\\NWS\\DS-MEDIUM-71 HCS2.0 HJ SAMPLES\\STAGE 3\\SG3-11 Optical Performance Test IL RL', '2022-04-28 10:05:24', 9, NULL),
(3319, 238, 79, '2022-04-05 16:39:46', '2022-04-07 00:00:00', '2022-04-28 07:23:18', '2022-04-05 16:39:46', -1, 'Not apply IP Requirement', 9, NULL, NULL, NULL, NULL),
(3320, 238, 80, '2022-04-05 16:39:46', '2022-04-07 00:00:00', '2022-04-25 17:50:07', '2022-04-05 16:39:46', -1, 'Samples for FOA. Not internal validations required', 3, NULL, NULL, NULL, NULL),
(3321, 238, 81, '2022-04-05 16:39:46', '2022-04-07 00:00:00', '2022-04-25 17:50:01', '2022-04-05 16:39:46', -1, 'Samples for FOA. Not internal validations required', 3, NULL, NULL, NULL, NULL),
(3322, 238, 82, '2022-04-05 16:39:46', '2022-04-07 00:00:00', '2022-11-03 14:06:36', '2022-04-05 16:39:46', 2, '', 2, 'M:\\Projects\\PDP\\2022\\NWS\\DS-MEDIUM-71 HCS2.0 HJ SAMPLES\\STAGE 3\\SG3- Final Assembly Work Instruction', '2022-11-04 15:27:42', 9, NULL),
(3323, 238, 83, '2022-04-05 16:39:46', '2022-04-07 00:00:00', '2022-04-11 15:51:38', '2022-04-05 16:39:46', -1, 'N/A', 2, NULL, NULL, NULL, NULL),
(3324, 238, 84, '2022-04-05 16:39:46', '2022-04-07 00:00:00', '2022-07-26 11:20:18', '2022-04-05 16:39:46', -1, 'We dont have answer from NWS', 6, NULL, NULL, NULL, NULL),
(3325, 238, 99, '2022-04-05 16:39:46', '2022-04-07 00:00:00', '2022-05-31 14:45:04', '2022-04-05 16:39:46', -1, 'NOT APPLY TO PROJECT', 9, NULL, NULL, NULL, NULL),
(3326, 238, 101, '2022-04-05 16:39:46', '2022-04-07 00:00:00', '2022-05-31 08:46:57', '2022-04-05 16:39:46', 1, NULL, 9, 'M:\\Projects\\PDP\\2022\\NWS\\DS-MEDIUM-71 HCS2.0 HJ SAMPLES\\STAGE 1\\SG1-13 Risk Assesment 1', NULL, NULL, NULL),
(3327, 238, 102, '2022-04-05 16:39:46', '2022-04-07 00:00:00', '2022-05-31 09:33:05', '2022-04-05 16:39:46', 1, NULL, 9, 'M:\\Projects\\PDP\\2022\\NWS\\DS-MEDIUM-71 HCS2.0 HJ SAMPLES\\STAGE 3\\SG3-18 FAIR', NULL, NULL, NULL),
(3328, 238, 103, '2022-04-05 16:39:46', '2022-04-07 00:00:00', '2022-04-19 16:40:53', '2022-04-05 16:39:46', 1, NULL, 2, 'M:\\Projects\\PDP\\2022\\NWS\\DS-MEDIUM-71 HCS2.0 HJ SAMPLES\\STAGE 3\\SG3-04 First Article Report FAR', NULL, NULL, NULL),
(3329, 238, 104, '2022-04-05 16:39:46', '2022-04-07 00:00:00', '2022-05-31 08:46:24', '2022-04-05 16:39:46', 1, NULL, 9, 'M:\\Projects\\PDP\\2022\\NWS\\DS-MEDIUM-71 HCS2.0 HJ SAMPLES\\STAGE 3\\SG3-18 FAIR', NULL, NULL, NULL),
(3330, 238, 105, '2022-04-05 16:39:46', '2022-04-07 00:00:00', '2022-04-12 10:08:48', '2022-04-05 16:39:46', 2, NULL, 2, 'M:\\Projects\\PDP\\2022\\NWS\\DS-MEDIUM-71 HCS2.0 HJ SAMPLES\\STAGE 3\\SG3-19 Flow Chart', '2022-04-28 10:04:50', 9, NULL),
(3331, 238, 106, '2022-04-05 16:39:46', '2022-04-07 00:00:00', '2022-04-19 16:49:44', '2022-04-05 16:39:46', 1, NULL, 2, 'M:\\Projects\\PDP\\2022\\NWS\\DS-MEDIUM-71 HCS2.0 HJ SAMPLES\\STAGE 3\\SG3-20 Deviation Format', NULL, NULL, NULL),
(3332, 238, 107, '2022-04-05 16:39:46', '2022-04-07 00:00:00', '2022-04-06 14:41:43', '2022-04-05 16:39:46', -1, 'Not provided', 6, NULL, NULL, NULL, NULL),
(3333, 238, 108, '2022-04-05 16:39:46', '2022-04-07 00:00:00', '2022-04-22 15:26:58', '2022-04-05 16:39:46', -1, 'Not received', 6, NULL, NULL, NULL, NULL),
(3334, 238, 109, '2022-04-05 16:39:46', '2022-04-07 00:00:00', '2022-04-06 14:48:26', '2022-04-05 16:39:46', 1, NULL, 6, 'M:\\Projects\\PDP\\2022\\NWS\\DS-MEDIUM-71 HCS2.0 HJ SAMPLES\\STAGE 1\\SG1-14 Project categorycomplexity workload hour', NULL, NULL, NULL),
(3335, 238, 110, '2022-04-05 16:39:46', '2022-04-07 00:00:00', '2022-04-25 17:31:38', '2022-04-05 16:39:46', -1, 'Samples requested from a print There is not a design process', 3, NULL, NULL, NULL, NULL),
(3336, 238, 111, '2022-04-05 16:39:46', '2022-04-07 00:00:00', '2022-04-06 14:46:43', '2022-04-05 16:39:46', 1, NULL, 6, 'M:\\Projects\\PDP\\2022\\NWS\\DS-MEDIUM-71 HCS2.0 HJ SAMPLES\\STAGE 1\\SG1-16 COE Log status update', NULL, NULL, NULL),
(3337, 238, 112, '2022-04-05 16:39:46', '2022-04-07 00:00:00', '2022-08-15 17:25:00', '2022-04-05 16:39:46', 1, NULL, 3, 'M:\\Projects\\PDP\\2022\\NWS\\DS-MEDIUM-71 HCS2.0 HJ SAMPLES\\STAGE 1\\SG1-17 TARS', NULL, NULL, NULL),
(3338, 238, 113, '2022-04-05 16:39:46', '2022-04-07 00:00:00', '2022-04-06 14:35:02', '2022-04-05 16:39:46', 1, NULL, 6, 'M:\\Projects\\PDP\\2022\\NWS\\DS-MEDIUM-71 HCS2.0 HJ SAMPLES\\STAGE 2\\SG2-06 Purchase order', NULL, NULL, NULL),
(3339, 238, 114, '2022-04-05 16:39:46', '2022-04-07 00:00:00', '2022-04-25 16:34:00', '2022-04-05 16:39:46', 1, NULL, 3, 'M:\\Projects\\PDP\\2022\\NWS\\DS-MEDIUM-71 HCS2.0 HJ SAMPLES\\STAGE 2\\SG2-07 Customer Prints Specs', NULL, NULL, NULL),
(3340, 238, 115, '2022-04-05 16:39:46', '2022-04-07 00:00:00', '2022-04-25 15:50:59', '2022-04-05 16:39:46', -1, 'Personnel not required new certifications', 3, NULL, NULL, NULL, NULL),
(3341, 238, 116, '2022-04-05 16:39:46', '2022-04-07 00:00:00', '2022-04-25 15:30:41', '2022-04-05 16:39:46', -1, 'There is no HDR requirements\n', 3, NULL, NULL, NULL, NULL),
(3342, 238, 117, '2022-04-05 16:39:46', '2022-04-07 00:00:00', '2022-04-25 16:45:53', '2022-04-05 16:39:46', -1, 'Not applicable', 3, NULL, NULL, NULL, NULL),
(3343, 238, 118, '2022-04-05 16:39:46', '2022-04-07 00:00:00', '2022-04-25 15:49:44', '2022-04-05 16:39:46', -1, 'According to Drawing', 3, NULL, NULL, NULL, NULL),
(3344, 238, 119, '2022-04-05 16:39:46', '2022-04-07 00:00:00', '2022-04-11 15:43:00', '2022-04-05 16:39:46', -1, 'N/A', 2, NULL, NULL, NULL, NULL),
(3345, 238, 120, '2022-04-05 16:39:46', '2022-04-07 00:00:00', '2022-04-06 14:34:24', '2022-04-05 16:39:46', 1, NULL, 6, 'M:\\Projects\\PDP\\2022\\NWS\\DS-MEDIUM-71 HCS2.0 HJ SAMPLES\\STAGE 2\\SG2-23 NAI Work order', NULL, NULL, NULL),
(3346, 238, 121, '2022-04-05 16:39:46', '2022-04-07 00:00:00', '2022-04-25 17:31:22', '2022-04-05 16:39:46', -1, 'Samples requested from a print There is not a design process', 3, NULL, NULL, NULL, NULL),
(3347, 238, 122, '2022-04-05 16:39:46', '2022-04-07 00:00:00', '2022-04-25 16:31:51', '2022-04-05 16:39:46', -1, 'Not applicable FEA', 3, NULL, NULL, NULL, NULL),
(3348, 238, 123, '2022-04-05 16:39:46', '2022-04-07 00:00:00', '2022-04-25 17:31:29', '2022-04-05 16:39:46', -1, 'Samples requested from a print There is not a design process', 3, NULL, NULL, NULL, NULL),
(3349, 238, 124, '2022-04-05 16:39:46', '2022-04-07 00:00:00', '2022-04-11 15:43:12', '2022-04-05 16:39:46', -1, 'N/A', 2, NULL, NULL, NULL, NULL),
(3350, 238, 125, '2022-04-05 16:39:46', '2022-04-07 00:00:00', '2022-04-25 17:47:29', '2022-04-05 16:39:46', 1, NULL, 3, 'M:\\Projects\\PDP\\2022\\NWS\\DS-MEDIUM-71 HCS2.0 HJ SAMPLES\\STAGE 2\\SG2-28 Tooling Model', NULL, NULL, NULL),
(3351, 238, 127, '2022-04-05 16:39:46', '2022-04-07 00:00:00', '2022-05-31 08:47:24', '2022-04-05 16:39:46', 1, NULL, 9, 'M:\\Projects\\PDP\\2022\\NWS\\DS-MEDIUM-71 HCS2.0 HJ SAMPLES\\STAGE 2\\SG2-30 Risk Assesment 2', NULL, NULL, NULL),
(3352, 238, 128, '2022-04-05 16:39:46', '2022-04-07 00:00:00', '2022-05-31 08:47:52', '2022-04-05 16:39:46', 1, NULL, 9, 'M:\\Projects\\PDP\\2022\\NWS\\DS-MEDIUM-71 HCS2.0 HJ SAMPLES\\STAGE 3\\SG3-21 Risk Assesment 3', NULL, NULL, NULL),
(3353, 238, 129, '2022-04-05 16:39:46', '2022-04-07 00:00:00', '2022-04-20 08:20:13', '2022-04-05 16:39:46', -1, 'Sin requerimiento', 2, NULL, NULL, NULL, NULL),
(3354, 238, 130, '2022-04-05 16:39:46', '2022-04-07 00:00:00', '2022-08-15 08:13:51', '2022-04-05 16:39:46', 1, NULL, 9, 'M:\\Projects\\PDP\\2022\\NWS\\DS-MEDIUM-71 HCS2.0 HJ SAMPLES\\STAGE 4\\SG4-03 Risk Assesment 4', NULL, NULL, NULL),
(3355, 238, 131, '2022-04-05 16:39:46', '2022-04-07 00:00:00', '2022-04-20 08:20:54', '2022-04-05 16:39:46', -1, 'Asignar a QC', 2, NULL, NULL, NULL, NULL),
(3356, 238, 132, '2022-04-05 16:39:46', '2022-04-07 00:00:00', '2022-04-11 17:06:54', '2022-04-05 16:39:46', 1, NULL, 2, 'M:\\Projects\\PDP\\2022\\NWS\\DS-MEDIUM-71 HCS2.0 HJ SAMPLES\\STAGE 3\\SG3-22 Process Compliance - MFG', NULL, NULL, NULL),
(3357, 238, 133, '2022-04-05 16:39:46', '2022-04-07 00:00:00', '2022-05-31 08:48:16', '2022-04-05 16:39:46', 1, NULL, 9, 'M:\\Projects\\PDP\\2022\\NWS\\DS-MEDIUM-71 HCS2.0 HJ SAMPLES\\STAGE 3\\SG3-23 Process Compliance - QA', NULL, NULL, NULL),
(3358, 238, 134, '2022-04-05 16:39:46', '2022-04-07 00:00:00', '2022-04-25 17:29:48', '2022-04-05 16:39:46', -1, 'Not applicable', 3, NULL, NULL, NULL, NULL),
(3359, 238, 136, '2022-04-05 16:39:46', '2022-04-07 00:00:00', '2022-08-15 17:24:48', '2022-04-05 16:39:46', 2, NULL, 3, 'M:\\Projects\\PDP\\2022\\NWS\\DS-MEDIUM-71 HCS2.0 HJ SAMPLES\\STAGE 3\\SG3-24 PTF', '2022-10-17 16:34:46', 9, NULL),
(3360, 238, 137, '2022-04-05 16:39:46', '2022-04-07 00:00:00', '2022-04-19 16:16:20', '2022-04-05 16:39:46', 1, NULL, 2, 'Activity Activity ID 3360 Name Preliminary Assembly Work Instructions Resource Allocation Resources  Maria Elena Rojas Durazo - Ingeniero Jr. Date 04/11/2022 Resource Workload: 0.0 Hours 0', NULL, NULL, NULL),
(3361, 238, 138, '2022-04-05 16:39:46', '2022-04-07 00:00:00', '2022-05-31 09:18:25', '2022-04-05 16:39:46', 1, NULL, 9, 'M:\\Projects\\PDP\\2022\\NWS\\DS-MEDIUM-71 HCS2.0 HJ SAMPLES\\STAGE 3\\SG3-27 PCP', NULL, NULL, NULL),
(3362, 238, 139, '2022-04-05 16:39:46', '2022-04-07 00:00:00', '2022-04-25 17:31:44', '2022-04-05 16:39:46', -1, 'Samples requested from a print There is not a design process', 3, NULL, NULL, NULL, NULL),
(3363, 238, 140, '2022-04-05 16:39:46', '2022-04-07 00:00:00', '2022-04-25 17:38:13', '2022-04-05 16:39:46', 1, NULL, 3, 'M:\\Projects\\PDP\\2022\\NWS\\DS-MEDIUM-71 HCS2.0 HJ SAMPLES\\STAGE 3\\SG3-26 Prints', NULL, NULL, NULL),
(3368, 239, 140, '2022-04-07 09:24:40', '2022-05-11 00:00:00', '2022-05-13 09:43:20', '2022-04-07 09:24:40', 1, NULL, 1, 'M:\\DESIGN\\CSD\\CSD 2022 SOLIDWORKS', NULL, NULL, NULL),
(3369, 240, 1, '2022-04-20 07:06:02', '2022-04-21 00:00:00', '2022-04-22 15:15:07', '2022-04-20 07:06:02', 1, NULL, 6, 'M:\\Projects\\PDP\\2022\\NWS\\DS-LOW-16 EHCS 6X24\\STAGE 1\\SG1-01 Customer request for COE services', NULL, NULL, NULL),
(3370, 240, 3, '2022-04-20 07:06:02', '2022-04-21 00:00:00', '2022-04-22 15:18:32', '2022-04-20 07:06:02', -1, 'Not provided', 6, NULL, NULL, NULL, NULL),
(3371, 240, 15, '2022-04-20 07:06:02', '2022-04-21 00:00:00', '2022-04-22 15:16:34', '2022-04-20 07:06:02', 1, NULL, 6, 'M:\\Projects\\PDP\\2022\\NWS\\DS-LOW-16 EHCS 6X24\\STAGE 1\\SG1-05 Raw material status report', NULL, NULL, NULL),
(3372, 240, 16, '2022-04-20 07:06:02', '2022-04-21 00:00:00', '2022-04-22 15:15:20', '2022-04-20 07:06:02', -1, 'Not required', 6, NULL, NULL, NULL, NULL),
(3373, 240, 17, '2022-04-20 07:06:02', '2022-04-21 00:00:00', '2022-04-25 16:10:43', '2022-04-20 07:06:02', -1, 'Not applicable', 3, NULL, NULL, NULL, NULL),
(3374, 240, 18, '2022-04-20 07:06:02', '2022-04-21 00:00:00', '2022-04-22 15:16:55', '2022-04-20 07:06:02', -1, 'Not required', 6, NULL, NULL, NULL, NULL),
(3375, 240, 19, '2022-04-20 07:06:02', '2022-04-21 00:00:00', '2022-04-22 15:16:45', '2022-04-20 07:06:02', -1, 'Not required', 6, NULL, NULL, NULL, NULL),
(3376, 240, 20, '2022-04-20 07:06:02', '2022-04-21 00:00:00', '2022-04-25 16:06:16', '2022-04-20 07:06:02', -1, 'Not applicable', 3, NULL, NULL, NULL, NULL),
(3377, 240, 21, '2022-04-20 07:06:02', '2022-04-21 00:00:00', '2022-04-22 15:17:45', '2022-04-20 07:06:02', 1, NULL, 6, 'M:\\Projects\\PDP\\2022\\NWS\\DS-LOW-16 EHCS 6X24\\STAGE 1\\SG1-11 Project ship date', NULL, NULL, NULL),
(3378, 240, 22, '2022-04-20 07:06:02', '2022-04-21 00:00:00', '2022-06-21 10:54:39', '2022-04-20 07:06:02', 1, NULL, 6, 'M:\\Projects\\PDP\\2022\\NWS\\DS-LOW-16 EHCS 6X24\\STAGE 1\\SG1-12 Tracking for prototype FA', NULL, NULL, NULL),
(3379, 240, 23, '2022-04-20 07:06:02', '2022-04-21 00:00:00', '2022-04-25 16:05:41', '2022-04-20 07:06:02', 1, NULL, 3, 'M:\\Projects\\PDP\\2022\\NWS\\DS-LOW-16 EHCS 6X24\\STAGE 1\\SG1-01 Customer request for COE services', NULL, NULL, NULL),
(3380, 240, 29, '2022-04-20 07:06:02', '2022-04-21 00:00:00', '2022-04-25 15:53:59', '2022-04-20 07:06:02', -1, 'Not new materials ', 3, NULL, NULL, NULL, NULL),
(3381, 240, 30, '2022-04-20 07:06:02', '2022-04-21 00:00:00', '2022-04-25 16:19:49', '2022-04-20 07:06:02', -1, 'Not Applicable / Non Functional Sample', 3, NULL, NULL, NULL, NULL),
(3382, 240, 35, '2022-04-20 07:06:02', '2022-04-21 00:00:00', '2022-04-25 16:10:24', '2022-04-20 07:06:02', -1, 'Non Functional sample', 3, NULL, NULL, NULL, NULL),
(3383, 240, 36, '2022-04-20 07:06:02', '2022-04-21 00:00:00', '2022-04-28 07:26:08', '2022-04-20 07:06:02', 1, NULL, 9, 'M:\\Projects\\PDP\\INDUSTRIAL STANDARDS', NULL, NULL, NULL),
(3384, 240, 39, '2022-04-20 07:06:02', '2022-04-21 00:00:00', '2022-04-28 07:40:00', '2022-04-20 07:06:02', 1, NULL, 2, 'M:\\Projects\\PDP\\2022\\NWS\\DS-LOW-16 EHCS 6X24\\STAGE 3\\SG3-27 Physical Prototype', NULL, NULL, NULL),
(3385, 240, 42, '2022-04-20 07:06:02', '2022-04-21 00:00:00', '2022-04-25 15:53:10', '2022-04-20 07:06:02', -1, 'There is not external validations\n', 3, NULL, NULL, NULL, NULL),
(3386, 240, 46, '2022-04-20 07:06:02', '2022-04-21 00:00:00', '2022-04-25 16:07:24', '2022-04-20 07:06:02', -1, 'Not applicable', 3, NULL, NULL, NULL, NULL),
(3387, 240, 48, '2022-04-20 07:06:02', '2022-04-21 00:00:00', '2022-04-25 15:52:41', '2022-04-20 07:06:02', -1, 'According to Drawing', 3, NULL, NULL, NULL, NULL),
(3388, 240, 49, '2022-04-20 07:06:02', '2022-04-21 00:00:00', '2022-04-25 15:55:16', '2022-04-20 07:06:02', -1, 'According to Drawing', 3, NULL, NULL, NULL, NULL),
(3389, 240, 52, '2022-04-20 07:06:02', '2022-04-21 00:00:00', '2022-04-25 15:31:54', '2022-04-20 07:06:02', -1, 'Not applicable', 3, NULL, NULL, NULL, NULL),
(3390, 240, 56, '2022-04-20 07:06:02', '2022-04-21 00:00:00', '2022-04-28 07:26:23', '2022-04-20 07:06:02', -1, 'N/A', 9, NULL, NULL, NULL, NULL),
(3391, 240, 57, '2022-04-20 07:06:02', '2022-04-21 00:00:00', '2022-04-25 15:54:55', '2022-04-20 07:06:02', -1, 'According to drawing', 3, NULL, NULL, NULL, NULL),
(3392, 240, 68, '2022-04-20 07:06:02', '2022-04-21 00:00:00', '2022-04-22 09:53:06', '2022-04-20 07:06:02', -1, 'Prototipo', 2, NULL, NULL, NULL, NULL),
(3393, 240, 69, '2022-04-20 07:06:02', '2022-04-21 00:00:00', '2022-04-25 16:09:26', '2022-04-20 07:06:02', 1, NULL, 3, 'M:\\Projects\\PDP\\2022\\NWS\\DS-LOW-16 EHCS 6X24\\STAGE 3\\SG3-02 Final BOM', NULL, NULL, NULL),
(3394, 240, 70, '2022-04-20 07:06:02', '2022-04-21 00:00:00', '2022-04-22 09:48:20', '2022-04-20 07:06:02', -1, 'Prototipo', 2, NULL, NULL, NULL, NULL),
(3395, 240, 71, '2022-04-20 07:06:02', '2022-04-21 00:00:00', '2022-05-02 07:32:31', '2022-04-20 07:06:02', -1, 'N/A', 2, NULL, NULL, NULL, NULL),
(3396, 240, 72, '2022-04-20 07:06:02', '2022-04-21 00:00:00', '2022-04-20 08:25:37', '2022-04-20 07:06:02', -1, 'Muestras no funcionales', 2, NULL, NULL, NULL, NULL),
(3397, 240, 73, '2022-04-20 07:06:02', '2022-04-21 00:00:00', '2022-04-20 08:25:42', '2022-04-20 07:06:02', -1, 'Muestras no funcionales', 2, NULL, NULL, NULL, NULL),
(3398, 240, 74, '2022-04-20 07:06:02', '2022-04-21 00:00:00', '2022-04-20 08:26:06', '2022-04-20 07:06:02', -1, 'Muestras no funcionales', 2, NULL, NULL, NULL, NULL),
(3399, 240, 75, '2022-04-20 07:06:02', '2022-04-21 00:00:00', '2022-04-20 08:25:59', '2022-04-20 07:06:02', -1, 'Muestras no funcionales', 2, NULL, NULL, NULL, NULL),
(3400, 240, 76, '2022-04-20 07:06:02', '2022-04-21 00:00:00', '2022-04-20 08:25:55', '2022-04-20 07:06:02', -1, 'Muestras no funcionales', 2, NULL, NULL, NULL, NULL),
(3401, 240, 77, '2022-04-20 07:06:02', '2022-04-21 00:00:00', '2022-04-20 08:25:50', '2022-04-20 07:06:02', -1, 'Muestras no funcionales', 2, NULL, NULL, NULL, NULL),
(3402, 240, 78, '2022-04-20 07:06:02', '2022-04-21 00:00:00', '2022-04-22 09:49:16', '2022-04-20 07:06:02', -1, 'Muestra no funcinal', 2, NULL, NULL, NULL, NULL),
(3403, 240, 79, '2022-04-20 07:06:02', '2022-04-21 00:00:00', '2022-05-31 14:28:04', '2022-04-20 07:06:02', -1, 'Samp', 9, NULL, NULL, NULL, NULL),
(3404, 240, 80, '2022-04-20 07:06:02', '2022-04-21 00:00:00', '2022-04-25 16:08:01', '2022-04-20 07:06:02', -1, 'Not applicable\n', 3, NULL, NULL, NULL, NULL),
(3405, 240, 81, '2022-04-20 07:06:02', '2022-04-21 00:00:00', '2022-04-25 16:07:42', '2022-04-20 07:06:02', -1, 'Not applicable', 3, NULL, NULL, NULL, NULL),
(3406, 240, 82, '2022-04-20 07:06:02', '2022-04-21 00:00:00', '2022-04-22 09:48:57', '2022-04-20 07:06:02', -1, 'EHCS lado LC', 2, NULL, NULL, NULL, NULL),
(3407, 240, 83, '2022-04-20 07:06:02', '2022-04-21 00:00:00', '2022-04-20 08:25:03', '2022-04-20 07:06:02', -1, 'Muestras no funcionales', 2, NULL, NULL, NULL, NULL),
(3410, 240, 101, '2022-04-20 07:06:02', '2022-04-21 00:00:00', '2022-05-31 14:30:02', '2022-04-20 07:06:02', -1, 'The sample is a mockup', 9, NULL, NULL, NULL, NULL),
(3411, 240, 102, '2022-04-20 07:06:02', '2022-04-21 00:00:00', '2022-05-31 14:29:31', '2022-04-20 07:06:02', -1, 'The sample is a mockup', 9, NULL, NULL, NULL, NULL),
(3412, 240, 103, '2022-04-20 07:06:02', '2022-04-21 00:00:00', '2022-07-12 11:20:20', '2022-04-20 07:06:02', -1, 'N/A', 2, NULL, NULL, NULL, NULL),
(3413, 240, 104, '2022-04-20 07:06:02', '2022-04-21 00:00:00', '2022-05-31 14:45:47', '2022-04-20 07:06:02', -1, 'THE SAMPLE IS A MOCKUP', 9, NULL, NULL, NULL, NULL),
(3414, 240, 105, '2022-04-20 07:06:02', '2022-04-21 00:00:00', '2022-04-22 09:50:09', '2022-04-20 07:06:02', -1, 'Muestras del EHCS lado LC', 2, NULL, NULL, NULL, NULL),
(3415, 240, 106, '2022-04-20 07:06:02', '2022-04-21 00:00:00', '2022-04-22 09:47:29', '2022-04-20 07:06:02', -1, 'Prototipo', 2, NULL, NULL, NULL, NULL),
(3416, 240, 107, '2022-04-20 07:06:02', '2022-04-21 00:00:00', '2022-04-22 15:17:56', '2022-04-20 07:06:02', -1, 'Not provided', 6, NULL, NULL, NULL, NULL),
(3417, 240, 108, '2022-04-20 07:06:02', '2022-04-21 00:00:00', '2022-04-22 15:18:11', '2022-04-20 07:06:02', -1, 'Not provided', 6, NULL, NULL, NULL, NULL),
(3418, 240, 109, '2022-04-20 07:06:02', '2022-04-21 00:00:00', '2022-04-22 15:17:11', '2022-04-20 07:06:02', 1, NULL, 6, 'M:\\Projects\\PDP\\2022\\NWS\\DS-LOW-16 EHCS 6X24\\STAGE 1\\SG1-14 Project categorycomplexity workload hour', NULL, NULL, NULL),
(3419, 240, 110, '2022-04-20 07:06:02', '2022-04-21 00:00:00', '2022-04-25 16:14:52', '2022-04-20 07:06:02', 1, NULL, 3, 'M:\\Projects\\PDP\\2022\\NWS\\DS-LOW-16 EHCS 6X24\\STAGE 1\\SG1-15 Preliminary NAI BOM', NULL, NULL, NULL),
(3420, 240, 111, '2022-04-20 07:06:02', '2022-04-21 00:00:00', '2022-04-22 15:14:48', '2022-04-20 07:06:02', 1, NULL, 6, 'M:\\Projects\\PDP\\2022\\NWS\\DS-LOW-16 EHCS 6X24\\STAGE 1\\SG1-16 COE Log status update', NULL, NULL, NULL),
(3421, 240, 112, '2022-04-20 07:06:02', '2022-04-21 00:00:00', '2022-04-25 16:19:39', '2022-04-20 07:06:02', -1, 'Not Applicable / Non Functional Sample', 3, NULL, NULL, NULL, NULL),
(3422, 240, 113, '2022-04-20 07:06:02', '2022-04-21 00:00:00', '2022-04-22 15:16:16', '2022-04-20 07:06:02', 1, NULL, 6, 'M:\\Projects\\PDP\\2022\\NWS\\DS-LOW-16 EHCS 6X24\\STAGE 2\\SG2-06 Purchase order', NULL, NULL, NULL),
(3423, 240, 114, '2022-04-20 07:06:02', '2022-04-21 00:00:00', '2022-04-25 16:04:44', '2022-04-20 07:06:02', -1, 'Not applicable', 3, NULL, NULL, NULL, NULL),
(3424, 240, 115, '2022-04-20 07:06:02', '2022-04-21 00:00:00', '2022-04-25 15:54:32', '2022-04-20 07:06:02', -1, 'Not new certifications required for personal', 3, NULL, NULL, NULL, NULL),
(3425, 240, 116, '2022-04-20 07:06:02', '2022-04-21 00:00:00', '2022-04-25 15:53:35', '2022-04-20 07:06:02', -1, 'Not applicable', 3, NULL, NULL, NULL, NULL),
(3426, 240, 117, '2022-04-20 07:06:02', '2022-04-21 00:00:00', '2022-04-25 16:04:19', '2022-04-20 07:06:02', -1, 'Not applicable', 3, NULL, NULL, NULL, NULL),
(3427, 240, 118, '2022-04-20 07:06:02', '2022-04-21 00:00:00', '2022-04-25 15:52:17', '2022-04-20 07:06:02', -1, 'According to drawing', 3, NULL, NULL, NULL, NULL),
(3428, 240, 119, '2022-04-20 07:06:02', '2022-04-21 00:00:00', '2022-04-22 09:48:33', '2022-04-20 07:06:02', -1, 'Prototipo', 2, NULL, NULL, NULL, NULL),
(3429, 240, 120, '2022-04-20 07:06:02', '2022-04-21 00:00:00', '2022-04-22 15:15:43', '2022-04-20 07:06:02', 1, NULL, 6, 'M:\\Projects\\PDP\\2022\\NWS\\DS-LOW-16 EHCS 6X24\\STAGE 2\\SG2-23 NAI Work order', NULL, NULL, NULL),
(3430, 240, 121, '2022-04-20 07:06:02', '2022-04-21 00:00:00', '2022-04-25 16:13:37', '2022-04-20 07:06:02', -1, 'Not applicable / Non Functional Sample', 3, NULL, NULL, NULL, NULL),
(3431, 240, 122, '2022-04-20 07:06:02', '2022-04-21 00:00:00', '2022-04-25 16:11:21', '2022-04-20 07:06:02', -1, 'Not applicable', 3, NULL, NULL, NULL, NULL),
(3432, 240, 123, '2022-04-20 07:06:02', '2022-04-21 00:00:00', '2022-04-25 16:13:42', '2022-04-20 07:06:02', -1, 'Not applicable / Non Functional Sample', 3, NULL, NULL, NULL, NULL),
(3433, 240, 124, '2022-04-20 07:06:02', '2022-04-21 00:00:00', '2022-04-28 07:35:05', '2022-04-20 07:06:02', 1, NULL, 2, 'M:\\Projects\\PDP\\2022\\NWS\\DS-LOW-17 SAMPLE 6X24\\STAGE 3\\SG3-26 Prototype Traceability', NULL, NULL, NULL),
(3434, 240, 125, '2022-04-20 07:06:02', '2022-04-21 00:00:00', '2022-04-25 16:19:44', '2022-04-20 07:06:02', -1, 'Not Applicable / Non Functional Sample', 3, NULL, NULL, NULL, NULL),
(3435, 240, 127, '2022-04-20 07:06:02', '2022-04-21 00:00:00', '2022-05-31 14:30:09', '2022-04-20 07:06:02', -1, 'The sample is a mockup', 9, NULL, NULL, NULL, NULL),
(3436, 240, 128, '2022-04-20 07:06:02', '2022-04-21 00:00:00', '2022-05-31 14:30:18', '2022-04-20 07:06:02', -1, 'The sample is a mockup', 9, NULL, NULL, NULL, NULL),
(3437, 240, 129, '2022-04-20 07:06:02', '2022-04-21 00:00:00', '2022-04-20 08:25:10', '2022-04-20 07:06:02', -1, 'Muestras no funcionales', 2, NULL, NULL, NULL, NULL),
(3438, 240, 130, '2022-04-20 07:06:02', '2022-04-21 00:00:00', '2022-05-31 14:30:24', '2022-04-20 07:06:02', -1, 'The sample is a mockup', 9, NULL, NULL, NULL, NULL),
(3439, 240, 131, '2022-04-20 07:06:02', '2022-04-21 00:00:00', '2022-07-12 11:20:26', '2022-04-20 07:06:02', -1, 'N/A', 2, NULL, NULL, NULL, NULL),
(3440, 240, 132, '2022-04-20 07:06:02', '2022-04-21 00:00:00', '2022-06-09 11:13:11', '2022-04-20 07:06:02', -1, 'N/A', 2, NULL, NULL, NULL, NULL),
(3441, 240, 133, '2022-04-20 07:06:02', '2022-04-21 00:00:00', '2022-05-31 14:29:48', '2022-04-20 07:06:02', -1, 'The sample is a mockup', 9, NULL, NULL, NULL, NULL),
(3442, 240, 134, '2022-04-20 07:06:02', '2022-04-21 00:00:00', '2022-04-25 16:11:03', '2022-04-20 07:06:02', -1, 'Not applicable', 3, NULL, NULL, NULL, NULL);
INSERT INTO `actividades_proyecto` (`idActividades_proyecto`, `idProyecto`, `idActividad`, `fechaInicio`, `fechaRequerida`, `fechaEntrega`, `fechaCrea`, `completado`, `notas`, `entregadoPor`, `ubicacion`, `fechaAprobacion`, `aprobadoPor`, `respAct`) VALUES
(3443, 240, 136, '2022-04-20 07:06:02', '2022-04-21 00:00:00', '2022-04-25 16:19:35', '2022-04-20 07:06:02', -1, 'Not Applicable / Non Functional Sample', 3, NULL, NULL, NULL, NULL),
(3444, 240, 137, '2022-04-20 07:06:02', '2022-04-21 00:00:00', '2022-04-22 09:50:23', '2022-04-20 07:06:02', -1, 'Prototipo', 2, NULL, NULL, NULL, NULL),
(3445, 240, 138, '2022-04-20 07:06:02', '2022-04-21 00:00:00', '2022-05-31 14:29:55', '2022-04-20 07:06:02', -1, 'The sample is a mockup', 9, NULL, NULL, NULL, NULL),
(3446, 240, 139, '2022-04-20 07:06:02', '2022-04-21 00:00:00', '2022-04-25 16:15:23', '2022-04-20 07:06:02', -1, 'Not applicable / Non Functional samples', 3, NULL, NULL, NULL, NULL),
(3447, 240, 140, '2022-04-20 07:06:02', '2022-04-21 00:00:00', '2022-04-25 16:22:10', '2022-04-20 07:06:02', 1, NULL, 3, 'M:\\Projects\\PDP\\2022\\NWS\\DS-LOW-16 EHCS 6X24\\STAGE 3\\SG3-25 Prints', NULL, NULL, NULL),
(3448, 241, 1, '2022-04-20 07:20:27', NULL, NULL, '2022-04-20 07:20:27', 0, NULL, NULL, NULL, NULL, NULL, NULL),
(3449, 241, 3, '2022-04-20 07:20:27', NULL, NULL, '2022-04-20 07:20:27', 0, NULL, NULL, NULL, NULL, NULL, NULL),
(3450, 241, 15, '2022-04-20 07:20:27', NULL, NULL, '2022-04-20 07:20:27', 0, NULL, NULL, NULL, NULL, NULL, NULL),
(3451, 241, 16, '2022-04-20 07:20:27', NULL, NULL, '2022-04-20 07:20:27', 0, NULL, NULL, NULL, NULL, NULL, NULL),
(3452, 241, 17, '2022-04-20 07:20:27', NULL, NULL, '2022-04-20 07:20:27', 0, NULL, NULL, NULL, NULL, NULL, NULL),
(3453, 241, 18, '2022-04-20 07:20:27', NULL, NULL, '2022-04-20 07:20:27', 0, NULL, NULL, NULL, NULL, NULL, NULL),
(3454, 241, 19, '2022-04-20 07:20:27', NULL, NULL, '2022-04-20 07:20:27', 0, NULL, NULL, NULL, NULL, NULL, NULL),
(3455, 241, 20, '2022-04-20 07:20:27', NULL, NULL, '2022-04-20 07:20:27', 0, NULL, NULL, NULL, NULL, NULL, NULL),
(3456, 241, 21, '2022-04-20 07:20:27', NULL, NULL, '2022-04-20 07:20:27', 0, NULL, NULL, NULL, NULL, NULL, NULL),
(3457, 241, 22, '2022-04-20 07:20:27', NULL, NULL, '2022-04-20 07:20:27', 0, NULL, NULL, NULL, NULL, NULL, NULL),
(3458, 241, 23, '2022-04-20 07:20:27', NULL, NULL, '2022-04-20 07:20:27', 0, NULL, NULL, NULL, NULL, NULL, NULL),
(3459, 241, 29, '2022-04-20 07:20:27', NULL, NULL, '2022-04-20 07:20:27', 0, NULL, NULL, NULL, NULL, NULL, NULL),
(3460, 241, 30, '2022-04-20 07:20:27', NULL, NULL, '2022-04-20 07:20:27', 0, NULL, NULL, NULL, NULL, NULL, NULL),
(3461, 241, 35, '2022-04-20 07:20:27', NULL, NULL, '2022-04-20 07:20:27', 0, NULL, NULL, NULL, NULL, NULL, NULL),
(3462, 241, 36, '2022-04-20 07:20:27', NULL, NULL, '2022-04-20 07:20:27', 0, NULL, NULL, NULL, NULL, NULL, NULL),
(3463, 241, 39, '2022-04-20 07:20:27', NULL, NULL, '2022-04-20 07:20:27', 0, NULL, NULL, NULL, NULL, NULL, NULL),
(3464, 241, 42, '2022-04-20 07:20:27', NULL, NULL, '2022-04-20 07:20:27', 0, NULL, NULL, NULL, NULL, NULL, NULL),
(3465, 241, 46, '2022-04-20 07:20:27', NULL, NULL, '2022-04-20 07:20:27', 0, NULL, NULL, NULL, NULL, NULL, NULL),
(3466, 241, 48, '2022-04-20 07:20:27', NULL, NULL, '2022-04-20 07:20:27', 0, NULL, NULL, NULL, NULL, NULL, NULL),
(3467, 241, 49, '2022-04-20 07:20:27', NULL, NULL, '2022-04-20 07:20:27', 0, NULL, NULL, NULL, NULL, NULL, NULL),
(3468, 241, 52, '2022-04-20 07:20:27', NULL, NULL, '2022-04-20 07:20:27', 0, NULL, NULL, NULL, NULL, NULL, NULL),
(3469, 241, 56, '2022-04-20 07:20:27', NULL, NULL, '2022-04-20 07:20:27', 0, NULL, NULL, NULL, NULL, NULL, NULL),
(3470, 241, 57, '2022-04-20 07:20:27', NULL, NULL, '2022-04-20 07:20:27', 0, NULL, NULL, NULL, NULL, NULL, NULL),
(3471, 241, 68, '2022-04-20 07:20:27', NULL, NULL, '2022-04-20 07:20:27', 0, NULL, NULL, NULL, NULL, NULL, NULL),
(3472, 241, 69, '2022-04-20 07:20:27', NULL, NULL, '2022-04-20 07:20:27', 0, NULL, NULL, NULL, NULL, NULL, NULL),
(3473, 241, 70, '2022-04-20 07:20:27', NULL, NULL, '2022-04-20 07:20:27', 0, NULL, NULL, NULL, NULL, NULL, NULL),
(3474, 241, 71, '2022-04-20 07:20:27', NULL, NULL, '2022-04-20 07:20:27', 0, NULL, NULL, NULL, NULL, NULL, NULL),
(3475, 241, 72, '2022-04-20 07:20:27', NULL, NULL, '2022-04-20 07:20:27', 0, NULL, NULL, NULL, NULL, NULL, NULL),
(3476, 241, 73, '2022-04-20 07:20:27', NULL, NULL, '2022-04-20 07:20:27', 0, NULL, NULL, NULL, NULL, NULL, NULL),
(3477, 241, 74, '2022-04-20 07:20:27', NULL, NULL, '2022-04-20 07:20:27', 0, NULL, NULL, NULL, NULL, NULL, NULL),
(3478, 241, 75, '2022-04-20 07:20:27', NULL, NULL, '2022-04-20 07:20:27', 0, NULL, NULL, NULL, NULL, NULL, NULL),
(3479, 241, 76, '2022-04-20 07:20:27', NULL, NULL, '2022-04-20 07:20:27', 0, NULL, NULL, NULL, NULL, NULL, NULL),
(3480, 241, 77, '2022-04-20 07:20:27', NULL, NULL, '2022-04-20 07:20:27', 0, NULL, NULL, NULL, NULL, NULL, NULL),
(3481, 241, 78, '2022-04-20 07:20:27', NULL, NULL, '2022-04-20 07:20:27', 0, NULL, NULL, NULL, NULL, NULL, NULL),
(3482, 241, 79, '2022-04-20 07:20:27', NULL, NULL, '2022-04-20 07:20:27', 0, NULL, NULL, NULL, NULL, NULL, NULL),
(3483, 241, 80, '2022-04-20 07:20:27', NULL, NULL, '2022-04-20 07:20:27', 0, NULL, NULL, NULL, NULL, NULL, NULL),
(3484, 241, 81, '2022-04-20 07:20:27', NULL, NULL, '2022-04-20 07:20:27', 0, NULL, NULL, NULL, NULL, NULL, NULL),
(3485, 241, 82, '2022-04-20 07:20:27', NULL, NULL, '2022-04-20 07:20:27', 0, NULL, NULL, NULL, NULL, NULL, NULL),
(3486, 241, 83, '2022-04-20 07:20:27', NULL, NULL, '2022-04-20 07:20:27', 0, NULL, NULL, NULL, NULL, NULL, NULL),
(3487, 241, 84, '2022-04-20 07:20:27', NULL, NULL, '2022-04-20 07:20:27', 0, NULL, NULL, NULL, NULL, NULL, NULL),
(3488, 241, 99, '2022-04-20 07:20:27', NULL, NULL, '2022-04-20 07:20:27', 0, NULL, NULL, NULL, NULL, NULL, NULL),
(3489, 241, 101, '2022-04-20 07:20:27', NULL, NULL, '2022-04-20 07:20:27', 0, NULL, NULL, NULL, NULL, NULL, NULL),
(3490, 241, 102, '2022-04-20 07:20:27', NULL, NULL, '2022-04-20 07:20:27', 0, NULL, NULL, NULL, NULL, NULL, NULL),
(3491, 241, 103, '2022-04-20 07:20:27', NULL, NULL, '2022-04-20 07:20:27', 0, NULL, NULL, NULL, NULL, NULL, NULL),
(3492, 241, 104, '2022-04-20 07:20:27', NULL, NULL, '2022-04-20 07:20:27', 0, NULL, NULL, NULL, NULL, NULL, NULL),
(3493, 241, 105, '2022-04-20 07:20:27', NULL, NULL, '2022-04-20 07:20:27', 0, NULL, NULL, NULL, NULL, NULL, NULL),
(3494, 241, 106, '2022-04-20 07:20:27', NULL, NULL, '2022-04-20 07:20:27', 0, NULL, NULL, NULL, NULL, NULL, NULL),
(3495, 241, 107, '2022-04-20 07:20:27', NULL, NULL, '2022-04-20 07:20:27', 0, NULL, NULL, NULL, NULL, NULL, NULL),
(3496, 241, 108, '2022-04-20 07:20:27', NULL, NULL, '2022-04-20 07:20:27', 0, NULL, NULL, NULL, NULL, NULL, NULL),
(3497, 241, 109, '2022-04-20 07:20:27', NULL, NULL, '2022-04-20 07:20:27', 0, NULL, NULL, NULL, NULL, NULL, NULL),
(3498, 241, 110, '2022-04-20 07:20:27', NULL, NULL, '2022-04-20 07:20:27', 0, NULL, NULL, NULL, NULL, NULL, NULL),
(3499, 241, 111, '2022-04-20 07:20:27', NULL, NULL, '2022-04-20 07:20:27', 0, NULL, NULL, NULL, NULL, NULL, NULL),
(3500, 241, 112, '2022-04-20 07:20:27', NULL, NULL, '2022-04-20 07:20:27', 0, NULL, NULL, NULL, NULL, NULL, NULL),
(3501, 241, 113, '2022-04-20 07:20:27', NULL, NULL, '2022-04-20 07:20:27', 0, NULL, NULL, NULL, NULL, NULL, NULL),
(3502, 241, 114, '2022-04-20 07:20:27', NULL, NULL, '2022-04-20 07:20:27', 0, NULL, NULL, NULL, NULL, NULL, NULL),
(3503, 241, 115, '2022-04-20 07:20:27', NULL, NULL, '2022-04-20 07:20:27', 0, NULL, NULL, NULL, NULL, NULL, NULL),
(3504, 241, 116, '2022-04-20 07:20:27', NULL, NULL, '2022-04-20 07:20:27', 0, NULL, NULL, NULL, NULL, NULL, NULL),
(3505, 241, 117, '2022-04-20 07:20:27', NULL, NULL, '2022-04-20 07:20:27', 0, NULL, NULL, NULL, NULL, NULL, NULL),
(3506, 241, 118, '2022-04-20 07:20:27', NULL, NULL, '2022-04-20 07:20:27', 0, NULL, NULL, NULL, NULL, NULL, NULL),
(3507, 241, 119, '2022-04-20 07:20:27', NULL, NULL, '2022-04-20 07:20:27', 0, NULL, NULL, NULL, NULL, NULL, NULL),
(3508, 241, 120, '2022-04-20 07:20:27', NULL, NULL, '2022-04-20 07:20:27', 0, NULL, NULL, NULL, NULL, NULL, NULL),
(3509, 241, 121, '2022-04-20 07:20:27', NULL, NULL, '2022-04-20 07:20:27', 0, NULL, NULL, NULL, NULL, NULL, NULL),
(3510, 241, 122, '2022-04-20 07:20:27', NULL, NULL, '2022-04-20 07:20:27', 0, NULL, NULL, NULL, NULL, NULL, NULL),
(3511, 241, 123, '2022-04-20 07:20:27', NULL, NULL, '2022-04-20 07:20:27', 0, NULL, NULL, NULL, NULL, NULL, NULL),
(3512, 241, 124, '2022-04-20 07:20:27', NULL, NULL, '2022-04-20 07:20:27', 0, NULL, NULL, NULL, NULL, NULL, NULL),
(3513, 241, 125, '2022-04-20 07:20:27', NULL, NULL, '2022-04-20 07:20:27', 0, NULL, NULL, NULL, NULL, NULL, NULL),
(3514, 241, 127, '2022-04-20 07:20:27', NULL, NULL, '2022-04-20 07:20:27', 0, NULL, NULL, NULL, NULL, NULL, NULL),
(3515, 241, 128, '2022-04-20 07:20:27', NULL, NULL, '2022-04-20 07:20:27', 0, NULL, NULL, NULL, NULL, NULL, NULL),
(3516, 241, 129, '2022-04-20 07:20:27', NULL, NULL, '2022-04-20 07:20:27', 0, NULL, NULL, NULL, NULL, NULL, NULL),
(3517, 241, 130, '2022-04-20 07:20:27', NULL, NULL, '2022-04-20 07:20:27', 0, NULL, NULL, NULL, NULL, NULL, NULL),
(3518, 241, 131, '2022-04-20 07:20:27', NULL, NULL, '2022-04-20 07:20:27', 0, NULL, NULL, NULL, NULL, NULL, NULL),
(3519, 241, 132, '2022-04-20 07:20:27', NULL, NULL, '2022-04-20 07:20:27', 0, NULL, NULL, NULL, NULL, NULL, NULL),
(3520, 241, 133, '2022-04-20 07:20:27', NULL, NULL, '2022-04-20 07:20:27', 0, NULL, NULL, NULL, NULL, NULL, NULL),
(3521, 241, 134, '2022-04-20 07:20:27', NULL, NULL, '2022-04-20 07:20:27', 0, NULL, NULL, NULL, NULL, NULL, NULL),
(3522, 241, 136, '2022-04-20 07:20:27', NULL, NULL, '2022-04-20 07:20:27', 0, NULL, NULL, NULL, NULL, NULL, NULL),
(3523, 241, 137, '2022-04-20 07:20:27', NULL, NULL, '2022-04-20 07:20:27', 0, NULL, NULL, NULL, NULL, NULL, NULL),
(3524, 241, 138, '2022-04-20 07:20:27', NULL, NULL, '2022-04-20 07:20:27', 0, NULL, NULL, NULL, NULL, NULL, NULL),
(3525, 241, 139, '2022-04-20 07:20:27', NULL, NULL, '2022-04-20 07:20:27', 0, NULL, NULL, NULL, NULL, NULL, NULL),
(3526, 241, 140, '2022-04-20 07:20:27', NULL, NULL, '2022-04-20 07:20:27', 0, NULL, NULL, NULL, NULL, NULL, NULL),
(3531, 242, 21, '2022-04-27 07:19:11', '2022-04-27 00:00:00', '2022-05-02 10:27:24', '2022-04-27 07:19:11', 1, NULL, 6, 'M:\\Projects\\PDP\\2022\\NWS\\BTP-LOW-4 HCS2 BOX SAMPLE\\SG1-11 Project ship date', NULL, NULL, NULL),
(3532, 242, 22, '2022-04-27 07:19:11', '2022-04-27 00:00:00', '2022-05-02 10:26:38', '2022-04-27 07:19:11', 1, NULL, 6, 'M:\\Projects\\PDP\\2022\\NWS\\BTP-LOW-4 HCS2 BOX SAMPLE\\SG1-12 Tracking for prototype FA', NULL, NULL, NULL),
(3543, 243, 70, '2022-04-27 07:22:53', '2022-05-05 00:00:00', '2022-07-13 10:05:51', '2022-04-27 07:22:53', 1, '', 7, 'M:\\Projects\\PDP\\2022\\RFS\\VT-MEDIUM-4  JONHON CONNECTORS\\Project Samples', NULL, NULL, NULL),
(3550, 243, 78, '2022-04-27 07:22:53', '2022-05-05 00:00:00', '2022-08-11 10:39:29', '2022-04-27 07:22:53', 2, 'La ruta del archvio no corresponde a la ruta del proyecto', 7, 'M:\\Projects\\PDP\\2022\\RFS\\VT-MEDIUM-4  JONHON CONNECTORS\\Optical Performance Test IL&RL', '2022-08-15 10:23:14', 9, NULL),
(3551, 243, 79, '2022-04-27 07:22:53', '2022-05-05 00:00:00', '2022-06-09 15:50:43', '2022-04-27 07:22:53', 1, NULL, 9, 'M:\\Projects\\PDP\\2022\\RFS\\VT-MEDIUM-4  JONHON CONNECTORS\\Environment Test IPX6', NULL, NULL, NULL),
(3552, 243, 80, '2022-04-27 07:22:53', '2022-05-05 00:00:00', '2022-08-02 18:11:34', '2022-04-27 07:22:53', 1, NULL, 3, 'M:\\Projects\\PDP\\2022\\RFS\\VT-MEDIUM-4  JONHON CONNECTORS\\Engineering Report', NULL, NULL, NULL),
(3556, 222, 106, '2022-04-27 15:12:13', '2023-01-04 00:00:00', '2022-06-09 10:46:47', '2022-04-27 15:12:13', -1, 'N/A', 2, NULL, NULL, NULL, NULL),
(3557, 242, 110, '2022-04-27 15:14:46', '2022-04-27 00:00:00', '2022-05-04 10:07:09', '2022-04-27 15:14:46', 1, NULL, 3, 'M:\\Projects\\PDP\\2022\\NWS\\BTP-LOW-4 HCS2 BOX SAMPLE\\SG1-15 Preliminary NAI BOM', NULL, NULL, NULL),
(3558, 242, 39, '2022-04-27 15:14:46', '2022-04-27 00:00:00', '2022-05-02 07:53:52', '2022-04-27 15:14:46', 1, NULL, 2, 'M:\\Projects\\PDP\\2022\\NWS\\BTP-LOW-4 HCS2 BOX SAMPLE\\SG2-10 Physical prototype', NULL, NULL, NULL),
(3559, 242, 124, '2022-04-27 15:15:10', '2022-04-27 00:00:00', '2022-05-02 07:32:03', '2022-04-27 15:15:10', -1, 'N/A', 2, NULL, NULL, NULL, NULL),
(3564, 244, 21, '2022-04-28 07:43:30', '2022-05-01 00:00:00', '2022-05-02 10:28:46', '2022-04-28 07:43:30', 1, NULL, 6, 'M:\\Projects\\PDP\\2022\\NWS\\BTP-LOW-6 CONNECT X JUMPER\\SG1-11 Project ship date', NULL, NULL, NULL),
(3565, 244, 22, '2022-04-28 07:43:30', '2022-05-01 00:00:00', '2022-05-03 08:54:56', '2022-04-28 07:43:30', 1, NULL, 6, 'M:\\Projects\\PDP\\2022\\NWS\\BTP-LOW-6 CONNECT X JUMPER\\SG1-12 Tracking for prototype FA', NULL, NULL, NULL),
(3575, 244, 39, '2022-04-28 08:42:27', '2022-05-01 00:00:00', '2022-05-02 07:56:18', '2022-04-28 08:42:27', 1, NULL, 2, 'M:\\Projects\\PDP\\2022\\NWS\\BTP-LOW-6 CONNECT X JUMPER\\SG2-10 Physical prototype', NULL, NULL, NULL),
(3576, 244, 110, '2022-04-28 08:43:15', '2022-05-01 00:00:00', '2022-05-04 10:08:29', '2022-04-28 08:43:15', 1, NULL, 3, 'M:\\Projects\\PDP\\2022\\NWS\\BTP-LOW-6 CONNECT X JUMPER\\SG1-15 Preliminary NAI BOM', NULL, NULL, NULL),
(3577, 244, 124, '2022-04-28 08:43:15', '2022-05-01 00:00:00', '2022-05-02 07:59:54', '2022-04-28 08:43:15', 1, NULL, 2, 'M:\\Projects\\PDP\\2022\\NWS\\BTP-LOW-6 CONNECT X JUMPER\\SG2-27 Prototype Traceability', NULL, NULL, NULL),
(3586, 245, 78, '2022-05-04 10:32:18', NULL, NULL, '2022-05-04 10:32:18', 0, NULL, NULL, NULL, NULL, NULL, NULL),
(3588, 245, 80, '2022-05-04 10:32:18', NULL, NULL, '2022-05-04 10:32:18', 0, NULL, NULL, NULL, NULL, NULL, NULL),
(3592, 222, 79, '2022-05-04 15:14:46', '2023-01-04 00:00:00', '2022-08-05 07:49:20', '2022-05-04 15:14:46', -1, 'Prueba no requerida por cliente', 9, NULL, NULL, NULL, NULL),
(3593, 222, 80, '2022-05-04 15:14:46', '2023-01-04 00:00:00', '2023-01-11 09:40:22', '2022-05-04 15:14:46', 1, NULL, 3, 'M:\\Projects\\PDP\\2022\\Prysmian\\BTP-LOW-5  CasaLink Solution\\STAGE 3\\SG3-13 Environmental Test TC test', NULL, NULL, NULL),
(3594, 222, 81, '2022-05-04 15:14:46', '2023-01-04 00:00:00', '2023-01-11 08:28:08', '2022-05-04 15:14:46', -1, 'N/A', 3, NULL, NULL, NULL, NULL),
(3595, 222, 72, '2022-05-04 15:15:30', '2023-01-04 00:00:00', '2022-06-21 15:57:22', '2022-05-04 15:15:30', 1, NULL, 2, 'M:\\Projects\\PDP\\2022\\Casalink', NULL, NULL, NULL),
(3596, 245, 39, '2022-05-04 15:18:22', NULL, NULL, '2022-05-04 15:18:22', 0, NULL, NULL, NULL, NULL, NULL, NULL),
(3597, 243, 121, '2022-05-04 15:22:20', '2022-05-05 00:00:00', '2022-08-02 18:12:25', '2022-05-04 15:22:20', -1, 'No design. Connector validation requested by customer RFS', 3, NULL, NULL, NULL, NULL),
(3598, 243, 131, '2022-05-04 15:22:20', '2022-05-05 00:00:00', '2022-07-13 10:06:18', '2022-05-04 15:22:20', 1, '', 7, 'M:\\Projects\\PDP\\2022\\RFS\\VT-MEDIUM-4  JONHON CONNECTORS\\Process Compliance', NULL, NULL, NULL),
(3599, 243, 137, '2022-05-04 15:22:20', '2022-05-05 00:00:00', '2022-07-25 16:27:13', '2022-05-04 15:22:20', 1, '', 7, 'M:\\Projects\\PDP\\2022\\RFS\\VT-MEDIUM-4  JONHON CONNECTORS\\Assembly Work Instruction', NULL, NULL, NULL),
(3600, 222, 143, '2022-05-04 16:01:35', '2023-01-04 00:00:00', '2022-06-21 15:58:19', '2022-05-04 16:01:35', 1, NULL, 2, 'M:\\Projects\\PDP\\2022\\Casalink', NULL, NULL, NULL),
(3601, 222, 145, '2022-05-04 16:01:35', '2023-01-04 00:00:00', NULL, '2022-05-04 16:01:35', 0, NULL, NULL, NULL, NULL, NULL, NULL),
(3602, 222, 146, '2022-05-04 16:01:35', '2023-01-04 00:00:00', NULL, '2022-05-04 16:01:35', 0, NULL, NULL, NULL, NULL, NULL, NULL),
(3603, 222, 147, '2022-05-04 16:01:35', '2023-01-04 00:00:00', NULL, '2022-05-04 16:01:35', 0, NULL, NULL, NULL, NULL, NULL, NULL),
(3604, 222, 148, '2022-05-04 16:01:35', '2023-01-04 00:00:00', NULL, '2022-05-04 16:01:35', 0, NULL, NULL, NULL, NULL, NULL, NULL),
(3605, 246, 69, '2022-05-09 11:49:04', '2022-05-25 00:00:00', '2022-08-02 17:10:40', '2022-05-09 11:49:04', -1, 'Not a BOM is required. this was an epoxy validation.', 3, NULL, NULL, NULL, NULL),
(3606, 246, 70, '2022-05-09 11:49:04', '2022-05-25 00:00:00', '2022-07-12 09:54:27', '2022-05-09 11:49:04', -1, 'N/A', 2, NULL, NULL, NULL, NULL),
(3607, 246, 72, '2022-05-09 11:49:04', '2022-05-25 00:00:00', '2022-06-09 10:59:27', '2022-05-09 11:49:04', 1, NULL, 2, 'M:\\Projects\\PDP\\2022\\NWS\\Validations\\VT-MEDIUM-7 EPOXY ADH-119MT\\STAGE 3\\SG3-05 Mechanical Test mating unmating', NULL, NULL, NULL),
(3608, 246, 73, '2022-05-09 11:49:04', '2022-05-25 00:00:00', '2022-06-09 11:13:28', '2022-05-09 11:49:04', -1, 'N/A', 2, NULL, NULL, NULL, NULL),
(3609, 246, 74, '2022-05-09 11:49:04', '2022-05-25 00:00:00', '2022-06-09 10:38:00', '2022-05-09 11:49:04', -1, 'N/A', 2, NULL, NULL, NULL, NULL),
(3610, 246, 75, '2022-05-09 11:49:04', '2022-05-25 00:00:00', '2022-06-09 10:38:12', '2022-05-09 11:49:04', -1, 'N/A', 2, NULL, NULL, NULL, NULL),
(3611, 246, 76, '2022-05-09 11:49:04', '2022-05-25 00:00:00', '2022-06-09 10:37:51', '2022-05-09 11:49:04', -1, 'N/A', 2, NULL, NULL, NULL, NULL),
(3612, 246, 77, '2022-05-09 11:49:04', '2022-05-25 00:00:00', '2022-06-09 10:38:23', '2022-05-09 11:49:04', -1, 'N/A', 2, NULL, NULL, NULL, NULL),
(3613, 246, 78, '2022-05-09 11:49:04', '2022-05-25 00:00:00', '2022-06-09 11:10:35', '2022-05-09 11:49:04', 2, NULL, 2, 'M:\\Projects\\PDP\\2022\\NWS\\Validations\\VT-MEDIUM-7 EPOXY ADH-119MT\\STAGE 3\\SG3-11 Optical Performance Test IL RL', '2022-08-01 12:24:44', 9, NULL),
(3614, 246, 79, '2022-05-09 11:49:04', '2022-05-25 00:00:00', '2022-05-25 09:09:46', '2022-05-09 11:49:04', -1, 'No aplica algun requerimeinto de prueba de IP', 9, NULL, NULL, NULL, NULL),
(3615, 246, 80, '2022-05-09 11:49:04', '2022-05-25 00:00:00', '2022-08-02 17:09:35', '2022-05-09 11:49:04', 1, NULL, 3, 'M:\\Projects\\PDP\\2022\\NWS\\Validations\\VT-MEDIUM-7 EPOXY ADH-119MT\\STAGE 3\\SG3-24 Engineering Report', NULL, NULL, NULL),
(3616, 246, 81, '2022-05-09 11:49:04', '2022-05-25 00:00:00', '2022-08-02 17:02:09', '2022-05-09 11:49:04', -1, 'Test not required', 3, NULL, NULL, NULL, NULL),
(3618, 246, 132, '2022-05-09 11:49:04', '2022-05-25 00:00:00', '2022-06-09 11:13:49', '2022-05-09 11:49:04', -1, 'N/A', 2, NULL, NULL, NULL, NULL),
(3619, 247, 69, '2022-05-12 07:16:56', '2022-05-24 00:00:00', '2022-08-02 17:12:07', '2022-05-12 07:16:56', -1, 'Component to be added to a final product already exist. No BOM is required.', 3, NULL, NULL, NULL, NULL),
(3620, 247, 70, '2022-05-12 07:16:56', '2022-05-24 00:00:00', '2022-06-09 10:54:37', '2022-05-12 07:16:56', 1, NULL, 2, 'M:\\Projects\\PDP\\2022\\NWS\\Validations\\VT-HIGH-3 CONDUMEX\\STAGE 3\\SG3-03 Product Samples', NULL, NULL, NULL),
(3621, 247, 72, '2022-05-12 07:16:56', '2022-05-24 00:00:00', '2022-06-09 10:37:28', '2022-05-12 07:16:56', -1, 'N/A', 2, NULL, NULL, NULL, NULL),
(3622, 247, 73, '2022-05-12 07:16:56', '2022-05-24 00:00:00', '2022-06-09 10:37:21', '2022-05-12 07:16:56', -1, 'N/A\n', 2, NULL, NULL, NULL, NULL),
(3623, 247, 74, '2022-05-12 07:16:56', '2022-05-24 00:00:00', '2022-06-09 10:37:09', '2022-05-12 07:16:56', -1, 'N/A\n', 2, NULL, NULL, NULL, NULL),
(3624, 247, 75, '2022-05-12 07:16:56', '2022-05-24 00:00:00', '2022-06-09 10:45:58', '2022-05-12 07:16:56', -1, 'N/A', 2, NULL, NULL, NULL, NULL),
(3625, 247, 76, '2022-05-12 07:16:56', '2022-05-24 00:00:00', '2022-06-09 10:40:30', '2022-05-12 07:16:56', 1, NULL, 2, 'M:\\Projects\\PDP\\2022\\NWS\\Validations\\VT-HIGH-3 CONDUMEX\\STAGE 3\\SG3-09 Electrical Test Contact Resistance Test', NULL, NULL, NULL),
(3626, 247, 77, '2022-05-12 07:16:56', '2022-05-24 00:00:00', '2022-06-09 10:46:05', '2022-05-12 07:16:56', -1, 'N/A', 2, NULL, NULL, NULL, NULL),
(3627, 247, 78, '2022-05-12 07:16:56', '2022-05-24 00:00:00', '2022-06-09 10:45:27', '2022-05-12 07:16:56', 2, NULL, 2, 'M:\\Projects\\PDP\\2022\\NWS\\Validations\\VT-HIGH-3 CONDUMEX\\STAGE 3\\SG3-11 Optical Performance Test IL RL', '2022-08-01 12:21:38', 9, NULL),
(3628, 247, 79, '2022-05-12 07:16:56', '2022-05-24 00:00:00', '2022-05-25 09:09:11', '2022-05-12 07:16:56', -1, 'No tiene requerimeinto de alguna prueba de IP', 9, NULL, NULL, NULL, NULL),
(3629, 247, 80, '2022-05-12 07:16:56', '2022-05-24 00:00:00', '2022-08-30 16:19:49', '2022-05-12 07:16:56', 1, NULL, 3, 'M:\\Projects\\PDP\\2022\\NWS\\Validations\\VT-HIGH-3 CONDUMEX\\STAGE 3\\SG3-13 Environmental Test TC test', NULL, NULL, NULL),
(3632, 247, 132, '2022-05-12 07:16:56', '2022-05-24 00:00:00', '2022-06-09 10:47:08', '2022-05-12 07:16:56', -1, 'N/A', 2, NULL, NULL, NULL, NULL),
(3637, 248, 21, '2022-05-18 14:21:00', '2022-05-22 00:00:00', '2022-05-26 14:28:19', '2022-05-18 14:21:00', 1, NULL, 6, 'M:\\Projects\\PDP\\2022\\NWS\\BTP-LOW-7 SAMSUNG 1M\\SG1-11 Project ship date', NULL, NULL, NULL),
(3638, 248, 22, '2022-05-18 14:21:00', '2022-05-22 00:00:00', '2022-05-30 07:29:42', '2022-05-18 14:21:00', 1, NULL, 6, 'M:\\Projects\\PDP\\2022\\NWS\\BTP-LOW-7 SAMSUNG 1M\\SG1-12 Tracking for prototype FA', NULL, NULL, NULL),
(3640, 248, 71, '2022-05-18 14:21:00', '2022-05-22 00:00:00', '2022-05-26 07:34:02', '2022-05-18 14:21:00', 1, NULL, 7, 'M:\\Projects\\PDP\\2022\\NWS\\BTP-LOW-7 SAMSUNG 1M\\FAR', NULL, NULL, NULL),
(3641, 248, 82, '2022-05-18 14:21:00', '2022-05-22 00:00:00', '2022-05-26 07:29:59', '2022-05-18 14:21:00', 2, NULL, 7, 'M:\\Projects\\PDP\\2022\\NWS\\BTP-LOW-7 SAMSUNG 1M\\Work Instruction', '2022-05-31 14:53:03', 9, NULL),
(3645, 248, 104, '2022-05-18 14:21:00', '2022-05-22 00:00:00', '2022-05-25 09:08:41', '2022-05-18 14:21:00', 1, NULL, 9, 'M:\\Projects\\PDP\\2022\\NWS\\BTP-LOW-7 SAMSUNG 1M\\FAIR', NULL, NULL, NULL),
(3646, 249, 69, '2022-06-07 07:46:13', '2022-06-16 00:00:00', '2022-08-02 17:12:13', '2022-06-07 07:46:13', -1, 'Component to be added to a final product already exist. No BOM is required.', 3, NULL, NULL, NULL, NULL),
(3647, 249, 70, '2022-06-07 07:46:13', '2022-06-16 00:00:00', '2022-07-12 11:19:40', '2022-06-07 07:46:13', -1, 'n/a', 2, NULL, NULL, NULL, NULL),
(3648, 249, 72, '2022-06-07 07:46:13', '2022-06-16 00:00:00', '2022-06-21 15:55:38', '2022-06-07 07:46:13', -1, 'N/A', 2, NULL, NULL, NULL, NULL),
(3649, 249, 73, '2022-06-07 07:46:13', '2022-06-16 00:00:00', '2022-06-21 15:55:32', '2022-06-07 07:46:13', -1, 'N/A', 2, NULL, NULL, NULL, NULL),
(3650, 249, 74, '2022-06-07 07:46:13', '2022-06-16 00:00:00', '2022-06-21 15:55:07', '2022-06-07 07:46:13', -1, 'N/A', 2, NULL, NULL, NULL, NULL),
(3651, 249, 75, '2022-06-07 07:46:13', '2022-06-16 00:00:00', '2022-06-21 15:55:15', '2022-06-07 07:46:13', -1, 'N/A', 2, NULL, NULL, NULL, NULL),
(3652, 249, 76, '2022-06-07 07:46:13', '2022-06-16 00:00:00', '2022-06-21 15:54:59', '2022-06-07 07:46:13', -1, 'N/A', 2, NULL, NULL, NULL, NULL),
(3653, 249, 77, '2022-06-07 07:46:13', '2022-06-16 00:00:00', '2022-06-21 15:55:24', '2022-06-07 07:46:13', -1, 'N/A', 2, NULL, NULL, NULL, NULL),
(3654, 249, 78, '2022-06-07 07:46:13', '2022-06-16 00:00:00', '2022-07-12 11:14:00', '2022-06-07 07:46:13', 2, NULL, 2, 'M:\\Projects\\PDP\\2022\\NWS\\Validations\\VT-HIGH-4 CONDUMEX 4AWG\\SG3-11 Optical Performance Test IL RL', '2022-08-01 12:24:04', 9, NULL),
(3655, 249, 79, '2022-06-07 07:46:13', '2022-06-16 00:00:00', '2022-08-01 09:21:33', '2022-06-07 07:46:13', 1, NULL, 9, 'M:\\Projects\\PDP\\2022\\NWS\\Validations\\VT-HIGH-4 CONDUMEX 4AWG\\SG3-12 Environmental test IP-XX', NULL, NULL, NULL),
(3656, 249, 80, '2022-06-07 07:46:13', '2022-06-16 00:00:00', '2022-08-31 07:25:18', '2022-06-07 07:46:13', 1, NULL, 3, 'M:\\Projects\\PDP\\2022\\NWS\\Validations\\VT-HIGH-4 CONDUMEX 4AWG\\SG3-23 Environmental test TC Test', NULL, NULL, NULL),
(3658, 249, 84, '2022-06-07 07:46:13', '2022-06-16 00:00:00', '2022-06-29 07:00:31', '2022-06-07 07:46:13', 1, NULL, 6, 'M:\\Projects\\PDP\\2022\\NWS\\Validations\\VT-HIGH-4 CONDUMEX 4AWG', NULL, NULL, NULL),
(3659, 249, 132, '2022-06-07 07:46:13', '2022-06-16 00:00:00', '2022-07-12 11:16:11', '2022-06-07 07:46:13', 1, NULL, 2, 'M:\\Projects\\PDP\\2022\\NWS\\Validations\\VT-HIGH-4 CONDUMEX 4AWG\\SG3-22 Process Compliance - MFG', NULL, NULL, NULL),
(3662, 250, 18, '2022-06-08 08:08:57', '2022-07-04 00:00:00', '2022-07-12 15:05:42', '2022-06-08 08:08:57', 1, NULL, 6, 'M:\\Projects\\PDP\\2022\\OpSens\\BTP-LOW-8 OPSENS SUB ASSY\\STAGE 1\\SG1-08 Price calculation for COE service', NULL, NULL, NULL),
(3663, 250, 19, '2022-06-08 08:08:57', '2022-07-04 00:00:00', '2022-07-12 15:05:26', '2022-06-08 08:08:57', 1, NULL, 6, 'M:\\Projects\\PDP\\2022\\OpSens\\BTP-LOW-8 OPSENS SUB ASSY\\STAGE 1\\SG1-09 Formal quotation for COE Services', NULL, NULL, NULL),
(3664, 250, 21, '2022-06-08 08:08:57', '2022-07-04 00:00:00', '2022-07-25 07:56:43', '2022-06-08 08:08:57', 1, NULL, 6, 'M:\\Projects\\PDP\\2022\\OpSens\\BTP-LOW-8 OPSENS SUB ASSY\\STAGE 1\\SG1-11 Project ship date', NULL, NULL, NULL),
(3665, 250, 22, '2022-06-08 08:08:57', '2022-07-04 00:00:00', '2022-07-25 07:58:14', '2022-06-08 08:08:57', 1, NULL, 6, 'M:\\Projects\\PDP\\2022\\OpSens\\BTP-LOW-8 OPSENS SUB ASSY\\STAGE 1\\SG1-12 Tracking for prototype FA', NULL, NULL, NULL),
(3666, 250, 70, '2022-06-08 08:08:57', '2022-07-04 00:00:00', '2022-07-22 15:34:10', '2022-06-08 08:08:57', 1, NULL, 7, 'M:\\Projects\\PDP\\2022\\OpSens\\BTP-LOW-8 OPSENS SUB ASSY\\STAGE 3\\SG3-03 Product Samples', NULL, NULL, NULL),
(3667, 250, 71, '2022-06-08 08:08:57', '2022-07-04 00:00:00', '2022-07-22 15:33:34', '2022-06-08 08:08:57', 1, NULL, 7, 'M:\\Projects\\PDP\\2022\\OpSens\\BTP-LOW-8 OPSENS SUB ASSY\\STAGE 3\\SG3-04 First Article Report FAR', NULL, NULL, NULL),
(3668, 250, 82, '2022-06-08 08:08:57', '2022-07-04 00:00:00', '2022-07-27 07:40:22', '2022-06-08 08:08:57', 2, NULL, 7, 'M:\\Projects\\PDP\\2022\\OpSens\\BTP-LOW-8 OPSENS SUB ASSY\\STAGE 3\\SG3-15 Final Assembly Work Instruction', '2022-08-01 12:33:34', 9, NULL),
(3669, 250, 101, '2022-06-08 08:08:57', '2022-07-04 00:00:00', '2022-08-01 12:07:39', '2022-06-08 08:08:57', 1, NULL, 9, 'M:\\Projects\\PDP\\2022\\OpSens\\BTP-LOW-8 OPSENS SUB ASSY\\STAGE 1\\SG1-13 Risk Assesment 1', NULL, NULL, NULL),
(3672, 250, 104, '2022-06-08 08:08:57', '2022-07-04 00:00:00', '2022-08-01 09:28:07', '2022-06-08 08:08:57', 1, NULL, 9, 'M:\\Projects\\PDP\\2022\\OpSens\\BTP-LOW-8 OPSENS SUB ASSY\\STAGE 3\\SG3-18 FAIR', NULL, NULL, NULL),
(3673, 250, 105, '2022-06-08 08:08:57', '2022-07-04 00:00:00', '2022-07-19 07:45:03', '2022-06-08 08:08:57', 2, NULL, 7, 'M:\\Projects\\PDP\\2022\\OpSens\\BTP-LOW-8 OPSENS SUB ASSY\\STAGE 3\\SG3-19 Flow Chart', '2022-08-01 12:32:50', 9, NULL),
(3674, 250, 106, '2022-06-08 08:08:57', '2022-07-04 00:00:00', '2022-07-22 15:34:28', '2022-06-08 08:08:57', -1, 'No deviation made', 7, NULL, NULL, NULL, NULL),
(3675, 250, 68, '2022-06-08 15:23:46', '2022-07-04 00:00:00', '2022-07-19 14:21:35', '2022-06-08 15:23:46', 2, NULL, 7, 'M:\\Projects\\PDP\\2022\\OpSens\\BTP-LOW-8 OPSENS SUB ASSY\\STAGE 3\\SG3-01 PFMEA', '2022-08-01 12:31:31', 9, NULL),
(3676, 250, 69, '2022-06-08 15:23:46', '2022-07-04 00:00:00', '2022-07-29 11:58:28', '2022-06-08 15:23:46', 1, NULL, 3, 'M:\\Projects\\PDP\\2022\\OpSens\\BTP-LOW-8 OPSENS SUB ASSY\\STAGE 3\\SG3-02 Final BOM', NULL, NULL, NULL),
(3677, 250, 78, '2022-06-08 15:23:46', '2022-07-04 00:00:00', '2022-07-22 15:33:51', '2022-06-08 15:23:46', 2, NULL, 7, 'M:\\Projects\\PDP\\2022\\OpSens\\BTP-LOW-8 OPSENS SUB ASSY\\STAGE 3\\SG3-11 Optical Performance Test IL RL', '2022-08-01 12:34:14', 9, NULL),
(3678, 250, 84, '2022-06-08 15:23:46', '2022-07-04 00:00:00', '2022-10-25 07:49:14', '2022-06-08 15:23:46', -1, 'Not received', 6, NULL, NULL, NULL, NULL),
(3679, 250, 128, '2022-06-08 15:23:46', '2022-07-04 00:00:00', '2022-08-01 12:08:11', '2022-06-08 15:23:46', 1, NULL, 9, 'M:\\Projects\\PDP\\2022\\OpSens\\BTP-LOW-8 OPSENS SUB ASSY\\STAGE 3\\SG3-21 Risk Assesment 3', NULL, NULL, NULL),
(3680, 250, 132, '2022-06-08 15:23:46', '2022-07-04 00:00:00', '2022-07-25 10:47:38', '2022-06-08 15:23:46', 1, NULL, 7, 'M:\\Projects\\PDP\\2022\\OpSens\\BTP-LOW-8 OPSENS SUB ASSY\\STAGE 3\\SG3-22 Process Compliance - MFG', NULL, NULL, NULL),
(3681, 250, 133, '2022-06-08 15:23:46', '2022-07-04 00:00:00', '2022-08-01 09:28:27', '2022-06-08 15:23:46', 1, NULL, 9, 'M:\\Projects\\PDP\\2022\\OpSens\\BTP-LOW-8 OPSENS SUB ASSY\\STAGE 3\\SG3-23 Process Compliance - QA', NULL, NULL, NULL),
(3682, 250, 138, '2022-06-08 15:23:46', '2022-07-04 00:00:00', '2022-08-01 09:28:47', '2022-06-08 15:23:46', 1, NULL, 9, 'M:\\Projects\\PDP\\2022\\OpSens\\BTP-LOW-8 OPSENS SUB ASSY\\STAGE 3\\SG3-26 Process Control Plan', NULL, NULL, NULL),
(3683, 250, 140, '2022-06-08 15:23:46', '2022-07-04 00:00:00', '2022-07-29 11:59:02', '2022-06-08 15:23:46', -1, 'Not required', 3, NULL, NULL, NULL, NULL),
(3684, 251, 1, '2022-06-14 09:23:20', '2022-07-28 00:00:00', '2022-06-21 10:21:52', '2022-06-14 09:23:20', 1, NULL, 6, 'M:\\Projects\\PDP\\2022\\NWS\\DS-HIGH-32 NWS MODIFIED HCSA TRUNK\\STAGE 1\\SG1-01 Customer request for COE services', NULL, NULL, NULL),
(3688, 251, 140, '2022-06-14 09:23:20', '2022-07-28 00:00:00', '2022-06-23 07:51:52', '2022-06-14 09:23:20', 1, NULL, 3, 'M:\\Projects\\PDP\\2022\\NWS\\DS-HIGH-32 NWS MODIFIED HCSA TRUNK\\STAGE 3\\SG3-25 Prints', NULL, NULL, NULL),
(3689, 251, 19, '2022-06-15 15:32:12', '2022-07-28 00:00:00', '2022-06-21 10:25:46', '2022-06-15 15:32:12', 1, NULL, 6, 'M:\\Projects\\PDP\\2022\\NWS\\DS-HIGH-32 NWS MODIFIED HCSA TRUNK\\STAGE 1\\SG1-09 Formal quotation for COE Services', NULL, NULL, NULL),
(3690, 252, 1, '2022-06-23 10:20:23', '2022-07-06 00:00:00', NULL, '2022-06-23 10:20:23', 0, NULL, NULL, NULL, NULL, NULL, NULL),
(3691, 252, 3, '2022-06-23 10:20:23', '2022-07-06 00:00:00', NULL, '2022-06-23 10:20:23', 0, NULL, NULL, NULL, NULL, NULL, NULL),
(3692, 252, 15, '2022-06-23 10:20:23', '2022-07-06 00:00:00', NULL, '2022-06-23 10:20:23', 0, NULL, NULL, NULL, NULL, NULL, NULL),
(3693, 252, 16, '2022-06-23 10:20:23', '2022-07-06 00:00:00', NULL, '2022-06-23 10:20:23', 0, NULL, NULL, NULL, NULL, NULL, NULL),
(3694, 252, 17, '2022-06-23 10:20:23', '2022-07-06 00:00:00', NULL, '2022-06-23 10:20:23', 0, NULL, NULL, NULL, NULL, NULL, NULL),
(3695, 252, 18, '2022-06-23 10:20:23', '2022-07-06 00:00:00', NULL, '2022-06-23 10:20:23', 0, NULL, NULL, NULL, NULL, NULL, NULL),
(3696, 252, 19, '2022-06-23 10:20:23', '2022-07-06 00:00:00', NULL, '2022-06-23 10:20:23', 0, NULL, NULL, NULL, NULL, NULL, NULL),
(3697, 252, 20, '2022-06-23 10:20:23', '2022-07-06 00:00:00', NULL, '2022-06-23 10:20:23', 0, NULL, NULL, NULL, NULL, NULL, NULL),
(3698, 252, 21, '2022-06-23 10:20:23', '2022-07-06 00:00:00', NULL, '2022-06-23 10:20:23', 0, NULL, NULL, NULL, NULL, NULL, NULL),
(3699, 252, 22, '2022-06-23 10:20:23', '2022-07-06 00:00:00', NULL, '2022-06-23 10:20:23', 0, NULL, NULL, NULL, NULL, NULL, NULL),
(3700, 252, 23, '2022-06-23 10:20:23', '2022-07-06 00:00:00', NULL, '2022-06-23 10:20:23', 0, NULL, NULL, NULL, NULL, NULL, NULL),
(3701, 252, 29, '2022-06-23 10:20:23', '2022-07-06 00:00:00', NULL, '2022-06-23 10:20:23', 0, NULL, NULL, NULL, NULL, NULL, NULL),
(3702, 252, 30, '2022-06-23 10:20:23', '2022-07-06 00:00:00', NULL, '2022-06-23 10:20:23', 0, NULL, NULL, NULL, NULL, NULL, NULL),
(3703, 252, 35, '2022-06-23 10:20:23', '2022-07-06 00:00:00', NULL, '2022-06-23 10:20:23', 0, NULL, NULL, NULL, NULL, NULL, NULL),
(3704, 252, 36, '2022-06-23 10:20:23', '2022-07-06 00:00:00', '2022-08-02 11:51:57', '2022-06-23 10:20:23', 1, NULL, 9, 'M:\\Projects\\PDP\\INDUSTRIAL STANDARDS', NULL, NULL, NULL),
(3705, 252, 39, '2022-06-23 10:20:23', '2022-07-06 00:00:00', NULL, '2022-06-23 10:20:23', 0, NULL, NULL, NULL, NULL, NULL, NULL),
(3706, 252, 42, '2022-06-23 10:20:23', '2022-07-06 00:00:00', NULL, '2022-06-23 10:20:23', 0, NULL, NULL, NULL, NULL, NULL, NULL),
(3707, 252, 46, '2022-06-23 10:20:23', '2022-07-06 00:00:00', NULL, '2022-06-23 10:20:23', 0, NULL, NULL, NULL, NULL, NULL, NULL),
(3708, 252, 48, '2022-06-23 10:20:23', '2022-07-06 00:00:00', NULL, '2022-06-23 10:20:23', 0, NULL, NULL, NULL, NULL, NULL, NULL),
(3709, 252, 49, '2022-06-23 10:20:23', '2022-07-06 00:00:00', NULL, '2022-06-23 10:20:23', 0, NULL, NULL, NULL, NULL, NULL, NULL),
(3710, 252, 52, '2022-06-23 10:20:23', '2022-07-06 00:00:00', NULL, '2022-06-23 10:20:23', 0, NULL, NULL, NULL, NULL, NULL, NULL),
(3711, 252, 56, '2022-06-23 10:20:23', '2022-07-06 00:00:00', '2022-08-02 11:49:55', '2022-06-23 10:20:23', -1, 'No se realizo incoming inspection en el COE', 9, NULL, NULL, NULL, NULL),
(3712, 252, 57, '2022-06-23 10:20:23', '2022-07-06 00:00:00', NULL, '2022-06-23 10:20:23', 0, NULL, NULL, NULL, NULL, NULL, NULL),
(3713, 252, 68, '2022-06-23 10:20:23', '2022-07-06 00:00:00', NULL, '2022-06-23 10:20:23', 0, NULL, NULL, NULL, NULL, NULL, NULL),
(3714, 252, 69, '2022-06-23 10:20:23', '2022-07-06 00:00:00', NULL, '2022-06-23 10:20:23', 0, NULL, NULL, NULL, NULL, NULL, NULL),
(3715, 252, 70, '2022-06-23 10:20:23', '2022-07-06 00:00:00', NULL, '2022-06-23 10:20:23', 0, NULL, NULL, NULL, NULL, NULL, NULL),
(3716, 252, 71, '2022-06-23 10:20:23', '2022-07-06 00:00:00', NULL, '2022-06-23 10:20:23', 0, NULL, NULL, NULL, NULL, NULL, NULL),
(3717, 252, 72, '2022-06-23 10:20:23', '2022-07-06 00:00:00', NULL, '2022-06-23 10:20:23', 0, NULL, NULL, NULL, NULL, NULL, NULL),
(3718, 252, 73, '2022-06-23 10:20:23', '2022-07-06 00:00:00', NULL, '2022-06-23 10:20:23', 0, NULL, NULL, NULL, NULL, NULL, NULL),
(3719, 252, 74, '2022-06-23 10:20:23', '2022-07-06 00:00:00', NULL, '2022-06-23 10:20:23', 0, NULL, NULL, NULL, NULL, NULL, NULL),
(3720, 252, 75, '2022-06-23 10:20:23', '2022-07-06 00:00:00', NULL, '2022-06-23 10:20:23', 0, NULL, NULL, NULL, NULL, NULL, NULL),
(3721, 252, 76, '2022-06-23 10:20:23', '2022-07-06 00:00:00', NULL, '2022-06-23 10:20:23', 0, NULL, NULL, NULL, NULL, NULL, NULL),
(3722, 252, 77, '2022-06-23 10:20:23', '2022-07-06 00:00:00', NULL, '2022-06-23 10:20:23', 0, NULL, NULL, NULL, NULL, NULL, NULL),
(3723, 252, 78, '2022-06-23 10:20:23', '2022-07-06 00:00:00', NULL, '2022-06-23 10:20:23', 0, NULL, NULL, NULL, NULL, NULL, NULL),
(3724, 252, 79, '2022-06-23 10:20:23', '2022-07-06 00:00:00', NULL, '2022-06-23 10:20:23', 0, NULL, NULL, NULL, NULL, NULL, NULL),
(3725, 252, 80, '2022-06-23 10:20:23', '2022-07-06 00:00:00', NULL, '2022-06-23 10:20:23', 0, NULL, NULL, NULL, NULL, NULL, NULL),
(3726, 252, 81, '2022-06-23 10:20:23', '2022-07-06 00:00:00', NULL, '2022-06-23 10:20:23', 0, NULL, NULL, NULL, NULL, NULL, NULL),
(3727, 252, 82, '2022-06-23 10:20:23', '2022-07-06 00:00:00', NULL, '2022-06-23 10:20:23', 0, NULL, NULL, NULL, NULL, NULL, NULL),
(3728, 252, 83, '2022-06-23 10:20:23', '2022-07-06 00:00:00', NULL, '2022-06-23 10:20:23', 0, NULL, NULL, NULL, NULL, NULL, NULL),
(3729, 252, 84, '2022-06-23 10:20:23', '2022-07-06 00:00:00', NULL, '2022-06-23 10:20:23', 0, NULL, NULL, NULL, NULL, NULL, NULL),
(3730, 252, 99, '2022-06-23 10:20:23', '2022-07-06 00:00:00', NULL, '2022-06-23 10:20:23', 0, NULL, NULL, NULL, NULL, NULL, NULL),
(3731, 252, 101, '2022-06-23 10:20:23', '2022-07-06 00:00:00', NULL, '2022-06-23 10:20:23', 0, NULL, NULL, NULL, NULL, NULL, NULL),
(3732, 252, 102, '2022-06-23 10:20:23', '2022-07-06 00:00:00', NULL, '2022-06-23 10:20:23', 0, NULL, NULL, NULL, NULL, NULL, NULL),
(3733, 252, 103, '2022-06-23 10:20:23', '2022-07-06 00:00:00', NULL, '2022-06-23 10:20:23', 0, NULL, NULL, NULL, NULL, NULL, NULL),
(3734, 252, 104, '2022-06-23 10:20:23', '2022-07-06 00:00:00', NULL, '2022-06-23 10:20:23', 0, NULL, NULL, NULL, NULL, NULL, NULL),
(3735, 252, 105, '2022-06-23 10:20:23', '2022-07-06 00:00:00', NULL, '2022-06-23 10:20:23', 0, NULL, NULL, NULL, NULL, NULL, NULL),
(3736, 252, 106, '2022-06-23 10:20:23', '2022-07-06 00:00:00', NULL, '2022-06-23 10:20:23', 0, NULL, NULL, NULL, NULL, NULL, NULL),
(3737, 252, 107, '2022-06-23 10:20:23', '2022-07-06 00:00:00', NULL, '2022-06-23 10:20:23', 0, NULL, NULL, NULL, NULL, NULL, NULL),
(3738, 252, 108, '2022-06-23 10:20:23', '2022-07-06 00:00:00', NULL, '2022-06-23 10:20:23', 0, NULL, NULL, NULL, NULL, NULL, NULL),
(3739, 252, 109, '2022-06-23 10:20:23', '2022-07-06 00:00:00', NULL, '2022-06-23 10:20:23', 0, NULL, NULL, NULL, NULL, NULL, NULL),
(3740, 252, 110, '2022-06-23 10:20:23', '2022-07-06 00:00:00', NULL, '2022-06-23 10:20:23', 0, NULL, NULL, NULL, NULL, NULL, NULL),
(3741, 252, 111, '2022-06-23 10:20:23', '2022-07-06 00:00:00', NULL, '2022-06-23 10:20:23', 0, NULL, NULL, NULL, NULL, NULL, NULL),
(3742, 252, 112, '2022-06-23 10:20:23', '2022-07-06 00:00:00', NULL, '2022-06-23 10:20:23', 0, NULL, NULL, NULL, NULL, NULL, NULL),
(3743, 252, 113, '2022-06-23 10:20:23', '2022-07-06 00:00:00', NULL, '2022-06-23 10:20:23', 0, NULL, NULL, NULL, NULL, NULL, NULL),
(3744, 252, 114, '2022-06-23 10:20:23', '2022-07-06 00:00:00', NULL, '2022-06-23 10:20:23', 0, NULL, NULL, NULL, NULL, NULL, NULL),
(3745, 252, 115, '2022-06-23 10:20:23', '2022-07-06 00:00:00', NULL, '2022-06-23 10:20:23', 0, NULL, NULL, NULL, NULL, NULL, NULL),
(3746, 252, 116, '2022-06-23 10:20:23', '2022-07-06 00:00:00', NULL, '2022-06-23 10:20:23', 0, NULL, NULL, NULL, NULL, NULL, NULL),
(3747, 252, 117, '2022-06-23 10:20:23', '2022-07-06 00:00:00', NULL, '2022-06-23 10:20:23', 0, NULL, NULL, NULL, NULL, NULL, NULL),
(3748, 252, 118, '2022-06-23 10:20:23', '2022-07-06 00:00:00', NULL, '2022-06-23 10:20:23', 0, NULL, NULL, NULL, NULL, NULL, NULL),
(3749, 252, 119, '2022-06-23 10:20:23', '2022-07-06 00:00:00', NULL, '2022-06-23 10:20:23', 0, NULL, NULL, NULL, NULL, NULL, NULL),
(3750, 252, 120, '2022-06-23 10:20:23', '2022-07-06 00:00:00', NULL, '2022-06-23 10:20:23', 0, NULL, NULL, NULL, NULL, NULL, NULL),
(3751, 252, 121, '2022-06-23 10:20:23', '2022-07-06 00:00:00', NULL, '2022-06-23 10:20:23', 0, NULL, NULL, NULL, NULL, NULL, NULL),
(3752, 252, 122, '2022-06-23 10:20:23', '2022-07-06 00:00:00', NULL, '2022-06-23 10:20:23', 0, NULL, NULL, NULL, NULL, NULL, NULL),
(3753, 252, 123, '2022-06-23 10:20:23', '2022-07-06 00:00:00', NULL, '2022-06-23 10:20:23', 0, NULL, NULL, NULL, NULL, NULL, NULL),
(3754, 252, 124, '2022-06-23 10:20:23', '2022-07-06 00:00:00', NULL, '2022-06-23 10:20:23', 0, NULL, NULL, NULL, NULL, NULL, NULL),
(3755, 252, 125, '2022-06-23 10:20:23', '2022-07-06 00:00:00', NULL, '2022-06-23 10:20:23', 0, NULL, NULL, NULL, NULL, NULL, NULL),
(3756, 252, 127, '2022-06-23 10:20:23', '2022-07-06 00:00:00', NULL, '2022-06-23 10:20:23', 0, NULL, NULL, NULL, NULL, NULL, NULL),
(3757, 252, 128, '2022-06-23 10:20:23', '2022-07-06 00:00:00', NULL, '2022-06-23 10:20:23', 0, NULL, NULL, NULL, NULL, NULL, NULL),
(3758, 252, 129, '2022-06-23 10:20:23', '2022-07-06 00:00:00', NULL, '2022-06-23 10:20:23', 0, NULL, NULL, NULL, NULL, NULL, NULL),
(3759, 252, 130, '2022-06-23 10:20:23', '2022-07-06 00:00:00', NULL, '2022-06-23 10:20:23', 0, NULL, NULL, NULL, NULL, NULL, NULL),
(3760, 252, 131, '2022-06-23 10:20:23', '2022-07-06 00:00:00', NULL, '2022-06-23 10:20:23', 0, NULL, NULL, NULL, NULL, NULL, NULL),
(3761, 252, 132, '2022-06-23 10:20:23', '2022-07-06 00:00:00', NULL, '2022-06-23 10:20:23', 0, NULL, NULL, NULL, NULL, NULL, NULL),
(3762, 252, 133, '2022-06-23 10:20:23', '2022-07-06 00:00:00', NULL, '2022-06-23 10:20:23', 0, NULL, NULL, NULL, NULL, NULL, NULL),
(3763, 252, 134, '2022-06-23 10:20:23', '2022-07-06 00:00:00', NULL, '2022-06-23 10:20:23', 0, NULL, NULL, NULL, NULL, NULL, NULL),
(3764, 252, 136, '2022-06-23 10:20:23', '2022-07-06 00:00:00', NULL, '2022-06-23 10:20:23', 0, NULL, NULL, NULL, NULL, NULL, NULL),
(3765, 252, 137, '2022-06-23 10:20:23', '2022-07-06 00:00:00', NULL, '2022-06-23 10:20:23', 0, NULL, NULL, NULL, NULL, NULL, NULL),
(3766, 252, 138, '2022-06-23 10:20:23', '2022-07-06 00:00:00', NULL, '2022-06-23 10:20:23', 0, NULL, NULL, NULL, NULL, NULL, NULL),
(3767, 252, 139, '2022-06-23 10:20:23', '2022-07-06 00:00:00', NULL, '2022-06-23 10:20:23', 0, NULL, NULL, NULL, NULL, NULL, NULL),
(3768, 252, 140, '2022-06-23 10:20:23', '2022-07-06 00:00:00', NULL, '2022-06-23 10:20:23', 0, NULL, NULL, NULL, NULL, NULL, NULL),
(3769, 253, 69, '2022-07-06 07:34:40', '2022-07-10 00:00:00', '2022-09-26 15:05:44', '2022-07-06 07:34:40', 1, NULL, 3, 'M:\\Projects\\PDP\\2021\\NWS\\DS-MEDIUM-64 H2AOPC\\STAGE 3\\SG3-02 Final BOM', NULL, NULL, NULL),
(3770, 253, 70, '2022-07-06 07:34:40', '2022-07-10 00:00:00', '2022-07-12 13:58:11', '2022-07-06 07:34:40', 1, NULL, 2, 'M:\\Projects\\PDP\\2021\\NWS\\DS-MEDIUM-64 H2AOPC\\STAGE 3\\SG3-03 Product Samples', NULL, NULL, NULL),
(3771, 253, 72, '2022-07-06 07:34:40', '2022-07-10 00:00:00', '2022-07-12 09:49:29', '2022-07-06 07:34:40', -1, 'N/A', 2, NULL, NULL, NULL, NULL),
(3772, 253, 73, '2022-07-06 07:34:40', '2022-07-10 00:00:00', '2022-07-12 09:49:20', '2022-07-06 07:34:40', -1, 'N/A', 2, NULL, NULL, NULL, NULL),
(3773, 253, 74, '2022-07-06 07:34:40', '2022-07-10 00:00:00', '2022-07-12 09:48:57', '2022-07-06 07:34:40', -1, 'N/A', 2, NULL, NULL, NULL, NULL),
(3774, 253, 75, '2022-07-06 07:34:40', '2022-07-10 00:00:00', '2022-07-12 09:49:05', '2022-07-06 07:34:40', -1, 'N/A', 2, NULL, NULL, NULL, NULL),
(3775, 253, 76, '2022-07-06 07:34:40', '2022-07-10 00:00:00', '2022-07-12 09:48:49', '2022-07-06 07:34:40', -1, 'N/A', 2, NULL, NULL, NULL, NULL),
(3776, 253, 77, '2022-07-06 07:34:40', '2022-07-10 00:00:00', '2022-07-12 09:49:13', '2022-07-06 07:34:40', -1, 'N/A', 2, NULL, NULL, NULL, NULL),
(3777, 253, 78, '2022-07-06 07:34:40', '2022-07-10 00:00:00', '2022-07-12 09:53:51', '2022-07-06 07:34:40', -1, 'N/A', 2, NULL, NULL, NULL, NULL),
(3778, 253, 79, '2022-07-06 07:34:40', '2022-07-10 00:00:00', '2022-08-01 09:27:08', '2022-07-06 07:34:40', -1, 'Se esta revisando solo el cambio de cable utilizando cabe con armor de aluminio', 9, NULL, NULL, NULL, NULL),
(3779, 253, 80, '2022-07-06 07:34:40', '2022-07-10 00:00:00', '2022-09-26 15:21:02', '2022-07-06 07:34:40', 1, NULL, 3, 'M:\\Projects\\PDP\\2021\\NWS\\DS-MEDIUM-64 H2AOPC\\STAGE 3\\SG3-13 Environmental Test TC test', NULL, NULL, NULL),
(3781, 253, 84, '2022-07-06 07:34:40', '2022-07-10 00:00:00', '2022-07-14 09:12:13', '2022-07-06 07:34:40', 1, NULL, 6, 'M:\\Projects\\PDP\\2021\\NWS\\DS-MEDIUM-64 H2AOPC\\STAGE 3\\SG3-17 Customer Approval', NULL, NULL, NULL),
(3782, 253, 132, '2022-07-06 07:34:40', '2022-07-10 00:00:00', '2022-07-12 11:18:37', '2022-07-06 07:34:40', -1, 'N/A', 2, NULL, NULL, NULL, NULL),
(3783, 251, 3, '2022-07-13 15:24:17', '2022-07-28 00:00:00', '2022-07-26 09:15:50', '2022-07-13 15:24:17', -1, 'N/A', 6, NULL, NULL, NULL, NULL),
(3784, 251, 108, '2022-07-13 15:24:17', '2022-07-28 00:00:00', '2022-08-10 14:45:51', '2022-07-13 15:24:17', -1, 'Not required to ship', 6, NULL, NULL, NULL, NULL),
(3785, 251, 15, '2022-07-13 15:24:17', '2022-07-28 00:00:00', '2022-08-10 14:49:41', '2022-07-13 15:24:17', 1, NULL, 6, 'M:\\Projects\\PDP\\2022\\NWS\\DS-HIGH-32 NWS MODIFIED HCSA TRUNK\\STAGE 1\\SG1-05 Raw material status report', NULL, NULL, NULL),
(3786, 251, 16, '2022-07-13 15:24:17', '2022-07-28 00:00:00', '2022-07-26 09:21:00', '2022-07-13 15:24:17', 1, NULL, 6, 'M:\\Projects\\PDP\\2022\\NWS\\DS-HIGH-32 NWS MODIFIED HCSA TRUNK\\STAGE 1\\SG1-06 Raw material purchase orders', NULL, NULL, NULL),
(3787, 251, 17, '2022-07-13 15:24:17', '2022-07-28 00:00:00', '2022-11-03 16:54:49', '2022-07-13 15:24:17', -1, 'N/A', 3, NULL, NULL, NULL, NULL),
(3788, 251, 18, '2022-07-13 15:24:17', '2022-07-28 00:00:00', '2022-07-26 09:21:53', '2022-07-13 15:24:17', -1, '', 6, 'M:\\Projects\\PDP\\2022\\NWS\\DS-HIGH-32 NWS MODIFIED HCSA TRUNK\\STAGE 1\\SG1-08 Price calculation for COE service', NULL, NULL, NULL),
(3789, 251, 20, '2022-07-13 15:24:17', '2022-07-28 00:00:00', '2022-08-02 18:50:20', '2022-07-13 15:24:17', 1, NULL, 3, 'M:\\Projects\\PDP\\2022\\NWS\\DS-HIGH-32 NWS MODIFIED HCSA TRUNK\\STAGE 1\\SG1-10 Design proposal for customer approval', NULL, NULL, NULL),
(3790, 251, 21, '2022-07-13 15:24:17', '2022-07-28 00:00:00', '2022-08-10 14:46:05', '2022-07-13 15:24:17', -1, 'Not required to ship\n', 6, NULL, NULL, NULL, NULL),
(3791, 251, 101, '2022-07-13 15:24:17', '2022-07-28 00:00:00', '2022-08-02 12:01:47', '2022-07-13 15:24:17', 1, NULL, 9, 'M:\\Projects\\PDP\\2022\\NWS\\DS-HIGH-32 NWS MODIFIED HCSA TRUNK\\STAGE 1\\SG1-13 Risk Assesment 1', NULL, NULL, NULL),
(3792, 251, 109, '2022-07-13 15:24:17', '2022-07-28 00:00:00', '2022-07-25 09:14:40', '2022-07-13 15:24:17', 1, NULL, 6, 'M:\\Projects\\PDP\\2022\\NWS\\DS-HIGH-32 NWS MODIFIED HCSA TRUNK\\STAGE 1\\SG1-14 Project categorycomplexity workload hour', NULL, NULL, NULL),
(3793, 251, 110, '2022-07-13 15:24:17', '2022-07-28 00:00:00', '2022-11-03 17:00:48', '2022-07-13 15:24:17', 1, NULL, 3, 'M:\\Projects\\PDP\\2022\\NWS\\DS-HIGH-32 NWS MODIFIED HCSA TRUNK\\STAGE 1\\SG1-15 Preliminary NAI BOM', NULL, NULL, NULL),
(3794, 251, 111, '2022-07-13 15:24:17', '2022-07-28 00:00:00', '2022-07-25 09:14:21', '2022-07-13 15:24:17', 1, NULL, 6, 'M:\\Projects\\PDP\\2022\\NWS\\DS-HIGH-32 NWS MODIFIED HCSA TRUNK\\STAGE 1\\SG1-16 COE Log status update', NULL, NULL, NULL),
(3795, 251, 112, '2022-07-13 15:24:17', '2022-07-28 00:00:00', '2022-11-03 16:54:24', '2022-07-13 15:24:17', 1, NULL, 3, 'M:\\Projects\\PDP\\2022\\NWS\\DS-HIGH-32 NWS MODIFIED HCSA TRUNK\\STAGE 3\\SG3-24 PTF', NULL, NULL, NULL),
(3796, 251, 23, '2022-07-13 15:24:17', '2022-07-28 00:00:00', '2022-08-02 18:47:55', '2022-07-13 15:24:17', 1, NULL, 3, 'M:\\Projects\\PDP\\2022\\NWS\\DS-HIGH-32 NWS MODIFIED HCSA TRUNK\\STAGE 1\\SG1-02 Technical requirements for the project for assembly testing and or components', NULL, NULL, NULL),
(3797, 251, 29, '2022-07-13 15:24:17', '2022-07-28 00:00:00', '2022-11-03 16:54:34', '2022-07-13 15:24:17', -1, 'N/A', 3, NULL, NULL, NULL, NULL),
(3798, 251, 30, '2022-07-13 15:24:17', '2022-07-28 00:00:00', '2022-11-03 16:55:05', '2022-07-13 15:24:17', -1, 'Tooling already exist at NAI', 3, NULL, NULL, NULL, NULL),
(3799, 251, 35, '2022-07-13 15:24:17', '2022-07-28 00:00:00', '2022-11-03 16:57:55', '2022-07-13 15:24:17', -1, 'According to Print requirements', 3, NULL, NULL, NULL, NULL),
(3800, 251, 36, '2022-07-13 15:24:17', '2022-07-28 00:00:00', '2022-08-01 14:52:17', '2022-07-13 15:24:17', 1, NULL, 9, 'M:\\Projects\\PDP\\INDUSTRIAL STANDARDS', NULL, NULL, NULL),
(3801, 251, 113, '2022-07-13 15:24:17', '2022-07-28 00:00:00', '2022-07-26 09:16:18', '2022-07-13 15:24:17', 1, NULL, 6, 'M:\\Projects\\PDP\\2022\\NWS\\DS-HIGH-32 NWS MODIFIED HCSA TRUNK\\STAGE 2\\SG2-06 Purchase order', NULL, NULL, NULL),
(3802, 251, 114, '2022-07-13 15:24:17', '2022-07-28 00:00:00', '2022-11-03 17:08:42', '2022-07-13 15:24:17', 1, NULL, 3, 'M:\\Projects\\PDP\\2022\\NWS\\DS-HIGH-32 NWS MODIFIED HCSA TRUNK\\STAGE 3\\SG3-25 Prints', NULL, NULL, NULL),
(3803, 251, 115, '2022-07-13 15:24:17', '2022-07-28 00:00:00', '2022-08-02 18:49:09', '2022-07-13 15:24:17', -1, 'Not new processes', 3, NULL, NULL, NULL, NULL),
(3804, 251, 116, '2022-07-13 15:24:17', '2022-07-28 00:00:00', '2022-08-02 18:48:57', '2022-07-13 15:24:17', -1, 'N/A', 3, NULL, NULL, NULL, NULL),
(3805, 251, 22, '2022-07-13 15:24:17', '2022-07-28 00:00:00', '2022-08-10 14:46:25', '2022-07-13 15:24:17', -1, 'Not required to ship', 6, NULL, NULL, NULL, NULL),
(3806, 251, 39, '2022-07-13 15:24:17', '2022-07-28 00:00:00', '2022-07-19 11:06:30', '2022-07-13 15:24:17', -1, 'N/A', 2, NULL, NULL, NULL, NULL),
(3807, 251, 46, '2022-07-13 15:24:17', '2022-07-28 00:00:00', '2022-08-02 18:51:21', '2022-07-13 15:24:17', -1, 'No ECN', 3, NULL, NULL, NULL, NULL),
(3808, 251, 56, '2022-07-13 15:24:17', '2022-07-28 00:00:00', '2022-08-02 11:49:23', '2022-07-13 15:24:17', -1, 'No se realizo Incoming Inspection en e COE', 9, NULL, NULL, NULL, NULL),
(3809, 251, 57, '2022-07-13 15:24:17', '2022-07-28 00:00:00', '2022-08-02 18:49:19', '2022-07-13 15:24:17', -1, 'Drawing HT-HCSA-R24SM6-XXXM', 3, NULL, NULL, NULL, NULL),
(3810, 251, 117, '2022-07-13 15:24:17', '2022-07-28 00:00:00', '2022-11-03 17:07:23', '2022-07-13 15:24:17', -1, 'Not new components', 3, NULL, NULL, NULL, NULL),
(3811, 251, 118, '2022-07-13 15:24:17', '2022-07-28 00:00:00', '2022-08-02 18:48:46', '2022-07-13 15:24:17', -1, 'Drawing HT-HCSA-R24SM6-XXXM', 3, NULL, NULL, NULL, NULL),
(3812, 251, 120, '2022-07-13 15:24:17', '2022-07-28 00:00:00', '2022-07-26 09:15:17', '2022-07-13 15:24:17', 1, NULL, 6, 'M:\\Projects\\PDP\\2022\\NWS\\DS-HIGH-32 NWS MODIFIED HCSA TRUNK\\STAGE 2\\SG2-23 NAI Work order', NULL, NULL, NULL),
(3813, 251, 123, '2022-07-13 15:24:17', '2022-07-28 00:00:00', '2022-11-03 16:53:57', '2022-07-13 15:24:17', 1, NULL, 3, 'M:\\Projects\\PDP\\2022\\NWS\\DS-HIGH-32 NWS MODIFIED HCSA TRUNK\\STAGE 2\\SG2-26 Preliminary Design PTF', NULL, NULL, NULL),
(3814, 251, 125, '2022-07-13 15:24:17', '2022-07-28 00:00:00', '2022-11-03 16:53:36', '2022-07-13 15:24:17', 1, NULL, 3, 'M:\\Projects\\PDP\\2022\\NWS\\DS-HIGH-32 NWS MODIFIED HCSA TRUNK\\STAGE 2\\SG2-28 Tooling Model', NULL, NULL, NULL),
(3815, 251, 127, '2022-07-13 15:24:17', '2022-07-28 00:00:00', '2022-08-02 12:02:14', '2022-07-13 15:24:17', 1, NULL, 9, 'M:\\Projects\\PDP\\2022\\NWS\\DS-HIGH-32 NWS MODIFIED HCSA TRUNK\\STAGE 2\\SG2-30 Risk Assesment 2', NULL, NULL, NULL),
(3816, 251, 134, '2022-07-13 15:24:17', '2022-07-28 00:00:00', '2022-11-03 17:07:37', '2022-07-13 15:24:17', -1, 'There is not a new components', 3, NULL, NULL, NULL, NULL),
(3817, 251, 137, '2022-07-13 15:24:17', '2022-07-28 00:00:00', '2022-07-19 10:15:07', '2022-07-13 15:24:17', -1, 'N/A', 2, NULL, NULL, NULL, NULL),
(3818, 251, 139, '2022-07-13 15:24:17', '2022-07-28 00:00:00', '2022-08-02 18:49:48', '2022-07-13 15:24:17', 1, NULL, 3, 'M:\\Projects\\PDP\\2022\\NWS\\DS-HIGH-32 NWS MODIFIED HCSA TRUNK\\STAGE 1\\SG1-10 Design proposal for customer approval', NULL, NULL, NULL),
(3819, 251, 68, '2022-07-13 15:24:17', '2022-07-28 00:00:00', '2022-07-19 16:03:30', '2022-07-13 15:24:17', 2, NULL, 2, 'Activity Activity ID 3819 Name PFMEA Resource Allocation Resources  Francisco Felix - Ingeniero de Proyecto Date 07/19/2022 Resource Workload: 7.0 Hours 0', '2022-08-01 13:44:40', 9, NULL),
(3820, 251, 69, '2022-07-13 15:24:17', '2022-07-28 00:00:00', '2022-11-03 17:04:33', '2022-07-13 15:24:17', 1, NULL, 3, 'M:\\Projects\\PDP\\2022\\NWS\\DS-HIGH-32 NWS MODIFIED HCSA TRUNK\\STAGE 3\\SG3-02 Final BOM', NULL, NULL, NULL),
(3821, 251, 70, '2022-07-13 15:24:17', '2022-07-28 00:00:00', '2022-07-19 11:05:06', '2022-07-13 15:24:17', 1, NULL, 2, 'M:\\Projects\\PDP\\2022\\NWS\\DS-HIGH-32 NWS MODIFIED HCSA TRUNK\\STAGE 3\\SG3-03 Product Samples', NULL, NULL, NULL),
(3822, 251, 71, '2022-07-13 15:24:17', '2022-07-28 00:00:00', '2022-08-02 09:02:22', '2022-07-13 15:24:17', -1, 'N/A', 2, NULL, NULL, NULL, NULL);
INSERT INTO `actividades_proyecto` (`idActividades_proyecto`, `idProyecto`, `idActividad`, `fechaInicio`, `fechaRequerida`, `fechaEntrega`, `fechaCrea`, `completado`, `notas`, `entregadoPor`, `ubicacion`, `fechaAprobacion`, `aprobadoPor`, `respAct`) VALUES
(3823, 251, 74, '2022-07-13 15:24:17', '2022-07-28 00:00:00', '2022-07-19 10:13:12', '2022-07-13 15:24:17', -1, 'N/A', 2, NULL, NULL, NULL, NULL),
(3824, 251, 75, '2022-07-13 15:24:17', '2022-07-28 00:00:00', '2022-07-19 10:21:49', '2022-07-13 15:24:17', -1, 'N/A', 2, NULL, NULL, NULL, NULL),
(3825, 251, 76, '2022-07-13 15:24:17', '2022-07-28 00:00:00', '2022-08-02 09:01:15', '2022-07-13 15:24:17', 1, NULL, 2, 'M:\\Projects\\PDP\\2022\\NWS\\DS-HIGH-32 NWS MODIFIED HCSA TRUNK\\STAGE 3\\SG3-09 Electrical Test Contact Resistance Test', NULL, NULL, NULL),
(3826, 251, 77, '2022-07-13 15:24:17', '2022-07-28 00:00:00', '2022-07-19 10:22:00', '2022-07-13 15:24:17', -1, 'N/A', 2, NULL, NULL, NULL, NULL),
(3827, 251, 78, '2022-07-13 15:24:17', '2022-07-28 00:00:00', '2022-07-19 10:20:54', '2022-07-13 15:24:17', 2, NULL, 2, 'M:\\Projects\\PDP\\2022\\NWS\\DS-HIGH-32 NWS MODIFIED HCSA TRUNK\\STAGE 3\\SG3-11 Optical Performance Test IL RL', '2022-08-01 13:43:15', 9, NULL),
(3828, 251, 79, '2022-07-13 15:24:17', '2022-07-28 00:00:00', '2022-08-01 10:18:21', '2022-07-13 15:24:17', 1, NULL, 9, 'M:\\Projects\\PDP\\2022\\NWS\\DS-HIGH-32 NWS MODIFIED HCSA TRUNK\\STAGE 3\\SG3-12 Environmental Test IP XX', NULL, NULL, NULL),
(3829, 251, 80, '2022-07-13 15:24:17', '2022-07-28 00:00:00', '2022-11-03 17:08:57', '2022-07-13 15:24:17', 1, NULL, 3, 'M:\\Projects\\PDP\\2022\\NWS\\DS-HIGH-32 NWS MODIFIED HCSA TRUNK\\STAGE 3\\SG3-13 Environmental Test TC test', NULL, NULL, NULL),
(3830, 251, 82, '2022-07-13 15:24:17', '2022-07-28 00:00:00', '2022-07-19 10:14:45', '2022-07-13 15:24:17', 2, NULL, 2, 'M:\\Projects\\PDP\\2022\\NWS\\DS-HIGH-32 NWS MODIFIED HCSA TRUNK\\STAGE 3\\SG3-15 Final Assembly Work Instruction', '2022-08-15 10:22:44', 9, NULL),
(3831, 251, 84, '2022-07-13 15:24:17', '2022-07-28 00:00:00', '2022-08-12 07:54:18', '2022-07-13 15:24:17', 1, NULL, 6, 'M:\\Projects\\PDP\\2022\\NWS\\DS-HIGH-32 NWS MODIFIED HCSA TRUNK\\STAGE 3\\SG3-17 Customer Approval', NULL, NULL, NULL),
(3832, 251, 104, '2022-07-13 15:24:17', '2022-07-28 00:00:00', '2022-08-01 10:16:40', '2022-07-13 15:24:17', -1, 'La muestras se genero para validar prueba ambiental pruebas mecanicas y IP-X6. No se envio muestra al cliente', 9, NULL, NULL, NULL, NULL),
(3833, 251, 105, '2022-07-13 15:24:17', '2022-07-28 00:00:00', '2022-11-03 14:11:01', '2022-07-13 15:24:17', 2, NULL, 2, 'M:\\Projects\\PDP\\2022\\NWS\\DS-HIGH-32 NWS MODIFIED HCSA TRUNK\\STAGE 3\\SG3-19 Flow Chart', '2022-11-04 08:34:23', 9, NULL),
(3834, 251, 106, '2022-07-13 15:24:17', '2022-07-28 00:00:00', '2022-07-19 10:23:33', '2022-07-13 15:24:17', 1, NULL, 2, 'M:\\Projects\\PDP\\2022\\NWS\\DS-HIGH-32 NWS MODIFIED HCSA TRUNK\\STAGE 3\\SG3-20 Deviation Format', NULL, NULL, NULL),
(3835, 251, 128, '2022-07-13 15:24:17', '2022-07-28 00:00:00', '2022-08-02 12:02:41', '2022-07-13 15:24:17', 1, NULL, 9, 'M:\\Projects\\PDP\\2022\\NWS\\DS-HIGH-32 NWS MODIFIED HCSA TRUNK\\STAGE 3\\SG3-21 Risk Assesment 3', NULL, NULL, NULL),
(3836, 251, 132, '2022-07-13 15:24:17', '2022-07-28 00:00:00', '2022-07-19 14:51:49', '2022-07-13 15:24:17', 1, NULL, 2, 'M:\\Projects\\PDP\\2022\\NWS\\DS-HIGH-32 NWS MODIFIED HCSA TRUNK\\STAGE 3\\SG3-22 Process Compliance - MFG', NULL, NULL, NULL),
(3837, 251, 133, '2022-07-13 15:24:17', '2022-07-28 00:00:00', '2022-08-01 10:18:57', '2022-07-13 15:24:17', 1, NULL, 9, 'M:\\Projects\\PDP\\2022\\NWS\\DS-HIGH-32 NWS MODIFIED HCSA TRUNK\\STAGE 3\\SG3-23 Process Compliance - QA', NULL, NULL, NULL),
(3838, 251, 136, '2022-07-13 15:24:17', '2022-07-28 00:00:00', '2022-11-03 16:54:18', '2022-07-13 15:24:17', 2, NULL, 3, 'M:\\Projects\\PDP\\2022\\NWS\\DS-HIGH-32 NWS MODIFIED HCSA TRUNK\\STAGE 3\\SG3-24 PTF', '2022-11-04 08:35:43', 9, NULL),
(3839, 251, 138, '2022-07-13 15:24:17', '2022-07-28 00:00:00', '2022-08-04 08:58:30', '2022-07-13 15:24:17', 1, NULL, 9, 'M:\\Projects\\PDP\\2022\\NWS\\DS-HIGH-32 NWS MODIFIED HCSA TRUNK\\STAGE 3\\SG3-26 Process Control Plan', NULL, NULL, NULL),
(3840, 251, 141, '2022-07-13 15:24:17', '2022-07-28 00:00:00', '2022-08-02 09:01:40', '2022-07-13 15:24:17', 1, NULL, 2, 'M:\\Projects\\PDP\\2022\\NWS\\DS-HIGH-32 NWS MODIFIED HCSA TRUNK\\STAGE 3\\SG3-09 Electrical Test Contact Resistance Test', NULL, NULL, NULL),
(3841, 251, 142, '2022-07-13 15:24:17', '2022-07-28 00:00:00', '2022-07-19 10:33:02', '2022-07-13 15:24:17', -1, 'N/A', 2, NULL, NULL, NULL, NULL),
(3842, 251, 143, '2022-07-13 15:24:17', '2022-07-28 00:00:00', '2022-07-19 10:32:50', '2022-07-13 15:24:17', 1, NULL, 2, 'M:\\Projects\\PDP\\2022\\NWS\\DS-HIGH-32 NWS MODIFIED HCSA TRUNK\\STAGE 3\\SG3-27 Enviromental Set UP', NULL, NULL, NULL),
(3843, 251, 144, '2022-07-13 15:24:17', '2022-07-28 00:00:00', '2022-07-19 10:27:02', '2022-07-13 15:24:17', -1, 'N/A', 2, NULL, NULL, NULL, NULL),
(3844, 254, 1, '2022-07-18 07:29:13', '2022-07-28 00:00:00', '2022-07-26 09:09:38', '2022-07-18 07:29:13', 1, NULL, 6, 'M:\\Projects\\PDP\\2022\\NWS\\DS-LOW-19 JUMPERS R2SMA\\STAGE 1\\SG1-01 Customer request for COE services', NULL, NULL, NULL),
(3845, 254, 3, '2022-07-18 07:29:13', '2022-07-28 00:00:00', '2022-07-26 10:53:40', '2022-07-18 07:29:13', -1, 'N/A', 6, NULL, NULL, NULL, NULL),
(3846, 254, 15, '2022-07-18 07:29:13', '2022-07-28 00:00:00', '2022-08-10 14:43:44', '2022-07-18 07:29:13', 1, NULL, 6, 'M:\\Projects\\PDP\\2022\\NWS\\DS-LOW-19 JUMPERS R2SMA\\STAGE 1\\SG1-05 Raw material status report', NULL, NULL, NULL),
(3847, 254, 16, '2022-07-18 07:29:13', '2022-07-28 00:00:00', '2022-07-26 09:11:34', '2022-07-18 07:29:13', -1, 'Not required', 6, NULL, NULL, NULL, NULL),
(3848, 254, 17, '2022-07-18 07:29:13', '2022-07-28 00:00:00', '2022-11-04 07:41:07', '2022-07-18 07:29:13', -1, 'N/A', 3, NULL, NULL, NULL, NULL),
(3849, 254, 18, '2022-07-18 07:29:13', '2022-07-28 00:00:00', '2022-07-26 09:22:09', '2022-07-18 07:29:13', -1, '', 6, 'M:\\Projects\\PDP\\2022\\NWS\\DS-LOW-19 JUMPERS R2SMA\\STAGE 1\\SG1-08 Price calculation', NULL, NULL, NULL),
(3850, 254, 19, '2022-07-18 07:29:13', '2022-07-28 00:00:00', '2022-08-10 14:45:29', '2022-07-18 07:29:13', -1, '', 6, 'M:\\Projects\\PDP\\2022\\NWS\\DS-LOW-19 JUMPERS R2SMA\\STAGE 1\\SG1-09 Formal quotation', NULL, NULL, NULL),
(3851, 254, 20, '2022-07-18 07:29:13', '2022-07-28 00:00:00', '2022-08-02 18:45:16', '2022-07-18 07:29:13', 1, NULL, 3, 'M:\\Projects\\PDP\\2022\\NWS\\DS-LOW-19 JUMPERS R2SMA\\STAGE 1\\SG1-10 Design proposal for customer approval', NULL, NULL, NULL),
(3852, 254, 21, '2022-07-18 07:29:13', '2022-07-28 00:00:00', '2022-08-10 14:36:37', '2022-07-18 07:29:13', -1, 'Not required to ship', 6, NULL, NULL, NULL, NULL),
(3853, 254, 22, '2022-07-18 07:29:13', '2022-07-28 00:00:00', '2022-08-10 14:36:52', '2022-07-18 07:29:13', -1, 'Not required to ship', 6, NULL, NULL, NULL, NULL),
(3854, 254, 23, '2022-07-18 07:29:13', '2022-07-28 00:00:00', '2022-08-02 18:39:55', '2022-07-18 07:29:13', 1, NULL, 3, 'M:\\Projects\\PDP\\2022\\NWS\\DS-LOW-19 JUMPERS R2SMA\\STAGE 1\\SG1-02 Technical requirements for the project for assembly testing and or components', NULL, NULL, NULL),
(3855, 254, 29, '2022-07-18 07:29:13', '2022-07-28 00:00:00', '2022-08-02 18:46:31', '2022-07-18 07:29:13', -1, 'Not 3rd Party materials', 3, NULL, NULL, NULL, NULL),
(3856, 254, 30, '2022-07-18 07:29:13', '2022-07-28 00:00:00', '2022-11-04 07:38:07', '2022-07-18 07:29:13', -1, 'Not required new tooling', 3, NULL, NULL, NULL, NULL),
(3857, 254, 35, '2022-07-18 07:29:13', '2022-07-28 00:00:00', '2022-11-04 08:23:13', '2022-07-18 07:29:13', -1, 'According to Print', 3, NULL, NULL, NULL, NULL),
(3858, 254, 36, '2022-07-18 07:29:13', '2022-07-28 00:00:00', '2022-08-02 11:51:44', '2022-07-18 07:29:13', 1, NULL, 9, 'M:\\Projects\\PDP\\INDUSTRIAL STANDARDS', NULL, NULL, NULL),
(3859, 254, 39, '2022-07-18 07:29:13', '2022-07-28 00:00:00', '2022-07-19 11:03:43', '2022-07-18 07:29:13', -1, 'N/A', 2, NULL, NULL, NULL, NULL),
(3860, 254, 42, '2022-07-18 07:29:13', '2022-07-28 00:00:00', '2022-08-02 18:46:07', '2022-07-18 07:29:13', -1, 'Not external testing', 3, NULL, NULL, NULL, NULL),
(3861, 254, 46, '2022-07-18 07:29:13', '2022-07-28 00:00:00', '2022-11-04 07:49:02', '2022-07-18 07:29:13', 1, NULL, 3, 'M:\\Projects\\PDP\\2022\\NWS\\DS-LOW-19 JUMPERS R2SMA\\STAGE 2\\SG2-12 ECN', NULL, NULL, NULL),
(3862, 254, 48, '2022-07-18 07:29:13', '2022-07-28 00:00:00', '2022-08-02 18:45:46', '2022-07-18 07:29:13', -1, 'Drawing FJ-IPLCRC-2SMA-XXM', 3, NULL, NULL, NULL, NULL),
(3863, 254, 49, '2022-07-18 07:29:13', '2022-07-28 00:00:00', '2022-08-02 18:47:23', '2022-07-18 07:29:13', -1, 'Drawing FJ-IPLCRC-2SMA-XXM', 3, NULL, NULL, NULL, NULL),
(3864, 254, 52, '2022-07-18 07:29:13', '2022-07-28 00:00:00', '2022-08-02 17:55:17', '2022-07-18 07:29:13', -1, 'N/A', 3, NULL, NULL, NULL, NULL),
(3865, 254, 56, '2022-07-18 07:29:13', '2022-07-28 00:00:00', '2022-08-02 11:49:01', '2022-07-18 07:29:13', -1, 'No se realizo incoming Inspection en el COE', 9, NULL, NULL, NULL, NULL),
(3866, 254, 57, '2022-07-18 07:29:13', '2022-07-28 00:00:00', '2022-08-02 18:47:12', '2022-07-18 07:29:13', -1, 'Drawing FJ-IPLCRC-2SMA-XXM', 3, NULL, NULL, NULL, NULL),
(3867, 254, 68, '2022-07-18 07:29:13', '2022-07-28 00:00:00', '2022-07-25 08:30:58', '2022-07-18 07:29:13', 2, NULL, 2, 'M:\\Projects\\PDP\\2022\\NWS\\DS-LOW-19 JUMPERS R2SMA\\STAGE 3\\SG3-01 PFMEA', '2022-08-01 13:41:19', 9, NULL),
(3868, 254, 69, '2022-07-18 07:29:13', '2022-07-28 00:00:00', '2022-11-04 08:22:59', '2022-07-18 07:29:13', 1, NULL, 3, 'M:\\Projects\\PDP\\2022\\NWS\\DS-LOW-19 JUMPERS R2SMA\\STAGE 3\\SG3-02 Final BOM', NULL, NULL, NULL),
(3869, 254, 70, '2022-07-18 07:29:13', '2022-07-28 00:00:00', '2022-08-08 15:35:34', '2022-07-18 07:29:13', 1, NULL, 2, 'M:\\Projects\\PDP\\2022\\NWS\\DS-LOW-19 JUMPERS R2SMA\\STAGE 3\\SG3-03 Product Samples', NULL, NULL, NULL),
(3870, 254, 71, '2022-07-18 07:29:13', '2022-07-28 00:00:00', '2022-08-08 15:10:56', '2022-07-18 07:29:13', 1, NULL, 2, 'M:\\Projects\\PDP\\2022\\NWS\\DS-LOW-19 JUMPERS R2SMA\\STAGE 3\\SG3-04 First Article Report FAR', NULL, NULL, NULL),
(3871, 254, 72, '2022-07-18 07:29:13', '2022-07-28 00:00:00', '2022-07-19 11:04:04', '2022-07-18 07:29:13', -1, 'N/A', 2, NULL, NULL, NULL, NULL),
(3872, 254, 73, '2022-07-18 07:29:13', '2022-07-28 00:00:00', '2022-07-19 11:04:13', '2022-07-18 07:29:13', -1, 'N/A', 2, NULL, NULL, NULL, NULL),
(3873, 254, 74, '2022-07-18 07:29:13', '2022-07-28 00:00:00', '2022-07-19 11:01:24', '2022-07-18 07:29:13', -1, 'N/A', 2, NULL, NULL, NULL, NULL),
(3874, 254, 75, '2022-07-18 07:29:13', '2022-07-28 00:00:00', '2022-07-19 11:05:43', '2022-07-18 07:29:13', -1, 'N/A', 2, NULL, NULL, NULL, NULL),
(3875, 254, 76, '2022-07-18 07:29:13', '2022-07-28 00:00:00', '2022-07-19 11:05:49', '2022-07-18 07:29:13', -1, 'N/A', 2, NULL, NULL, NULL, NULL),
(3876, 254, 77, '2022-07-18 07:29:13', '2022-07-28 00:00:00', '2022-07-19 11:05:57', '2022-07-18 07:29:13', -1, 'N/A', 2, NULL, NULL, NULL, NULL),
(3877, 254, 78, '2022-07-18 07:29:13', '2022-07-28 00:00:00', '2022-07-29 08:06:23', '2022-07-18 07:29:13', 2, NULL, 2, 'M:\\Projects\\PDP\\2022\\NWS\\DS-LOW-19 JUMPERS R2SMA\\STAGE 3\\SG3-11 Optical Performance Test IL RL', '2022-08-01 13:41:35', 9, NULL),
(3878, 254, 79, '2022-07-18 07:29:13', '2022-07-28 00:00:00', '2022-08-05 13:56:11', '2022-07-18 07:29:13', 1, NULL, 9, 'M:\\Projects\\PDP\\2022\\NWS\\DS-LOW-19 JUMPERS R2SMA\\STAGE 3\\SG3-12 Environmental Test IP XX', NULL, NULL, NULL),
(3879, 254, 80, '2022-07-18 07:29:13', '2022-07-28 00:00:00', '2022-11-04 08:20:34', '2022-07-18 07:29:13', 1, NULL, 3, 'M:\\Projects\\PDP\\2022\\NWS\\DS-LOW-19 JUMPERS R2SMA\\STAGE 3\\SG3-13 Environmental Test TC test', NULL, NULL, NULL),
(3880, 254, 81, '2022-07-18 07:29:13', '2022-07-28 00:00:00', '2022-08-02 18:45:56', '2022-07-18 07:29:13', -1, 'N/A', 3, NULL, NULL, NULL, NULL),
(3881, 254, 82, '2022-07-18 07:29:13', '2022-07-28 00:00:00', '2022-07-19 11:00:35', '2022-07-18 07:29:13', 2, NULL, 2, 'M:\\Projects\\PDP\\2022\\NWS\\DS-LOW-19 HCSA Jumpers  FJ-IPLCRC-R2SMA-05M-COE\\STAGE 3\\SG3-15 Final Assembly Work Instruction', '2022-08-01 13:40:05', 9, NULL),
(3882, 254, 83, '2022-07-18 07:29:13', '2022-07-28 00:00:00', '2022-07-19 11:06:08', '2022-07-18 07:29:13', -1, 'N/A', 2, NULL, NULL, NULL, NULL),
(3883, 254, 84, '2022-07-18 07:29:13', '2022-07-28 00:00:00', '2022-08-12 07:53:40', '2022-07-18 07:29:13', 1, NULL, 6, 'M:\\Projects\\PDP\\2022\\NWS\\DS-LOW-19 JUMPERS R2SMA\\STAGE 3\\SG3-17 Customer Approval', NULL, NULL, NULL),
(3884, 254, 99, '2022-07-18 07:29:13', '2022-07-28 00:00:00', '2022-08-02 11:43:13', '2022-07-18 07:29:13', -1, 'No aplica este requerimiento', 9, NULL, NULL, NULL, NULL),
(3885, 254, 101, '2022-07-18 07:29:13', '2022-07-28 00:00:00', '2022-08-02 12:11:12', '2022-07-18 07:29:13', 1, NULL, 9, 'M:\\Projects\\PDP\\2022\\NWS\\DS-HIGH-32 NWS MODIFIED HCSA TRUNK\\STAGE 1\\SG1-13 Risk Assesment 1', NULL, NULL, NULL),
(3886, 254, 102, '2022-07-18 07:29:13', '2022-07-28 00:00:00', '2022-08-08 16:30:53', '2022-07-18 07:29:13', 1, NULL, 9, 'M:\\Projects\\PDP\\2022\\NWS\\DS-LOW-19 JUMPERS R2SMA\\STAGE 3\\SG3-18 FAIR', NULL, NULL, NULL),
(3887, 254, 103, '2022-07-18 07:29:13', '2022-07-28 00:00:00', '2022-07-29 08:07:16', '2022-07-18 07:29:13', -1, 'N/A', 2, NULL, NULL, NULL, NULL),
(3888, 254, 104, '2022-07-18 07:29:13', '2022-07-28 00:00:00', '2022-08-08 17:00:58', '2022-07-18 07:29:13', 1, NULL, 9, 'M:\\Projects\\PDP\\2022\\NWS\\DS-LOW-19 JUMPERS R2SMA\\STAGE 3\\SG3-18 FAIR', NULL, NULL, NULL),
(3889, 254, 105, '2022-07-18 07:29:13', '2022-07-28 00:00:00', '2022-07-19 15:51:50', '2022-07-18 07:29:13', 2, NULL, 2, 'M:\\Projects\\PDP\\2022\\NWS\\DS-HIGH-32 NWS MODIFIED HCSA TRUNK\\STAGE 3\\SG3-19 Flow Chart', '2022-08-01 13:42:45', 9, NULL),
(3890, 254, 106, '2022-07-18 07:29:13', '2022-07-28 00:00:00', '2022-07-19 11:03:20', '2022-07-18 07:29:13', 1, NULL, 2, 'M:\\Projects\\PDP\\2022\\NWS\\DS-LOW-19 HCSA Jumpers  FJ-IPLCRC-R2SMA-05M-COE\\STAGE 3\\SG3-20 Deviation Format', NULL, NULL, NULL),
(3891, 254, 107, '2022-07-18 07:29:13', '2022-07-28 00:00:00', '2022-07-26 09:11:14', '2022-07-18 07:29:13', -1, 'Not received', 6, NULL, NULL, NULL, NULL),
(3892, 254, 108, '2022-07-18 07:29:13', '2022-07-28 00:00:00', '2022-07-26 10:54:04', '2022-07-18 07:29:13', -1, 'N/A', 6, NULL, NULL, NULL, NULL),
(3893, 254, 109, '2022-07-18 07:29:13', '2022-07-28 00:00:00', '2022-07-26 09:10:48', '2022-07-18 07:29:13', 1, NULL, 6, 'M:\\Projects\\PDP\\2022\\NWS\\DS-LOW-19 JUMPERS R2SMA\\STAGE 1\\SG1-14 Project categorycomplexity workload hour', NULL, NULL, NULL),
(3894, 254, 110, '2022-07-18 07:29:13', '2022-07-28 00:00:00', '2022-11-04 07:31:39', '2022-07-18 07:29:13', 1, NULL, 3, 'M:\\Projects\\PDP\\2022\\NWS\\DS-LOW-19 JUMPERS R2SMA\\STAGE 1\\SG1-15 Preliminary NAI BOM', NULL, NULL, NULL),
(3895, 254, 111, '2022-07-18 07:29:13', '2022-07-28 00:00:00', '2022-07-26 09:09:17', '2022-07-18 07:29:13', 1, '', 6, 'M:\\Projects\\PDP\\2022\\NWS\\DS-LOW-19 JUMPERS R2SMA\\STAGE 1\\SG1-16 COE Log status update', NULL, NULL, NULL),
(3896, 254, 112, '2022-07-18 07:29:13', '2022-07-28 00:00:00', '2022-11-04 07:36:07', '2022-07-18 07:29:13', 1, NULL, 3, 'M:\\Projects\\PDP\\2022\\NWS\\DS-LOW-19 JUMPERS R2SMA\\STAGE 3\\SG3-24 PTF', NULL, NULL, NULL),
(3897, 254, 113, '2022-07-18 07:29:13', '2022-07-28 00:00:00', '2022-07-26 09:11:05', '2022-07-18 07:29:13', 1, NULL, 6, 'M:\\Projects\\PDP\\2022\\NWS\\DS-LOW-19 JUMPERS R2SMA\\STAGE 2\\SG2-06 Purchase order', NULL, NULL, NULL),
(3898, 254, 114, '2022-07-18 07:29:13', '2022-07-28 00:00:00', '2022-11-04 08:18:59', '2022-07-18 07:29:13', -1, 'According to NAI design print', 3, NULL, NULL, NULL, NULL),
(3899, 254, 115, '2022-07-18 07:29:13', '2022-07-28 00:00:00', '2022-08-02 18:46:58', '2022-07-18 07:29:13', -1, 'Not new processes', 3, NULL, NULL, NULL, NULL),
(3900, 254, 116, '2022-07-18 07:29:13', '2022-07-28 00:00:00', '2022-08-02 18:46:14', '2022-07-18 07:29:13', -1, 'N/A', 3, NULL, NULL, NULL, NULL),
(3901, 254, 117, '2022-07-18 07:29:13', '2022-07-28 00:00:00', '2022-11-04 08:23:31', '2022-07-18 07:29:13', -1, 'N/A', 3, NULL, NULL, NULL, NULL),
(3902, 254, 118, '2022-07-18 07:29:13', '2022-07-28 00:00:00', '2022-08-02 18:45:37', '2022-07-18 07:29:13', -1, 'Drawing FJ-IPLCRC-2SMA-XXM', 3, NULL, NULL, NULL, NULL),
(3903, 254, 119, '2022-07-18 07:29:13', '2022-07-28 00:00:00', '2022-07-19 11:03:35', '2022-07-18 07:29:13', -1, 'N/A', 2, NULL, NULL, NULL, NULL),
(3904, 254, 120, '2022-07-18 07:29:13', '2022-07-28 00:00:00', '2022-07-26 09:10:20', '2022-07-18 07:29:13', 1, NULL, 6, 'M:\\Projects\\PDP\\2022\\NWS\\DS-LOW-19 JUMPERS R2SMA\\STAGE 2\\SG2-23 NAI Work order', NULL, NULL, NULL),
(3905, 254, 121, '2022-07-18 07:29:13', '2022-07-28 00:00:00', '2022-11-04 07:42:06', '2022-07-18 07:29:13', -1, 'N/A', 3, NULL, NULL, NULL, NULL),
(3906, 254, 122, '2022-07-18 07:29:13', '2022-07-28 00:00:00', '2022-08-02 18:46:44', '2022-07-18 07:29:13', -1, 'No FEA for this project', 3, NULL, NULL, NULL, NULL),
(3907, 254, 123, '2022-07-18 07:29:13', '2022-07-28 00:00:00', '2022-11-04 07:35:21', '2022-07-18 07:29:13', -1, 'See final PTF', 3, NULL, NULL, NULL, NULL),
(3908, 254, 124, '2022-07-18 07:29:13', '2022-07-28 00:00:00', '2022-07-19 11:03:51', '2022-07-18 07:29:13', -1, 'N/A', 2, NULL, NULL, NULL, NULL),
(3909, 254, 125, '2022-07-18 07:29:13', '2022-07-28 00:00:00', '2022-11-04 07:37:55', '2022-07-18 07:29:13', -1, 'Not required new tooling', 3, NULL, NULL, NULL, NULL),
(3910, 254, 127, '2022-07-18 07:29:13', '2022-07-28 00:00:00', '2022-08-02 12:10:20', '2022-07-18 07:29:13', 1, NULL, 9, 'M:\\Projects\\PDP\\2022\\NWS\\DS-HIGH-32 NWS MODIFIED HCSA TRUNK\\STAGE 2\\SG2-30 Risk Assesment 2', NULL, NULL, NULL),
(3911, 254, 128, '2022-07-18 07:29:13', '2022-07-28 00:00:00', '2022-08-02 12:09:58', '2022-07-18 07:29:13', 1, NULL, 9, 'M:\\Projects\\PDP\\2022\\NWS\\DS-HIGH-32 NWS MODIFIED HCSA TRUNK\\STAGE 3\\SG3-21 Risk Assesment 3', NULL, NULL, NULL),
(3912, 254, 129, '2022-07-18 07:29:13', '2022-07-28 00:00:00', '2022-07-29 08:06:37', '2022-07-18 07:29:13', -1, 'N/A', 2, NULL, NULL, NULL, NULL),
(3913, 254, 130, '2022-07-18 07:29:13', '2022-07-28 00:00:00', '2022-08-15 09:31:45', '2022-07-18 07:29:13', 1, NULL, 9, 'M:\\Projects\\PDP\\2022\\NWS\\DS-LOW-19 JUMPERS R2SMA\\SATGE 4\\SG4-01 Risk Assesment', NULL, NULL, NULL),
(3914, 254, 131, '2022-07-18 07:29:13', '2022-07-28 00:00:00', '2022-07-29 08:07:28', '2022-07-18 07:29:13', -1, 'N/A', 2, NULL, NULL, NULL, NULL),
(3915, 254, 132, '2022-07-18 07:29:13', '2022-07-28 00:00:00', '2022-07-19 14:54:10', '2022-07-18 07:29:13', 1, NULL, 2, 'M:\\Projects\\PDP\\2022\\NWS\\DS-LOW-19 HCSA Jumpers  FJ-IPLCRC-R2SMA-05M-COE\\STAGE 3\\SG3-22 Process Compliance - MFG', NULL, NULL, NULL),
(3916, 254, 133, '2022-07-18 07:29:13', '2022-07-28 00:00:00', '2022-08-08 16:55:21', '2022-07-18 07:29:13', 1, NULL, 9, 'M:\\Projects\\PDP\\2022\\NWS\\DS-LOW-19 JUMPERS R2SMA\\STAGE 3\\SG3-23 Process Compliance - QA', NULL, NULL, NULL),
(3917, 254, 134, '2022-07-18 07:29:13', '2022-07-28 00:00:00', '2022-11-04 07:41:57', '2022-07-18 07:29:13', 1, NULL, 3, 'M:\\Projects\\PDP\\2022\\NWS\\DS-LOW-19 JUMPERS R2SMA\\STAGE 2\\SG2-32 Manufacturer work instructions', NULL, NULL, NULL),
(3918, 254, 136, '2022-07-18 07:29:13', '2022-07-28 00:00:00', '2022-11-04 07:35:52', '2022-07-18 07:29:13', 2, NULL, 3, 'M:\\Projects\\PDP\\2022\\NWS\\DS-LOW-19 JUMPERS R2SMA\\STAGE 3\\SG3-24 PTF', '2022-11-04 15:21:05', 9, NULL),
(3919, 254, 137, '2022-07-18 07:29:13', '2022-07-28 00:00:00', '2022-07-19 10:59:16', '2022-07-18 07:29:13', -1, 'N/A', 2, NULL, NULL, NULL, NULL),
(3920, 254, 138, '2022-07-18 07:29:13', '2022-07-28 00:00:00', '2022-08-04 08:57:59', '2022-07-18 07:29:13', 1, NULL, 9, 'M:\\Projects\\PDP\\2022\\NWS\\DS-LOW-19 JUMPERS R2SMA\\STAGE 3\\SG3-26 Process Control Plan', NULL, NULL, NULL),
(3921, 254, 139, '2022-07-18 07:29:13', '2022-07-28 00:00:00', '2022-11-04 07:40:18', '2022-07-18 07:29:13', 1, NULL, 3, 'M:\\Projects\\PDP\\2022\\NWS\\DS-LOW-19 JUMPERS R2SMA\\STAGE 1\\SG1-10 Design proposal for customer approval', NULL, NULL, NULL),
(3922, 254, 140, '2022-07-18 07:29:13', '2022-07-28 00:00:00', '2022-11-04 07:37:40', '2022-07-18 07:29:13', 1, NULL, 3, 'M:\\Projects\\PDP\\2022\\NWS\\DS-LOW-19 JUMPERS R2SMA\\STAGE 3\\SG3-17 Customer Approval', NULL, NULL, NULL),
(3923, 255, 1, '2022-07-19 15:10:01', '2022-07-24 00:00:00', '2022-07-25 08:09:04', '2022-07-19 15:10:01', 1, NULL, 6, 'M:\\Projects\\PDP\\2022\\NWS\\DS-MEDIUM-73 HYBRID JUMPER 5305\\STAGE 1\\SG1-01 Customer request for COE services', NULL, NULL, NULL),
(3924, 255, 3, '2022-07-19 15:10:01', '2022-07-24 00:00:00', '2022-07-25 08:20:59', '2022-07-19 15:10:01', -1, 'Not received', 6, NULL, NULL, NULL, NULL),
(3925, 255, 15, '2022-07-19 15:10:01', '2022-07-24 00:00:00', '2022-08-10 14:33:15', '2022-07-19 15:10:01', 1, NULL, 6, 'M:\\Projects\\PDP\\2022\\NWS\\DS-MEDIUM-73 HYBRID JUMPER 5305\\STAGE 1\\SG1-05 Raw material status report', NULL, NULL, NULL),
(3926, 255, 16, '2022-07-19 15:10:01', '2022-07-24 00:00:00', '2022-07-25 08:21:18', '2022-07-19 15:10:01', -1, 'Not required', 6, NULL, NULL, NULL, NULL),
(3927, 255, 17, '2022-07-19 15:10:01', '2022-07-24 00:00:00', '2022-11-04 09:39:12', '2022-07-19 15:10:01', -1, 'Not required. Components and tooling already used in NAI', 3, NULL, NULL, NULL, NULL),
(3928, 255, 18, '2022-07-19 15:10:01', '2022-07-24 00:00:00', '2022-07-25 08:16:06', '2022-07-19 15:10:01', 1, NULL, 6, 'M:\\Projects\\PDP\\2022\\NWS\\DS-MEDIUM-73 HYBRID JUMPER 5305\\STAGE 1\\SG1-08 Price calculation for COE service', NULL, NULL, NULL),
(3929, 255, 19, '2022-07-19 15:10:01', '2022-07-24 00:00:00', '2022-07-25 08:16:34', '2022-07-19 15:10:01', 1, NULL, 6, 'M:\\Projects\\PDP\\2022\\NWS\\DS-MEDIUM-73 HYBRID JUMPER 5305\\STAGE 1\\SG1-09 Formal quotation for COE Services', NULL, NULL, NULL),
(3930, 255, 20, '2022-07-19 15:10:01', '2022-07-24 00:00:00', '2022-08-02 18:15:38', '2022-07-19 15:10:01', 1, NULL, 3, 'M:\\Projects\\PDP\\2022\\NWS\\DS-MEDIUM-73 HYBRID JUMPER 5305\\STAGE 1\\SG1-10 Design proposal for customer approval', NULL, NULL, NULL),
(3931, 255, 21, '2022-07-19 15:10:01', '2022-07-24 00:00:00', '2022-07-25 08:20:38', '2022-07-19 15:10:01', 1, NULL, 6, 'M:\\Projects\\PDP\\2022\\NWS\\DS-MEDIUM-73 HYBRID JUMPER 5305\\STAGE 1\\SG1-11 Project ship date', NULL, NULL, NULL),
(3932, 255, 22, '2022-07-19 15:10:01', '2022-07-24 00:00:00', '2022-07-26 09:00:42', '2022-07-19 15:10:01', 1, NULL, 6, 'M:\\Projects\\PDP\\2022\\NWS\\DS-MEDIUM-73 HYBRID JUMPER 5305\\STAGE 1\\SG1-12 Tracking for prototype FA', NULL, NULL, NULL),
(3933, 255, 23, '2022-07-19 15:10:01', '2022-07-24 00:00:00', '2022-08-02 18:27:53', '2022-07-19 15:10:01', 1, NULL, 3, 'M:\\Projects\\PDP\\2022\\NWS\\DS-MEDIUM-73 HYBRID JUMPER 5305\\STAGE 2\\SG2-01 Customer Requirements', NULL, NULL, NULL),
(3934, 255, 29, '2022-07-19 15:10:01', '2022-07-24 00:00:00', '2022-08-02 18:29:44', '2022-07-19 15:10:01', -1, 'Not 3rd party materials', 3, NULL, NULL, NULL, NULL),
(3935, 255, 30, '2022-07-19 15:10:01', '2022-07-24 00:00:00', '2022-11-07 09:50:27', '2022-07-19 15:10:01', 1, NULL, 3, 'M:\\Projects\\PDP\\2022\\NWS\\DS-MEDIUM-73 HYBRID JUMPER 5305\\STAGE 3\\SG3-22 Process Compliance - MFG', NULL, NULL, NULL),
(3936, 255, 35, '2022-07-19 15:10:01', '2022-07-24 00:00:00', '2022-11-04 09:38:01', '2022-07-19 15:10:01', -1, 'According to Drawing', 3, NULL, NULL, NULL, NULL),
(3937, 255, 36, '2022-07-19 15:10:01', '2022-07-24 00:00:00', '2022-08-01 10:13:13', '2022-07-19 15:10:01', 1, NULL, 9, 'M:\\Projects\\PDP\\INDUSTRIAL STANDARDS', NULL, NULL, NULL),
(3938, 255, 39, '2022-07-19 15:10:01', '2022-07-24 00:00:00', '2022-07-25 08:36:34', '2022-07-19 15:10:01', -1, 'N/A', 2, NULL, NULL, NULL, NULL),
(3939, 255, 42, '2022-07-19 15:10:01', '2022-07-24 00:00:00', '2022-08-02 18:29:08', '2022-07-19 15:10:01', -1, 'No external testing', 3, NULL, NULL, NULL, NULL),
(3940, 255, 46, '2022-07-19 15:10:01', '2022-07-24 00:00:00', '2022-08-02 18:18:49', '2022-07-19 15:10:01', 1, NULL, 3, 'M:\\Projects\\PDP\\2022\\NWS\\DS-MEDIUM-73 HYBRID JUMPER 5305\\STAGE 2\\SG2-12 ECN', NULL, NULL, NULL),
(3941, 255, 48, '2022-07-19 15:10:01', '2022-07-24 00:00:00', '2022-08-02 18:28:41', '2022-07-19 15:10:01', -1, 'Drawing NWS-5305-XXM', 3, NULL, NULL, NULL, NULL),
(3942, 255, 49, '2022-07-19 15:10:01', '2022-07-24 00:00:00', '2022-08-02 18:34:08', '2022-07-19 15:10:01', -1, 'Drawing NWS-5305-XXM', 3, NULL, NULL, NULL, NULL),
(3943, 255, 52, '2022-07-19 15:10:01', '2022-07-24 00:00:00', '2022-08-02 17:55:52', '2022-07-19 15:10:01', -1, 'N/A', 3, NULL, NULL, NULL, NULL),
(3944, 255, 56, '2022-07-19 15:10:01', '2022-07-24 00:00:00', '2022-08-01 10:14:15', '2022-07-19 15:10:01', -1, 'No se realizo ncoming inspeccion de nuesvos componentes', 9, NULL, NULL, NULL, NULL),
(3945, 255, 57, '2022-07-19 15:10:01', '2022-07-24 00:00:00', '2022-08-02 18:33:52', '2022-07-19 15:10:01', -1, 'Drawing NWS-5305-XXM', 3, NULL, NULL, NULL, NULL),
(3946, 255, 68, '2022-07-19 15:10:01', '2022-07-24 00:00:00', '2022-07-25 13:50:38', '2022-07-19 15:10:01', 3, 'Nombre de proyecto den tro del archio no corresponde al NP', 2, 'M:\\Projects\\PDP\\2022\\NWS\\DS-MEDIUM-73 HYBRID JUMPER 5305\\STAGE 3\\SG3-01 PFMEA', '2022-08-01 12:28:00', 9, NULL),
(3947, 255, 69, '2022-07-19 15:10:01', '2022-07-24 00:00:00', '2022-11-04 09:29:40', '2022-07-19 15:10:01', 1, NULL, 3, 'M:\\Projects\\PDP\\2022\\NWS\\DS-MEDIUM-73 HYBRID JUMPER 5305\\STAGE 3\\SG3-02 Final BOM', NULL, NULL, NULL),
(3948, 255, 70, '2022-07-19 15:10:01', '2022-07-24 00:00:00', '2022-07-25 10:35:33', '2022-07-19 15:10:01', 1, NULL, 2, 'M:\\Projects\\PDP\\2022\\NWS\\DS-MEDIUM-73 HYBRID JUMPER 5305\\STAGE 3\\SG3-03 Product Samples', NULL, NULL, NULL),
(3949, 255, 71, '2022-07-19 15:10:01', '2022-07-24 00:00:00', '2022-07-29 07:50:59', '2022-07-19 15:10:01', 1, NULL, 2, 'M:\\Projects\\PDP\\2022\\NWS\\DS-MEDIUM-73 HYBRID JUMPER 5305\\STAGE 3\\SG3-04 First Article Report FAR', NULL, NULL, NULL),
(3950, 255, 72, '2022-07-19 15:10:01', '2022-07-24 00:00:00', '2022-07-25 08:36:25', '2022-07-19 15:10:01', -1, 'N/A', 2, NULL, NULL, NULL, NULL),
(3951, 255, 73, '2022-07-19 15:10:01', '2022-07-24 00:00:00', '2022-07-25 08:36:15', '2022-07-19 15:10:01', -1, 'N/A', 2, NULL, NULL, NULL, NULL),
(3952, 255, 74, '2022-07-19 15:10:01', '2022-07-24 00:00:00', '2022-07-25 08:36:02', '2022-07-19 15:10:01', -1, 'N/A', 2, NULL, NULL, NULL, NULL),
(3953, 255, 75, '2022-07-19 15:10:01', '2022-07-24 00:00:00', '2022-07-25 08:35:41', '2022-07-19 15:10:01', -1, 'N/A', 2, NULL, NULL, NULL, NULL),
(3954, 255, 76, '2022-07-19 15:10:01', '2022-07-24 00:00:00', '2022-07-25 08:35:32', '2022-07-19 15:10:01', -1, 'N/A', 2, NULL, NULL, NULL, NULL),
(3955, 255, 77, '2022-07-19 15:10:01', '2022-07-24 00:00:00', '2022-07-25 08:35:51', '2022-07-19 15:10:01', -1, 'N/A', 2, NULL, NULL, NULL, NULL),
(3956, 255, 78, '2022-07-19 15:10:01', '2022-07-24 00:00:00', '2022-07-25 08:34:59', '2022-07-19 15:10:01', 2, NULL, 2, 'M:\\Projects\\PDP\\2022\\NWS\\DS-MEDIUM-73 HYBRID JUMPER 5305\\STAGE 3\\SG3-11 Optical Performance Test IL RL', '2022-08-01 12:25:24', 9, NULL),
(3957, 255, 79, '2022-07-19 15:10:01', '2022-07-24 00:00:00', '2022-11-07 07:51:13', '2022-07-19 15:10:01', 1, NULL, 9, 'M:\\Projects\\PDP\\2022\\NWS\\DS-MEDIUM-73 HYBRID JUMPER 5305\\STAGE 3\\SG3-16 IP test', NULL, NULL, NULL),
(3958, 255, 80, '2022-07-19 15:10:01', '2022-07-24 00:00:00', '2022-11-07 07:26:13', '2022-07-19 15:10:01', 1, NULL, 3, 'M:\\Projects\\PDP\\2022\\NWS\\DS-MEDIUM-73 HYBRID JUMPER 5305\\STAGE 3\\SG3-13 Environmental Test TC test', NULL, NULL, NULL),
(3959, 255, 81, '2022-07-19 15:10:01', '2022-07-24 00:00:00', '2022-08-02 18:28:56', '2022-07-19 15:10:01', -1, 'N/A\n', 3, NULL, NULL, NULL, NULL),
(3960, 255, 82, '2022-07-19 15:10:01', '2022-07-24 00:00:00', '2022-10-19 09:51:00', '2022-07-19 15:10:01', 2, NULL, 2, 'M:\\Projects\\PDP\\2022\\NWS\\DS-MEDIUM-73 HYBRID JUMPER 5305\\STAGE 3\\SG3-15 Final Assembly Work Instruction', '2022-10-19 16:50:16', 9, NULL),
(3961, 255, 83, '2022-07-19 15:10:01', '2022-07-24 00:00:00', '2022-07-25 09:23:28', '2022-07-19 15:10:01', -1, 'N/A', 2, NULL, NULL, NULL, NULL),
(3962, 255, 84, '2022-07-19 15:10:01', '2022-07-24 00:00:00', '2022-08-10 14:39:10', '2022-07-19 15:10:01', 1, NULL, 6, 'M:\\Projects\\PDP\\2022\\NWS\\DS-MEDIUM-73 HYBRID JUMPER 5305\\STAGE 3\\SG3-17 Customer Approval', NULL, NULL, NULL),
(3963, 255, 99, '2022-07-19 15:10:01', '2022-07-24 00:00:00', '2022-08-02 11:43:48', '2022-07-19 15:10:01', -1, 'No aplica este requerimiento', 9, NULL, NULL, NULL, NULL),
(3964, 255, 101, '2022-07-19 15:10:01', '2022-07-24 00:00:00', '2022-08-01 14:36:59', '2022-07-19 15:10:01', 1, NULL, 9, 'M:\\Projects\\PDP\\2022\\NWS\\DS-MEDIUM-73 HYBRID JUMPER 5305\\STAGE 1\\SG1-13 Risk Assesment 1', NULL, NULL, NULL),
(3965, 255, 102, '2022-07-19 15:10:01', '2022-07-24 00:00:00', '2022-08-01 10:12:13', '2022-07-19 15:10:01', 1, NULL, 9, 'M:\\Projects\\PDP\\2022\\NWS\\DS-MEDIUM-73 HYBRID JUMPER 5305\\STAGE 3\\SG3-18 FAIRM:\\Projects\\PDP\\2022\\NWS\\DS-MEDIUM-73 HYBRID JUMPER 5305\\STAGE 3\\SG3-18 FAIR', NULL, NULL, NULL),
(3966, 255, 103, '2022-07-19 15:10:01', '2022-07-24 00:00:00', '2022-07-25 09:55:26', '2022-07-19 15:10:01', 1, NULL, 2, 'M:\\Projects\\PDP\\2022\\NWS\\DS-MEDIUM-73 HYBRID JUMPER 5305\\STAGE 3\\SG3-04 First Article Report FAR', NULL, NULL, NULL),
(3967, 255, 104, '2022-07-19 15:10:01', '2022-07-24 00:00:00', '2022-08-01 13:46:51', '2022-07-19 15:10:01', 1, NULL, 9, 'M:\\Projects\\PDP\\2022\\NWS\\DS-MEDIUM-73 HYBRID JUMPER 5305\\STAGE 3\\SG3-18 FAIR', NULL, NULL, NULL),
(3968, 255, 105, '2022-07-19 15:10:01', '2022-07-24 00:00:00', '2022-07-25 13:51:04', '2022-07-19 15:10:01', 2, NULL, 2, 'M:\\Projects\\PDP\\2022\\NWS\\DS-MEDIUM-73 HYBRID JUMPER 5305\\STAGE 3\\SG3-19 Flow Chart', '2022-08-01 12:26:06', 9, NULL),
(3969, 255, 106, '2022-07-19 15:10:01', '2022-07-24 00:00:00', '2022-07-25 08:35:20', '2022-07-19 15:10:01', -1, '', 2, 'M:\\Projects\\PDP\\2022\\NWS\\DS-MEDIUM-73 HYBRID JUMPER 5305\\STAGE 3\\SG3-20 Deviation Format', NULL, NULL, NULL),
(3970, 255, 107, '2022-07-19 15:10:01', '2022-07-24 00:00:00', '2022-07-25 08:21:30', '2022-07-19 15:10:01', -1, 'Not received', 6, NULL, NULL, NULL, NULL),
(3971, 255, 108, '2022-07-19 15:10:01', '2022-07-24 00:00:00', '2022-07-25 08:07:55', '2022-07-19 15:10:01', -1, 'Not received', 6, NULL, NULL, NULL, NULL),
(3972, 255, 109, '2022-07-19 15:10:01', '2022-07-24 00:00:00', '2022-07-25 08:18:00', '2022-07-19 15:10:01', 1, NULL, 6, 'M:\\Projects\\PDP\\2022\\NWS\\DS-MEDIUM-73 HYBRID JUMPER 5305\\STAGE 1\\SG1-14 Project categorycomplexity workload hour', NULL, NULL, NULL),
(3973, 255, 110, '2022-07-19 15:10:01', '2022-07-24 00:00:00', '2022-11-07 07:26:49', '2022-07-19 15:10:01', 1, NULL, 3, 'M:\\Projects\\PDP\\2022\\NWS\\DS-MEDIUM-73 HYBRID JUMPER 5305\\STAGE 1\\SG1-17 Preliminary NAI BOM', NULL, NULL, NULL),
(3974, 255, 111, '2022-07-19 15:10:01', '2022-07-24 00:00:00', '2022-07-25 08:07:29', '2022-07-19 15:10:01', 1, NULL, 6, 'M:\\Projects\\PDP\\2022\\NWS\\DS-MEDIUM-73 HYBRID JUMPER 5305\\STAGE 1\\SG1-16 COE Log status update', NULL, NULL, NULL),
(3975, 255, 112, '2022-07-19 15:10:01', '2022-07-24 00:00:00', '2022-11-07 15:03:24', '2022-07-19 15:10:01', 1, NULL, 3, 'M:\\Projects\\PDP\\2022\\NWS\\DS-MEDIUM-73 HYBRID JUMPER 5305\\STAGE 1\\SG1-18 TARS', NULL, NULL, NULL),
(3976, 255, 113, '2022-07-19 15:10:01', '2022-07-24 00:00:00', '2022-07-25 08:19:53', '2022-07-19 15:10:01', 1, NULL, 6, 'M:\\Projects\\PDP\\2022\\NWS\\DS-MEDIUM-73 HYBRID JUMPER 5305\\STAGE 2\\SG2-06 Purchase order', NULL, NULL, NULL),
(3977, 255, 114, '2022-07-19 15:10:01', '2022-07-24 00:00:00', '2022-08-02 18:19:57', '2022-07-19 15:10:01', -1, 'NAI Design. No Customer Prints\n', 3, NULL, NULL, NULL, NULL),
(3978, 255, 115, '2022-07-19 15:10:01', '2022-07-24 00:00:00', '2022-08-02 18:33:31', '2022-07-19 15:10:01', -1, 'Not new process or qualifications needed', 3, NULL, NULL, NULL, NULL),
(3979, 255, 116, '2022-07-19 15:10:01', '2022-07-24 00:00:00', '2022-08-02 18:29:28', '2022-07-19 15:10:01', -1, 'N/A', 3, NULL, NULL, NULL, NULL),
(3980, 255, 117, '2022-07-19 15:10:01', '2022-07-24 00:00:00', '2022-11-04 09:34:33', '2022-07-19 15:10:01', 1, NULL, 3, 'M:\\Projects\\PDP\\2022\\NWS\\DS-MEDIUM-73 HYBRID JUMPER 5305\\STAGE 2\\SG2-35 Components specification', NULL, NULL, NULL),
(3981, 255, 118, '2022-07-19 15:10:01', '2022-07-24 00:00:00', '2022-08-02 18:28:31', '2022-07-19 15:10:01', -1, 'Drawing NWS-5305-XXM', 3, NULL, NULL, NULL, NULL),
(3982, 255, 119, '2022-07-19 15:10:01', '2022-07-24 00:00:00', '2022-07-25 09:26:39', '2022-07-19 15:10:01', -1, 'N/A', 2, NULL, NULL, NULL, NULL),
(3983, 255, 120, '2022-07-19 15:10:01', '2022-07-24 00:00:00', '2022-07-25 08:18:43', '2022-07-19 15:10:01', 1, NULL, 6, 'M:\\Projects\\PDP\\2022\\NWS\\DS-MEDIUM-73 HYBRID JUMPER 5305\\STAGE 2\\SG2-23 NAI Work order', NULL, NULL, NULL),
(3984, 255, 121, '2022-07-19 15:10:01', '2022-07-24 00:00:00', '2022-11-07 07:26:27', '2022-07-19 15:10:01', -1, ' There is not a design FMEA only Manufacturing FMEA', 3, NULL, NULL, NULL, NULL),
(3985, 255, 122, '2022-07-19 15:10:01', '2022-07-24 00:00:00', '2022-08-02 18:29:57', '2022-07-19 15:10:01', -1, 'Not FEA Applicable to this project', 3, NULL, NULL, NULL, NULL),
(3986, 255, 123, '2022-07-19 15:10:01', '2022-07-24 00:00:00', '2022-11-07 07:26:39', '2022-07-19 15:10:01', -1, ' Final PTF must be used', 3, NULL, NULL, NULL, NULL),
(3987, 255, 124, '2022-07-19 15:10:01', '2022-07-24 00:00:00', '2022-07-25 08:36:46', '2022-07-19 15:10:01', -1, 'N/A', 2, NULL, NULL, NULL, NULL),
(3988, 255, 125, '2022-07-19 15:10:01', '2022-07-24 00:00:00', '2022-11-07 10:02:35', '2022-07-19 15:10:01', 1, NULL, 3, 'M:\\Projects\\PDP\\2022\\NWS\\DS-MEDIUM-73 HYBRID JUMPER 5305\\STAGE 2\\SG2-36 Tooling Model', NULL, NULL, NULL),
(3989, 255, 127, '2022-07-19 15:10:01', '2022-07-24 00:00:00', '2022-08-01 14:33:45', '2022-07-19 15:10:01', 1, NULL, 9, 'M:\\Projects\\PDP\\2022\\NWS\\DS-MEDIUM-73 HYBRID JUMPER 5305\\STAGE 2\\SG2-30 Risk Assesment 2', NULL, NULL, NULL),
(3990, 255, 128, '2022-07-19 15:10:01', '2022-07-24 00:00:00', '2022-08-02 11:41:03', '2022-07-19 15:10:01', 1, NULL, 9, 'M:\\Projects\\PDP\\2022\\NWS\\DS-MEDIUM-73 HYBRID JUMPER 5305\\STAGE 3\\SG3-21 Risk Assesment 3', NULL, NULL, NULL),
(3991, 255, 129, '2022-07-19 15:10:01', '2022-07-24 00:00:00', '2022-07-25 09:23:39', '2022-07-19 15:10:01', -1, 'N/A', 2, NULL, NULL, NULL, NULL),
(3992, 255, 130, '2022-07-19 15:10:01', '2022-07-24 00:00:00', '2022-09-27 08:19:16', '2022-07-19 15:10:01', 1, NULL, 9, 'M:\\Projects\\PDP\\2022\\NWS\\DS-MEDIUM-73 HYBRID JUMPER 5305\\STAGE 4\\SG3-21 Risk Assesment 4', NULL, NULL, NULL),
(3993, 255, 131, '2022-07-19 15:10:01', '2022-07-24 00:00:00', '2022-11-03 14:10:00', '2022-07-19 15:10:01', 1, NULL, 2, 'M:\\Projects\\PDP\\2022\\NWS\\DS-MEDIUM-73 HYBRID JUMPER 5305\\STAGE 3\\SG3-22 Process Compliance - MFG', NULL, NULL, NULL),
(3994, 255, 132, '2022-07-19 15:10:01', '2022-07-24 00:00:00', '2022-07-25 10:00:47', '2022-07-19 15:10:01', 1, NULL, 2, 'M:\\Projects\\PDP\\2022\\NWS\\DS-MEDIUM-73 HYBRID JUMPER 5305\\STAGE 3\\SG3-22 Process Compliance - MFG', NULL, NULL, NULL),
(3995, 255, 133, '2022-07-19 15:10:01', '2022-07-24 00:00:00', '2022-08-01 10:14:44', '2022-07-19 15:10:01', 1, NULL, 9, 'M:\\Projects\\PDP\\2022\\NWS\\DS-MEDIUM-73 HYBRID JUMPER 5305\\STAGE 3\\SG3-23 Process Compliance - QA', NULL, NULL, NULL),
(3996, 255, 134, '2022-07-19 15:10:01', '2022-07-24 00:00:00', '2022-11-04 09:38:34', '2022-07-19 15:10:01', 1, NULL, 3, 'M:\\Projects\\PDP\\2022\\NWS\\DS-MEDIUM-73 HYBRID JUMPER 5305\\STAGE 2\\SG2-35 Components specification', NULL, NULL, NULL),
(3997, 255, 136, '2022-07-19 15:10:01', '2022-07-24 00:00:00', '2022-11-07 15:33:50', '2022-07-19 15:10:01', 2, NULL, 3, 'M:\\Projects\\PDP\\2022\\NWS\\DS-MEDIUM-73 HYBRID JUMPER 5305\\STAGE 3\\SG3-24 PTF', '2023-01-10 17:01:53', 9, NULL),
(3998, 255, 137, '2022-07-19 15:10:01', '2022-07-24 00:00:00', '2022-08-02 09:02:57', '2022-07-19 15:10:01', -1, 'N/A', 2, NULL, NULL, NULL, NULL),
(3999, 255, 138, '2022-07-19 15:10:01', '2022-07-24 00:00:00', '2022-08-01 10:15:08', '2022-07-19 15:10:01', 1, NULL, 9, 'M:\\Projects\\PDP\\2022\\NWS\\DS-MEDIUM-73 HYBRID JUMPER 5305\\STAGE 3\\SG3-26 Process Control Plan', NULL, NULL, NULL),
(4000, 255, 139, '2022-07-19 15:10:01', '2022-07-24 00:00:00', '2022-08-02 18:32:08', '2022-07-19 15:10:01', 1, NULL, 3, 'M:\\Projects\\PDP\\2022\\NWS\\DS-MEDIUM-73 HYBRID JUMPER 5305\\STAGE 2\\SG2-34 Preliminary Prints', NULL, NULL, NULL),
(4001, 255, 140, '2022-07-19 15:10:01', '2022-07-24 00:00:00', '2022-08-02 18:34:56', '2022-07-19 15:10:01', 1, NULL, 3, 'M:\\Projects\\PDP\\2022\\NWS\\DS-MEDIUM-73 HYBRID JUMPER 5305\\STAGE 3\\SG3-25 Prints', NULL, NULL, NULL),
(4004, 256, 72, '2022-07-25 09:22:50', '2022-08-04 00:00:00', '2022-11-07 16:46:21', '2022-07-25 09:22:50', 1, NULL, 2, 'M:\\Projects\\PDP\\2022\\NAI\\VALIDATIONS\\VT-MEDIUM-12 INFINITY BOND\\SG3-05 Mechanical Test mating unmating', NULL, NULL, NULL),
(4005, 256, 73, '2022-07-25 09:22:50', '2022-08-04 00:00:00', '2022-11-07 16:47:26', '2022-07-25 09:22:50', 1, NULL, 2, 'M:\\Projects\\PDP\\2022\\NAI\\VALIDATIONS\\VT-MEDIUM-12 INFINITY BOND\\SG3-06 Mechanical Test Insertion Extension force test', NULL, NULL, NULL),
(4010, 256, 78, '2022-07-25 09:22:50', '2022-08-04 00:00:00', '2022-11-07 16:44:43', '2022-07-25 09:22:50', 2, NULL, 2, 'M:\\Projects\\PDP\\2022\\NAI\\VALIDATIONS\\VT-MEDIUM-12 INFINITY BOND\\SG3-11 Optical Performance Test IL RL', '2022-11-14 09:47:56', 9, NULL),
(4011, 256, 79, '2022-07-25 09:22:50', '2022-08-04 00:00:00', '2022-08-01 16:48:27', '2022-07-25 09:22:50', -1, 'No se requiere esta prueba se esta validando el epoxy que va dentro del conector\n', 9, NULL, NULL, NULL, NULL),
(4012, 256, 80, '2022-07-25 09:22:50', '2022-08-04 00:00:00', '2022-09-26 15:29:30', '2022-07-25 09:22:50', 1, NULL, 3, 'M:\\Projects\\PDP\\2022\\NAI\\VALIDATIONS\\VT-MEDIUM-12 INFINITY BOND\\SG3-13 Environmental Test TC test', NULL, NULL, NULL),
(4015, 256, 132, '2022-07-25 09:22:50', '2022-08-04 00:00:00', '2022-11-07 16:38:17', '2022-07-25 09:22:50', -1, 'Se manufacturo en P1', 2, NULL, NULL, NULL, NULL),
(4017, 257, 70, '2022-08-02 08:00:50', '2022-08-08 00:00:00', '2022-08-08 15:10:05', '2022-08-02 08:00:50', -1, 'N/A', 2, NULL, NULL, NULL, NULL),
(4018, 257, 72, '2022-08-02 08:00:50', '2022-08-08 00:00:00', '2022-08-08 15:22:25', '2022-08-02 08:00:50', 1, NULL, 2, 'M:\\Projects\\PDP\\2022\\NAI\\VALIDATIONS\\VT-MEDIUM-11 ADH-153-T\\SG3-05 Mechanical Test mating unmating', NULL, NULL, NULL),
(4019, 257, 73, '2022-08-02 08:00:50', '2022-08-08 00:00:00', '2022-08-05 10:49:37', '2022-08-02 08:00:50', -1, 'N/A', 2, NULL, NULL, NULL, NULL),
(4020, 257, 74, '2022-08-02 08:00:50', '2022-08-08 00:00:00', '2022-08-05 10:49:12', '2022-08-02 08:00:50', -1, 'N/A', 2, NULL, NULL, NULL, NULL),
(4021, 257, 75, '2022-08-02 08:00:50', '2022-08-08 00:00:00', '2022-08-05 10:49:05', '2022-08-02 08:00:50', -1, 'N/A', 2, NULL, NULL, NULL, NULL),
(4022, 257, 76, '2022-08-02 08:00:50', '2022-08-08 00:00:00', '2022-08-05 10:48:55', '2022-08-02 08:00:50', -1, 'N/A', 2, NULL, NULL, NULL, NULL),
(4023, 257, 77, '2022-08-02 08:00:50', '2022-08-08 00:00:00', '2022-08-05 10:48:48', '2022-08-02 08:00:50', -1, 'N/A', 2, NULL, NULL, NULL, NULL),
(4024, 257, 78, '2022-08-02 08:00:50', '2022-08-08 00:00:00', '2022-08-05 10:50:28', '2022-08-02 08:00:50', -1, 'N/A', 2, NULL, NULL, NULL, NULL),
(4025, 257, 79, '2022-08-02 08:00:50', '2022-08-08 00:00:00', '2022-08-02 11:44:48', '2022-08-02 08:00:50', -1, 'No aplica este requerieminto este epoxy se ocupa dentro de los conectores', 9, NULL, NULL, NULL, NULL),
(4026, 257, 80, '2022-08-02 08:00:50', '2022-08-08 00:00:00', '2022-08-31 08:00:59', '2022-08-02 08:00:50', 1, NULL, 3, 'M:\\Projects\\PDP\\2022\\NAI\\VALIDATIONS\\VT-MEDIUM-11 ADH-153-T\\SG3-13 Environmental Test TC test', NULL, NULL, NULL),
(4029, 257, 132, '2022-08-02 08:00:50', '2022-08-08 00:00:00', '2022-08-05 10:50:36', '2022-08-02 08:00:50', -1, 'N/A', 2, NULL, NULL, NULL, NULL),
(4031, 258, 70, '2022-08-05 07:09:27', '2022-08-11 00:00:00', '2022-08-08 15:24:37', '2022-08-05 07:09:27', 1, NULL, 2, 'M:\\Projects\\PDP\\2022\\NAI\\VALIDATIONS\\VT-MEDIUM-12 INFINITY BOND\\SG3-05 Mechanical Test mating unmating', NULL, NULL, NULL),
(4032, 258, 72, '2022-08-05 07:09:27', '2022-08-11 00:00:00', '2022-08-08 15:24:32', '2022-08-05 07:09:27', 1, NULL, 2, 'M:\\Projects\\PDP\\2022\\NAI\\VALIDATIONS\\VT-MEDIUM-12 INFINITY BOND\\SG3-05 Mechanical Test mating unmating', NULL, NULL, NULL),
(4033, 258, 73, '2022-08-05 07:09:27', '2022-08-11 00:00:00', '2022-08-05 10:54:15', '2022-08-05 07:09:27', -1, 'N/A', 2, NULL, NULL, NULL, NULL),
(4034, 258, 74, '2022-08-05 07:09:27', '2022-08-11 00:00:00', '2022-08-05 10:53:52', '2022-08-05 07:09:27', -1, 'N/A', 2, NULL, NULL, NULL, NULL),
(4035, 258, 75, '2022-08-05 07:09:27', '2022-08-11 00:00:00', '2022-08-05 10:53:58', '2022-08-05 07:09:27', -1, 'N/A', 2, NULL, NULL, NULL, NULL),
(4036, 258, 76, '2022-08-05 07:09:27', '2022-08-11 00:00:00', '2022-08-05 10:53:46', '2022-08-05 07:09:27', -1, 'N/A', 2, NULL, NULL, NULL, NULL),
(4037, 258, 77, '2022-08-05 07:09:27', '2022-08-11 00:00:00', '2022-08-05 10:54:06', '2022-08-05 07:09:27', -1, 'N/A', 2, NULL, NULL, NULL, NULL),
(4038, 258, 78, '2022-08-05 07:09:27', '2022-08-11 00:00:00', '2022-08-08 15:22:46', '2022-08-05 07:09:27', -1, 'n/a', 2, NULL, NULL, NULL, NULL),
(4039, 258, 79, '2022-08-05 07:09:27', '2022-08-11 00:00:00', '2022-08-05 08:26:27', '2022-08-05 07:09:27', -1, 'No se requiere prueba IP para validar epoxy para conectores', 9, NULL, NULL, NULL, NULL),
(4040, 258, 80, '2022-08-05 07:09:27', '2022-08-11 00:00:00', '2022-09-26 15:32:48', '2022-08-05 07:09:27', 1, NULL, 3, 'M:\\Projects\\PDP\\2022\\NAI\\VALIDATIONS\\VT-MEDIUM-12 INFINITY BOND\\SG3-13 Environmental Test TC test', NULL, NULL, NULL),
(4043, 258, 132, '2022-08-05 07:09:27', '2022-08-11 00:00:00', '2022-08-08 15:22:53', '2022-08-05 07:09:27', -1, 'n/a', 2, NULL, NULL, NULL, NULL),
(4045, 259, 70, '2022-08-05 07:27:02', NULL, NULL, '2022-08-05 07:27:02', 0, NULL, NULL, NULL, NULL, NULL, NULL),
(4046, 259, 72, '2022-08-05 07:27:02', NULL, NULL, '2022-08-05 07:27:02', 0, NULL, NULL, NULL, NULL, NULL, NULL),
(4047, 259, 73, '2022-08-05 07:27:02', NULL, NULL, '2022-08-05 07:27:02', 0, NULL, NULL, NULL, NULL, NULL, NULL),
(4052, 259, 78, '2022-08-05 07:27:02', NULL, '2022-08-05 10:53:23', '2022-08-05 07:27:02', -1, 'N/A', 2, NULL, NULL, NULL, NULL),
(4054, 259, 80, '2022-08-05 07:27:02', NULL, NULL, '2022-08-05 07:27:02', 0, NULL, NULL, NULL, NULL, NULL, NULL),
(4057, 259, 132, '2022-08-05 07:27:02', NULL, NULL, '2022-08-05 07:27:02', 0, NULL, NULL, NULL, NULL, NULL, NULL),
(4058, 260, 69, '2022-08-18 15:20:34', NULL, NULL, '2022-08-18 15:20:34', 0, NULL, NULL, NULL, NULL, NULL, NULL),
(4059, 260, 70, '2022-08-18 15:20:34', NULL, NULL, '2022-08-18 15:20:34', 0, NULL, NULL, NULL, NULL, NULL, NULL),
(4060, 260, 72, '2022-08-18 15:20:34', NULL, '2022-11-04 15:07:05', '2022-08-18 15:20:34', -1, 'n/a', 2, NULL, NULL, NULL, NULL),
(4061, 260, 73, '2022-08-18 15:20:34', NULL, '2022-11-04 15:07:34', '2022-08-18 15:20:34', -1, 'n/a', 2, NULL, NULL, NULL, NULL),
(4062, 260, 74, '2022-08-18 15:20:34', NULL, '2022-11-04 15:07:24', '2022-08-18 15:20:34', -1, 'n/a', 2, NULL, NULL, NULL, NULL),
(4063, 260, 75, '2022-08-18 15:20:34', NULL, '2022-11-04 15:07:16', '2022-08-18 15:20:34', -1, 'n/a', 2, NULL, NULL, NULL, NULL),
(4064, 260, 76, '2022-08-18 15:20:34', NULL, NULL, '2022-08-18 15:20:34', 0, NULL, NULL, NULL, NULL, NULL, NULL),
(4065, 260, 77, '2022-08-18 15:20:34', NULL, '2022-11-04 15:07:42', '2022-08-18 15:20:34', -1, 'n/a', 2, NULL, NULL, NULL, NULL),
(4066, 260, 78, '2022-08-18 15:20:34', NULL, NULL, '2022-08-18 15:20:34', 0, NULL, NULL, NULL, NULL, NULL, NULL),
(4067, 260, 79, '2022-08-18 15:20:34', NULL, '2022-08-25 07:50:33', '2022-08-18 15:20:34', -1, 'The validation of cable does not require IPXX test', 9, NULL, NULL, NULL, NULL),
(4068, 260, 80, '2022-08-18 15:20:34', NULL, NULL, '2022-08-18 15:20:34', 0, NULL, NULL, NULL, NULL, NULL, NULL),
(4069, 260, 81, '2022-08-18 15:20:34', NULL, NULL, '2022-08-18 15:20:34', 0, NULL, NULL, NULL, NULL, NULL, NULL),
(4070, 260, 84, '2022-08-18 15:20:34', NULL, '2022-10-25 07:36:39', '2022-08-18 15:20:34', 1, NULL, 6, 'M:\\Projects\\PDP\\2022\\NWS\\Validations\\VT-LOW-14 CONDUMEX POWER CABLE A040116\\SG3-17 Customer Approval', NULL, NULL, NULL),
(4071, 260, 132, '2022-08-18 15:20:34', NULL, NULL, '2022-08-18 15:20:34', 0, NULL, NULL, NULL, NULL, NULL, NULL),
(4082, 261, 80, '2022-08-23 07:24:35', NULL, NULL, '2022-08-23 07:24:35', 0, NULL, NULL, NULL, NULL, NULL, NULL),
(4096, 262, 80, '2022-08-23 07:28:31', NULL, NULL, '2022-08-23 07:28:31', 0, NULL, NULL, NULL, NULL, NULL, NULL),
(4104, 263, 74, '2022-08-23 16:32:00', NULL, '2022-12-09 09:51:09', '2022-08-23 16:32:00', -1, 'n/a', 2, NULL, NULL, NULL, NULL),
(4105, 263, 75, '2022-08-23 16:32:00', NULL, '2022-11-04 15:08:08', '2022-08-23 16:32:00', -1, 'n/a', 2, NULL, NULL, NULL, NULL),
(4106, 263, 76, '2022-08-23 16:32:00', NULL, '2022-11-04 15:07:54', '2022-08-23 16:32:00', -1, 'n/a', 2, NULL, NULL, NULL, NULL),
(4107, 263, 77, '2022-08-23 16:32:00', NULL, '2022-11-04 15:08:14', '2022-08-23 16:32:00', -1, 'n/a', 2, NULL, NULL, NULL, NULL),
(4110, 263, 80, '2022-08-23 16:32:00', NULL, NULL, '2022-08-23 16:32:00', 0, NULL, NULL, NULL, NULL, NULL, NULL),
(4112, 264, 70, '2022-09-07 08:42:53', '2022-09-21 00:00:00', '2022-09-21 14:47:01', '2022-09-07 08:42:53', 1, NULL, 2, 'M:\\Projects\\PDP\\2022\\NWS\\Validations\\VT-HIGH-5 MODIFIED HCSA TRUNK CONDUMEX\\SG3-03 Product Samples', NULL, NULL, NULL),
(4115, 264, 74, '2022-09-07 08:42:53', '2022-09-21 00:00:00', '2022-10-19 09:47:17', '2022-09-07 08:42:53', -1, 'n/a', 2, NULL, NULL, NULL, NULL),
(4119, 264, 78, '2022-09-07 08:42:53', '2022-09-21 00:00:00', '2022-09-21 14:32:08', '2022-09-07 08:42:53', 2, NULL, 2, 'M:\\Projects\\PDP\\2022\\NWS\\Validations\\VT-HIGH-5 MODIFIED HCSA TRUNK CONDUMEX\\SG3-11 Optical Performance Test IL RL', '2022-10-17 16:40:14', 9, NULL),
(4121, 264, 80, '2022-09-07 08:42:53', '2022-09-21 00:00:00', '2022-11-03 17:18:38', '2022-09-07 08:42:53', 1, NULL, 3, 'M:\\Projects\\PDP\\2022\\NWS\\Validations\\VT-HIGH-5 MODIFIED HCSA TRUNK CONDUMEX\\SG3-13 Environmental Test TC test', NULL, NULL, NULL),
(4123, 264, 84, '2022-09-07 08:42:53', '2022-09-21 00:00:00', '2022-10-25 07:48:32', '2022-09-07 08:42:53', 1, NULL, 6, 'M:\\Projects\\PDP\\2022\\NWS\\Validations\\VT-HIGH-5 MODIFIED HCSA TRUNK CONDUMEX\\SG3-17 Customer Approval', NULL, NULL, NULL),
(4124, 264, 132, '2022-09-07 08:42:53', '2022-09-21 00:00:00', '2022-11-03 13:38:44', '2022-09-07 08:42:53', -1, 'N/A', 2, NULL, NULL, NULL, NULL),
(4125, 264, 133, '2022-09-07 15:04:38', '2022-09-21 00:00:00', '2022-09-27 08:20:45', '2022-09-07 15:04:38', 1, NULL, 9, 'M:\\Projects\\PDP\\2022\\NWS\\Validations\\VT-HIGH-5 MODIFIED HCSA TRUNK CONDUMEX\\SG3-23 Process Compliance - QA', NULL, NULL, NULL),
(4126, 264, 136, '2022-09-07 15:04:38', '2022-09-21 00:00:00', '2022-11-03 17:26:19', '2022-09-07 15:04:38', 2, NULL, 3, 'M:\\Projects\\PDP\\2022\\NWS\\Validations\\VT-HIGH-5 MODIFIED HCSA TRUNK CONDUMEX\\SG3-24 PTF', '2022-11-04 15:25:47', 9, NULL),
(4129, 265, 15, '2022-09-07 16:21:44', '2022-09-19 00:00:00', '2022-09-22 16:33:48', '2022-09-07 16:21:44', 1, NULL, 6, 'M:\\Projects\\PDP\\2022\\RFS\\DS-HIGH-35 RFS EHCS\\STAGE 1\\SG1-05 Raw material status report', NULL, NULL, NULL),
(4130, 265, 16, '2022-09-07 16:21:44', '2022-09-19 00:00:00', '2022-09-22 16:31:13', '2022-09-07 16:21:44', -1, 'Not required', 6, NULL, NULL, NULL, NULL),
(4131, 265, 17, '2022-09-07 16:21:44', '2022-09-19 00:00:00', '2022-11-03 11:54:47', '2022-09-07 16:21:44', -1, 'N/A', 3, NULL, NULL, NULL, NULL),
(4134, 265, 20, '2022-09-07 16:21:44', '2022-09-19 00:00:00', '2022-11-03 11:42:42', '2022-09-07 16:21:44', -1, 'No documentation was designed. Only a physical sample', 3, NULL, NULL, NULL, NULL),
(4135, 265, 21, '2022-09-07 16:21:44', '2022-09-19 00:00:00', '2022-09-22 16:30:31', '2022-09-07 16:21:44', 1, NULL, 6, 'M:\\Projects\\PDP\\2022\\RFS\\DS-HIGH-35 RFS EHCS\\STAGE 1\\SG1-11 Project ship date', NULL, NULL, NULL),
(4136, 265, 22, '2022-09-07 16:21:44', '2022-09-19 00:00:00', '2022-09-22 16:30:59', '2022-09-07 16:21:44', 1, NULL, 6, 'M:\\Projects\\PDP\\2022\\RFS\\DS-HIGH-35 RFS EHCS\\STAGE 1\\SG1-12 Tracking for prototype FA', NULL, NULL, NULL),
(4137, 265, 23, '2022-09-07 16:21:44', '2022-09-19 00:00:00', '2022-11-03 11:42:05', '2022-09-07 16:21:44', -1, 'There is a proposal from NAI to the Customer. The customer does not require anything from this. It will be an improvement in costs and manufacturability.', 3, NULL, NULL, NULL, NULL),
(4138, 265, 29, '2022-09-07 16:21:44', '2022-09-19 00:00:00', '2022-11-03 11:54:56', '2022-09-07 16:21:44', -1, 'N/A', 3, NULL, NULL, NULL, NULL),
(4139, 265, 30, '2022-09-07 16:21:44', '2022-09-19 00:00:00', '2022-11-03 11:57:14', '2022-09-07 16:21:44', -1, 'N/A', 3, NULL, NULL, NULL, NULL),
(4140, 265, 35, '2022-09-07 16:21:44', '2022-09-19 00:00:00', '2022-11-03 15:00:04', '2022-09-07 16:21:44', -1, 'According to customer drawing', 3, NULL, NULL, NULL, NULL),
(4141, 265, 36, '2022-09-07 16:21:44', '2022-09-19 00:00:00', '2022-09-27 07:53:12', '2022-09-07 16:21:44', -1, 'The sample is a prototype.', 9, NULL, NULL, NULL, NULL),
(4142, 265, 39, '2022-09-07 16:21:44', '2022-09-19 00:00:00', '2022-09-21 14:08:31', '2022-09-07 16:21:44', -1, 'n/a', 2, NULL, NULL, NULL, NULL),
(4143, 265, 42, '2022-09-07 16:21:44', '2022-09-19 00:00:00', '2022-11-03 11:53:43', '2022-09-07 16:21:44', -1, 'There was not run any validation process. Only physical samples were sent to the customer.', 3, NULL, NULL, NULL, NULL),
(4144, 265, 46, '2022-09-07 16:21:44', '2022-09-19 00:00:00', '2022-11-03 11:42:52', '2022-09-07 16:21:44', -1, 'N/A', 3, NULL, NULL, NULL, NULL),
(4145, 265, 48, '2022-09-07 16:21:44', '2022-09-19 00:00:00', '2022-11-03 14:59:55', '2022-09-07 16:21:44', -1, 'According to customer drawing', 3, NULL, NULL, NULL, NULL);
INSERT INTO `actividades_proyecto` (`idActividades_proyecto`, `idProyecto`, `idActividad`, `fechaInicio`, `fechaRequerida`, `fechaEntrega`, `fechaCrea`, `completado`, `notas`, `entregadoPor`, `ubicacion`, `fechaAprobacion`, `aprobadoPor`, `respAct`) VALUES
(4146, 265, 49, '2022-09-07 16:21:44', '2022-09-19 00:00:00', '2022-11-03 15:00:21', '2022-09-07 16:21:44', -1, 'According to customer drawing', 3, NULL, NULL, NULL, NULL),
(4147, 265, 52, '2022-09-07 16:21:44', '2022-09-19 00:00:00', '2022-11-03 11:40:48', '2022-09-07 16:21:44', -1, 'No CTF Items', 3, NULL, NULL, NULL, NULL),
(4148, 265, 56, '2022-09-07 16:21:44', '2022-09-19 00:00:00', '2022-09-27 07:51:55', '2022-09-07 16:21:44', -1, 'The components used are used in other similar product all magterial wa sin stock.', 9, NULL, NULL, NULL, NULL),
(4149, 265, 57, '2022-09-07 16:21:44', '2022-09-19 00:00:00', '2022-11-03 15:00:16', '2022-09-07 16:21:44', -1, 'According to customer drawing', 3, NULL, NULL, NULL, NULL),
(4150, 265, 68, '2022-09-07 16:21:44', '2022-09-19 00:00:00', '2022-09-21 14:54:37', '2022-09-07 16:21:44', -1, 'n/a', 2, NULL, NULL, NULL, NULL),
(4151, 265, 69, '2022-09-07 16:21:44', '2022-09-19 00:00:00', '2022-11-03 12:09:27', '2022-09-07 16:21:44', 1, NULL, 3, 'M:\\Projects\\PDP\\2022\\RFS\\DS-HIGH-35 RFS EHCS\\STAGE 3\\SG3-02 Final BOM', NULL, NULL, NULL),
(4152, 265, 70, '2022-09-07 16:21:44', '2022-09-19 00:00:00', '2022-09-21 14:53:14', '2022-09-07 16:21:44', 1, NULL, 2, 'M:\\Projects\\PDP\\2022\\RFS\\DS-HIGH-35 RFS EHCS\\STAGE 3\\SG3-03 Product Samples', NULL, NULL, NULL),
(4153, 265, 71, '2022-09-07 16:21:44', '2022-09-19 00:00:00', '2022-09-21 14:54:22', '2022-09-07 16:21:44', 1, NULL, 2, 'M:\\Projects\\PDP\\2022\\RFS\\DS-HIGH-35 RFS EHCS\\STAGE 3\\SG3-04 First Article Report FAR', NULL, NULL, NULL),
(4154, 265, 72, '2022-09-07 16:21:44', '2022-09-19 00:00:00', '2022-09-21 14:09:24', '2022-09-07 16:21:44', -1, 'n/a', 2, NULL, NULL, NULL, NULL),
(4155, 265, 73, '2022-09-07 16:21:44', '2022-09-19 00:00:00', '2022-09-21 14:09:19', '2022-09-07 16:21:44', -1, 'n/a', 2, NULL, NULL, NULL, NULL),
(4156, 265, 74, '2022-09-07 16:21:44', '2022-09-19 00:00:00', '2022-10-19 09:55:36', '2022-09-07 16:21:44', -1, 'n/a', 2, NULL, NULL, NULL, NULL),
(4157, 265, 75, '2022-09-07 16:21:44', '2022-09-19 00:00:00', '2022-09-21 14:08:11', '2022-09-07 16:21:44', -1, 'n/a', 2, NULL, NULL, NULL, NULL),
(4158, 265, 76, '2022-09-07 16:21:44', '2022-09-19 00:00:00', '2022-09-21 14:08:03', '2022-09-07 16:21:44', -1, 'n/a', 2, NULL, NULL, NULL, NULL),
(4159, 265, 77, '2022-09-07 16:21:44', '2022-09-19 00:00:00', '2022-09-21 14:08:18', '2022-09-07 16:21:44', -1, 'n/a', 2, NULL, NULL, NULL, NULL),
(4160, 265, 78, '2022-09-07 16:21:44', '2022-09-19 00:00:00', '2022-09-21 14:28:35', '2022-09-07 16:21:44', 2, NULL, 2, 'M:\\Projects\\PDP\\2022\\RFS\\DS-HIGH-35 RFS EHCS\\STAGE 3\\SG3-11 Optical Performance Test IL RL', '2022-10-17 16:42:25', 9, NULL),
(4161, 265, 79, '2022-09-07 16:21:44', '2022-09-19 00:00:00', '2022-09-27 07:51:13', '2022-09-07 16:21:44', -1, 'The sample is a prototype.', 9, NULL, NULL, NULL, NULL),
(4162, 265, 80, '2022-09-07 16:21:44', '2022-09-19 00:00:00', '2022-11-03 11:53:27', '2022-09-07 16:21:44', -1, 'There was not run any validation process. Only physical samples were sent to the customer.', 3, NULL, NULL, NULL, NULL),
(4163, 265, 81, '2022-09-07 16:21:44', '2022-09-19 00:00:00', '2022-11-03 11:53:36', '2022-09-07 16:21:44', -1, 'There was not run any validation process. Only physical samples were sent to the customer.', 3, NULL, NULL, NULL, NULL),
(4164, 265, 82, '2022-09-07 16:21:44', '2022-09-19 00:00:00', '2022-09-21 14:55:02', '2022-09-07 16:21:44', -1, 'n/a', 2, NULL, NULL, NULL, NULL),
(4165, 265, 83, '2022-09-07 16:21:44', '2022-09-19 00:00:00', '2022-09-21 14:08:43', '2022-09-07 16:21:44', -1, 'n/a', 2, NULL, NULL, NULL, NULL),
(4167, 265, 101, '2022-09-07 16:21:44', '2022-09-19 00:00:00', '2022-09-27 07:54:11', '2022-09-07 16:21:44', -1, 'The sample is a prototype.', 9, NULL, NULL, NULL, NULL),
(4168, 265, 102, '2022-09-07 16:21:44', '2022-09-19 00:00:00', '2022-09-27 08:21:43', '2022-09-07 16:21:44', 1, NULL, 9, 'M:\\Projects\\PDP\\2022\\RFS\\DS-HIGH-35 RFS EHCS\\STAGE 3\\SG3-18 FAIR', NULL, NULL, NULL),
(4169, 265, 103, '2022-09-07 16:21:44', '2022-09-19 00:00:00', '2022-11-03 14:09:14', '2022-09-07 16:21:44', 1, NULL, 2, 'M:\\Projects\\PDP\\2022\\RFS\\DS-HIGH-35 RFS EHCS\\STAGE 3\\SG3-04 First Article Report FAR', NULL, NULL, NULL),
(4170, 265, 104, '2022-09-07 16:21:44', '2022-09-19 00:00:00', '2022-09-27 07:52:46', '2022-09-07 16:21:44', 1, NULL, 9, 'M:\\Projects\\PDP\\2022\\RFS\\DS-HIGH-35 RFS EHCS\\STAGE 3\\SG3-18 FAIR', NULL, NULL, NULL),
(4171, 265, 105, '2022-09-07 16:21:44', '2022-09-19 00:00:00', '2022-09-21 14:58:01', '2022-09-07 16:21:44', -1, 'n/a', 2, NULL, NULL, NULL, NULL),
(4172, 265, 106, '2022-09-07 16:21:44', '2022-09-19 00:00:00', '2022-09-21 14:54:46', '2022-09-07 16:21:44', -1, 'n/a', 2, NULL, NULL, NULL, NULL),
(4175, 265, 109, '2022-09-07 16:21:44', '2022-09-19 00:00:00', '2022-09-22 16:30:12', '2022-09-07 16:21:44', 1, NULL, 6, 'M:\\Projects\\PDP\\2022\\RFS\\DS-HIGH-35 RFS EHCS\\STAGE 1\\SG1-14 Project categorycomplexity workload hour', NULL, NULL, NULL),
(4176, 265, 110, '2022-09-07 16:21:44', '2022-09-19 00:00:00', '2022-11-03 15:06:39', '2022-09-07 16:21:44', 1, NULL, 3, 'M:\\Projects\\PDP\\2022\\RFS\\DS-HIGH-35 RFS EHCS\\STAGE 1\\SG1-15 Preliminary NAI BOM', NULL, NULL, NULL),
(4177, 265, 111, '2022-09-07 16:21:44', '2022-09-19 00:00:00', '2022-09-22 16:29:29', '2022-09-07 16:21:44', 1, NULL, 6, 'M:\\Projects\\PDP\\2022\\RFS\\DS-HIGH-35 RFS EHCS\\STAGE 1\\SG1-16 COE Log status update', NULL, NULL, NULL),
(4178, 265, 112, '2022-09-07 16:21:44', '2022-09-19 00:00:00', '2022-11-03 15:13:52', '2022-09-07 16:21:44', 1, NULL, 3, 'M:\\Projects\\PDP\\2022\\RFS\\DS-HIGH-35 RFS EHCS\\STAGE 1\\SG1-17 TARS', NULL, NULL, NULL),
(4179, 265, 113, '2022-09-07 16:21:44', '2022-09-19 00:00:00', '2022-09-22 16:30:43', '2022-09-07 16:21:44', -1, 'Not required', 6, NULL, NULL, NULL, NULL),
(4180, 265, 114, '2022-09-07 16:21:44', '2022-09-19 00:00:00', '2022-11-03 14:34:17', '2022-09-07 16:21:44', 1, NULL, 3, 'M:\\Projects\\PDP\\2022\\RFS\\DS-HIGH-35 RFS EHCS\\STAGE 2\\SG2-07 Customer Prints Specs', NULL, NULL, NULL),
(4181, 265, 115, '2022-09-07 16:21:44', '2022-09-19 00:00:00', '2022-11-03 11:56:48', '2022-09-07 16:21:44', -1, 'N/A', 3, NULL, NULL, NULL, NULL),
(4182, 265, 116, '2022-09-07 16:21:44', '2022-09-19 00:00:00', '2022-11-03 11:54:05', '2022-09-07 16:21:44', -1, 'N/A', 3, NULL, NULL, NULL, NULL),
(4183, 265, 117, '2022-09-07 16:21:44', '2022-09-19 00:00:00', '2022-11-03 11:40:32', '2022-09-07 16:21:44', -1, 'Not new components from NAI', 3, NULL, NULL, NULL, NULL),
(4184, 265, 118, '2022-09-07 16:21:44', '2022-09-19 00:00:00', '2022-11-03 14:41:32', '2022-09-07 16:21:44', -1, 'According to Customer drawings', 3, NULL, NULL, NULL, NULL),
(4185, 265, 119, '2022-09-07 16:21:44', '2022-09-19 00:00:00', '2022-09-21 14:09:03', '2022-09-07 16:21:44', -1, 'n/a', 2, NULL, NULL, NULL, NULL),
(4186, 265, 120, '2022-09-07 16:21:44', '2022-09-19 00:00:00', '2022-09-22 16:29:54', '2022-09-07 16:21:44', 1, NULL, 6, 'M:\\Projects\\PDP\\2022\\RFS\\DS-HIGH-35 RFS EHCS\\STAGE 2\\SG2-23 NAI Work order', NULL, NULL, NULL),
(4187, 265, 121, '2022-09-07 16:21:44', '2022-09-19 00:00:00', '2022-11-03 11:55:29', '2022-09-07 16:21:44', -1, 'Not FMEA created', 3, NULL, NULL, NULL, NULL),
(4188, 265, 122, '2022-09-07 16:21:44', '2022-09-19 00:00:00', '2022-11-03 11:55:06', '2022-09-07 16:21:44', -1, 'There was not run any validation process. Only physical samples were sent to the customer.', 3, NULL, NULL, NULL, NULL),
(4189, 265, 123, '2022-09-07 16:21:44', '2022-09-19 00:00:00', '2022-11-03 15:00:39', '2022-09-07 16:21:44', -1, 'N/A ', 3, NULL, NULL, NULL, NULL),
(4190, 265, 124, '2022-09-07 16:21:44', '2022-09-19 00:00:00', '2022-09-21 14:08:37', '2022-09-07 16:21:44', -1, 'n/a', 2, NULL, NULL, NULL, NULL),
(4191, 265, 125, '2022-09-07 16:21:44', '2022-09-19 00:00:00', '2022-11-03 11:57:05', '2022-09-07 16:21:44', -1, 'N/A', 3, NULL, NULL, NULL, NULL),
(4192, 265, 127, '2022-09-07 16:21:44', '2022-09-19 00:00:00', '2022-09-27 07:54:19', '2022-09-07 16:21:44', -1, 'The sample is a prototype.', 9, NULL, NULL, NULL, NULL),
(4193, 265, 128, '2022-09-07 16:21:44', '2022-09-19 00:00:00', '2022-09-27 07:54:28', '2022-09-07 16:21:44', -1, 'The sample is a prototype.', 9, NULL, NULL, NULL, NULL),
(4194, 265, 129, '2022-09-07 16:21:44', '2022-09-19 00:00:00', '2022-09-21 14:09:47', '2022-09-07 16:21:44', -1, 'n/a', 2, NULL, NULL, NULL, NULL),
(4195, 265, 130, '2022-09-07 16:21:44', '2022-09-19 00:00:00', '2022-09-27 07:54:37', '2022-09-07 16:21:44', -1, 'The sample is a prototype.', 9, NULL, NULL, NULL, NULL),
(4196, 265, 131, '2022-09-07 16:21:44', '2022-09-19 00:00:00', '2022-10-19 09:55:50', '2022-09-07 16:21:44', -1, 'n/a\n', 2, NULL, NULL, NULL, NULL),
(4197, 265, 132, '2022-09-07 16:21:44', '2022-09-19 00:00:00', '2022-09-21 14:57:50', '2022-09-07 16:21:44', 1, NULL, 2, 'M:\\Projects\\PDP\\2022\\RFS\\DS-HIGH-35 RFS EHCS\\STAGE 3\\SG3-22 Process Compliance - MFG', NULL, NULL, NULL),
(4198, 265, 133, '2022-09-07 16:21:44', '2022-09-19 00:00:00', '2022-09-27 07:57:52', '2022-09-07 16:21:44', 1, NULL, 9, 'M:\\Projects\\PDP\\2022\\RFS\\DS-HIGH-35 RFS EHCS\\STAGE 3\\SG3-23 Process Compliance - QA', NULL, NULL, NULL),
(4199, 265, 134, '2022-09-07 16:21:44', '2022-09-19 00:00:00', '2022-11-03 11:54:31', '2022-09-07 16:21:44', -1, 'N/A', 3, NULL, NULL, NULL, NULL),
(4200, 265, 136, '2022-09-07 16:21:44', '2022-09-19 00:00:00', '2022-11-03 15:28:40', '2022-09-07 16:21:44', 2, NULL, 3, 'M:\\Projects\\PDP\\2022\\RFS\\DS-HIGH-35 RFS EHCS\\STAGE 3\\SG3-24 PTF', '2022-11-04 08:30:58', 9, NULL),
(4201, 265, 137, '2022-09-07 16:21:44', '2022-09-19 00:00:00', '2022-09-21 14:09:12', '2022-09-07 16:21:44', -1, 'n/a', 2, NULL, NULL, NULL, NULL),
(4202, 265, 138, '2022-09-07 16:21:44', '2022-09-19 00:00:00', '2022-09-27 07:53:52', '2022-09-07 16:21:44', -1, 'The sample is a prototype.', 9, NULL, NULL, NULL, NULL),
(4203, 265, 139, '2022-09-07 16:21:44', '2022-09-19 00:00:00', '2022-11-03 11:56:23', '2022-09-07 16:21:44', -1, 'Prints were not created. Only BOM and component replacement based on current NAI Design over RFS design', 3, NULL, NULL, NULL, NULL),
(4204, 265, 140, '2022-09-07 16:21:44', '2022-09-19 00:00:00', '2022-11-03 11:56:31', '2022-09-07 16:21:44', -1, 'Prints were not created. Only BOM and component replacement based on current NAI Design over RFS design', 3, NULL, NULL, NULL, NULL),
(4205, 266, 1, '2022-09-26 07:53:45', '2022-10-16 00:00:00', '2022-10-10 11:04:10', '2022-09-26 07:53:45', 1, NULL, 6, 'M:\\Projects\\PDP\\2022\\PPC\\DS-MEDIUM-74 Belden Hybrid Trunk NAI-5342\\STAGE 1\\SG1-01 Customer request for COE services', NULL, NULL, NULL),
(4207, 266, 15, '2022-09-26 07:53:45', '2022-10-16 00:00:00', '2022-10-10 11:07:18', '2022-09-26 07:53:45', 1, NULL, 6, 'M:\\Projects\\PDP\\2022\\PPC\\DS-MEDIUM-74 Belden Hybrid Trunk NAI-5342\\STAGE 1\\SG1-05 Raw material status report', NULL, NULL, NULL),
(4208, 266, 16, '2022-09-26 07:53:45', '2022-10-16 00:00:00', '2022-10-10 11:04:27', '2022-09-26 07:53:45', 1, 'N/A', 6, '', NULL, NULL, NULL),
(4209, 266, 17, '2022-09-26 07:53:45', '2022-10-16 00:00:00', '2022-10-19 17:00:02', '2022-09-26 07:53:45', 1, 'N/A', 3, 'M:\\Projects\\PDP\\2022\\PPC\\DS-MEDIUM-74 Belden Hybrid Trunk NAI-5342\\STAGE 2\\SG2-28 Tooling Model', NULL, NULL, NULL),
(4210, 266, 18, '2022-09-26 07:53:45', '2022-10-16 00:00:00', '2022-10-10 11:05:01', '2022-09-26 07:53:45', 1, NULL, 6, 'M:\\Projects\\PDP\\2022\\PPC\\DS-MEDIUM-74 Belden Hybrid Trunk NAI-5342\\STAGE 1\\SG1-08 Price calculation for COE service', NULL, NULL, NULL),
(4211, 266, 19, '2022-09-26 07:53:45', '2022-10-16 00:00:00', '2022-10-10 11:05:14', '2022-09-26 07:53:45', 1, NULL, 6, 'M:\\Projects\\PDP\\2022\\PPC\\DS-MEDIUM-74 Belden Hybrid Trunk NAI-5342\\STAGE 1\\SG1-09 Formal quotation for COE Services', NULL, NULL, NULL),
(4212, 266, 20, '2022-09-26 07:53:45', '2022-10-16 00:00:00', '2022-10-18 11:42:40', '2022-09-26 07:53:45', 1, NULL, 3, 'M:\\Projects\\PDP\\2022\\PPC\\DS-MEDIUM-74 Belden Hybrid Trunk NAI-5342\\STAGE 1\\SG1-10 Design proposal for customer approval', NULL, NULL, NULL),
(4213, 266, 21, '2022-09-26 07:53:45', '2022-10-16 00:00:00', '2022-10-17 10:48:51', '2022-09-26 07:53:45', 1, NULL, 6, 'M:\\Projects\\PDP\\2022\\PPC\\DS-MEDIUM-74 Belden Hybrid Trunk NAI-5342\\STAGE 1\\SG1-11 Project ship date', NULL, NULL, NULL),
(4214, 266, 22, '2022-09-26 07:53:45', '2022-10-16 00:00:00', '2022-10-18 07:15:52', '2022-09-26 07:53:45', 1, NULL, 6, 'M:\\Projects\\PDP\\2022\\PPC\\DS-MEDIUM-74 Belden Hybrid Trunk NAI-5342\\STAGE 1\\SG1-12 Tracking for prototype FA', NULL, NULL, NULL),
(4215, 266, 23, '2022-09-26 07:53:45', '2022-10-16 00:00:00', '2022-10-18 12:06:58', '2022-09-26 07:53:45', 1, NULL, 3, 'M:\\Projects\\PDP\\2022\\PPC\\DS-MEDIUM-74 Belden Hybrid Trunk NAI-5342\\STAGE 2\\SG2-01 Customer Requirements', NULL, NULL, NULL),
(4220, 266, 39, '2022-09-26 07:53:45', '2022-10-16 00:00:00', '2022-10-19 09:34:14', '2022-09-26 07:53:45', -1, 'n/a', 2, NULL, NULL, NULL, NULL),
(4222, 266, 46, '2022-09-26 07:53:45', '2022-10-16 00:00:00', '2022-10-18 12:15:47', '2022-09-26 07:53:45', -1, 'Not required', 3, NULL, NULL, NULL, NULL),
(4226, 266, 56, '2022-09-26 07:53:45', '2022-10-16 00:00:00', '2022-10-17 10:24:14', '2022-09-26 07:53:45', -1, 'There is not New Components', 9, NULL, NULL, NULL, NULL),
(4227, 266, 57, '2022-09-26 07:53:45', '2022-10-16 00:00:00', '2022-10-18 11:44:47', '2022-09-26 07:53:45', -1, 'Drawing tolerances', 3, NULL, NULL, NULL, NULL),
(4245, 266, 101, '2022-09-26 07:53:45', '2022-10-16 00:00:00', '2022-10-17 10:37:10', '2022-09-26 07:53:45', 1, NULL, 9, 'M:\\Projects\\PDP\\2022\\PPC\\DS-MEDIUM-74 Belden Hybrid Trunk NAI-5342\\STAGE 1\\SG1-13 Risk Assesment 1', NULL, NULL, NULL),
(4246, 266, 102, '2022-09-26 07:53:45', '2022-10-16 00:00:00', '2022-10-17 10:23:39', '2022-09-26 07:53:45', 1, '', 9, 'M:\\Projects\\PDP\\2022\\PPC\\DS-MEDIUM-74 Belden Hybrid Trunk NAI-5342\\STAGE 2\\SG2-18 FAIR', NULL, NULL, NULL),
(4247, 266, 103, '2022-09-26 07:53:45', '2022-10-16 00:00:00', '2022-10-19 09:20:29', '2022-09-26 07:53:45', 1, NULL, 2, 'M:\\Projects\\PDP\\2022\\PPC\\DS-MEDIUM-74 Belden Hybrid Trunk NAI-5342\\STAGE 2\\SG2-19 FAR', NULL, NULL, NULL),
(4252, 266, 108, '2022-09-26 07:53:45', '2022-10-16 00:00:00', '2022-10-11 14:13:45', '2022-09-26 07:53:45', -1, 'Not required', 6, NULL, NULL, NULL, NULL),
(4253, 266, 109, '2022-09-26 07:53:45', '2022-10-16 00:00:00', '2022-10-10 11:05:31', '2022-09-26 07:53:45', 1, NULL, 6, 'M:\\Projects\\PDP\\2022\\PPC\\DS-MEDIUM-74 Belden Hybrid Trunk NAI-5342\\STAGE 1\\SG1-14 Project categorycomplexity workload hour', NULL, NULL, NULL),
(4254, 266, 110, '2022-09-26 07:53:45', '2022-10-16 00:00:00', '2022-10-18 11:43:35', '2022-09-26 07:53:45', 1, NULL, 3, 'M:\\Projects\\PDP\\2022\\PPC\\DS-MEDIUM-74 Belden Hybrid Trunk NAI-5342\\STAGE 1\\SG1-15 Preliminary NAI BOM', NULL, NULL, NULL),
(4255, 266, 111, '2022-09-26 07:53:45', '2022-10-16 00:00:00', '2022-10-10 11:06:07', '2022-09-26 07:53:45', 1, NULL, 6, 'M:\\Projects\\PDP\\2022\\PPC\\DS-MEDIUM-74 Belden Hybrid Trunk NAI-5342\\STAGE 1\\SG1-16 COE Log status update', NULL, NULL, NULL),
(4256, 266, 112, '2022-09-26 07:53:45', '2022-10-16 00:00:00', '2022-10-19 16:59:34', '2022-09-26 07:53:45', 1, NULL, 3, 'M:\\Projects\\PDP\\2022\\PPC\\DS-MEDIUM-74 Belden Hybrid Trunk NAI-5342\\STAGE 2\\SG2-26 Preliminary Design PTF', NULL, NULL, NULL),
(4257, 266, 113, '2022-09-26 07:53:45', '2022-10-16 00:00:00', '2022-10-10 11:06:52', '2022-09-26 07:53:45', 1, NULL, 6, 'M:\\Projects\\PDP\\2022\\PPC\\DS-MEDIUM-74 Belden Hybrid Trunk NAI-5342\\STAGE 2\\SG2-06 Purchase order', NULL, NULL, NULL),
(4261, 266, 117, '2022-09-26 07:53:45', '2022-10-16 00:00:00', '2022-10-18 11:49:19', '2022-09-26 07:53:45', -1, 'Not new components. Cable spec according to Drawing', 3, NULL, NULL, NULL, NULL),
(4262, 266, 118, '2022-09-26 07:53:45', '2022-10-16 00:00:00', '2022-10-18 12:12:42', '2022-09-26 07:53:45', 1, NULL, 3, 'M:\\Projects\\PDP\\2022\\PPC\\DS-MEDIUM-74 Belden Hybrid Trunk NAI-5342\\STAGE 3\\SG3-25 Prints', NULL, NULL, NULL),
(4263, 266, 119, '2022-09-26 07:53:45', '2022-10-16 00:00:00', '2022-10-20 09:28:59', '2022-09-26 07:53:45', 1, NULL, 2, 'M:\\Projects\\PDP\\2022\\PPC\\DS-MEDIUM-74 Belden Hybrid Trunk NAI-5342\\STAGE 2\\SG2-22 Preliminary sample', NULL, NULL, NULL),
(4264, 266, 120, '2022-09-26 07:53:45', '2022-10-16 00:00:00', '2022-10-10 11:08:05', '2022-09-26 07:53:45', 1, NULL, 6, 'M:\\Projects\\PDP\\2022\\PPC\\DS-MEDIUM-74 Belden Hybrid Trunk NAI-5342\\STAGE 2\\SG2-23 NAI Work order', NULL, NULL, NULL),
(4267, 266, 123, '2022-09-26 07:53:45', '2022-10-16 00:00:00', '2022-10-19 16:59:28', '2022-09-26 07:53:45', 1, NULL, 3, 'M:\\Projects\\PDP\\2022\\PPC\\DS-MEDIUM-74 Belden Hybrid Trunk NAI-5342\\STAGE 2\\SG2-26 Preliminary Design PTF', NULL, NULL, NULL),
(4268, 266, 124, '2022-09-26 07:53:45', '2022-10-16 00:00:00', '2022-10-19 09:22:39', '2022-09-26 07:53:45', 1, NULL, 2, 'M:\\Projects\\PDP\\2022\\PPC\\DS-MEDIUM-74 Belden Hybrid Trunk NAI-5342\\STAGE 2\\SG2-27 Prototype Traceability', NULL, NULL, NULL),
(4270, 266, 127, '2022-09-26 07:53:45', '2022-10-16 00:00:00', '2022-10-17 10:37:36', '2022-09-26 07:53:45', 1, NULL, 9, 'M:\\Projects\\PDP\\2022\\PPC\\DS-MEDIUM-74 Belden Hybrid Trunk NAI-5342\\STAGE 2\\SG2-30 Risk Assesment 2', NULL, NULL, NULL),
(4274, 266, 131, '2022-09-26 07:53:45', '2022-10-16 00:00:00', '2022-10-19 09:24:43', '2022-09-26 07:53:45', 1, NULL, 2, 'M:\\Projects\\PDP\\2022\\PPC\\DS-MEDIUM-74 Belden Hybrid Trunk NAI-5342\\STAGE 2\\SG2-31 Process Compliance', NULL, NULL, NULL),
(4277, 266, 134, '2022-09-26 07:53:45', '2022-10-16 00:00:00', '2022-10-18 11:45:39', '2022-09-26 07:53:45', -1, 'There is not any new componnent. Not apply', 3, NULL, NULL, NULL, NULL),
(4279, 266, 137, '2022-09-26 07:53:45', '2022-10-16 00:00:00', '2022-10-19 09:53:21', '2022-09-26 07:53:45', 1, NULL, 2, 'M:\\Projects\\PDP\\2022\\PPC\\DS-MEDIUM-74 Belden Hybrid Trunk NAI-5342\\STAGE 3\\SG3-15 Final Assembly Work Instruction', NULL, NULL, NULL),
(4281, 266, 139, '2022-09-26 07:53:45', '2022-10-16 00:00:00', '2022-10-18 12:15:23', '2022-09-26 07:53:45', 1, NULL, 3, 'M:\\Projects\\PDP\\2022\\PPC\\DS-MEDIUM-74 Belden Hybrid Trunk NAI-5342\\STAGE 1\\SG1-10 Design proposal for customer approval', NULL, NULL, NULL),
(4283, 267, 1, '2022-09-28 07:34:59', NULL, NULL, '2022-09-28 07:34:59', 0, NULL, NULL, NULL, NULL, NULL, NULL),
(4284, 267, 3, '2022-09-28 07:34:59', NULL, NULL, '2022-09-28 07:34:59', 0, NULL, NULL, NULL, NULL, NULL, NULL),
(4285, 267, 15, '2022-09-28 07:34:59', NULL, NULL, '2022-09-28 07:34:59', 0, NULL, NULL, NULL, NULL, NULL, NULL),
(4286, 267, 16, '2022-09-28 07:34:59', NULL, NULL, '2022-09-28 07:34:59', 0, NULL, NULL, NULL, NULL, NULL, NULL),
(4287, 267, 17, '2022-09-28 07:34:59', NULL, NULL, '2022-09-28 07:34:59', 0, NULL, NULL, NULL, NULL, NULL, NULL),
(4288, 267, 18, '2022-09-28 07:34:59', NULL, NULL, '2022-09-28 07:34:59', 0, NULL, NULL, NULL, NULL, NULL, NULL),
(4289, 267, 19, '2022-09-28 07:34:59', NULL, NULL, '2022-09-28 07:34:59', 0, NULL, NULL, NULL, NULL, NULL, NULL),
(4290, 267, 20, '2022-09-28 07:34:59', NULL, NULL, '2022-09-28 07:34:59', 0, NULL, NULL, NULL, NULL, NULL, NULL),
(4291, 267, 21, '2022-09-28 07:34:59', NULL, NULL, '2022-09-28 07:34:59', 0, NULL, NULL, NULL, NULL, NULL, NULL),
(4292, 267, 22, '2022-09-28 07:34:59', NULL, NULL, '2022-09-28 07:34:59', 0, NULL, NULL, NULL, NULL, NULL, NULL),
(4293, 267, 23, '2022-09-28 07:34:59', NULL, NULL, '2022-09-28 07:34:59', 0, NULL, NULL, NULL, NULL, NULL, NULL),
(4294, 267, 29, '2022-09-28 07:34:59', NULL, NULL, '2022-09-28 07:34:59', 0, NULL, NULL, NULL, NULL, NULL, NULL),
(4295, 267, 30, '2022-09-28 07:34:59', NULL, NULL, '2022-09-28 07:34:59', 0, NULL, NULL, NULL, NULL, NULL, NULL),
(4296, 267, 35, '2022-09-28 07:34:59', NULL, NULL, '2022-09-28 07:34:59', 0, NULL, NULL, NULL, NULL, NULL, NULL),
(4297, 267, 36, '2022-09-28 07:34:59', NULL, NULL, '2022-09-28 07:34:59', 0, NULL, NULL, NULL, NULL, NULL, NULL),
(4298, 267, 39, '2022-09-28 07:34:59', NULL, NULL, '2022-09-28 07:34:59', 0, NULL, NULL, NULL, NULL, NULL, NULL),
(4299, 267, 42, '2022-09-28 07:34:59', NULL, NULL, '2022-09-28 07:34:59', 0, NULL, NULL, NULL, NULL, NULL, NULL),
(4300, 267, 46, '2022-09-28 07:34:59', NULL, NULL, '2022-09-28 07:34:59', 0, NULL, NULL, NULL, NULL, NULL, NULL),
(4301, 267, 48, '2022-09-28 07:34:59', NULL, NULL, '2022-09-28 07:34:59', 0, NULL, NULL, NULL, NULL, NULL, NULL),
(4302, 267, 49, '2022-09-28 07:34:59', NULL, NULL, '2022-09-28 07:34:59', 0, NULL, NULL, NULL, NULL, NULL, NULL),
(4303, 267, 52, '2022-09-28 07:34:59', NULL, NULL, '2022-09-28 07:34:59', 0, NULL, NULL, NULL, NULL, NULL, NULL),
(4304, 267, 56, '2022-09-28 07:34:59', NULL, NULL, '2022-09-28 07:34:59', 0, NULL, NULL, NULL, NULL, NULL, NULL),
(4305, 267, 57, '2022-09-28 07:34:59', NULL, NULL, '2022-09-28 07:34:59', 0, NULL, NULL, NULL, NULL, NULL, NULL),
(4306, 267, 68, '2022-09-28 07:34:59', NULL, NULL, '2022-09-28 07:34:59', 0, NULL, NULL, NULL, NULL, NULL, NULL),
(4307, 267, 69, '2022-09-28 07:34:59', NULL, NULL, '2022-09-28 07:34:59', 0, NULL, NULL, NULL, NULL, NULL, NULL),
(4308, 267, 70, '2022-09-28 07:34:59', NULL, NULL, '2022-09-28 07:34:59', 0, NULL, NULL, NULL, NULL, NULL, NULL),
(4309, 267, 71, '2022-09-28 07:34:59', NULL, NULL, '2022-09-28 07:34:59', 0, NULL, NULL, NULL, NULL, NULL, NULL),
(4310, 267, 72, '2022-09-28 07:34:59', NULL, NULL, '2022-09-28 07:34:59', 0, NULL, NULL, NULL, NULL, NULL, NULL),
(4311, 267, 73, '2022-09-28 07:34:59', NULL, NULL, '2022-09-28 07:34:59', 0, NULL, NULL, NULL, NULL, NULL, NULL),
(4312, 267, 74, '2022-09-28 07:34:59', NULL, NULL, '2022-09-28 07:34:59', 0, NULL, NULL, NULL, NULL, NULL, NULL),
(4313, 267, 75, '2022-09-28 07:34:59', NULL, NULL, '2022-09-28 07:34:59', 0, NULL, NULL, NULL, NULL, NULL, NULL),
(4314, 267, 76, '2022-09-28 07:34:59', NULL, NULL, '2022-09-28 07:34:59', 0, NULL, NULL, NULL, NULL, NULL, NULL),
(4315, 267, 77, '2022-09-28 07:34:59', NULL, NULL, '2022-09-28 07:34:59', 0, NULL, NULL, NULL, NULL, NULL, NULL),
(4316, 267, 78, '2022-09-28 07:34:59', NULL, NULL, '2022-09-28 07:34:59', 0, NULL, NULL, NULL, NULL, NULL, NULL),
(4317, 267, 79, '2022-09-28 07:34:59', NULL, NULL, '2022-09-28 07:34:59', 0, NULL, NULL, NULL, NULL, NULL, NULL),
(4318, 267, 80, '2022-09-28 07:34:59', NULL, NULL, '2022-09-28 07:34:59', 0, NULL, NULL, NULL, NULL, NULL, NULL),
(4319, 267, 81, '2022-09-28 07:34:59', NULL, NULL, '2022-09-28 07:34:59', 0, NULL, NULL, NULL, NULL, NULL, NULL),
(4320, 267, 82, '2022-09-28 07:34:59', NULL, NULL, '2022-09-28 07:34:59', 0, NULL, NULL, NULL, NULL, NULL, NULL),
(4321, 267, 83, '2022-09-28 07:34:59', NULL, NULL, '2022-09-28 07:34:59', 0, NULL, NULL, NULL, NULL, NULL, NULL),
(4322, 267, 84, '2022-09-28 07:34:59', NULL, NULL, '2022-09-28 07:34:59', 0, NULL, NULL, NULL, NULL, NULL, NULL),
(4323, 267, 101, '2022-09-28 07:34:59', NULL, NULL, '2022-09-28 07:34:59', 0, NULL, NULL, NULL, NULL, NULL, NULL),
(4324, 267, 102, '2022-09-28 07:34:59', NULL, NULL, '2022-09-28 07:34:59', 0, NULL, NULL, NULL, NULL, NULL, NULL),
(4325, 267, 103, '2022-09-28 07:34:59', NULL, NULL, '2022-09-28 07:34:59', 0, NULL, NULL, NULL, NULL, NULL, NULL),
(4326, 267, 104, '2022-09-28 07:34:59', NULL, NULL, '2022-09-28 07:34:59', 0, NULL, NULL, NULL, NULL, NULL, NULL),
(4327, 267, 105, '2022-09-28 07:34:59', NULL, NULL, '2022-09-28 07:34:59', 0, NULL, NULL, NULL, NULL, NULL, NULL),
(4328, 267, 106, '2022-09-28 07:34:59', NULL, NULL, '2022-09-28 07:34:59', 0, NULL, NULL, NULL, NULL, NULL, NULL),
(4329, 267, 107, '2022-09-28 07:34:59', NULL, NULL, '2022-09-28 07:34:59', 0, NULL, NULL, NULL, NULL, NULL, NULL),
(4330, 267, 108, '2022-09-28 07:34:59', NULL, NULL, '2022-09-28 07:34:59', 0, NULL, NULL, NULL, NULL, NULL, NULL),
(4331, 267, 109, '2022-09-28 07:34:59', NULL, NULL, '2022-09-28 07:34:59', 0, NULL, NULL, NULL, NULL, NULL, NULL),
(4332, 267, 110, '2022-09-28 07:34:59', NULL, NULL, '2022-09-28 07:34:59', 0, NULL, NULL, NULL, NULL, NULL, NULL),
(4333, 267, 111, '2022-09-28 07:34:59', NULL, NULL, '2022-09-28 07:34:59', 0, NULL, NULL, NULL, NULL, NULL, NULL),
(4334, 267, 112, '2022-09-28 07:34:59', NULL, NULL, '2022-09-28 07:34:59', 0, NULL, NULL, NULL, NULL, NULL, NULL),
(4335, 267, 113, '2022-09-28 07:34:59', NULL, NULL, '2022-09-28 07:34:59', 0, NULL, NULL, NULL, NULL, NULL, NULL),
(4336, 267, 114, '2022-09-28 07:34:59', NULL, NULL, '2022-09-28 07:34:59', 0, NULL, NULL, NULL, NULL, NULL, NULL),
(4337, 267, 115, '2022-09-28 07:34:59', NULL, NULL, '2022-09-28 07:34:59', 0, NULL, NULL, NULL, NULL, NULL, NULL),
(4338, 267, 116, '2022-09-28 07:34:59', NULL, NULL, '2022-09-28 07:34:59', 0, NULL, NULL, NULL, NULL, NULL, NULL),
(4339, 267, 117, '2022-09-28 07:34:59', NULL, NULL, '2022-09-28 07:34:59', 0, NULL, NULL, NULL, NULL, NULL, NULL),
(4340, 267, 118, '2022-09-28 07:34:59', NULL, NULL, '2022-09-28 07:34:59', 0, NULL, NULL, NULL, NULL, NULL, NULL),
(4341, 267, 119, '2022-09-28 07:34:59', NULL, NULL, '2022-09-28 07:34:59', 0, NULL, NULL, NULL, NULL, NULL, NULL),
(4342, 267, 120, '2022-09-28 07:34:59', NULL, NULL, '2022-09-28 07:34:59', 0, NULL, NULL, NULL, NULL, NULL, NULL),
(4343, 267, 121, '2022-09-28 07:34:59', NULL, NULL, '2022-09-28 07:34:59', 0, NULL, NULL, NULL, NULL, NULL, NULL),
(4344, 267, 122, '2022-09-28 07:34:59', NULL, NULL, '2022-09-28 07:34:59', 0, NULL, NULL, NULL, NULL, NULL, NULL),
(4345, 267, 123, '2022-09-28 07:34:59', NULL, NULL, '2022-09-28 07:34:59', 0, NULL, NULL, NULL, NULL, NULL, NULL),
(4346, 267, 124, '2022-09-28 07:34:59', NULL, NULL, '2022-09-28 07:34:59', 0, NULL, NULL, NULL, NULL, NULL, NULL),
(4347, 267, 125, '2022-09-28 07:34:59', NULL, NULL, '2022-09-28 07:34:59', 0, NULL, NULL, NULL, NULL, NULL, NULL),
(4348, 267, 127, '2022-09-28 07:34:59', NULL, NULL, '2022-09-28 07:34:59', 0, NULL, NULL, NULL, NULL, NULL, NULL),
(4349, 267, 128, '2022-09-28 07:34:59', NULL, NULL, '2022-09-28 07:34:59', 0, NULL, NULL, NULL, NULL, NULL, NULL),
(4350, 267, 129, '2022-09-28 07:34:59', NULL, NULL, '2022-09-28 07:34:59', 0, NULL, NULL, NULL, NULL, NULL, NULL),
(4351, 267, 130, '2022-09-28 07:34:59', NULL, NULL, '2022-09-28 07:34:59', 0, NULL, NULL, NULL, NULL, NULL, NULL),
(4352, 267, 131, '2022-09-28 07:34:59', NULL, NULL, '2022-09-28 07:34:59', 0, NULL, NULL, NULL, NULL, NULL, NULL),
(4353, 267, 132, '2022-09-28 07:34:59', NULL, NULL, '2022-09-28 07:34:59', 0, NULL, NULL, NULL, NULL, NULL, NULL),
(4354, 267, 133, '2022-09-28 07:34:59', NULL, NULL, '2022-09-28 07:34:59', 0, NULL, NULL, NULL, NULL, NULL, NULL),
(4355, 267, 134, '2022-09-28 07:34:59', NULL, NULL, '2022-09-28 07:34:59', 0, NULL, NULL, NULL, NULL, NULL, NULL),
(4356, 267, 136, '2022-09-28 07:34:59', NULL, NULL, '2022-09-28 07:34:59', 0, NULL, NULL, NULL, NULL, NULL, NULL),
(4357, 267, 137, '2022-09-28 07:34:59', NULL, NULL, '2022-09-28 07:34:59', 0, NULL, NULL, NULL, NULL, NULL, NULL),
(4358, 267, 138, '2022-09-28 07:34:59', NULL, NULL, '2022-09-28 07:34:59', 0, NULL, NULL, NULL, NULL, NULL, NULL),
(4359, 267, 139, '2022-09-28 07:34:59', NULL, NULL, '2022-09-28 07:34:59', 0, NULL, NULL, NULL, NULL, NULL, NULL),
(4360, 267, 140, '2022-09-28 07:34:59', NULL, NULL, '2022-09-28 07:34:59', 0, NULL, NULL, NULL, NULL, NULL, NULL),
(4361, 268, 69, '2022-10-05 09:09:27', '2022-12-18 00:00:00', '2022-11-22 15:55:08', '2022-10-05 09:09:27', 1, NULL, 3, 'M:\\Projects\\PDP\\2022\\Prysmian\\BTP-LOW-9 HFOC\\STAGE 3\\SG3-02 Final BOM', NULL, NULL, NULL),
(4362, 268, 70, '2022-10-05 09:09:27', '2022-12-18 00:00:00', '2022-12-22 16:06:47', '2022-10-05 09:09:27', 1, NULL, 2, 'M:\\Projects\\PDP\\2022\\Prysmian\\IMAGENES', NULL, NULL, NULL),
(4363, 268, 72, '2022-10-05 09:09:27', '2022-12-18 00:00:00', '2022-12-07 16:09:49', '2022-10-05 09:09:27', 1, NULL, 2, 'M:\\Projects\\PDP\\2022\\Prysmian\\BTP-LOW-9 HFOC\\STAGE 3\\SG3-05 Mechanical Test mating unmating', NULL, NULL, NULL),
(4364, 268, 73, '2022-10-05 09:09:27', '2022-12-18 00:00:00', '2022-12-07 16:10:30', '2022-10-05 09:09:27', 1, NULL, 2, 'M:\\Projects\\PDP\\2022\\Prysmian\\BTP-LOW-9 HFOC\\STAGE 3\\SG3-06 Mechanical Test Insertion Extension force test', NULL, NULL, NULL),
(4369, 268, 78, '2022-10-05 09:09:27', '2022-12-18 00:00:00', '2022-12-07 16:05:31', '2022-10-05 09:09:27', 2, NULL, 2, 'M:\\Projects\\PDP\\2022\\Prysmian\\BTP-LOW-9 HFOC\\STAGE 3\\SG3-11 Optical Performance Test IL RL', '2023-01-20 07:52:19', 9, NULL),
(4371, 268, 80, '2022-10-05 09:09:27', '2022-12-18 00:00:00', '2022-11-07 08:18:04', '2022-10-05 09:09:27', 1, NULL, 3, 'M:\\Projects\\PDP\\2022\\Prysmian\\BTP-LOW-9 HFOC\\STAGE 3\\SG3-13 Environmental Test TC test', NULL, NULL, NULL),
(4373, 268, 84, '2022-10-05 09:09:27', '2022-12-18 00:00:00', NULL, '2022-10-05 09:09:27', 0, NULL, NULL, NULL, NULL, NULL, NULL),
(4374, 268, 132, '2022-10-05 09:09:27', '2022-12-18 00:00:00', '2023-01-11 11:31:34', '2022-10-05 09:09:27', 1, NULL, 2, 'M:\\Projects\\PDP\\2022\\Prysmian\\BTP-LOW-9 HFOC\\STAGE 3\\SG3-22 Process Compliance - MFG', NULL, NULL, NULL),
(4375, 268, 82, '2022-10-10 11:18:10', '2022-12-18 00:00:00', '2022-12-22 16:06:06', '2022-10-10 11:18:10', 1, NULL, 2, 'M:\\Projects\\PDP\\2022\\Prysmian', NULL, NULL, NULL),
(4376, 268, 136, '2022-10-10 11:18:10', '2022-12-18 00:00:00', '2022-11-23 18:14:11', '2022-10-10 11:18:10', 2, NULL, 3, 'M:\\Projects\\PDP\\2022\\Prysmian\\BTP-LOW-9 HFOC\\STAGE 3\\SG3-24 PTF', '2023-01-09 14:35:44', 9, NULL),
(4378, 268, 143, '2022-10-10 11:18:10', '2022-12-18 00:00:00', '2022-12-07 16:14:01', '2022-10-10 11:18:10', 1, NULL, 2, 'M:\\Projects\\PDP\\2022\\Prysmian\\BTP-LOW-9 HFOC\\STAGE 3\\SG3-27 Set up Enviromental Test', NULL, NULL, NULL),
(4379, 268, 144, '2022-10-10 11:18:10', '2022-12-18 00:00:00', '2022-12-07 15:59:34', '2022-10-10 11:18:10', -1, 'N/A\n', 2, NULL, NULL, NULL, NULL),
(4380, 268, 1, '2022-10-10 11:28:23', '2022-12-18 00:00:00', '2022-10-10 11:29:34', '2022-10-10 11:28:23', 1, NULL, 6, 'M:\\Projects\\PDP\\2022\\Prysmian\\BTP-LOW-9 HFOC\\STAGE 1\\SG1-01 Customer request for COE services', NULL, NULL, NULL),
(4381, 268, 3, '2022-10-10 11:28:23', '2022-12-18 00:00:00', '2022-10-10 11:29:55', '2022-10-10 11:28:23', 1, NULL, 6, 'M:\\Projects\\PDP\\2022\\Prysmian\\BTP-LOW-9 HFOC\\STAGE 1\\SG1-02 Technical requirements for the project for assembly testing and or components', NULL, NULL, NULL),
(4382, 268, 19, '2022-10-10 11:28:23', '2022-12-18 00:00:00', '2022-10-10 11:30:16', '2022-10-10 11:28:23', 1, NULL, 6, 'M:\\Projects\\PDP\\2022\\Prysmian\\BTP-LOW-9 HFOC\\STAGE 1\\SG1-09 Formal quotation for COE Services', NULL, NULL, NULL),
(4383, 268, 15, '2022-10-13 11:20:08', '2022-12-18 00:00:00', '2022-10-17 11:38:24', '2022-10-13 11:20:08', 1, NULL, 6, 'M:\\Projects\\PDP\\2022\\Prysmian\\BTP-LOW-9 HFOC\\STAGE 1\\SG1-05 Raw material status report', NULL, NULL, NULL),
(4384, 268, 16, '2022-10-13 11:20:08', '2022-12-18 00:00:00', '2022-10-17 11:46:53', '2022-10-13 11:20:08', -1, 'Not required', 6, NULL, NULL, NULL, NULL),
(4385, 268, 17, '2022-10-13 11:20:08', '2022-12-18 00:00:00', '2022-11-07 08:04:10', '2022-10-13 11:20:08', 1, NULL, 3, 'M:\\Projects\\PDP\\2022\\Prysmian\\BTP-LOW-9 HFOC\\STAGE 1\\SG1-07 Tooling purchase orders', NULL, NULL, NULL),
(4386, 268, 101, '2022-10-13 11:20:08', '2022-12-18 00:00:00', '2023-01-04 09:22:08', '2022-10-13 11:20:08', 1, NULL, 9, 'M:\\Projects\\PDP\\2022\\Prysmian\\BTP-LOW-9 HFOC\\STAGE 1\\SG1-13 Risk Assesment 1', NULL, NULL, NULL),
(4387, 268, 109, '2022-10-13 11:20:08', '2022-12-18 00:00:00', '2022-10-17 11:31:11', '2022-10-13 11:20:08', 1, NULL, 6, 'M:\\Projects\\PDP\\2022\\Prysmian\\BTP-LOW-9 HFOC\\STAGE 1\\SG1-14 Project categorycomplexity workload hour', NULL, NULL, NULL),
(4388, 268, 110, '2022-10-13 11:20:08', '2022-12-18 00:00:00', '2022-11-07 08:50:10', '2022-10-13 11:20:08', 1, NULL, 3, 'M:\\Projects\\PDP\\2022\\Prysmian\\BTP-LOW-9 HFOC\\STAGE 1\\SG1-15 Preliminary NAI BOM', NULL, NULL, NULL),
(4389, 268, 111, '2022-10-13 11:20:08', '2022-12-18 00:00:00', '2022-10-17 11:30:49', '2022-10-13 11:20:08', 1, NULL, 6, 'M:\\Projects\\PDP\\2022\\Prysmian\\BTP-LOW-9 HFOC\\STAGE 1\\SG1-16 COE Log status update', NULL, NULL, NULL),
(4390, 268, 112, '2022-10-13 11:20:08', '2022-12-18 00:00:00', '2022-11-23 18:14:16', '2022-10-13 11:20:08', 1, NULL, 3, 'M:\\Projects\\PDP\\2022\\Prysmian\\BTP-LOW-9 HFOC\\STAGE 3\\SG3-24 PTF', NULL, NULL, NULL),
(4391, 268, 68, '2022-10-13 11:20:08', '2022-12-18 00:00:00', '2023-01-11 10:20:06', '2022-10-13 11:20:08', 2, NULL, 2, 'M:\\Projects\\PDP\\2022\\Prysmian\\BTP-LOW-9 HFOC\\STAGE 3\\SG3-01 PFMEA', '2023-01-20 07:51:17', 9, NULL),
(4392, 268, 71, '2022-10-13 11:20:08', '2022-12-18 00:00:00', '2022-12-22 16:06:20', '2022-10-13 11:20:08', -1, 'n/a', 2, NULL, NULL, NULL, NULL),
(4393, 268, 104, '2022-10-13 11:20:08', '2022-12-18 00:00:00', '2023-01-05 15:15:26', '2022-10-13 11:20:08', 1, NULL, 9, 'M:\\Projects\\PDP\\2022\\Prysmian\\BTP-LOW-9 HFOC\\STAGE 3\\SG3-18 FAIR', NULL, NULL, NULL),
(4394, 268, 105, '2022-10-13 11:20:08', '2022-12-18 00:00:00', '2023-01-11 10:03:15', '2022-10-13 11:20:08', 2, NULL, 2, 'M:\\Projects\\PDP\\2022\\Prysmian\\BTP-LOW-9 HFOC\\STAGE 3\\SG3-19 Flow Chart', '2023-01-20 07:53:07', 9, NULL),
(4395, 268, 106, '2022-10-13 11:20:08', '2022-12-18 00:00:00', '2022-12-07 15:59:06', '2022-10-13 11:20:08', -1, 'N/A\n', 2, NULL, NULL, NULL, NULL),
(4396, 268, 128, '2022-10-13 11:20:08', '2022-12-18 00:00:00', '2023-01-04 10:02:45', '2022-10-13 11:20:08', 1, NULL, 9, 'M:\\Projects\\PDP\\2022\\Prysmian\\BTP-LOW-9 HFOC\\STAGE 3\\SG3-21 Risk Assesment 3', NULL, NULL, NULL),
(4397, 268, 133, '2022-10-13 11:20:08', '2022-12-18 00:00:00', '2023-01-20 07:47:39', '2022-10-13 11:20:08', 1, NULL, 9, 'M:\\Projects\\PDP\\2022\\Prysmian\\BTP-LOW-9 HFOC\\STAGE 3\\SG3-23 Process Compliance - QA', NULL, NULL, NULL),
(4398, 268, 138, '2022-10-13 11:20:08', '2022-12-18 00:00:00', '2023-01-04 15:36:45', '2022-10-13 11:20:08', 1, NULL, 9, 'M:\\Projects\\PDP\\2022\\Prysmian\\BTP-LOW-9 HFOC\\STAGE 3\\SG3-26 Process Control Plan', NULL, NULL, NULL),
(4399, 269, 15, '2022-10-14 07:30:36', '2022-10-20 00:00:00', '2022-10-17 08:08:43', '2022-10-14 07:30:36', 1, NULL, 6, 'M:\\Projects\\PDP\\2022\\NWS\\BTP-MEDIUM-1 ODC NOKIA JMPRS\\STAGE 1\\SG1-05 Raw material status report', NULL, NULL, NULL),
(4400, 269, 16, '2022-10-14 07:30:36', '2022-10-20 00:00:00', '2022-10-17 08:08:56', '2022-10-14 07:30:36', -1, 'Not required', 6, NULL, NULL, NULL, NULL),
(4403, 269, 21, '2022-10-14 07:30:36', '2022-10-20 00:00:00', '2022-10-24 07:27:32', '2022-10-14 07:30:36', 1, NULL, 6, 'M:\\Projects\\PDP\\2022\\NWS\\BTP-MEDIUM-1 ODC NOKIA JMPRS\\STAGE 1\\SG1-11 Project ship date', NULL, NULL, NULL),
(4404, 269, 22, '2022-10-14 07:30:36', '2022-10-20 00:00:00', '2022-10-25 07:02:36', '2022-10-14 07:30:36', 1, NULL, 6, 'M:\\Projects\\PDP\\2022\\NWS\\BTP-MEDIUM-1 ODC NOKIA JMPRS\\STAGE 1\\SG1-12 Tracking for prototype FA', NULL, NULL, NULL),
(4405, 269, 70, '2022-10-14 07:30:36', '2022-10-20 00:00:00', '2022-10-24 10:36:21', '2022-10-14 07:30:36', 1, NULL, 7, 'M:\\Projects\\PDP\\2022\\NWS\\DS-MEDIUM-70 NEW ODC NOKIA JMPRS\\STAGE 3\\SG3-03 Product Samples\\Fotos despues de thermo', NULL, NULL, NULL),
(4406, 269, 71, '2022-10-14 07:30:36', '2022-10-20 00:00:00', '2022-10-24 16:51:33', '2022-10-14 07:30:36', 1, NULL, 7, 'M:\\Projects\\PDP\\2022\\NWS\\DS-MEDIUM-70 NEW ODC NOKIA JMPRS\\STAGE 3\\SG3-04 First Article Report FAR', NULL, NULL, NULL),
(4407, 269, 82, '2022-10-14 07:30:36', '2022-10-20 00:00:00', '2022-10-25 08:09:01', '2022-10-14 07:30:36', 2, NULL, 7, 'M:\\Projects\\PDP\\2022\\NWS\\DS-MEDIUM-70 NEW ODC NOKIA JMPRS\\STAGE 3\\SG3-15 Final Assembly Work Instruction', '2022-11-04 08:33:25', 9, NULL),
(4408, 269, 101, '2022-10-14 07:30:36', '2022-10-20 00:00:00', '2022-10-26 15:54:18', '2022-10-14 07:30:36', 1, NULL, 9, 'M:\\Projects\\PDP\\2022\\NWS\\BTP-MEDIUM-1 ODC NOKIA JMPRS\\STAGE 3\\SG#-24 Risk Assesment', NULL, NULL, NULL),
(4411, 269, 104, '2022-10-14 07:30:36', '2022-10-20 00:00:00', '2022-10-26 15:44:37', '2022-10-14 07:30:36', 1, NULL, 9, 'M:\\Projects\\PDP\\2022\\NWS\\BTP-MEDIUM-1 ODC NOKIA JMPRS\\STAGE 3\\SG3-18 FAIR', NULL, NULL, NULL),
(4414, 270, 15, '2022-10-19 08:57:08', NULL, '2022-10-24 07:55:23', '2022-10-19 08:57:08', 1, NULL, 6, 'M:\\Projects\\PDP\\2022\\Clearfield\\BTP-MEDIUM-2 Clearfield Cassettes\\STAGE 1\\SG1-05 Raw material status report', NULL, NULL, NULL),
(4415, 270, 16, '2022-10-19 08:57:08', NULL, '2022-10-24 07:55:37', '2022-10-19 08:57:08', 1, NULL, 6, 'M:\\Projects\\PDP\\2022\\Clearfield\\BTP-MEDIUM-2 Clearfield Cassettes\\STAGE 1\\SG1-06 Raw material purchase orders', NULL, NULL, NULL),
(4416, 270, 18, '2022-10-19 08:57:08', NULL, '2022-10-24 07:55:09', '2022-10-19 08:57:08', 1, NULL, 6, 'M:\\Projects\\PDP\\2022\\Clearfield\\BTP-MEDIUM-2 Clearfield Cassettes\\STAGE 1\\SG1-08 Price calculation for COE service', NULL, NULL, NULL),
(4417, 270, 19, '2022-10-19 08:57:08', NULL, '2022-10-24 07:54:50', '2022-10-19 08:57:08', 1, NULL, 6, 'M:\\Projects\\PDP\\2022\\Clearfield\\BTP-MEDIUM-2 Clearfield Cassettes\\STAGE 1\\SG1-09 Formal quotation for COE Services', NULL, NULL, NULL),
(4418, 270, 21, '2022-10-19 08:57:08', NULL, '2022-11-29 07:38:08', '2022-10-19 08:57:08', 1, NULL, 6, 'M:\\Projects\\PDP\\2022\\Clearfield\\BTP-MEDIUM-2 Clearfield Cassettes\\STAGE 1\\SG1-11 Project ship date', NULL, NULL, NULL),
(4419, 270, 22, '2022-10-19 08:57:08', NULL, '2022-11-29 11:38:03', '2022-10-19 08:57:08', 1, NULL, 6, 'M:\\Projects\\PDP\\2022\\Clearfield\\BTP-MEDIUM-2 Clearfield Cassettes\\STAGE 1\\SG1-12 Tracking for prototype FA', NULL, NULL, NULL),
(4429, 270, 1, '2022-10-20 11:10:29', NULL, '2022-10-24 07:54:33', '2022-10-20 11:10:29', 1, NULL, 6, 'M:\\Projects\\PDP\\2022\\Clearfield\\BTP-MEDIUM-2 Clearfield Cassettes\\STAGE 1\\SG1-01 Customer request for COE services', NULL, NULL, NULL),
(4430, 270, 137, '2022-10-20 11:10:29', NULL, '2022-11-07 09:33:26', '2022-10-20 11:10:29', 1, NULL, 7, 'M:\\Projects\\PDP\\2022\\Clearfield\\BTP-MEDIUM-2 Clearfield Cassettes\\STAGE 2\\SG2-33 Preliminary Work Instruction', NULL, NULL, NULL),
(4431, 270, 68, '2022-10-20 11:10:29', NULL, '2022-11-30 15:28:34', '2022-10-20 11:10:29', 2, NULL, 7, 'M:\\Projects\\PDP\\2022\\OpSens\\BTP-LOW-8 OPSENS SUB ASSY\\STAGE 3\\SG3-01 PFMEA', '2023-01-09 14:40:15', 9, NULL),
(4432, 270, 138, '2022-10-20 11:10:29', NULL, '2022-12-02 08:13:04', '2022-10-20 11:10:29', 1, NULL, 9, 'M:\\Projects\\PDP\\2022\\Clearfield\\BTP-MEDIUM-2 Clearfield Cassettes\\STAGE 3\\SG3-26 Process Control Plan', NULL, NULL, NULL),
(4433, 269, 1, '2022-10-20 11:14:01', '2022-10-20 00:00:00', '2022-10-24 07:26:16', '2022-10-20 11:14:01', 1, NULL, 6, 'M:\\Projects\\PDP\\2022\\NWS\\BTP-MEDIUM-1 ODC NOKIA JMPRS\\STAGE 1\\SG1-01 Customer request for COE services', NULL, NULL, NULL),
(4434, 269, 109, '2022-10-20 11:14:01', '2022-10-20 00:00:00', '2022-10-24 07:26:46', '2022-10-20 11:14:01', 1, NULL, 6, 'M:\\Projects\\PDP\\2022\\NWS\\BTP-MEDIUM-1 ODC NOKIA JMPRS\\STAGE 1\\SG1-14 Project categorycomplexity workload hour', NULL, NULL, NULL),
(4435, 269, 111, '2022-10-20 11:14:01', '2022-10-20 00:00:00', '2022-10-24 07:26:29', '2022-10-20 11:14:01', 1, NULL, 6, 'M:\\Projects\\PDP\\2022\\NWS\\BTP-MEDIUM-1 ODC NOKIA JMPRS\\STAGE 1\\SG1-16 COE Log status update', NULL, NULL, NULL),
(4436, 269, 113, '2022-10-20 11:14:01', '2022-10-20 00:00:00', '2022-10-24 07:29:33', '2022-10-20 11:14:01', 1, NULL, 6, 'M:\\Projects\\PDP\\2022\\NWS\\BTP-MEDIUM-1 ODC NOKIA JMPRS\\STAGE 2\\SG2-06 Purchase order', NULL, NULL, NULL),
(4437, 269, 132, '2022-10-20 11:14:01', '2022-10-20 00:00:00', '2022-10-24 16:44:33', '2022-10-20 11:14:01', 1, NULL, 7, 'M:\\Projects\\PDP\\2022\\NWS\\DS-MEDIUM-70 NEW ODC NOKIA JMPRS\\STAGE 3\\SG3-22 Process Compliance - MFG', NULL, NULL, NULL),
(4438, 269, 133, '2022-10-20 11:14:01', '2022-10-20 00:00:00', '2022-10-26 15:45:02', '2022-10-20 11:14:01', 1, NULL, 9, 'M:\\Projects\\PDP\\2022\\NWS\\BTP-MEDIUM-1 ODC NOKIA JMPRS\\STAGE 3\\SG3-23 Process Compliance - QA', NULL, NULL, NULL),
(4439, 269, 78, '2022-10-20 11:14:17', '2022-10-20 00:00:00', '2022-10-24 10:35:15', '2022-10-20 11:14:17', 2, NULL, 7, 'M:\\Projects\\PDP\\2022\\NWS\\DS-MEDIUM-70 NEW ODC NOKIA JMPRS\\STAGE 3\\SG3-11 Optical Performance Test IL RL\\SAMPLES 10.21.2022', '2022-11-04 08:31:49', 9, NULL),
(4440, 270, 113, '2022-10-24 07:57:07', NULL, '2022-10-24 07:57:49', '2022-10-24 07:57:07', 1, NULL, 6, 'M:\\Projects\\PDP\\2022\\Clearfield\\BTP-MEDIUM-2 Clearfield Cassettes\\STAGE 2\\SG2-06 Purchase order', NULL, NULL, NULL),
(4441, 270, 120, '2022-10-24 07:57:07', NULL, '2022-10-25 10:34:12', '2022-10-24 07:57:07', 1, NULL, 6, 'M:\\Projects\\PDP\\2022\\Clearfield\\BTP-MEDIUM-2 Clearfield Cassettes\\STAGE 2\\SG2-23 NAI Work order', NULL, NULL, NULL),
(4442, 271, 15, '2022-10-24 11:48:30', '2022-10-26 00:00:00', '2022-10-24 15:57:26', '2022-10-24 11:48:30', 1, NULL, 6, 'M:\\Projects\\PDP\\2022\\CSD\\BTP-LOW-10 Splitter 2X32\\STAGE 1\\SG1-05 Raw material status report', NULL, NULL, NULL),
(4443, 271, 16, '2022-10-24 11:48:30', '2022-10-26 00:00:00', '2022-10-24 16:08:18', '2022-10-24 11:48:30', 1, NULL, 6, 'M:\\Projects\\PDP\\2022\\CSD\\BTP-LOW-10 Splitter 2X32\\STAGE 1\\SG1-06 Raw material purchase orders', NULL, NULL, NULL),
(4444, 271, 18, '2022-10-24 11:48:30', '2022-10-26 00:00:00', '2022-10-24 16:03:05', '2022-10-24 11:48:30', 1, NULL, 6, 'M:\\Projects\\PDP\\2022\\CSD\\BTP-LOW-10 Splitter 2X32\\STAGE 1\\SG1-08 Price calculation for COE service', NULL, NULL, NULL),
(4445, 271, 19, '2022-10-24 11:48:30', '2022-10-26 00:00:00', '2022-10-24 16:02:51', '2022-10-24 11:48:30', 1, NULL, 6, 'M:\\Projects\\PDP\\2022\\CSD\\BTP-LOW-10 Splitter 2X32\\STAGE 1\\SG1-09 Formal quotation for COE Services', NULL, NULL, NULL),
(4446, 271, 21, '2022-10-24 11:48:30', '2022-10-26 00:00:00', '2022-11-07 15:52:14', '2022-10-24 11:48:30', 1, NULL, 6, 'M:\\Projects\\PDP\\2022\\CSD\\BTP-LOW-10 Splitter 2X32\\STAGE 1\\SG1-11 Project ship date', NULL, NULL, NULL),
(4448, 271, 70, '2022-10-24 11:48:30', '2022-10-26 00:00:00', '2022-10-27 07:54:08', '2022-10-24 11:48:30', 1, NULL, 7, 'M:\\Projects\\PDP\\2022\\CSD\\BTP-LOW-10 Splitter 2X32\\STAGE 3\\SG3-03 Product Samples', NULL, NULL, NULL),
(4449, 271, 71, '2022-10-24 11:48:30', '2022-10-26 00:00:00', '2022-10-27 10:01:33', '2022-10-24 11:48:30', 1, NULL, 7, 'M:\\Projects\\PDP\\2022\\CSD\\BTP-LOW-10 Splitter 2X32\\STAGE 3\\SG3-04 First Article Report FAR', NULL, NULL, NULL),
(4450, 271, 82, '2022-10-24 11:48:30', '2022-10-26 00:00:00', '2022-10-27 15:45:49', '2022-10-24 11:48:30', 2, NULL, 7, 'M:\\Projects\\PDP\\2022\\CSD\\BTP-LOW-10 Splitter 2X32\\STAGE 3\\SG3-15 Final Assembly Work Instruction', '2022-11-04 08:27:43', 9, NULL),
(4451, 271, 101, '2022-10-24 11:48:30', '2022-10-26 00:00:00', '2022-10-26 16:12:55', '2022-10-24 11:48:30', 1, NULL, 9, 'M:\\Projects\\PDP\\2022\\CSD\\BTP-LOW-10 Splitter 2X32\\STAGE 1\\SG1-13 Risk Assesment 1', NULL, NULL, NULL),
(4454, 271, 104, '2022-10-24 11:48:30', '2022-10-26 00:00:00', '2022-10-31 07:44:16', '2022-10-24 11:48:30', 1, NULL, 9, 'M:\\Projects\\PDP\\2022\\CSD\\BTP-LOW-10 Splitter 2X32\\STAGE 3\\SG3-18 FAIR', NULL, NULL, NULL),
(4455, 271, 105, '2022-10-24 11:48:30', '2022-10-26 00:00:00', '2022-10-26 09:22:16', '2022-10-24 11:48:30', 2, NULL, 7, 'M:\\Projects\\PDP\\2022\\CSD\\BTP-LOW-10 Splitter 2X32\\STAGE 3\\SG3-19 Flow Chart', '2022-11-04 08:28:14', 9, NULL),
(4457, 271, 78, '2022-10-24 11:50:29', '2022-10-26 00:00:00', '2022-10-27 09:07:58', '2022-10-24 11:50:29', 2, NULL, 7, 'M:\\Projects\\PDP\\2022\\CSD\\BTP-LOW-10 Splitter 2X32\\STAGE 3\\SG3-11 Optical Performance Test IL RL', '2022-11-04 08:01:25', 9, NULL),
(4458, 271, 138, '2022-10-24 11:50:29', '2022-10-26 00:00:00', '2022-10-31 07:44:43', '2022-10-24 11:50:29', 1, NULL, 9, 'M:\\Projects\\PDP\\2022\\CSD\\BTP-LOW-10 Splitter 2X32\\STAGE 3\\SG3-26 Process Control Plan', NULL, NULL, NULL),
(4459, 271, 140, '2022-10-24 11:50:29', '2022-10-26 00:00:00', '2022-10-26 07:12:44', '2022-10-24 11:50:29', 1, NULL, 3, 'M:\\Projects\\PDP\\2022\\CSD\\BTP-LOW-10 Splitter 2X32\\STAGE 3\\SG3-25 Prints', NULL, NULL, NULL),
(4460, 271, 109, '2022-10-24 16:14:03', '2022-10-26 00:00:00', '2022-10-24 16:14:49', '2022-10-24 16:14:03', 1, NULL, 6, 'M:\\Projects\\PDP\\2022\\CSD\\BTP-LOW-10 Splitter 2X32\\STAGE 1\\SG1-14 Project categorycomplexity workload hour', NULL, NULL, NULL),
(4461, 271, 111, '2022-10-24 16:14:03', '2022-10-26 00:00:00', '2022-10-24 16:14:36', '2022-10-24 16:14:03', 1, NULL, 6, 'M:\\Projects\\PDP\\2022\\CSD\\BTP-LOW-10 Splitter 2X32\\STAGE 1\\SG1-16 COE Log status update', NULL, NULL, NULL),
(4462, 272, 69, '2022-10-27 10:30:27', NULL, '2022-11-16 17:16:14', '2022-10-27 10:30:27', 1, NULL, 3, 'M:\\Projects\\PDP\\2022\\NWS\\Validations\\VT-HIGH-6 CABLE VALIDATION SUPERIOR\\SG3-02 Final BOM', NULL, NULL, NULL),
(4463, 272, 70, '2022-10-27 10:30:27', NULL, '2022-12-07 16:19:03', '2022-10-27 10:30:27', 1, NULL, 7, 'M:\\Projects\\PDP\\2022\\NWS\\Validations\\VT-HIGH-6 CABLE VALIDATION SUPERIOR\\SG3-03 Product Samples', NULL, NULL, NULL),
(4466, 272, 74, '2022-10-27 10:30:27', NULL, '2022-11-30 08:13:48', '2022-10-27 10:30:27', -1, 'no se realizo prueba de continuidad ', 7, NULL, NULL, NULL, NULL),
(4467, 272, 75, '2022-10-27 10:30:27', NULL, '2022-11-30 08:14:03', '2022-10-27 10:30:27', -1, 'no se realizo ya que solo era para la thermochamber', 7, NULL, NULL, NULL, NULL),
(4468, 272, 76, '2022-10-27 10:30:27', NULL, '2022-11-30 08:13:11', '2022-10-27 10:30:27', -1, 'No se realizo prueba electrica', 7, NULL, NULL, NULL, NULL),
(4469, 272, 77, '2022-10-27 10:30:27', NULL, '2022-11-30 08:14:19', '2022-10-27 10:30:27', -1, 'no se realizo ya que solo se pedian datos de la thermochamber', 7, NULL, NULL, NULL, NULL),
(4470, 272, 78, '2022-10-27 10:30:27', NULL, '2022-12-07 16:31:34', '2022-10-27 10:30:27', 2, NULL, 7, 'M:\\Projects\\PDP\\2022\\NWS\\Validations\\VT-HIGH-6 CABLE VALIDATION SUPERIOR\\SG3-11 Optical Performance Test IL RL', '2023-01-09 14:18:54', 9, NULL),
(4471, 272, 79, '2022-10-27 10:30:27', NULL, '2022-12-02 08:14:59', '2022-10-27 10:30:27', -1, 'No hay requerimiento de IPXX', 9, NULL, NULL, NULL, NULL),
(4472, 272, 80, '2022-10-27 10:30:27', NULL, '2022-11-16 17:11:23', '2022-10-27 10:30:27', 1, NULL, 3, 'M:\\Projects\\PDP\\2022\\NWS\\Validations\\VT-HIGH-6 CABLE VALIDATION SUPERIOR\\SG3-13 Environmental Test TC test', NULL, NULL, NULL),
(4474, 272, 84, '2022-10-27 10:30:27', NULL, '2022-12-07 16:36:53', '2022-10-27 10:30:27', -1, 'Not received yet', 6, NULL, NULL, NULL, NULL),
(4475, 272, 132, '2022-10-27 10:30:27', NULL, '2022-12-07 16:32:21', '2022-10-27 10:30:27', 1, NULL, 7, 'M:\\Projects\\PDP\\2022\\NWS\\Validations\\VT-HIGH-6 CABLE VALIDATION SUPERIOR\\SG3-22 Process Compliance - MFG', NULL, NULL, NULL),
(4476, 272, 16, '2022-11-03 11:06:27', NULL, '2022-11-07 16:03:34', '2022-11-03 11:06:27', 1, NULL, 6, 'M:\\Projects\\PDP\\2022\\NWS\\Validations\\VT-HIGH-6 CABLE VALIDATION SUPERIOR\\SG1-05 Raw material status report', NULL, NULL, NULL),
(4477, 272, 109, '2022-11-03 11:06:27', NULL, '2022-11-07 16:00:35', '2022-11-03 11:06:27', 1, NULL, 6, 'M:\\Projects\\PDP\\2022\\NWS\\Validations\\VT-HIGH-6 CABLE VALIDATION SUPERIOR\\SG1-14 Project categorycomplexity workload hour', NULL, NULL, NULL),
(4478, 272, 111, '2022-11-03 11:06:27', NULL, '2022-11-07 15:59:17', '2022-11-03 11:06:27', 1, NULL, 6, 'M:\\Projects\\PDP\\2022\\NWS\\Validations\\VT-HIGH-6 CABLE VALIDATION SUPERIOR\\SG1-16 COE Log status update', NULL, NULL, NULL),
(4479, 272, 136, '2022-11-03 11:06:27', NULL, '2022-11-22 15:47:42', '2022-11-03 11:06:27', 2, NULL, 3, 'M:\\Projects\\PDP\\2022\\NWS\\Validations\\VT-HIGH-6 CABLE VALIDATION SUPERIOR\\SG3-24 PTF', '2023-01-09 14:19:32', 9, NULL),
(4480, 273, 15, '2022-11-14 14:06:56', NULL, '2022-11-14 15:59:06', '2022-11-14 14:06:56', 1, NULL, 6, 'M:\\Projects\\PDP\\2022\\NWS\\BTP-MEDIUM-3 HYBRID JMPR 5305\\STAGE 1', NULL, NULL, NULL),
(4481, 273, 16, '2022-11-14 14:06:56', NULL, '2022-11-29 07:38:50', '2022-11-14 14:06:56', -1, 'Not required', 6, NULL, NULL, NULL, NULL),
(4482, 273, 18, '2022-11-14 14:06:56', NULL, '2022-11-14 16:01:52', '2022-11-14 14:06:56', 1, NULL, 6, 'M:\\Projects\\PDP\\2022\\NWS\\BTP-MEDIUM-3 HYBRID JMPR 5305\\STAGE 1\\SG1-08 Price calculation for COE service', NULL, NULL, NULL),
(4483, 273, 19, '2022-11-14 14:06:56', NULL, '2022-11-14 16:02:04', '2022-11-14 14:06:56', 1, NULL, 6, 'M:\\Projects\\PDP\\2022\\NWS\\BTP-MEDIUM-3 HYBRID JMPR 5305\\STAGE 1\\SG1-09 Formal quotation for COE Services', NULL, NULL, NULL),
(4484, 273, 21, '2022-11-14 14:06:56', NULL, '2022-12-02 09:22:38', '2022-11-14 14:06:56', 1, NULL, 6, 'M:\\Projects\\PDP\\2022\\NWS\\BTP-MEDIUM-3 HYBRID JMPR 5305\\STAGE 1\\SG1-11 Project ship date', NULL, NULL, NULL),
(4486, 273, 70, '2022-11-14 14:06:56', NULL, '2022-12-22 16:03:37', '2022-11-14 14:06:56', 1, NULL, 2, 'M:\\Projects\\PDP\\2022\\NWS\\DS-MEDIUM-73 HYBRID JUMPER 5305\\STAGE 3\\SG3-03 Product Samples', NULL, NULL, NULL),
(4487, 273, 71, '2022-11-14 14:06:56', NULL, '2022-12-09 09:50:28', '2022-11-14 14:06:56', 1, NULL, 2, 'M:\\Projects\\PDP\\2022\\NWS\\BTP-MEDIUM-3 HYBRID JMPR 5305\\STAGE 3\\SG3-04 First Article Report FAR', NULL, NULL, NULL),
(4488, 273, 82, '2022-11-14 14:06:56', NULL, '2022-12-09 07:12:03', '2022-11-14 14:06:56', 2, NULL, 2, 'M:\\Projects\\PDP\\2022\\NWS\\BTP-MEDIUM-3 HYBRID JMPR 5305\\STAGE 3\\SG3-15 Final Assembly Work Instruction', '2023-01-09 14:32:30', 9, NULL),
(4491, 273, 103, '2022-11-14 14:06:56', NULL, '2022-12-09 09:50:36', '2022-11-14 14:06:56', -1, 'n/a', 2, NULL, NULL, NULL, NULL),
(4493, 273, 105, '2022-11-14 14:06:56', NULL, '2022-12-12 10:02:09', '2022-11-14 14:06:56', 2, NULL, 2, 'M:\\Projects\\PDP\\2022\\NWS\\BTP-MEDIUM-3 HYBRID JMPR 5305\\STAGE 3\\SG3-19 Flow Chart', '2023-01-09 14:23:41', 9, NULL),
(4494, 273, 106, '2022-11-14 14:06:56', NULL, '2022-12-09 07:12:52', '2022-11-14 14:06:56', 1, NULL, 2, 'M:\\Projects\\PDP\\2022\\NWS\\BTP-MEDIUM-3 HYBRID JMPR 5305\\STAGE 3\\SG3-20 Deviation Format', NULL, NULL, NULL),
(4495, 270, 149, '2022-11-29 16:07:38', NULL, NULL, '2022-11-29 16:07:38', 0, '', NULL, 'M:\\Projects\\PDP\\2022\\Clearfield\\BTP-MEDIUM-2 Clearfield Cassettes\\STAGE 2\\SG-34 Matrix of Critical characteristicsa', NULL, NULL, NULL);
INSERT INTO `actividades_proyecto` (`idActividades_proyecto`, `idProyecto`, `idActividad`, `fechaInicio`, `fechaRequerida`, `fechaEntrega`, `fechaCrea`, `completado`, `notas`, `entregadoPor`, `ubicacion`, `fechaAprobacion`, `aprobadoPor`, `respAct`) VALUES
(4496, 274, 69, '2023-02-03 14:57:15', '2023-01-25 00:00:00', NULL, '2023-02-03 14:57:15', 0, NULL, NULL, NULL, NULL, NULL, NULL),
(4497, 274, 70, '2023-02-03 14:57:15', '2023-01-25 00:00:00', NULL, '2023-02-03 14:57:15', 0, NULL, NULL, NULL, NULL, NULL, NULL),
(4498, 274, 72, '2023-02-03 14:57:15', '2023-01-25 00:00:00', NULL, '2023-02-03 14:57:15', 0, NULL, NULL, NULL, NULL, NULL, NULL),
(4499, 274, 73, '2023-02-03 14:57:15', '2023-01-25 00:00:00', NULL, '2023-02-03 14:57:15', 0, NULL, NULL, NULL, NULL, NULL, NULL),
(4500, 274, 74, '2023-02-03 14:57:15', '2023-01-25 00:00:00', NULL, '2023-02-03 14:57:15', 0, NULL, NULL, NULL, NULL, NULL, NULL),
(4501, 274, 75, '2023-02-03 14:57:15', '2023-01-25 00:00:00', NULL, '2023-02-03 14:57:15', 0, NULL, NULL, NULL, NULL, NULL, NULL),
(4502, 274, 76, '2023-02-03 14:57:15', '2023-01-25 00:00:00', NULL, '2023-02-03 14:57:15', 0, NULL, NULL, NULL, NULL, NULL, NULL),
(4503, 274, 77, '2023-02-03 14:57:15', '2023-01-25 00:00:00', NULL, '2023-02-03 14:57:15', 0, NULL, NULL, NULL, NULL, NULL, NULL),
(4504, 274, 78, '2023-02-03 14:57:15', '2023-01-25 00:00:00', NULL, '2023-02-03 14:57:15', 0, NULL, NULL, NULL, NULL, NULL, NULL),
(4505, 274, 79, '2023-02-03 14:57:15', '2023-01-25 00:00:00', NULL, '2023-02-03 14:57:15', 0, NULL, NULL, NULL, NULL, NULL, NULL),
(4506, 274, 80, '2023-02-03 14:57:15', '2023-01-25 00:00:00', NULL, '2023-02-03 14:57:15', 0, NULL, NULL, NULL, NULL, NULL, NULL),
(4507, 274, 81, '2023-02-03 14:57:15', '2023-01-25 00:00:00', NULL, '2023-02-03 14:57:15', 0, NULL, NULL, NULL, NULL, NULL, NULL),
(4508, 274, 84, '2023-02-03 14:57:15', '2023-01-25 00:00:00', NULL, '2023-02-03 14:57:15', 0, NULL, NULL, NULL, NULL, NULL, NULL),
(4509, 274, 132, '2023-02-03 14:57:15', '2023-01-25 00:00:00', NULL, '2023-02-03 14:57:15', 0, NULL, NULL, NULL, NULL, NULL, NULL),
(5064, 299, 153, '2023-02-10 11:09:07', '2023-02-13 00:00:00', '2023-02-22 09:12:08', '2023-02-10 11:09:07', 1, '', 20, 'I:\\Ingenieria\\HHJ ALTERNATIVE MATERIAL PLAN\\Alternative tracker 2022\\Actividades de AE\\Actividades previas', NULL, NULL, NULL),
(5065, 300, 154, '2023-02-10 16:17:29', '2023-02-12 00:00:00', '2023-02-20 11:16:16', '2023-02-10 16:17:29', 1, NULL, 19, 'I:\\Ingenieria\\npi\\CAD\\Drawings Database\\Sustaining\\2023021000', NULL, NULL, NULL),
(5066, 287, 153, '2023-02-13 07:43:11', NULL, '2023-02-22 09:14:09', '2023-02-13 07:43:11', 1, NULL, 20, 'I:\\Ingenieria\\HHJ ALTERNATIVE MATERIAL PLAN\\Alternative tracker 2022\\Actividades de AE\\Actividades previas', NULL, NULL, NULL),
(5067, 286, 153, '2023-02-13 07:46:57', NULL, '2023-02-22 09:15:16', '2023-02-13 07:46:57', 1, NULL, 20, 'I:\\Ingenieria\\HHJ ALTERNATIVE MATERIAL PLAN\\Alternative tracker 2022\\Actividades de AE\\Actividades previas', NULL, NULL, NULL),
(5068, 285, 153, '2023-02-13 07:49:55', NULL, '2023-02-22 09:16:06', '2023-02-13 07:49:55', 1, NULL, 20, 'I:\\Ingenieria\\HHJ ALTERNATIVE MATERIAL PLAN\\Alternative tracker 2022\\Actividades de AE\\Actividades previas', NULL, NULL, NULL),
(5069, 284, 30, '2023-02-13 07:52:23', NULL, '2023-02-22 09:17:52', '2023-02-13 07:52:23', 1, NULL, 20, 'I:\\Ingenieria\\HHJ ALTERNATIVE MATERIAL PLAN\\Alternative tracker 2022\\Actividades de AE\\Actividades previas', NULL, NULL, NULL),
(5070, 283, 153, '2023-02-13 07:55:11', NULL, '2023-02-21 08:59:54', '2023-02-13 07:55:11', 1, NULL, 21, 'I:\\Ingenieria\\HHJ ALTERNATIVE MATERIAL PLAN\\Alternative tracker 2022\\Actividades de AE\\Actividades previas', NULL, NULL, NULL),
(5072, 282, 155, '2023-02-13 08:22:07', NULL, '2023-02-20 14:58:58', '2023-02-13 08:22:07', 1, NULL, 21, 'I:\\Ingenieria\\HHJ ALTERNATIVE MATERIAL PLAN\\Registro de Actividad\\Actividades previas', NULL, NULL, NULL),
(5073, 281, 155, '2023-02-13 08:35:25', NULL, '2023-02-22 09:18:56', '2023-02-13 08:35:25', 1, NULL, 20, 'I:\\Ingenieria\\HHJ ALTERNATIVE MATERIAL PLAN\\Alternative tracker 2022\\Actividades de AE\\Actividades previas', NULL, NULL, NULL),
(5074, 280, 155, '2023-02-13 08:58:25', NULL, '2023-02-22 09:20:03', '2023-02-13 08:58:25', 1, NULL, 20, 'I:\\Ingenieria\\HHJ ALTERNATIVE MATERIAL PLAN\\Alternative tracker 2022\\Actividades de AE\\Actividades previas', NULL, NULL, NULL),
(5075, 279, 154, '2023-02-13 09:22:11', NULL, '2023-02-20 11:10:17', '2023-02-13 09:22:11', 1, NULL, 17, 'I:\\Ingenieria\\npi\\CAD\\ToPDF\\2023013000', NULL, NULL, NULL),
(5076, 278, 154, '2023-02-13 09:26:02', NULL, '2023-02-20 11:23:56', '2023-02-13 09:26:02', 1, NULL, 18, 'I:\\Ingenieria\\npi\\CAD\\Drawings Database\\Sustaining\\2023013100', NULL, NULL, NULL),
(5077, 275, 155, '2023-02-13 09:29:05', NULL, NULL, '2023-02-13 09:29:05', 0, NULL, NULL, NULL, NULL, NULL, NULL),
(5078, 301, 155, '2023-02-13 09:36:24', NULL, '2023-02-22 09:11:12', '2023-02-13 09:36:24', 1, NULL, 20, 'I:\\Ingenieria\\HHJ ALTERNATIVE MATERIAL PLAN\\Alternative tracker 2022\\Actividades de AE\\Actividades previas', NULL, NULL, NULL),
(5079, 302, 155, '2023-02-13 09:45:51', NULL, '2023-02-22 09:09:14', '2023-02-13 09:45:51', 1, NULL, 20, 'I:\\Ingenieria\\HHJ ALTERNATIVE MATERIAL PLAN\\Alternative tracker 2022\\Actividades de AE\\Actividades previas', NULL, NULL, NULL),
(5080, 303, 155, '2023-02-13 09:50:15', NULL, '2023-02-21 10:03:16', '2023-02-13 09:50:15', 1, NULL, 21, 'I:\\Ingenieria\\HHJ ALTERNATIVE MATERIAL PLAN\\Alternative tracker 2022\\Actividades de AE\\Actividades previas', NULL, NULL, NULL),
(5081, 304, 155, '2023-02-13 09:53:24', NULL, '2023-02-22 09:07:12', '2023-02-13 09:53:24', 1, NULL, 20, 'I:\\Ingenieria\\HHJ ALTERNATIVE MATERIAL PLAN\\Alternative tracker 2022\\Actividades de AE\\Actividades previas', NULL, NULL, NULL),
(5082, 305, 153, '2023-02-13 10:02:07', NULL, '2023-02-23 15:26:38', '2023-02-13 10:02:07', 1, NULL, 21, 'I:\\Ingenieria\\HHJ ALTERNATIVE MATERIAL PLAN\\Alternative tracker 2022\\Actividades de AE\\Actividades previas', NULL, NULL, NULL),
(5083, 306, 155, '2023-02-13 10:06:50', NULL, '2023-02-22 09:05:39', '2023-02-13 10:06:50', 1, NULL, 20, 'I:\\Ingenieria\\HHJ ALTERNATIVE MATERIAL PLAN\\Alternative tracker 2022\\Actividades de AE\\Actividades previas', NULL, NULL, NULL),
(5084, 307, 155, '2023-02-13 10:09:14', NULL, '2023-02-22 09:03:46', '2023-02-13 10:09:14', 1, NULL, 20, 'I:\\Ingenieria\\HHJ ALTERNATIVE MATERIAL PLAN\\Alternative tracker 2022\\Actividades de AE\\Actividades previas', NULL, NULL, NULL),
(5085, 308, 155, '2023-02-13 10:55:49', '2023-02-24 00:00:00', '2023-02-20 15:43:07', '2023-02-13 10:55:49', 1, 'Se cancelo el proyecto. Ver email', 15, 'I:\\Ingenieria\\HHJ ALTERNATIVE MATERIAL PLAN\\Alternative tracker 2022\\Actividades de AE', NULL, NULL, NULL),
(5086, 309, 153, '2023-02-13 10:59:35', NULL, '2023-02-21 10:13:55', '2023-02-13 10:59:35', 1, NULL, 21, 'I:\\Ingenieria\\HHJ ALTERNATIVE MATERIAL PLAN\\Alternative tracker 2022\\Actividades de AE\\Actividades previas', NULL, NULL, NULL),
(5087, 310, 153, '2023-02-13 11:01:43', NULL, '2023-02-22 09:00:47', '2023-02-13 11:01:43', 1, NULL, 20, 'I:\\Ingenieria\\HHJ ALTERNATIVE MATERIAL PLAN\\Alternative tracker 2022\\Actividades de AE\\Actividades previas', NULL, NULL, NULL),
(5088, 311, 153, '2023-02-13 11:04:50', NULL, '2023-02-23 15:20:41', '2023-02-13 11:04:50', 1, NULL, 21, 'I:\\Ingenieria\\HHJ ALTERNATIVE MATERIAL PLAN\\Alternative tracker 2022\\Actividades de AE\\Actividades previas', NULL, NULL, NULL),
(5089, 312, 153, '2023-02-13 11:06:57', NULL, '2023-02-21 11:11:19', '2023-02-13 11:06:57', 1, NULL, 21, 'I:\\Ingenieria\\HHJ ALTERNATIVE MATERIAL PLAN\\Alternative tracker 2022\\Actividades de AE\\Actividades previas', NULL, NULL, NULL),
(5090, 313, 155, '2023-02-13 11:09:08', NULL, '2023-02-22 08:37:51', '2023-02-13 11:09:08', 1, NULL, 20, 'I:\\Ingenieria\\HHJ ALTERNATIVE MATERIAL PLAN\\Alternative tracker 2022\\Actividades de AE\\Actividades previas', NULL, NULL, NULL),
(5091, 314, 153, '2023-02-13 11:11:27', NULL, '2023-02-21 10:20:12', '2023-02-13 11:11:27', 1, NULL, 21, 'I:\\Ingenieria\\HHJ ALTERNATIVE MATERIAL PLAN\\Alternative tracker 2022\\Actividades de AE\\Actividades previas', NULL, NULL, NULL),
(5092, 315, 153, '2023-02-13 11:13:20', NULL, '2023-02-22 08:35:42', '2023-02-13 11:13:20', 1, NULL, 20, 'I:\\Ingenieria\\HHJ ALTERNATIVE MATERIAL PLAN\\Alternative tracker 2022\\Actividades de AE\\Actividades previas', NULL, NULL, NULL),
(5093, 316, 153, '2023-02-13 11:15:55', NULL, '2023-02-21 11:04:42', '2023-02-13 11:15:55', 1, NULL, 21, 'I:\\Ingenieria\\HHJ ALTERNATIVE MATERIAL PLAN\\Alternative tracker 2022\\Actividades de AE\\W 8', NULL, NULL, NULL),
(5094, 317, 153, '2023-02-13 11:18:08', NULL, '2023-02-21 10:25:46', '2023-02-13 11:18:08', 1, NULL, 21, 'I:\\Ingenieria\\HHJ ALTERNATIVE MATERIAL PLAN\\Alternative tracker 2022\\Actividades de AE\\Actividades previas', NULL, NULL, NULL),
(5095, 318, 153, '2023-02-13 11:37:58', NULL, '2023-02-21 10:35:36', '2023-02-13 11:37:58', 1, NULL, 21, 'I:\\Ingenieria\\HHJ ALTERNATIVE MATERIAL PLAN\\Alternative tracker 2022\\Actividades de AE\\Actividades previas', NULL, NULL, NULL),
(5096, 319, 153, '2023-02-13 11:42:44', NULL, '2023-02-22 08:34:28', '2023-02-13 11:42:44', 1, NULL, 20, 'I:\\Ingenieria\\HHJ ALTERNATIVE MATERIAL PLAN\\Alternative tracker 2022\\Actividades de AE\\Actividades previas', NULL, NULL, NULL),
(5097, 320, 155, '2023-02-13 11:46:17', NULL, '2023-02-22 08:32:23', '2023-02-13 11:46:17', 1, NULL, 20, 'I:\\Ingenieria\\HHJ ALTERNATIVE MATERIAL PLAN\\Alternative tracker 2022\\Actividades de AE\\Actividades previas', NULL, NULL, NULL),
(5098, 321, 153, '2023-02-13 11:50:18', '2023-02-07 00:00:00', '2023-02-21 10:41:12', '2023-02-13 11:50:18', 1, NULL, 21, 'I:\\Ingenieria\\HHJ ALTERNATIVE MATERIAL PLAN\\Alternative tracker 2022\\Actividades de AE\\Actividades previas', NULL, NULL, NULL),
(5099, 322, 155, '2023-02-13 11:54:02', NULL, '2023-02-22 08:28:54', '2023-02-13 11:54:02', 1, NULL, 20, 'I:\\Ingenieria\\HHJ ALTERNATIVE MATERIAL PLAN\\Alternative tracker 2022\\Actividades de AE\\Actividades previas', NULL, NULL, NULL),
(5100, 323, 153, '2023-02-13 11:57:22', NULL, '2023-02-21 10:47:22', '2023-02-13 11:57:22', 1, NULL, 21, 'I:\\Ingenieria\\HHJ ALTERNATIVE MATERIAL PLAN\\Alternative tracker 2022\\Actividades de AE\\Actividades previas', NULL, NULL, NULL),
(5101, 324, 153, '2023-02-13 11:59:47', NULL, '2023-02-22 08:26:58', '2023-02-13 11:59:47', 1, NULL, 20, 'I:\\Ingenieria\\HHJ ALTERNATIVE MATERIAL PLAN\\Alternative tracker 2022\\Actividades de AE\\Actividades previas', NULL, NULL, NULL),
(5102, 325, 153, '2023-02-13 12:01:47', NULL, '2023-02-22 08:26:11', '2023-02-13 12:01:47', 1, NULL, 20, 'I:\\Ingenieria\\HHJ ALTERNATIVE MATERIAL PLAN\\Alternative tracker 2022\\Actividades de AE\\Actividades previas', NULL, NULL, NULL),
(5103, 326, 155, '2023-02-13 12:03:25', '2023-02-09 00:00:00', '2023-02-22 08:24:38', '2023-02-13 12:03:25', 1, NULL, 20, 'I:\\Ingenieria\\HHJ ALTERNATIVE MATERIAL PLAN\\Alternative tracker 2022\\Actividades de AE\\Actividades previas', NULL, NULL, NULL),
(5104, 327, 155, '2023-02-13 12:19:13', NULL, '2023-02-22 08:23:17', '2023-02-13 12:19:13', 1, NULL, 20, 'I:\\Ingenieria\\HHJ ALTERNATIVE MATERIAL PLAN\\Alternative tracker 2022\\Actividades de AE\\Actividades previas', NULL, NULL, NULL),
(5105, 328, 153, '2023-02-13 12:30:30', NULL, '2023-02-22 08:20:16', '2023-02-13 12:30:30', 1, NULL, 20, 'I:\\Ingenieria\\HHJ ALTERNATIVE MATERIAL PLAN\\Alternative tracker 2022\\Actividades de AE\\W 8', NULL, NULL, NULL),
(5106, 276, 155, '2023-02-13 13:19:34', NULL, '2023-02-22 09:21:05', '2023-02-13 13:19:34', 1, NULL, 20, 'I:\\Ingenieria\\HHJ ALTERNATIVE MATERIAL PLAN\\Alternative tracker 2022\\Actividades de AE\\Actividades previas', NULL, NULL, NULL),
(5107, 298, 154, '2023-02-13 13:28:46', '2023-02-23 00:00:00', '2023-02-27 16:48:16', '2023-02-13 13:28:46', 1, '', 16, 'I:\\Ingenieria\\npi\\CAD\\Drawings Database\\Kymeta\\2023022100', NULL, NULL, NULL),
(5108, 329, 155, '2023-02-13 16:06:17', NULL, '2023-02-22 08:18:53', '2023-02-13 16:06:17', 1, NULL, 20, 'I:\\Ingenieria\\HHJ ALTERNATIVE MATERIAL PLAN\\Alternative tracker 2022\\Actividades de AE\\Actividades previas', NULL, NULL, NULL),
(5109, 330, 153, '2023-02-14 11:31:17', '2023-02-14 00:00:00', '2023-02-23 15:12:06', '2023-02-14 11:31:17', 1, NULL, 21, 'I:\\Ingenieria\\HHJ ALTERNATIVE MATERIAL PLAN\\Alternative tracker 2022\\Actividades de AE\\W 8', NULL, NULL, NULL),
(5110, 277, 154, '2023-02-14 12:00:27', NULL, '2023-02-27 16:56:20', '2023-02-14 12:00:27', 1, NULL, 17, 'I:\\Ingenieria\\npi\\CAD\\Drawings Database\\BioSig\\2023022700', NULL, NULL, NULL),
(5111, 331, 154, '2023-02-15 07:45:48', '2023-02-15 00:00:00', '2023-02-20 11:16:58', '2023-02-15 07:45:48', 1, '', 19, '\\\\Hmofp02\\comun-nai\\Ingenieria\\npi\\CAD\\Drawings Database\\Titan\\Batch#2\\WorkingOn', NULL, NULL, NULL),
(5122, 340, 153, '2023-02-16 09:57:21', NULL, '2023-02-21 10:52:17', '2023-02-16 09:57:21', 1, NULL, 21, 'I:\\Ingenieria\\HHJ ALTERNATIVE MATERIAL PLAN\\Alternative tracker 2022\\Actividades de AE\\Actividades previas', NULL, NULL, NULL),
(5123, 341, 154, '2023-02-16 14:22:07', NULL, '2023-02-20 11:17:33', '2023-02-16 14:22:07', 1, NULL, 19, 'I:\\Ingenieria\\npi\\CAD\\Drawings Database\\Advanced Energy\\Advanced Energy New Designs 12 09 2021\\47583R-1', NULL, NULL, NULL),
(5126, 342, 153, '2023-02-17 10:05:37', NULL, '2023-02-22 08:17:59', '2023-02-17 10:05:37', 1, NULL, 20, 'I:\\Ingenieria\\HHJ ALTERNATIVE MATERIAL PLAN\\Alternative tracker 2022\\Actividades de AE\\Actividades previas', NULL, NULL, NULL),
(5127, 343, 153, '2023-02-17 10:09:35', '2023-02-17 00:00:00', '2023-02-22 08:16:52', '2023-02-17 10:09:35', 1, 'Wasnt found an alternative for this PN', 20, 'I:\\Ingenieria\\HHJ ALTERNATIVE MATERIAL PLAN\\Alternative tracker 2022\\Actividades de AE\\Actividades previas', NULL, NULL, NULL),
(5128, 345, 155, '2023-02-20 08:34:08', NULL, '2023-02-22 08:15:59', '2023-02-20 08:34:08', 1, NULL, 20, 'I:\\Ingenieria\\HHJ ALTERNATIVE MATERIAL PLAN\\Alternative tracker 2022\\Actividades de AE\\Actividades previas', NULL, NULL, NULL),
(5129, 344, 153, '2023-02-20 14:03:38', '2023-02-20 00:00:00', '2023-02-20 14:52:39', '2023-02-20 14:03:38', 1, '', 21, 'I:\\Ingenieria\\HHJ ALTERNATIVE MATERIAL PLAN\\Alternative tracker 2022\\Actividades de AE\\W 8', NULL, NULL, NULL),
(5130, 346, 153, '2023-02-20 15:25:10', '2023-02-20 00:00:00', '2023-02-21 10:57:21', '2023-02-20 15:25:10', 1, '', 21, 'I:\\Ingenieria\\HHJ ALTERNATIVE MATERIAL PLAN\\Alternative tracker 2022\\Actividades de AE\\W 8', NULL, NULL, NULL),
(5131, 347, 137, '2023-02-21 08:03:01', '2023-02-21 00:00:00', '2023-02-22 07:56:43', '2023-02-21 08:03:01', 1, '', 20, 'I:\\Ingenieria\\HHJ ALTERNATIVE MATERIAL PLAN\\Alternative tracker 2022\\Actividades de AE\\W 8', NULL, NULL, NULL),
(5132, 348, 155, '2023-02-21 08:27:45', NULL, '2023-02-21 10:54:06', '2023-02-21 08:27:45', 1, NULL, 20, 'I:\\Ingenieria\\HHJ ALTERNATIVE MATERIAL PLAN\\Alternative tracker 2022\\Actividades de AE\\W 8', NULL, NULL, NULL),
(5133, 349, 154, '2023-02-21 10:13:42', NULL, '2023-02-21 10:23:49', '2023-02-21 10:13:42', 1, NULL, 17, 'I:\\Ingenieria\\npi\\CAD\\Drawings Database\\CONMET\\2023022100', NULL, NULL, NULL),
(5134, 350, 155, '2023-02-21 10:29:31', '2023-02-22 00:00:00', '2023-02-22 07:56:21', '2023-02-21 10:29:31', 1, '', 20, 'I:\\Ingenieria\\HHJ ALTERNATIVE MATERIAL PLAN\\Alternative tracker 2022\\Actividades de AE\\W 8', NULL, NULL, NULL),
(5137, 351, 153, '2023-02-21 11:23:53', NULL, '2023-02-21 13:38:45', '2023-02-21 11:23:53', 1, NULL, 21, 'I:\\Ingenieria\\HHJ ALTERNATIVE MATERIAL PLAN\\Alternative tracker 2022\\Actividades de AE\\W 8', NULL, NULL, NULL),
(5138, 352, 69, '2023-02-21 15:30:38', NULL, NULL, '2023-02-21 15:30:38', 0, NULL, NULL, NULL, NULL, NULL, NULL),
(5139, 352, 70, '2023-02-21 15:30:38', NULL, NULL, '2023-02-21 15:30:38', 0, NULL, NULL, NULL, NULL, NULL, NULL),
(5140, 352, 72, '2023-02-21 15:30:38', NULL, NULL, '2023-02-21 15:30:38', 0, NULL, NULL, NULL, NULL, NULL, NULL),
(5141, 352, 73, '2023-02-21 15:30:38', NULL, NULL, '2023-02-21 15:30:38', 0, NULL, NULL, NULL, NULL, NULL, NULL),
(5142, 352, 74, '2023-02-21 15:30:38', NULL, NULL, '2023-02-21 15:30:38', 0, NULL, NULL, NULL, NULL, NULL, NULL),
(5143, 352, 75, '2023-02-21 15:30:38', NULL, NULL, '2023-02-21 15:30:38', 0, NULL, NULL, NULL, NULL, NULL, NULL),
(5144, 352, 76, '2023-02-21 15:30:38', NULL, NULL, '2023-02-21 15:30:38', 0, NULL, NULL, NULL, NULL, NULL, NULL),
(5145, 352, 77, '2023-02-21 15:30:38', NULL, NULL, '2023-02-21 15:30:38', 0, NULL, NULL, NULL, NULL, NULL, NULL),
(5146, 352, 78, '2023-02-21 15:30:38', NULL, NULL, '2023-02-21 15:30:38', 0, NULL, NULL, NULL, NULL, NULL, NULL),
(5147, 352, 79, '2023-02-21 15:30:38', NULL, NULL, '2023-02-21 15:30:38', 0, NULL, NULL, NULL, NULL, NULL, NULL),
(5148, 352, 80, '2023-02-21 15:30:38', NULL, NULL, '2023-02-21 15:30:38', 0, NULL, NULL, NULL, NULL, NULL, NULL),
(5149, 352, 81, '2023-02-21 15:30:38', NULL, NULL, '2023-02-21 15:30:38', 0, NULL, NULL, NULL, NULL, NULL, NULL),
(5150, 352, 84, '2023-02-21 15:30:38', NULL, NULL, '2023-02-21 15:30:38', 0, NULL, NULL, NULL, NULL, NULL, NULL),
(5151, 352, 132, '2023-02-21 15:30:38', NULL, NULL, '2023-02-21 15:30:38', 0, NULL, NULL, NULL, NULL, NULL, NULL),
(5152, 353, 69, '2023-02-21 15:52:08', NULL, NULL, '2023-02-21 15:52:08', 0, NULL, NULL, NULL, NULL, NULL, NULL),
(5153, 353, 70, '2023-02-21 15:52:08', NULL, NULL, '2023-02-21 15:52:08', 0, NULL, NULL, NULL, NULL, NULL, NULL),
(5154, 353, 72, '2023-02-21 15:52:08', NULL, NULL, '2023-02-21 15:52:08', 0, NULL, NULL, NULL, NULL, NULL, NULL),
(5155, 353, 73, '2023-02-21 15:52:08', NULL, NULL, '2023-02-21 15:52:08', 0, NULL, NULL, NULL, NULL, NULL, NULL),
(5156, 353, 74, '2023-02-21 15:52:08', NULL, NULL, '2023-02-21 15:52:08', 0, NULL, NULL, NULL, NULL, NULL, NULL),
(5157, 353, 75, '2023-02-21 15:52:08', NULL, NULL, '2023-02-21 15:52:08', 0, NULL, NULL, NULL, NULL, NULL, NULL),
(5158, 353, 76, '2023-02-21 15:52:08', NULL, NULL, '2023-02-21 15:52:08', 0, NULL, NULL, NULL, NULL, NULL, NULL),
(5159, 353, 77, '2023-02-21 15:52:08', NULL, NULL, '2023-02-21 15:52:08', 0, NULL, NULL, NULL, NULL, NULL, NULL),
(5160, 353, 78, '2023-02-21 15:52:08', NULL, NULL, '2023-02-21 15:52:08', 0, NULL, NULL, NULL, NULL, NULL, NULL),
(5161, 353, 79, '2023-02-21 15:52:08', NULL, NULL, '2023-02-21 15:52:08', 0, NULL, NULL, NULL, NULL, NULL, NULL),
(5162, 353, 80, '2023-02-21 15:52:08', NULL, NULL, '2023-02-21 15:52:08', 0, NULL, NULL, NULL, NULL, NULL, NULL),
(5163, 353, 81, '2023-02-21 15:52:08', NULL, NULL, '2023-02-21 15:52:08', 0, NULL, NULL, NULL, NULL, NULL, NULL),
(5164, 353, 84, '2023-02-21 15:52:08', NULL, NULL, '2023-02-21 15:52:08', 0, NULL, NULL, NULL, NULL, NULL, NULL),
(5165, 353, 132, '2023-02-21 15:52:08', NULL, NULL, '2023-02-21 15:52:08', 0, NULL, NULL, NULL, NULL, NULL, NULL),
(5180, 355, 155, '2023-02-22 09:04:26', '2023-02-23 00:00:00', '2023-02-23 15:08:08', '2023-02-22 09:04:26', 1, '', 21, 'I:\\Ingenieria\\HHJ ALTERNATIVE MATERIAL PLAN\\Alternative tracker 2022\\Actividades de AE\\W 8', NULL, NULL, NULL),
(5181, 356, 1, '2023-02-22 10:26:36', '2023-05-31 00:00:00', '2023-05-09 12:24:05', '2023-02-22 10:26:36', 1, NULL, 6, 'M:\\Projects\\PDP\\2023\\ADTRAN\\DS-MEDIUM-3 3129822-E@A\\STAGE 1\\Customer request for COE services', NULL, NULL, NULL),
(5183, 356, 15, '2023-02-22 10:26:36', '2023-05-31 00:00:00', '2023-05-09 12:38:23', '2023-02-22 10:26:36', 1, NULL, 6, 'M:\\Projects\\PDP\\2023\\ADTRAN\\DS-MEDIUM-3 3129822-E@A\\STAGE 1\\Raw material status report', NULL, NULL, NULL),
(5184, 356, 16, '2023-02-22 10:26:36', '2023-05-31 00:00:00', '2023-05-09 12:34:54', '2023-02-22 10:26:36', 1, NULL, 6, 'M:\\Projects\\PDP\\2023\\ADTRAN\\DS-MEDIUM-3 3129822-E@A\\STAGE 1\\List of Raw Materials and Or RM Purchase Orders', NULL, NULL, NULL),
(5187, 356, 19, '2023-02-22 10:26:36', '2023-05-31 00:00:00', '2023-05-09 12:24:18', '2023-02-22 10:26:36', 1, NULL, 6, 'M:\\Projects\\PDP\\2023\\ADTRAN\\DS-MEDIUM-3 3129822-E@A\\STAGE 1\\Formal quotation', NULL, NULL, NULL),
(5189, 356, 21, '2023-02-22 10:26:36', '2023-05-31 00:00:00', '2023-06-05 07:13:13', '2023-02-22 10:26:36', 1, NULL, 6, 'M:\\Projects\\PDP\\2023\\ADTRAN\\DS-MEDIUM-3 3129822-E@A\\STAGE 1\\Project ship date', NULL, NULL, NULL),
(5190, 356, 22, '2023-02-22 10:26:36', '2023-05-31 00:00:00', '2023-05-23 16:39:57', '2023-02-22 10:26:36', 1, NULL, 6, 'M:\\Projects\\PDP\\2023\\ADTRAN\\DS-MEDIUM-3 3129822-E@A\\STAGE 2\\Tracking # for prototypeFA', NULL, NULL, NULL),
(5196, 356, 39, '2023-02-22 10:26:36', '2023-05-31 00:00:00', '2023-05-18 15:14:35', '2023-02-22 10:26:36', -1, 'n/a', 2, NULL, NULL, NULL, NULL),
(5198, 356, 46, '2023-02-22 10:26:36', '2023-05-31 00:00:00', NULL, '2023-02-22 10:26:36', 0, NULL, NULL, NULL, NULL, NULL, NULL),
(5202, 356, 56, '2023-02-22 10:26:36', '2023-05-31 00:00:00', NULL, '2023-02-22 10:26:36', 0, NULL, NULL, NULL, NULL, NULL, NULL),
(5204, 356, 68, '2023-02-22 10:26:36', '2023-05-31 00:00:00', NULL, '2023-02-22 10:26:36', 0, NULL, NULL, NULL, NULL, NULL, NULL),
(5205, 356, 69, '2023-02-22 10:26:36', '2023-05-31 00:00:00', NULL, '2023-02-22 10:26:36', 0, NULL, NULL, NULL, NULL, NULL, NULL),
(5206, 356, 70, '2023-02-22 10:26:36', '2023-05-31 00:00:00', '2023-05-18 15:14:20', '2023-02-22 10:26:36', 1, NULL, 2, 'M:\\Projects\\PDP\\2023\\ADTRAN\\DS-MEDIUM-3 3129822-E@A\\STAGE 3\\SG3-03 Product Samples', NULL, NULL, NULL),
(5207, 356, 71, '2023-02-22 10:26:36', '2023-05-31 00:00:00', NULL, '2023-02-22 10:26:36', 0, NULL, NULL, NULL, NULL, NULL, NULL),
(5214, 356, 78, '2023-02-22 10:26:36', '2023-05-31 00:00:00', '2023-05-18 15:13:08', '2023-02-22 10:26:36', 1, NULL, 2, 'M:\\Projects\\PDP\\2023\\ADTRAN\\DS-MEDIUM-3 3129822-E@A\\STAGE 3\\SG3-11 Optical Performance Test IL RL', NULL, NULL, NULL),
(5221, 356, 101, '2023-02-22 10:26:36', '2023-05-31 00:00:00', NULL, '2023-02-22 10:26:36', 0, NULL, NULL, NULL, NULL, NULL, NULL),
(5222, 356, 102, '2023-02-22 10:26:36', '2023-05-31 00:00:00', NULL, '2023-02-22 10:26:36', 0, NULL, NULL, NULL, NULL, NULL, NULL),
(5223, 356, 103, '2023-02-22 10:26:36', '2023-05-31 00:00:00', '2023-05-08 16:17:14', '2023-02-22 10:26:36', -1, 'N/A', 2, NULL, NULL, NULL, NULL),
(5224, 356, 104, '2023-02-22 10:26:36', '2023-05-31 00:00:00', NULL, '2023-02-22 10:26:36', 0, NULL, NULL, NULL, NULL, NULL, NULL),
(5225, 356, 105, '2023-02-22 10:26:36', '2023-05-31 00:00:00', NULL, '2023-02-22 10:26:36', 0, NULL, NULL, NULL, NULL, NULL, NULL),
(5226, 356, 106, '2023-02-22 10:26:36', '2023-05-31 00:00:00', NULL, '2023-02-22 10:26:36', 0, NULL, NULL, NULL, NULL, NULL, NULL),
(5229, 356, 109, '2023-02-22 10:26:36', '2023-05-31 00:00:00', '2023-05-09 12:24:48', '2023-02-22 10:26:36', 1, NULL, 6, 'M:\\Projects\\PDP\\2023\\ADTRAN\\DS-MEDIUM-3 3129822-E@A\\STAGE 1\\Project categorycomplexityworkload hours', NULL, NULL, NULL),
(5230, 356, 110, '2023-02-22 10:26:36', '2023-05-31 00:00:00', NULL, '2023-02-22 10:26:36', 0, NULL, NULL, NULL, NULL, NULL, NULL),
(5231, 356, 111, '2023-02-22 10:26:36', '2023-05-31 00:00:00', '2023-05-09 12:23:48', '2023-02-22 10:26:36', 1, NULL, 6, 'M:\\Projects\\PDP\\2023\\ADTRAN\\DS-MEDIUM-3 3129822-E@A\\STAGE 1\\COE Log status update', NULL, NULL, NULL),
(5232, 356, 112, '2023-02-22 10:26:36', '2023-05-31 00:00:00', NULL, '2023-02-22 10:26:36', 0, NULL, NULL, NULL, NULL, NULL, NULL),
(5233, 356, 113, '2023-02-22 10:26:36', '2023-05-31 00:00:00', '2023-05-09 12:38:04', '2023-02-22 10:26:36', 1, NULL, 6, 'M:\\Projects\\PDP\\2023\\ADTRAN\\DS-MEDIUM-3 3129822-E@A\\STAGE 2\\Purchase Order', NULL, NULL, NULL),
(5234, 356, 114, '2023-02-22 10:26:36', '2023-05-31 00:00:00', NULL, '2023-02-22 10:26:36', 0, NULL, NULL, NULL, NULL, NULL, NULL),
(5240, 356, 120, '2023-02-22 10:26:36', '2023-05-31 00:00:00', '2023-05-09 12:37:49', '2023-02-22 10:26:36', 1, NULL, 6, 'M:\\Projects\\PDP\\2023\\ADTRAN\\DS-MEDIUM-3 3129822-E@A\\STAGE 2\\NAI Work order', NULL, NULL, NULL),
(5241, 356, 121, '2023-02-22 10:26:36', '2023-05-31 00:00:00', NULL, '2023-02-22 10:26:36', 0, NULL, NULL, NULL, NULL, NULL, NULL),
(5242, 356, 122, '2023-02-22 10:26:36', '2023-05-31 00:00:00', NULL, '2023-02-22 10:26:36', 0, NULL, NULL, NULL, NULL, NULL, NULL),
(5243, 356, 123, '2023-02-22 10:26:36', '2023-05-31 00:00:00', NULL, '2023-02-22 10:26:36', 0, NULL, NULL, NULL, NULL, NULL, NULL),
(5244, 356, 124, '2023-02-22 10:26:36', '2023-05-31 00:00:00', '2023-05-18 15:14:54', '2023-02-22 10:26:36', -1, 'N/A', 2, NULL, NULL, NULL, NULL),
(5246, 356, 127, '2023-02-22 10:26:36', '2023-05-31 00:00:00', NULL, '2023-02-22 10:26:36', 0, NULL, NULL, NULL, NULL, NULL, NULL),
(5247, 356, 128, '2023-02-22 10:26:36', '2023-05-31 00:00:00', NULL, '2023-02-22 10:26:36', 0, NULL, NULL, NULL, NULL, NULL, NULL),
(5250, 356, 131, '2023-02-22 10:26:36', '2023-05-31 00:00:00', '2023-05-18 15:15:02', '2023-02-22 10:26:36', -1, 'N/A', 2, NULL, NULL, NULL, NULL),
(5251, 356, 132, '2023-02-22 10:26:36', '2023-05-31 00:00:00', '2023-05-18 15:28:06', '2023-02-22 10:26:36', 1, NULL, 2, 'M:\\Projects\\PDP\\2023\\ADTRAN\\DS-MEDIUM-3 3129822-E@A\\STAGE 3\\SG3-22 Process Compliance - MFG', NULL, NULL, NULL),
(5252, 356, 133, '2023-02-22 10:26:36', '2023-05-31 00:00:00', NULL, '2023-02-22 10:26:36', 0, NULL, NULL, NULL, NULL, NULL, NULL),
(5254, 356, 136, '2023-02-22 10:26:36', '2023-05-31 00:00:00', NULL, '2023-02-22 10:26:36', 0, NULL, NULL, NULL, NULL, NULL, NULL),
(5255, 356, 137, '2023-02-22 10:26:36', '2023-05-31 00:00:00', '2023-05-18 15:02:13', '2023-02-22 10:26:36', -1, 'N/A', 2, NULL, NULL, NULL, NULL),
(5256, 356, 138, '2023-02-22 10:26:36', '2023-05-31 00:00:00', NULL, '2023-02-22 10:26:36', 0, NULL, NULL, NULL, NULL, NULL, NULL),
(5257, 356, 139, '2023-02-22 10:26:36', '2023-05-31 00:00:00', NULL, '2023-02-22 10:26:36', 0, NULL, NULL, NULL, NULL, NULL, NULL),
(5258, 356, 140, '2023-02-22 10:26:36', '2023-05-31 00:00:00', NULL, '2023-02-22 10:26:36', 0, NULL, NULL, NULL, NULL, NULL, NULL),
(5259, 357, 155, '2023-02-22 11:35:18', NULL, '2023-02-22 12:01:29', '2023-02-22 11:35:18', 1, NULL, 21, 'I:\\Ingenieria\\HHJ ALTERNATIVE MATERIAL PLAN\\Alternative tracker 2022\\Actividades de AE\\W 8', NULL, NULL, NULL),
(5260, 358, 155, '2023-02-22 13:42:49', NULL, '2023-02-22 15:39:07', '2023-02-22 13:42:49', 1, NULL, 20, 'I:\\Ingenieria\\HHJ ALTERNATIVE MATERIAL PLAN\\Alternative tracker 2022\\Actividades de AE\\W 8', NULL, NULL, NULL),
(5261, 359, 153, '2023-02-23 09:34:54', '2023-02-22 00:00:00', '2023-02-23 10:49:49', '2023-02-23 09:34:54', 1, NULL, 20, 'I:\\Ingenieria\\HHJ ALTERNATIVE MATERIAL PLAN\\Alternative tracker 2022\\Actividades de AE\\W 8', NULL, NULL, NULL),
(5262, 360, 153, '2023-02-23 10:22:01', '2023-02-22 00:00:00', '2023-02-23 10:50:15', '2023-02-23 10:22:01', 1, NULL, 20, 'I:\\Ingenieria\\HHJ ALTERNATIVE MATERIAL PLAN\\Alternative tracker 2022\\Actividades de AE\\W 8', NULL, NULL, NULL),
(5263, 361, 152, '2023-02-23 14:55:33', NULL, '2023-02-23 14:58:40', '2023-02-23 14:55:33', 1, NULL, 19, 'I:\\Ingenieria\\npi\\CAD\\Drawings Database\\BioSig\\2023022100', NULL, NULL, NULL),
(5264, 362, 154, '2023-02-23 15:04:09', NULL, '2023-02-23 15:08:59', '2023-02-23 15:04:09', 1, NULL, 17, 'I:\\Ingenieria\\npi\\CAD\\Drawings Database\\CONMET\\2023022101', NULL, NULL, NULL),
(5265, 363, 154, '2023-02-23 15:07:50', NULL, '2023-02-23 15:11:29', '2023-02-23 15:07:50', 1, NULL, 19, 'I:\\Ingenieria\\npi\\CAD\\Drawings Database\\Sustaining\\2023022300', NULL, NULL, NULL),
(5266, 364, 153, '2023-02-23 15:55:13', '2023-02-23 00:00:00', '2023-02-23 16:02:26', '2023-02-23 15:55:13', 1, '', 20, 'I:\\Ingenieria\\HHJ ALTERNATIVE MATERIAL PLAN\\Alternative tracker 2022\\Actividades de AE\\W 8', NULL, NULL, NULL),
(5267, 365, 154, '2023-02-23 16:13:59', NULL, '2023-02-23 16:17:55', '2023-02-23 16:13:59', 1, NULL, 16, 'I:\\Ingenieria\\npi\\CAD\\ToPDF\\2023022200', NULL, NULL, NULL),
(5268, 366, 153, '2023-02-24 07:55:39', '2023-02-23 00:00:00', '2023-02-28 08:38:13', '2023-02-24 07:55:39', 1, '', 21, 'I:\\Ingenieria\\HHJ ALTERNATIVE MATERIAL PLAN\\Alternative tracker 2022\\Actividades de AE\\W 9', NULL, NULL, NULL),
(5270, 368, 155, '2023-02-24 09:52:43', NULL, '2023-02-24 11:10:18', '2023-02-24 09:52:43', 1, NULL, 20, 'I:\\Ingenieria\\HHJ ALTERNATIVE MATERIAL PLAN\\Alternative tracker 2022\\Actividades de AE\\W 8', NULL, NULL, NULL),
(5271, 369, 155, '2023-02-24 10:00:31', NULL, '2023-02-24 11:10:28', '2023-02-24 10:00:31', 1, NULL, 20, 'I:\\Ingenieria\\HHJ ALTERNATIVE MATERIAL PLAN\\Alternative tracker 2022\\Actividades de AE\\W 8', NULL, NULL, NULL),
(5272, 371, 155, '2023-02-27 11:47:59', NULL, '2023-02-27 11:58:02', '2023-02-27 11:47:59', 1, NULL, 20, 'I:\\Ingenieria\\HHJ ALTERNATIVE MATERIAL PLAN\\Alternative tracker 2022\\Actividades de AE\\W 9', NULL, NULL, NULL),
(5273, 372, 153, '2023-02-27 11:57:19', NULL, '2023-02-27 12:41:25', '2023-02-27 11:57:19', 1, NULL, 21, 'I:\\Ingenieria\\HHJ ALTERNATIVE MATERIAL PLAN\\Alternative tracker 2022\\Actividades de AE\\W 9', NULL, NULL, NULL),
(5274, 373, 153, '2023-02-27 15:03:44', NULL, '2023-02-27 15:49:14', '2023-02-27 15:03:44', 1, NULL, 20, 'I:\\Ingenieria\\HHJ ALTERNATIVE MATERIAL PLAN\\Alternative tracker 2022\\Actividades de AE\\W 9', NULL, NULL, NULL),
(5275, 374, 155, '2023-02-28 13:55:57', '2023-02-28 00:00:00', '2023-02-28 14:05:48', '2023-02-28 13:55:57', 1, '', 20, 'I:\\Ingenieria\\HHJ ALTERNATIVE MATERIAL PLAN\\Alternative tracker 2022\\Actividades de AE\\W 9', NULL, NULL, NULL),
(5276, 375, 155, '2023-03-01 07:22:38', NULL, '2023-03-01 07:59:53', '2023-03-01 07:22:38', 1, NULL, 20, 'I:\\Ingenieria\\HHJ ALTERNATIVE MATERIAL PLAN\\Alternative tracker 2022\\Actividades de AE\\W 9', NULL, NULL, NULL),
(5277, 376, 155, '2023-03-02 08:08:36', '2023-03-02 00:00:00', '2023-03-06 08:00:57', '2023-03-02 08:08:36', 1, NULL, 21, 'I:\\Ingenieria\\HHJ ALTERNATIVE MATERIAL PLAN\\Alternative tracker 2022\\Actividades de AE\\W 10', NULL, NULL, NULL),
(5278, 377, 153, '2023-03-02 10:39:37', NULL, NULL, '2023-03-02 10:39:37', 0, NULL, NULL, NULL, NULL, NULL, NULL),
(5279, 378, 155, '2023-03-02 11:12:31', NULL, '2023-03-02 13:42:03', '2023-03-02 11:12:31', 1, NULL, 20, 'I:\\Ingenieria\\HHJ ALTERNATIVE MATERIAL PLAN\\Alternative tracker 2022\\Actividades de AE\\W 9', NULL, NULL, NULL),
(5280, 379, 155, '2023-03-02 15:37:58', NULL, '2023-03-06 11:28:25', '2023-03-02 15:37:58', 1, NULL, 20, 'I:\\Ingenieria\\HHJ ALTERNATIVE MATERIAL PLAN\\Alternative tracker 2022\\Actividades de AE\\W 10', NULL, NULL, NULL),
(5281, 380, 155, '2023-03-02 15:41:44', NULL, '2023-03-06 11:29:02', '2023-03-02 15:41:44', 1, NULL, 20, 'I:\\Ingenieria\\HHJ ALTERNATIVE MATERIAL PLAN\\Alternative tracker 2022\\Actividades de AE\\W 10', NULL, NULL, NULL),
(5282, 381, 151, '2023-03-03 10:26:40', '2023-03-19 00:00:00', '2023-03-13 07:10:37', '2023-03-03 10:26:40', 1, NULL, 15, 'I:\\Ingenieria\\HHJ ALTERNATIVE MATERIAL PLAN\\Alternative tracker 2022\\Actividades de AE', NULL, NULL, NULL),
(5283, 382, 155, '2023-03-03 14:30:05', NULL, '2023-03-06 11:31:58', '2023-03-03 14:30:05', 1, NULL, 20, 'I:\\Ingenieria\\HHJ ALTERNATIVE MATERIAL PLAN\\Alternative tracker 2022\\Actividades de AE\\W 10', NULL, NULL, NULL),
(5284, 383, 155, '2023-03-06 11:18:29', NULL, '2023-03-06 11:32:47', '2023-03-06 11:18:29', 1, NULL, 20, 'I:\\Ingenieria\\HHJ ALTERNATIVE MATERIAL PLAN\\Alternative tracker 2022\\Actividades de AE\\W 10', NULL, NULL, NULL),
(5285, 384, 154, '2023-03-06 13:43:22', NULL, '2023-03-06 13:58:19', '2023-03-06 13:43:22', 1, NULL, 19, 'I:\\Ingenieria\\npi\\CAD\\Drawings Database\\Jabil-SALTMED', NULL, NULL, NULL),
(5286, 385, 155, '2023-03-07 07:23:59', NULL, '2023-03-07 09:48:57', '2023-03-07 07:23:59', 1, NULL, 21, 'I:\\Ingenieria\\HHJ ALTERNATIVE MATERIAL PLAN\\Alternative tracker 2022\\Actividades de AE\\W 10', NULL, NULL, NULL),
(5287, 386, 151, '2023-03-07 09:50:29', '2023-03-12 00:00:00', '2023-03-07 15:04:59', '2023-03-07 09:50:29', 1, NULL, 19, 'I:\\Ingenieria\\npi\\CAD\\Drawings Database\\Sustaining\\2023030700', NULL, NULL, NULL),
(5289, 388, 150, '2023-03-07 11:07:01', '2023-03-12 00:00:00', NULL, '2023-03-07 11:07:01', 0, NULL, NULL, NULL, NULL, NULL, NULL),
(5290, 387, 150, '2023-03-07 16:45:50', NULL, NULL, '2023-03-07 16:45:50', 0, '', NULL, '', NULL, NULL, NULL),
(5291, 389, 155, '2023-03-08 08:04:59', '2023-03-07 00:00:00', '2023-03-09 08:53:21', '2023-03-08 08:04:59', 1, NULL, 21, 'I:\\Ingenieria\\HHJ ALTERNATIVE MATERIAL PLAN\\Alternative tracker 2022\\Actividades de AE\\W 10', NULL, NULL, NULL),
(5292, 390, 153, '2023-03-08 08:09:25', NULL, '2023-03-09 08:48:28', '2023-03-08 08:09:25', 1, NULL, 21, 'I:\\Ingenieria\\HHJ ALTERNATIVE MATERIAL PLAN\\Alternative tracker 2022\\Actividades de AE\\W 10', NULL, NULL, NULL),
(5293, 391, 155, '2023-03-08 08:17:02', NULL, '2023-03-08 08:35:58', '2023-03-08 08:17:02', 1, NULL, 20, 'I:\\Ingenieria\\HHJ ALTERNATIVE MATERIAL PLAN\\Alternative tracker 2022\\Actividades de AE\\W 10', NULL, NULL, NULL),
(5294, 392, 153, '2023-03-08 12:05:39', NULL, '2023-03-09 08:45:18', '2023-03-08 12:05:39', 1, NULL, 21, 'I:\\Ingenieria\\HHJ ALTERNATIVE MATERIAL PLAN\\Alternative tracker 2022\\Actividades de AE\\W 10', NULL, NULL, NULL),
(5295, 393, 155, '2023-03-09 07:53:04', NULL, '2023-03-09 09:39:47', '2023-03-09 07:53:04', 1, NULL, 20, 'I:\\Ingenieria\\HHJ ALTERNATIVE MATERIAL PLAN\\Alternative tracker 2022\\Actividades de AE\\W 10', NULL, NULL, NULL),
(5296, 394, 153, '2023-03-09 08:15:18', NULL, NULL, '2023-03-09 08:15:18', 0, NULL, NULL, NULL, NULL, NULL, NULL),
(5297, 395, 155, '2023-03-09 09:05:07', '2023-03-08 00:00:00', '2023-03-09 09:42:30', '2023-03-09 09:05:07', 1, NULL, 20, 'I:\\Ingenieria\\HHJ ALTERNATIVE MATERIAL PLAN\\Alternative tracker 2022\\Actividades de AE\\W 10', NULL, NULL, NULL),
(5298, 396, 153, '2023-03-09 09:50:24', NULL, NULL, '2023-03-09 09:50:24', 0, NULL, NULL, NULL, NULL, NULL, NULL),
(5299, 397, 155, '2023-03-09 10:20:17', NULL, NULL, '2023-03-09 10:20:17', 0, NULL, NULL, NULL, NULL, NULL, NULL),
(5300, 398, 153, '2023-03-09 10:33:02', '2023-03-09 00:00:00', NULL, '2023-03-09 10:33:02', 0, NULL, NULL, NULL, NULL, NULL, NULL),
(5302, 399, 155, '2023-03-13 10:58:12', '2023-03-13 00:00:00', NULL, '2023-03-13 10:58:12', 0, '', NULL, '', NULL, NULL, NULL),
(5303, 400, 155, '2023-03-13 11:54:58', NULL, NULL, '2023-03-13 11:54:58', 0, NULL, NULL, NULL, NULL, NULL, NULL),
(5328, 408, 155, '2023-03-14 10:33:57', '2023-03-14 00:00:00', NULL, '2023-03-14 10:33:57', 0, NULL, NULL, NULL, NULL, NULL, NULL),
(5373, 410, 154, '2023-03-15 07:23:27', NULL, NULL, '2023-03-15 07:23:27', 0, NULL, NULL, NULL, NULL, NULL, NULL),
(5381, 411, 155, '2023-03-15 09:25:25', '2023-03-15 00:00:00', NULL, '2023-03-15 09:25:25', 0, '', NULL, '', NULL, NULL, NULL),
(5383, 413, 154, '2023-03-21 10:51:35', NULL, NULL, '2023-03-21 10:51:35', 0, NULL, NULL, NULL, NULL, NULL, NULL),
(5384, 414, 153, '2023-03-22 10:15:41', NULL, NULL, '2023-03-22 10:15:41', 0, NULL, NULL, NULL, NULL, NULL, NULL),
(5385, 415, 153, '2023-03-22 10:21:40', '2023-03-21 00:00:00', NULL, '2023-03-22 10:21:40', 0, NULL, NULL, NULL, NULL, NULL, NULL),
(5386, 416, 153, '2023-03-22 10:24:57', NULL, NULL, '2023-03-22 10:24:57', 0, NULL, NULL, NULL, NULL, NULL, NULL),
(5387, 417, 153, '2023-03-22 10:27:24', NULL, NULL, '2023-03-22 10:27:24', 0, NULL, NULL, NULL, NULL, NULL, NULL),
(5388, 418, 154, '2023-03-22 10:58:02', '2023-03-21 00:00:00', NULL, '2023-03-22 10:58:02', 0, '', NULL, '', NULL, NULL, NULL),
(5389, 419, 154, '2023-03-23 11:12:05', '2023-03-22 00:00:00', NULL, '2023-03-23 11:12:05', 0, NULL, NULL, NULL, NULL, NULL, NULL),
(5390, 420, 154, '2023-03-23 15:48:31', '2023-04-16 00:00:00', NULL, '2023-03-23 15:48:31', 0, NULL, NULL, NULL, NULL, NULL, NULL),
(5391, 420, 150, '2023-03-23 15:49:16', '2023-04-16 00:00:00', NULL, '2023-03-23 15:49:16', 0, NULL, NULL, NULL, NULL, NULL, NULL),
(5392, 421, 150, '2023-03-24 15:19:28', NULL, NULL, '2023-03-24 15:19:28', 0, NULL, NULL, NULL, NULL, NULL, NULL),
(5393, 422, 155, '2023-03-27 12:29:35', NULL, NULL, '2023-03-27 12:29:35', 0, NULL, NULL, NULL, NULL, NULL, NULL),
(5394, 423, 153, '2023-03-28 11:06:09', '2023-03-27 00:00:00', NULL, '2023-03-28 11:06:09', 0, NULL, NULL, NULL, NULL, NULL, NULL),
(5395, 424, 155, '2023-03-28 11:10:06', NULL, NULL, '2023-03-28 11:10:06', 0, NULL, NULL, NULL, NULL, NULL, NULL),
(5396, 425, 155, '2023-03-28 11:12:36', NULL, NULL, '2023-03-28 11:12:36', 0, NULL, NULL, NULL, NULL, NULL, NULL),
(5397, 426, 153, '2023-03-28 11:19:03', '2023-03-27 00:00:00', NULL, '2023-03-28 11:19:03', 0, NULL, NULL, NULL, NULL, NULL, NULL),
(5398, 427, 154, '2023-03-28 11:28:12', '2023-03-27 00:00:00', NULL, '2023-03-28 11:28:12', 0, NULL, NULL, NULL, NULL, NULL, NULL),
(5399, 428, 155, '2023-03-28 14:01:09', NULL, NULL, '2023-03-28 14:01:09', 0, NULL, NULL, NULL, NULL, NULL, NULL),
(5400, 429, 155, '2023-03-28 14:04:34', NULL, NULL, '2023-03-28 14:04:34', 0, NULL, NULL, NULL, NULL, NULL, NULL),
(5401, 430, 154, '2023-03-30 13:53:35', '2023-03-29 00:00:00', NULL, '2023-03-30 13:53:35', 0, NULL, NULL, NULL, NULL, NULL, NULL),
(5402, 431, 155, '2023-03-30 15:46:31', NULL, NULL, '2023-03-30 15:46:31', 0, NULL, NULL, NULL, NULL, NULL, NULL),
(5403, 432, 153, '2023-03-30 16:20:28', '2023-03-30 00:00:00', NULL, '2023-03-30 16:20:28', 0, NULL, NULL, NULL, NULL, NULL, NULL),
(5404, 433, 155, '2023-03-31 14:03:55', NULL, NULL, '2023-03-31 14:03:55', 0, NULL, NULL, NULL, NULL, NULL, NULL),
(5405, 434, 153, '2023-04-03 07:22:56', NULL, NULL, '2023-04-03 07:22:56', 0, NULL, NULL, NULL, NULL, NULL, NULL),
(5406, 435, 155, '2023-04-03 10:21:57', NULL, NULL, '2023-04-03 10:21:57', 0, NULL, NULL, NULL, NULL, NULL, NULL),
(5407, 436, 154, '2023-04-03 11:55:26', '2023-04-02 00:00:00', NULL, '2023-04-03 11:55:26', 0, NULL, NULL, NULL, NULL, NULL, NULL),
(5408, 437, 153, '2023-04-03 14:38:21', '2023-04-03 00:00:00', NULL, '2023-04-03 14:38:21', 0, NULL, NULL, NULL, NULL, NULL, NULL),
(5409, 438, 153, '2023-04-04 07:25:36', NULL, NULL, '2023-04-04 07:25:36', 0, NULL, NULL, NULL, NULL, NULL, NULL),
(5410, 439, 153, '2023-04-04 07:29:15', '2023-04-03 00:00:00', NULL, '2023-04-04 07:29:15', 0, NULL, NULL, NULL, NULL, NULL, NULL),
(5411, 440, 153, '2023-04-04 08:29:27', '2023-04-03 00:00:00', NULL, '2023-04-04 08:29:27', 0, NULL, NULL, NULL, NULL, NULL, NULL),
(5412, 441, 155, '2023-04-04 13:46:18', '2023-04-04 00:00:00', NULL, '2023-04-04 13:46:18', 0, NULL, NULL, NULL, NULL, NULL, NULL),
(5413, 441, 153, '2023-04-04 13:46:35', '2023-04-04 00:00:00', NULL, '2023-04-04 13:46:35', 0, NULL, NULL, NULL, NULL, NULL, NULL),
(5414, 442, 153, '2023-04-05 16:09:26', '2023-04-09 00:00:00', NULL, '2023-04-05 16:09:26', 0, NULL, NULL, NULL, NULL, NULL, NULL),
(5415, 443, 153, '2023-04-05 16:24:43', '2023-04-09 00:00:00', NULL, '2023-04-05 16:24:43', 0, NULL, NULL, NULL, NULL, NULL, NULL),
(5416, 444, 155, '2023-04-10 16:51:04', NULL, NULL, '2023-04-10 16:51:04', 0, NULL, NULL, NULL, NULL, NULL, NULL),
(5417, 445, 153, '2023-04-10 16:51:21', '2023-04-10 00:00:00', NULL, '2023-04-10 16:51:21', 0, NULL, NULL, NULL, NULL, NULL, NULL),
(5418, 446, 153, '2023-04-11 10:24:40', '2023-04-10 00:00:00', NULL, '2023-04-11 10:24:40', 0, NULL, NULL, NULL, NULL, NULL, NULL),
(5419, 447, 155, '2023-04-11 10:30:02', NULL, NULL, '2023-04-11 10:30:02', 0, NULL, NULL, NULL, NULL, NULL, NULL),
(5420, 448, 153, '2023-04-11 15:32:16', '2023-04-10 00:00:00', NULL, '2023-04-11 15:32:16', 0, NULL, NULL, NULL, NULL, NULL, NULL),
(5421, 449, 155, '2023-04-12 09:41:09', '2023-04-11 00:00:00', NULL, '2023-04-12 09:41:09', 0, NULL, NULL, NULL, NULL, NULL, NULL),
(5422, 450, 153, '2023-04-12 11:42:09', '2023-04-11 00:00:00', NULL, '2023-04-12 11:42:09', 0, NULL, NULL, NULL, NULL, NULL, NULL),
(5423, 451, 155, '2023-04-12 11:44:25', '2023-04-11 00:00:00', NULL, '2023-04-12 11:44:25', 0, NULL, NULL, NULL, NULL, NULL, NULL),
(5424, 452, 153, '2023-04-12 11:50:12', NULL, NULL, '2023-04-12 11:50:12', 0, NULL, NULL, NULL, NULL, NULL, NULL),
(5425, 453, 155, '2023-04-12 13:04:09', '2023-04-11 00:00:00', NULL, '2023-04-12 13:04:09', 0, NULL, NULL, NULL, NULL, NULL, NULL),
(5426, 454, 154, '2023-04-12 14:44:15', '2023-04-11 00:00:00', NULL, '2023-04-12 14:44:15', 0, NULL, NULL, NULL, NULL, NULL, NULL),
(5427, 455, 153, '2023-04-13 10:14:14', '2023-04-16 00:00:00', NULL, '2023-04-13 10:14:14', 0, NULL, NULL, NULL, NULL, NULL, NULL),
(5428, 456, 153, '2023-04-13 16:13:08', NULL, NULL, '2023-04-13 16:13:08', 0, NULL, NULL, NULL, NULL, NULL, NULL),
(5429, 457, 155, '2023-04-14 10:23:51', NULL, NULL, '2023-04-14 10:23:51', 0, NULL, NULL, NULL, NULL, NULL, NULL),
(5430, 458, 155, '2023-04-17 07:40:34', '2023-04-16 00:00:00', NULL, '2023-04-17 07:40:34', 0, NULL, NULL, NULL, NULL, NULL, NULL),
(5431, 459, 150, '2023-04-17 08:26:24', NULL, NULL, '2023-04-17 08:26:24', 0, NULL, NULL, NULL, NULL, NULL, NULL),
(5433, 459, 110, '2023-04-17 08:44:23', NULL, NULL, '2023-04-17 08:44:23', 0, NULL, NULL, NULL, NULL, NULL, NULL),
(5434, 460, 155, '2023-04-17 14:40:41', NULL, NULL, '2023-04-17 14:40:41', 0, NULL, NULL, NULL, NULL, NULL, NULL),
(5435, 461, 153, '2023-04-17 14:43:08', NULL, NULL, '2023-04-17 14:43:08', 0, NULL, NULL, NULL, NULL, NULL, NULL),
(5436, 462, 153, '2023-04-17 15:28:44', NULL, NULL, '2023-04-17 15:28:44', 0, NULL, NULL, NULL, NULL, NULL, NULL),
(5437, 463, 155, '2023-04-17 15:31:20', NULL, NULL, '2023-04-17 15:31:20', 0, NULL, NULL, NULL, NULL, NULL, NULL),
(5438, 464, 150, '2023-04-19 07:50:33', NULL, NULL, '2023-04-19 07:50:33', 0, NULL, NULL, NULL, NULL, NULL, NULL),
(5439, 465, 153, '2023-04-19 11:06:37', NULL, NULL, '2023-04-19 11:06:37', 0, NULL, NULL, NULL, NULL, NULL, NULL),
(5440, 466, 155, '2023-04-19 11:09:29', NULL, NULL, '2023-04-19 11:09:29', 0, NULL, NULL, NULL, NULL, NULL, NULL),
(5441, 467, 155, '2023-04-19 11:11:35', NULL, NULL, '2023-04-19 11:11:35', 0, NULL, NULL, NULL, NULL, NULL, NULL),
(5442, 468, 155, '2023-04-19 11:14:13', NULL, NULL, '2023-04-19 11:14:13', 0, NULL, NULL, NULL, NULL, NULL, NULL),
(5443, 469, 153, '2023-04-19 11:16:56', NULL, NULL, '2023-04-19 11:16:56', 0, NULL, NULL, NULL, NULL, NULL, NULL),
(5444, 470, 153, '2023-04-19 11:20:50', NULL, NULL, '2023-04-19 11:20:50', 0, NULL, NULL, NULL, NULL, NULL, NULL),
(5445, 471, 155, '2023-04-19 11:23:21', NULL, NULL, '2023-04-19 11:23:21', 0, NULL, NULL, NULL, NULL, NULL, NULL),
(5446, 472, 155, '2023-04-19 12:23:51', '2023-04-18 00:00:00', NULL, '2023-04-19 12:23:51', 0, NULL, NULL, NULL, NULL, NULL, NULL),
(5447, 473, 150, '2023-04-21 07:58:02', '2023-05-04 00:00:00', NULL, '2023-04-21 07:58:02', 0, NULL, NULL, NULL, NULL, NULL, NULL),
(5448, 474, 153, '2023-04-21 11:09:36', NULL, NULL, '2023-04-21 11:09:36', 0, NULL, NULL, NULL, NULL, NULL, NULL),
(5449, 475, 153, '2023-04-24 07:37:49', NULL, NULL, '2023-04-24 07:37:49', 0, NULL, NULL, NULL, NULL, NULL, NULL),
(5450, 476, 155, '2023-04-24 07:41:22', NULL, NULL, '2023-04-24 07:41:22', 0, NULL, NULL, NULL, NULL, NULL, NULL),
(5451, 477, 153, '2023-04-24 07:43:53', NULL, NULL, '2023-04-24 07:43:53', 0, NULL, NULL, NULL, NULL, NULL, NULL),
(5452, 478, 153, '2023-04-24 07:58:24', NULL, NULL, '2023-04-24 07:58:24', 0, NULL, NULL, NULL, NULL, NULL, NULL),
(5453, 479, 155, '2023-04-24 07:58:42', NULL, NULL, '2023-04-24 07:58:42', 0, NULL, NULL, NULL, NULL, NULL, NULL),
(5454, 480, 153, '2023-04-24 08:01:43', NULL, NULL, '2023-04-24 08:01:43', 0, NULL, NULL, NULL, NULL, NULL, NULL),
(5455, 481, 155, '2023-04-24 08:02:40', NULL, NULL, '2023-04-24 08:02:40', 0, NULL, NULL, NULL, NULL, NULL, NULL),
(5456, 482, 155, '2023-04-24 08:07:52', NULL, NULL, '2023-04-24 08:07:52', 0, NULL, NULL, NULL, NULL, NULL, NULL),
(5457, 483, 110, '2023-04-24 08:11:39', NULL, NULL, '2023-04-24 08:11:39', 0, NULL, NULL, NULL, NULL, NULL, NULL),
(5458, 473, 110, '2023-04-24 15:39:33', '2023-05-04 00:00:00', NULL, '2023-04-24 15:39:33', 0, NULL, NULL, NULL, NULL, NULL, NULL),
(5459, 473, 113, '2023-04-24 15:39:33', '2023-05-04 00:00:00', '2023-05-23 16:37:09', '2023-04-24 15:39:33', 1, NULL, 6, 'M:\\Projects\\PDP\\2023\\TREK\\AE-HIGH-18  TK-47686R_01\\STAGE 1\\Purchase Order', NULL, NULL, NULL),
(5462, 488, 69, '2023-04-25 07:17:06', '2023-05-17 00:00:00', NULL, '2023-04-25 07:17:06', 0, '', NULL, '', NULL, NULL, NULL),
(5463, 488, 70, '2023-04-25 07:17:06', '2023-05-17 00:00:00', '2023-05-18 15:18:47', '2023-04-25 07:17:06', 1, NULL, 2, 'M:\\Projects\\PDP\\2023\\NAI\\Validations\\ADH 153-FO Y  ADH -153-T\\Product samples', NULL, NULL, NULL),
(5464, 488, 72, '2023-04-25 07:17:06', '2023-05-17 00:00:00', '2023-05-18 15:09:22', '2023-04-25 07:17:06', 1, NULL, 2, 'M:\\Projects\\PDP\\2023\\NAI\\Validations\\ADH 153-FO Y  ADH -153-T', NULL, NULL, NULL),
(5465, 488, 73, '2023-04-25 07:17:06', '2023-05-17 00:00:00', '2023-05-15 09:29:41', '2023-04-25 07:17:06', -1, 'N/A', 2, NULL, NULL, NULL, NULL),
(5466, 488, 74, '2023-04-25 07:17:06', '2023-05-17 00:00:00', '2023-05-15 09:29:13', '2023-04-25 07:17:06', -1, 'N/A', 2, NULL, NULL, NULL, NULL),
(5467, 488, 75, '2023-04-25 07:17:06', '2023-05-17 00:00:00', '2023-05-15 09:29:21', '2023-04-25 07:17:06', -1, 'N/A', 2, NULL, NULL, NULL, NULL),
(5468, 488, 76, '2023-04-25 07:17:06', '2023-05-17 00:00:00', '2023-05-15 09:29:05', '2023-04-25 07:17:06', -1, 'N/A', 2, NULL, NULL, NULL, NULL),
(5469, 488, 77, '2023-04-25 07:17:06', '2023-05-17 00:00:00', '2023-05-15 09:29:29', '2023-04-25 07:17:06', -1, 'N/A', 2, NULL, NULL, NULL, NULL),
(5470, 488, 78, '2023-04-25 07:17:06', '2023-05-17 00:00:00', '2023-05-18 15:15:13', '2023-04-25 07:17:06', -1, 'N/A', 2, NULL, NULL, NULL, NULL),
(5471, 488, 79, '2023-04-25 07:17:06', '2023-05-17 00:00:00', NULL, '2023-04-25 07:17:06', 0, NULL, NULL, NULL, NULL, NULL, NULL),
(5472, 488, 80, '2023-04-25 07:17:06', '2023-05-17 00:00:00', NULL, '2023-04-25 07:17:06', 0, NULL, NULL, NULL, NULL, NULL, NULL),
(5473, 488, 81, '2023-04-25 07:17:06', '2023-05-17 00:00:00', NULL, '2023-04-25 07:17:06', 0, NULL, NULL, NULL, NULL, NULL, NULL),
(5474, 488, 84, '2023-04-25 07:17:06', '2023-05-17 00:00:00', '2023-05-22 16:44:42', '2023-04-25 07:17:06', 1, NULL, 6, 'M:\\Projects\\PDP\\2023\\NAI\\Validations\\ADH 153-FO Y  ADH -153-T\\Approval', NULL, NULL, NULL),
(5475, 488, 132, '2023-04-25 07:17:06', '2023-05-17 00:00:00', '2023-05-23 08:33:14', '2023-04-25 07:17:06', 1, NULL, 2, 'M:\\Projects\\PDP\\2023\\NAI\\Validations\\ADH 153-FO Y  ADH -153-T\\Process compliance', NULL, NULL, NULL),
(5476, 489, 69, '2023-04-25 07:32:45', '2023-05-17 00:00:00', NULL, '2023-04-25 07:32:45', 0, NULL, NULL, NULL, NULL, NULL, NULL),
(5477, 489, 70, '2023-04-25 07:32:45', '2023-05-17 00:00:00', '2023-05-18 15:18:52', '2023-04-25 07:32:45', 1, NULL, 2, 'M:\\Projects\\PDP\\2023\\NAI\\Validations\\ADH 153-FO Y  ADH -153-T\\Product samples', NULL, NULL, NULL),
(5478, 489, 72, '2023-04-25 07:32:45', '2023-05-17 00:00:00', '2023-05-15 09:28:53', '2023-04-25 07:32:45', -1, 'N/A', 2, NULL, NULL, NULL, NULL),
(5479, 489, 73, '2023-04-25 07:32:45', '2023-05-17 00:00:00', '2023-05-15 09:28:40', '2023-04-25 07:32:45', -1, 'N/A', 2, NULL, NULL, NULL, NULL),
(5480, 489, 74, '2023-04-25 07:32:45', '2023-05-17 00:00:00', '2023-05-15 09:28:16', '2023-04-25 07:32:45', -1, 'N/A', 2, NULL, NULL, NULL, NULL),
(5481, 489, 75, '2023-04-25 07:32:45', '2023-05-17 00:00:00', '2023-05-15 09:28:24', '2023-04-25 07:32:45', -1, 'N/A', 2, NULL, NULL, NULL, NULL),
(5482, 489, 76, '2023-04-25 07:32:45', '2023-05-17 00:00:00', '2023-05-15 09:28:08', '2023-04-25 07:32:45', -1, 'NA/', 2, NULL, NULL, NULL, NULL),
(5483, 489, 77, '2023-04-25 07:32:45', '2023-05-17 00:00:00', '2023-05-15 09:28:32', '2023-04-25 07:32:45', -1, 'N/A', 2, NULL, NULL, NULL, NULL),
(5484, 489, 78, '2023-04-25 07:32:45', '2023-05-17 00:00:00', '2023-05-18 15:09:28', '2023-04-25 07:32:45', 1, NULL, 2, 'M:\\Projects\\PDP\\2023\\NAI\\Validations\\ADH 153-FO Y  ADH -153-T', NULL, NULL, NULL),
(5485, 489, 79, '2023-04-25 07:32:45', '2023-05-17 00:00:00', NULL, '2023-04-25 07:32:45', 0, NULL, NULL, NULL, NULL, NULL, NULL),
(5486, 489, 80, '2023-04-25 07:32:45', '2023-05-17 00:00:00', NULL, '2023-04-25 07:32:45', 0, NULL, NULL, NULL, NULL, NULL, NULL),
(5487, 489, 81, '2023-04-25 07:32:45', '2023-05-17 00:00:00', NULL, '2023-04-25 07:32:45', 0, NULL, NULL, NULL, NULL, NULL, NULL),
(5488, 489, 84, '2023-04-25 07:32:45', '2023-05-17 00:00:00', NULL, '2023-04-25 07:32:45', 0, NULL, NULL, NULL, NULL, NULL, NULL),
(5489, 489, 132, '2023-04-25 07:32:45', '2023-05-17 00:00:00', '2023-05-23 08:33:33', '2023-04-25 07:32:45', 1, NULL, 2, 'M:\\Projects\\PDP\\2023\\NAI\\Validations\\ADH 153-FO Y  ADH -153-T\\Process compliance', NULL, NULL, NULL),
(5490, 490, 150, '2023-04-25 07:50:52', '2023-04-25 00:00:00', NULL, '2023-04-25 07:50:52', 0, '', NULL, '', NULL, NULL, NULL),
(5491, 492, 154, '2023-04-25 16:26:11', '2023-04-25 00:00:00', NULL, '2023-04-25 16:26:11', 0, NULL, NULL, NULL, NULL, NULL, NULL),
(5492, 487, 154, '2023-04-25 16:27:12', '2023-05-01 00:00:00', NULL, '2023-04-25 16:27:12', 0, NULL, NULL, NULL, NULL, NULL, NULL),
(5493, 491, 153, '2023-04-25 16:27:23', NULL, NULL, '2023-04-25 16:27:23', 0, NULL, NULL, NULL, NULL, NULL, NULL),
(5494, 486, 154, '2023-04-25 16:27:39', NULL, NULL, '2023-04-25 16:27:39', 0, NULL, NULL, NULL, NULL, NULL, NULL),
(5496, 493, 151, '2023-04-25 16:28:46', '2023-04-27 00:00:00', NULL, '2023-04-25 16:28:46', 0, NULL, NULL, NULL, NULL, NULL, NULL),
(5497, 494, 155, '2023-04-26 07:59:52', NULL, NULL, '2023-04-26 07:59:52', 0, NULL, NULL, NULL, NULL, NULL, NULL),
(5504, 496, 15, '2023-05-02 07:24:13', '2023-05-09 00:00:00', '2023-05-09 07:42:57', '2023-05-02 07:24:13', 1, '', 6, 'M:\\Projects\\PDP\\2023\\PRYSMIAN\\BTP-LOW-11 HFOC Sample\\STAGE 1\\Raw material status report', NULL, NULL, NULL),
(5505, 496, 16, '2023-05-02 07:24:13', '2023-05-09 00:00:00', '2023-05-09 07:37:00', '2023-05-02 07:24:13', -1, 'No need to buy material\n', 6, NULL, NULL, NULL, NULL),
(5507, 496, 19, '2023-05-02 07:24:13', '2023-05-09 00:00:00', '2023-05-09 07:36:23', '2023-05-02 07:24:13', 1, NULL, 6, 'M:\\Projects\\PDP\\2023\\PRYSMIAN\\BTP-LOW-11 HFOC Sample\\STAGE 1\\Formal quotation', NULL, NULL, NULL),
(5508, 496, 21, '2023-05-02 07:24:13', '2023-05-09 00:00:00', '2023-05-09 07:36:36', '2023-05-02 07:24:13', 1, NULL, 6, 'M:\\Projects\\PDP\\2023\\PRYSMIAN\\BTP-LOW-11 HFOC Sample\\STAGE 1\\Project ship date', NULL, NULL, NULL);
INSERT INTO `actividades_proyecto` (`idActividades_proyecto`, `idProyecto`, `idActividad`, `fechaInicio`, `fechaRequerida`, `fechaEntrega`, `fechaCrea`, `completado`, `notas`, `entregadoPor`, `ubicacion`, `fechaAprobacion`, `aprobadoPor`, `respAct`) VALUES
(5509, 496, 22, '2023-05-02 07:24:13', '2023-05-09 00:00:00', '2023-05-09 12:20:56', '2023-05-02 07:24:13', 1, NULL, 6, 'M:\\Projects\\PDP\\2023\\PRYSMIAN\\BTP-LOW-11 HFOC Sample\\STAGE 1\\Tracking # for prototypeFA', NULL, NULL, NULL),
(5510, 496, 70, '2023-05-02 07:24:13', '2023-05-09 00:00:00', '2023-05-08 16:08:08', '2023-05-02 07:24:13', 1, NULL, 2, 'M:\\Projects\\PDP\\2023\\PRYSMIAN\\BTP-LOW-11 HFOC Sample\\PRODUCT SAMPLE', NULL, NULL, NULL),
(5511, 496, 71, '2023-05-02 07:24:13', '2023-05-09 00:00:00', '2023-05-08 16:15:40', '2023-05-02 07:24:13', -1, 'N/A', 2, NULL, NULL, NULL, NULL),
(5512, 496, 82, '2023-05-02 07:24:13', '2023-05-09 00:00:00', '2023-05-08 16:06:23', '2023-05-02 07:24:13', 1, NULL, 2, 'M:\\Projects\\PDP\\2023\\PRYSMIAN\\BTP-LOW-11 HFOC Sample\\AWI', NULL, NULL, NULL),
(5514, 496, 102, '2023-05-02 07:24:13', '2023-05-09 00:00:00', NULL, '2023-05-02 07:24:13', 0, NULL, NULL, NULL, NULL, NULL, NULL),
(5515, 496, 103, '2023-05-02 07:24:13', '2023-05-09 00:00:00', NULL, '2023-05-02 07:24:13', 0, NULL, NULL, NULL, NULL, NULL, NULL),
(5516, 496, 104, '2023-05-02 07:24:13', '2023-05-09 00:00:00', NULL, '2023-05-02 07:24:13', 0, NULL, NULL, NULL, NULL, NULL, NULL),
(5517, 496, 105, '2023-05-02 07:24:13', '2023-05-09 00:00:00', NULL, '2023-05-02 07:24:13', 0, NULL, NULL, NULL, NULL, NULL, NULL),
(5518, 496, 106, '2023-05-02 07:24:13', '2023-05-09 00:00:00', '2023-05-08 16:15:24', '2023-05-02 07:24:13', 1, NULL, 2, 'M:\\Projects\\PDP\\2023\\PRYSMIAN\\BTP-LOW-11 HFOC Sample\\DEVIATION FORMAT', NULL, NULL, NULL),
(5519, 497, 155, '2023-05-02 07:27:39', NULL, NULL, '2023-05-02 07:27:39', 0, NULL, NULL, NULL, NULL, NULL, NULL),
(5520, 498, 155, '2023-05-02 07:38:31', NULL, NULL, '2023-05-02 07:38:31', 0, NULL, NULL, NULL, NULL, NULL, NULL),
(5521, 499, 155, '2023-05-02 07:50:10', NULL, NULL, '2023-05-02 07:50:10', 0, NULL, NULL, NULL, NULL, NULL, NULL),
(5522, 500, 155, '2023-05-02 08:12:20', NULL, NULL, '2023-05-02 08:12:20', 0, NULL, NULL, NULL, NULL, NULL, NULL),
(5523, 501, 155, '2023-05-02 08:15:38', NULL, NULL, '2023-05-02 08:15:38', 0, NULL, NULL, NULL, NULL, NULL, NULL),
(5524, 502, 110, '2023-05-02 08:25:22', NULL, NULL, '2023-05-02 08:25:22', 0, NULL, NULL, NULL, NULL, NULL, NULL),
(5525, 503, 153, '2023-05-02 08:36:13', NULL, NULL, '2023-05-02 08:36:13', 0, NULL, NULL, NULL, NULL, NULL, NULL),
(5526, 504, 154, '2023-05-02 08:42:00', '2023-05-01 00:00:00', NULL, '2023-05-02 08:42:00', 0, NULL, NULL, NULL, NULL, NULL, NULL),
(5527, 505, 155, '2023-05-02 08:44:27', NULL, NULL, '2023-05-02 08:44:27', 0, NULL, NULL, NULL, NULL, NULL, NULL),
(5528, 506, 153, '2023-05-02 08:50:09', NULL, NULL, '2023-05-02 08:50:09', 0, NULL, NULL, NULL, NULL, NULL, NULL),
(5529, 507, 153, '2023-05-02 08:55:17', '0000-00-00 00:00:00', NULL, '2023-05-02 08:55:17', 0, '', NULL, '', NULL, NULL, NULL),
(5530, 507, 155, '2023-05-02 08:55:17', NULL, NULL, '2023-05-02 08:55:17', 0, NULL, NULL, NULL, NULL, NULL, NULL),
(5531, 508, 155, '2023-05-02 09:02:19', NULL, NULL, '2023-05-02 09:02:19', 0, NULL, NULL, NULL, NULL, NULL, NULL),
(5532, 509, 155, '2023-05-02 09:06:26', NULL, NULL, '2023-05-02 09:06:26', 0, NULL, NULL, NULL, NULL, NULL, NULL),
(5533, 510, 155, '2023-05-02 09:30:36', NULL, NULL, '2023-05-02 09:30:36', 0, NULL, NULL, NULL, NULL, NULL, NULL),
(5534, 511, 46, '2023-05-02 09:37:11', NULL, NULL, '2023-05-02 09:37:11', 0, NULL, NULL, NULL, NULL, NULL, NULL),
(5535, 511, 84, '2023-05-02 09:37:11', NULL, NULL, '2023-05-02 09:37:11', 0, NULL, NULL, NULL, NULL, NULL, NULL),
(5536, 512, 155, '2023-05-02 09:56:26', NULL, NULL, '2023-05-02 09:56:26', 0, NULL, NULL, NULL, NULL, NULL, NULL),
(5537, 515, 153, '2023-05-02 10:02:56', '2023-05-01 00:00:00', NULL, '2023-05-02 10:02:56', 0, NULL, NULL, NULL, NULL, NULL, NULL),
(5538, 523, 155, '2023-05-02 10:46:07', NULL, NULL, '2023-05-02 10:46:07', 0, NULL, NULL, NULL, NULL, NULL, NULL),
(5539, 524, 155, '2023-05-03 07:28:19', NULL, NULL, '2023-05-03 07:28:19', 0, NULL, NULL, NULL, NULL, NULL, NULL),
(5540, 526, 153, '2023-05-03 11:29:06', '2023-05-07 00:00:00', NULL, '2023-05-03 11:29:06', 0, '', NULL, '', NULL, NULL, NULL),
(5541, 527, 110, '2023-05-03 11:37:04', NULL, NULL, '2023-05-03 11:37:04', 0, NULL, NULL, NULL, NULL, NULL, NULL),
(5542, 525, 153, '2023-05-03 15:29:05', NULL, NULL, '2023-05-03 15:29:05', 0, NULL, NULL, NULL, NULL, NULL, NULL),
(5543, 528, 153, '2023-05-03 15:30:57', NULL, NULL, '2023-05-03 15:30:57', 0, NULL, NULL, NULL, NULL, NULL, NULL),
(5544, 529, 154, '2023-05-03 15:32:08', NULL, NULL, '2023-05-03 15:32:08', 0, NULL, NULL, NULL, NULL, NULL, NULL),
(5545, 530, 155, '2023-05-03 15:32:53', NULL, NULL, '2023-05-03 15:32:53', 0, NULL, NULL, NULL, NULL, NULL, NULL),
(5546, 533, 155, '2023-05-04 11:47:54', NULL, NULL, '2023-05-04 11:47:54', 0, NULL, NULL, NULL, NULL, NULL, NULL),
(5547, 534, 153, '2023-05-05 12:19:50', NULL, NULL, '2023-05-05 12:19:50', 0, NULL, NULL, NULL, NULL, NULL, NULL),
(5548, 535, 155, '2023-05-08 08:12:57', NULL, NULL, '2023-05-08 08:12:57', 0, NULL, NULL, NULL, NULL, NULL, NULL),
(5549, 536, 155, '2023-05-08 08:16:13', NULL, NULL, '2023-05-08 08:16:13', 0, NULL, NULL, NULL, NULL, NULL, NULL),
(5550, 537, 155, '2023-05-08 08:19:24', NULL, NULL, '2023-05-08 08:19:24', 0, NULL, NULL, NULL, NULL, NULL, NULL),
(5551, 538, 155, '2023-05-08 08:41:05', NULL, NULL, '2023-05-08 08:41:05', 0, NULL, NULL, NULL, NULL, NULL, NULL),
(5552, 539, 153, '2023-05-08 08:54:52', NULL, NULL, '2023-05-08 08:54:52', 0, NULL, NULL, NULL, NULL, NULL, NULL),
(5553, 540, 153, '2023-05-08 08:58:47', NULL, NULL, '2023-05-08 08:58:47', 0, NULL, NULL, NULL, NULL, NULL, NULL),
(5554, 541, 153, '2023-05-08 09:09:32', '2023-05-07 00:00:00', NULL, '2023-05-08 09:09:32', 0, NULL, NULL, NULL, NULL, NULL, NULL),
(5555, 542, 153, '2023-05-08 09:20:59', '2023-05-07 00:00:00', NULL, '2023-05-08 09:20:59', 0, NULL, NULL, NULL, NULL, NULL, NULL),
(5556, 543, 153, '2023-05-08 09:36:47', NULL, NULL, '2023-05-08 09:36:47', 0, NULL, NULL, NULL, NULL, NULL, NULL),
(5557, 544, 153, '2023-05-08 09:41:11', NULL, NULL, '2023-05-08 09:41:11', 0, NULL, NULL, NULL, NULL, NULL, NULL),
(5558, 545, 155, '2023-05-08 09:44:01', NULL, NULL, '2023-05-08 09:44:01', 0, NULL, NULL, NULL, NULL, NULL, NULL),
(5559, 546, 153, '2023-05-08 09:52:18', NULL, NULL, '2023-05-08 09:52:18', 0, NULL, NULL, NULL, NULL, NULL, NULL),
(5560, 547, 155, '2023-05-08 09:56:22', '2023-05-07 00:00:00', NULL, '2023-05-08 09:56:22', 0, NULL, NULL, NULL, NULL, NULL, NULL),
(5561, 548, 110, '2023-05-08 10:03:35', NULL, NULL, '2023-05-08 10:03:35', 0, NULL, NULL, NULL, NULL, NULL, NULL),
(5562, 549, 153, '2023-05-08 10:06:23', NULL, NULL, '2023-05-08 10:06:23', 0, NULL, NULL, NULL, NULL, NULL, NULL),
(5565, 532, 153, '2023-05-08 15:52:34', NULL, NULL, '2023-05-08 15:52:34', 0, NULL, NULL, NULL, NULL, NULL, NULL),
(5566, 551, 153, '2023-05-09 07:51:53', NULL, NULL, '2023-05-09 07:51:53', 0, NULL, NULL, NULL, NULL, NULL, NULL),
(5567, 552, 155, '2023-05-09 10:10:14', NULL, NULL, '2023-05-09 10:10:14', 0, NULL, NULL, NULL, NULL, NULL, NULL),
(5568, 553, 155, '2023-05-09 11:13:53', NULL, NULL, '2023-05-09 11:13:53', 0, NULL, NULL, NULL, NULL, NULL, NULL),
(5569, 554, 155, '2023-05-09 11:34:51', NULL, NULL, '2023-05-09 11:34:51', 0, NULL, NULL, NULL, NULL, NULL, NULL),
(5570, 555, 155, '2023-05-09 16:10:49', NULL, NULL, '2023-05-09 16:10:49', 0, NULL, NULL, NULL, NULL, NULL, NULL),
(5571, 556, 155, '2023-05-10 07:14:03', NULL, NULL, '2023-05-10 07:14:03', 0, NULL, NULL, NULL, NULL, NULL, NULL),
(5572, 557, 153, '2023-05-10 13:16:19', NULL, NULL, '2023-05-10 13:16:19', 0, NULL, NULL, NULL, NULL, NULL, NULL),
(5573, 531, 110, '2023-05-11 07:25:19', NULL, NULL, '2023-05-11 07:25:19', 0, NULL, NULL, NULL, NULL, NULL, NULL),
(5574, 531, 150, '2023-05-11 07:25:19', NULL, NULL, '2023-05-11 07:25:19', 0, NULL, NULL, NULL, NULL, NULL, NULL),
(5575, 531, 153, '2023-05-11 07:25:19', NULL, NULL, '2023-05-11 07:25:19', 0, NULL, NULL, NULL, NULL, NULL, NULL),
(5576, 558, 153, '2023-05-11 08:32:30', NULL, NULL, '2023-05-11 08:32:30', 0, NULL, NULL, NULL, NULL, NULL, NULL),
(5595, 559, 48, '2023-05-12 07:46:14', '2023-05-18 00:00:00', NULL, '2023-05-12 07:46:14', 0, NULL, NULL, NULL, NULL, NULL, NULL),
(5641, 559, 125, '2023-05-12 07:46:14', '2023-05-18 00:00:00', NULL, '2023-05-12 07:46:14', 0, NULL, NULL, NULL, NULL, NULL, NULL),
(5653, 559, 139, '2023-05-12 07:46:14', '2023-05-18 00:00:00', NULL, '2023-05-12 07:46:14', 0, NULL, NULL, NULL, NULL, NULL, NULL),
(5655, 560, 155, '2023-05-12 08:33:39', NULL, NULL, '2023-05-12 08:33:39', 0, NULL, NULL, NULL, NULL, NULL, NULL),
(5656, 561, 155, '2023-05-12 08:41:10', NULL, NULL, '2023-05-12 08:41:10', 0, NULL, NULL, NULL, NULL, NULL, NULL),
(5657, 562, 155, '2023-05-12 11:27:58', NULL, NULL, '2023-05-12 11:27:58', 0, NULL, NULL, NULL, NULL, NULL, NULL),
(5658, 563, 155, '2023-05-12 11:40:56', NULL, NULL, '2023-05-12 11:40:56', 0, NULL, NULL, NULL, NULL, NULL, NULL),
(5660, 568, 15, '2023-05-17 09:09:15', '2023-06-12 00:00:00', '2023-05-23 16:51:39', '2023-05-17 09:09:15', 1, NULL, 6, 'M:\\Projects\\PDP\\2023\\PRYSMIAN\\BTP-LOW-12 HOFC Repeteability Test\\Stage 1\\Raw material status report', NULL, NULL, NULL),
(5661, 568, 16, '2023-05-17 09:09:15', '2023-06-12 00:00:00', '2023-05-23 16:51:23', '2023-05-17 09:09:15', 1, 'N/A', 6, '', NULL, NULL, NULL),
(5663, 568, 19, '2023-05-17 09:09:15', '2023-06-12 00:00:00', '2023-05-23 16:43:19', '2023-05-17 09:09:15', 1, NULL, 6, 'M:\\Projects\\PDP\\2023\\PRYSMIAN\\BTP-LOW-12 HOFC Repeteability Test\\Stage 1\\Formal quotation', NULL, NULL, NULL),
(5664, 568, 21, '2023-05-17 09:09:15', '2023-06-12 00:00:00', NULL, '2023-05-17 09:09:15', 0, NULL, NULL, NULL, NULL, NULL, NULL),
(5665, 568, 22, '2023-05-17 09:09:15', '2023-06-12 00:00:00', NULL, '2023-05-17 09:09:15', 0, NULL, NULL, NULL, NULL, NULL, NULL),
(5666, 568, 70, '2023-05-17 09:09:15', '2023-06-12 00:00:00', NULL, '2023-05-17 09:09:15', 0, NULL, NULL, NULL, NULL, NULL, NULL),
(5667, 568, 71, '2023-05-17 09:09:15', '2023-06-12 00:00:00', '2023-06-26 11:31:46', '2023-05-17 09:09:15', -1, 'N/A', 2, NULL, NULL, NULL, NULL),
(5668, 568, 82, '2023-05-17 09:09:15', '2023-06-12 00:00:00', '2023-06-26 11:31:30', '2023-05-17 09:09:15', -1, 'N/A', 2, NULL, NULL, NULL, NULL),
(5669, 568, 101, '2023-05-17 09:09:15', '2023-06-12 00:00:00', NULL, '2023-05-17 09:09:15', 0, NULL, NULL, NULL, NULL, NULL, NULL),
(5670, 568, 102, '2023-05-17 09:09:15', '2023-06-12 00:00:00', NULL, '2023-05-17 09:09:15', 0, NULL, NULL, NULL, NULL, NULL, NULL),
(5671, 568, 103, '2023-05-17 09:09:15', '2023-06-12 00:00:00', '2023-06-26 11:31:37', '2023-05-17 09:09:15', -1, 'N/A', 2, NULL, NULL, NULL, NULL),
(5672, 568, 104, '2023-05-17 09:09:15', '2023-06-12 00:00:00', NULL, '2023-05-17 09:09:15', 0, NULL, NULL, NULL, NULL, NULL, NULL),
(5673, 568, 105, '2023-05-17 09:09:15', '2023-06-12 00:00:00', NULL, '2023-05-17 09:09:15', 0, NULL, NULL, NULL, NULL, NULL, NULL),
(5674, 568, 106, '2023-05-17 09:09:15', '2023-06-12 00:00:00', '2023-06-26 11:40:43', '2023-05-17 09:09:15', -1, 'N/A', 2, NULL, NULL, NULL, NULL),
(5675, 568, 1, '2023-05-17 09:12:58', '2023-06-12 00:00:00', '2023-05-23 16:41:59', '2023-05-17 09:12:58', 1, NULL, 6, 'M:\\Projects\\PDP\\2023\\PRYSMIAN\\BTP-LOW-12 HOFC Repeteability Test\\Stage 1\\Customer request for COE services', NULL, NULL, NULL),
(5676, 568, 113, '2023-05-17 09:12:58', '2023-06-12 00:00:00', '2023-05-23 16:44:25', '2023-05-17 09:12:58', 1, NULL, 6, 'M:\\Projects\\PDP\\2023\\PRYSMIAN\\BTP-LOW-12 HOFC Repeteability Test\\Stage 2\\Purchase order', NULL, NULL, NULL),
(5677, 568, 120, '2023-05-17 09:12:58', '2023-06-12 00:00:00', '2023-05-23 16:45:50', '2023-05-17 09:12:58', 1, NULL, 6, 'M:\\Projects\\PDP\\2023\\PRYSMIAN\\BTP-LOW-12 HOFC Repeteability Test\\Stage 2\\NAI Work order', NULL, NULL, NULL),
(5678, 569, 153, '2023-05-17 14:08:00', NULL, NULL, '2023-05-17 14:08:00', 0, NULL, NULL, NULL, NULL, NULL, NULL),
(5679, 570, 153, '2023-05-17 14:11:14', NULL, NULL, '2023-05-17 14:11:14', 0, NULL, NULL, NULL, NULL, NULL, NULL),
(5680, 571, 155, '2023-05-17 14:14:31', NULL, NULL, '2023-05-17 14:14:31', 0, NULL, NULL, NULL, NULL, NULL, NULL),
(5681, 572, 154, '2023-05-17 14:16:15', NULL, NULL, '2023-05-17 14:16:15', 0, NULL, NULL, NULL, NULL, NULL, NULL),
(5682, 573, 110, '2023-05-17 14:22:37', NULL, NULL, '2023-05-17 14:22:37', 0, NULL, NULL, NULL, NULL, NULL, NULL),
(5683, 574, 154, '2023-05-17 14:25:37', NULL, NULL, '2023-05-17 14:25:37', 0, NULL, NULL, NULL, NULL, NULL, NULL),
(5684, 576, 155, '2023-05-17 14:57:03', NULL, NULL, '2023-05-17 14:57:03', 0, NULL, NULL, NULL, NULL, NULL, NULL),
(5685, 575, 155, '2023-05-17 15:04:41', NULL, NULL, '2023-05-17 15:04:41', 0, NULL, NULL, NULL, NULL, NULL, NULL),
(5686, 578, 155, '2023-05-17 15:05:28', NULL, NULL, '2023-05-17 15:05:28', 0, NULL, NULL, NULL, NULL, NULL, NULL),
(5687, 579, 155, '2023-05-17 15:08:22', NULL, NULL, '2023-05-17 15:08:22', 0, NULL, NULL, NULL, NULL, NULL, NULL),
(5688, 581, 153, '2023-05-17 15:49:20', NULL, NULL, '2023-05-17 15:49:20', 0, NULL, NULL, NULL, NULL, NULL, NULL),
(5689, 582, 153, '2023-05-17 16:31:48', '2023-05-16 00:00:00', NULL, '2023-05-17 16:31:48', 0, NULL, NULL, NULL, NULL, NULL, NULL),
(5690, 583, 153, '2023-05-18 07:08:05', NULL, NULL, '2023-05-18 07:08:05', 0, NULL, NULL, NULL, NULL, NULL, NULL),
(5691, 584, 155, '2023-05-18 07:16:03', NULL, NULL, '2023-05-18 07:16:03', 0, NULL, NULL, NULL, NULL, NULL, NULL),
(5692, 585, 155, '2023-05-18 08:04:58', NULL, NULL, '2023-05-18 08:04:58', 0, NULL, NULL, NULL, NULL, NULL, NULL),
(5693, 586, 155, '2023-05-18 08:12:13', NULL, NULL, '2023-05-18 08:12:13', 0, NULL, NULL, NULL, NULL, NULL, NULL),
(5694, 587, 153, '2023-05-18 08:21:36', NULL, NULL, '2023-05-18 08:21:36', 0, NULL, NULL, NULL, NULL, NULL, NULL),
(5695, 588, 153, '2023-05-18 08:29:05', NULL, NULL, '2023-05-18 08:29:05', 0, NULL, NULL, NULL, NULL, NULL, NULL),
(5696, 589, 153, '2023-05-18 08:41:37', NULL, NULL, '2023-05-18 08:41:37', 0, NULL, NULL, NULL, NULL, NULL, NULL),
(5697, 589, 155, '2023-05-18 08:41:37', NULL, NULL, '2023-05-18 08:41:37', 0, NULL, NULL, NULL, NULL, NULL, NULL),
(5698, 590, 153, '2023-05-18 08:48:31', NULL, NULL, '2023-05-18 08:48:31', 0, NULL, NULL, NULL, NULL, NULL, NULL),
(5699, 591, 155, '2023-05-18 09:02:51', NULL, NULL, '2023-05-18 09:02:51', 0, NULL, NULL, NULL, NULL, NULL, NULL),
(5700, 592, 153, '2023-05-18 12:43:51', NULL, NULL, '2023-05-18 12:43:51', 0, NULL, NULL, NULL, NULL, NULL, NULL),
(5701, 593, 155, '2023-05-18 13:15:34', NULL, NULL, '2023-05-18 13:15:34', 0, NULL, NULL, NULL, NULL, NULL, NULL),
(5702, 594, 153, '2023-05-18 15:25:33', NULL, NULL, '2023-05-18 15:25:33', 0, NULL, NULL, NULL, NULL, NULL, NULL),
(5703, 595, 154, '2023-05-18 16:46:10', NULL, NULL, '2023-05-18 16:46:10', 0, NULL, NULL, NULL, NULL, NULL, NULL),
(5704, 596, 155, '2023-05-19 08:32:09', NULL, NULL, '2023-05-19 08:32:09', 0, NULL, NULL, NULL, NULL, NULL, NULL),
(5705, 597, 155, '2023-05-19 11:21:59', NULL, NULL, '2023-05-19 11:21:59', 0, NULL, NULL, NULL, NULL, NULL, NULL),
(5706, 599, 154, '2023-05-22 09:03:49', NULL, NULL, '2023-05-22 09:03:49', 0, NULL, NULL, NULL, NULL, NULL, NULL),
(5707, 603, 151, '2023-05-22 11:13:17', '2023-05-21 00:00:00', NULL, '2023-05-22 11:13:17', 0, NULL, NULL, NULL, NULL, NULL, NULL),
(5708, 604, 155, '2023-05-22 12:02:36', NULL, NULL, '2023-05-22 12:02:36', 0, NULL, NULL, NULL, NULL, NULL, NULL),
(5709, 598, 110, '2023-05-22 16:55:43', NULL, NULL, '2023-05-22 16:55:43', 0, NULL, NULL, NULL, NULL, NULL, NULL),
(5710, 598, 150, '2023-05-22 16:55:43', NULL, NULL, '2023-05-22 16:55:43', 0, NULL, NULL, NULL, NULL, NULL, NULL),
(5711, 602, 153, '2023-05-23 07:15:16', NULL, NULL, '2023-05-23 07:15:16', 0, NULL, NULL, NULL, NULL, NULL, NULL),
(5712, 605, 151, '2023-05-23 09:45:20', NULL, NULL, '2023-05-23 09:45:20', 0, NULL, NULL, NULL, NULL, NULL, NULL),
(5713, 606, 155, '2023-05-23 14:37:57', NULL, NULL, '2023-05-23 14:37:57', 0, NULL, NULL, NULL, NULL, NULL, NULL),
(5714, 607, 155, '2023-05-23 15:33:57', NULL, NULL, '2023-05-23 15:33:57', 0, NULL, NULL, NULL, NULL, NULL, NULL),
(5715, 608, 155, '2023-05-23 17:03:31', NULL, NULL, '2023-05-23 17:03:31', 0, NULL, NULL, NULL, NULL, NULL, NULL),
(5716, 610, 153, '2023-05-24 07:24:22', NULL, NULL, '2023-05-24 07:24:22', 0, NULL, NULL, NULL, NULL, NULL, NULL),
(5717, 611, 155, '2023-05-24 10:33:57', NULL, NULL, '2023-05-24 10:33:57', 0, NULL, NULL, NULL, NULL, NULL, NULL),
(5718, 612, 153, '2023-05-25 09:20:04', NULL, NULL, '2023-05-25 09:20:04', 0, NULL, NULL, NULL, NULL, NULL, NULL),
(5719, 613, 153, '2023-05-25 09:49:02', NULL, NULL, '2023-05-25 09:49:02', 0, NULL, NULL, NULL, NULL, NULL, NULL),
(5720, 614, 155, '2023-05-25 10:02:03', NULL, NULL, '2023-05-25 10:02:03', 0, NULL, NULL, NULL, NULL, NULL, NULL),
(5721, 615, 153, '2023-05-25 15:43:14', NULL, NULL, '2023-05-25 15:43:14', 0, NULL, NULL, NULL, NULL, NULL, NULL),
(5722, 605, 125, '2023-05-23 09:45:20', NULL, NULL, '2023-05-23 09:45:20', 0, NULL, NULL, NULL, NULL, NULL, NULL),
(5723, 616, 154, '2023-05-26 07:54:15', NULL, NULL, '2023-05-26 07:54:15', 0, NULL, NULL, NULL, NULL, NULL, NULL),
(5724, 617, 153, '2023-05-26 08:07:10', NULL, NULL, '2023-05-26 08:07:10', 0, NULL, NULL, NULL, NULL, NULL, NULL),
(5725, 618, 155, '2023-05-29 07:45:24', NULL, NULL, '2023-05-29 07:45:24', 0, NULL, NULL, NULL, NULL, NULL, NULL),
(5726, 621, 153, '2023-05-30 08:18:28', NULL, NULL, '2023-05-30 08:18:28', 0, NULL, NULL, NULL, NULL, NULL, NULL),
(5727, 622, 155, '2023-05-30 09:59:41', NULL, NULL, '2023-05-30 09:59:41', 0, NULL, NULL, NULL, NULL, NULL, NULL),
(5728, 623, 153, '2023-05-30 10:34:27', NULL, NULL, '2023-05-30 10:34:27', 0, NULL, NULL, NULL, NULL, NULL, NULL),
(5729, 624, 153, '2023-05-30 10:39:02', NULL, NULL, '2023-05-30 10:39:02', 0, NULL, NULL, NULL, NULL, NULL, NULL),
(5730, 625, 155, '2023-05-30 13:31:18', NULL, NULL, '2023-05-30 13:31:18', 0, NULL, NULL, NULL, NULL, NULL, NULL),
(5731, 626, 155, '2023-05-31 09:36:42', NULL, NULL, '2023-05-31 09:36:42', 0, NULL, NULL, NULL, NULL, NULL, NULL),
(5732, 627, 153, '2023-05-31 09:39:42', NULL, NULL, '2023-05-31 09:39:42', 0, NULL, NULL, NULL, NULL, NULL, NULL),
(5733, 628, 155, '2023-05-31 09:43:43', NULL, NULL, '2023-05-31 09:43:43', 0, NULL, NULL, NULL, NULL, NULL, NULL),
(5734, 629, 155, '2023-05-31 14:06:01', NULL, NULL, '2023-05-31 14:06:01', 0, NULL, NULL, NULL, NULL, NULL, NULL),
(5735, 630, 154, '2023-06-01 08:49:22', NULL, NULL, '2023-06-01 08:49:22', 0, NULL, NULL, NULL, NULL, NULL, NULL),
(5736, 631, 154, '2023-06-01 10:48:10', NULL, NULL, '2023-06-01 10:48:10', 0, NULL, NULL, NULL, NULL, NULL, NULL),
(5737, 632, 155, '2023-06-01 11:32:18', NULL, NULL, '2023-06-01 11:32:18', 0, NULL, NULL, NULL, NULL, NULL, NULL),
(5738, 633, 155, '2023-06-01 13:30:57', NULL, NULL, '2023-06-01 13:30:57', 0, NULL, NULL, NULL, NULL, NULL, NULL),
(5739, 634, 155, '2023-06-01 15:49:10', NULL, NULL, '2023-06-01 15:49:10', 0, NULL, NULL, NULL, NULL, NULL, NULL),
(5740, 635, 155, '2023-06-02 14:16:15', NULL, NULL, '2023-06-02 14:16:15', 0, NULL, NULL, NULL, NULL, NULL, NULL),
(5741, 636, 155, '2023-06-05 07:38:19', NULL, NULL, '2023-06-05 07:38:19', 0, NULL, NULL, NULL, NULL, NULL, NULL),
(5742, 637, 155, '2023-06-05 09:09:51', NULL, NULL, '2023-06-05 09:09:51', 0, NULL, NULL, NULL, NULL, NULL, NULL),
(5743, 638, 155, '2023-06-05 11:47:21', '2023-06-08 00:00:00', NULL, '2023-06-05 11:47:21', 0, NULL, NULL, NULL, NULL, NULL, NULL),
(5744, 639, 155, '2023-06-05 11:47:34', NULL, NULL, '2023-06-05 11:47:34', 0, NULL, NULL, NULL, NULL, NULL, NULL),
(5745, 640, 155, '2023-06-05 13:42:54', NULL, NULL, '2023-06-05 13:42:54', 0, NULL, NULL, NULL, NULL, NULL, NULL),
(5746, 641, 155, '2023-06-05 14:39:06', NULL, NULL, '2023-06-05 14:39:06', 0, NULL, NULL, NULL, NULL, NULL, NULL),
(5747, 642, 155, '2023-06-05 16:57:17', NULL, NULL, '2023-06-05 16:57:17', 0, NULL, NULL, NULL, NULL, NULL, NULL),
(5748, 643, 154, '2023-06-06 09:04:10', NULL, NULL, '2023-06-06 09:04:10', 0, NULL, NULL, NULL, NULL, NULL, NULL),
(5749, 644, 155, '2023-06-06 14:59:15', NULL, NULL, '2023-06-06 14:59:15', 0, NULL, NULL, NULL, NULL, NULL, NULL),
(5750, 645, 155, '2023-06-07 07:35:39', NULL, NULL, '2023-06-07 07:35:39', 0, NULL, NULL, NULL, NULL, NULL, NULL),
(5751, 646, 155, '2023-06-07 08:16:44', NULL, NULL, '2023-06-07 08:16:44', 0, NULL, NULL, NULL, NULL, NULL, NULL),
(5752, 647, 153, '2023-06-07 08:25:55', NULL, NULL, '2023-06-07 08:25:55', 0, NULL, NULL, NULL, NULL, NULL, NULL),
(5753, 648, 155, '2023-06-07 11:50:52', NULL, NULL, '2023-06-07 11:50:52', 0, NULL, NULL, NULL, NULL, NULL, NULL),
(5754, 649, 153, '2023-06-08 15:31:19', NULL, NULL, '2023-06-08 15:31:19', 0, NULL, NULL, NULL, NULL, NULL, NULL),
(5755, 650, 153, '2023-06-08 15:55:37', NULL, NULL, '2023-06-08 15:55:37', 0, NULL, NULL, NULL, NULL, NULL, NULL),
(5756, 651, 155, '2023-06-08 16:00:41', NULL, NULL, '2023-06-08 16:00:41', 0, NULL, NULL, NULL, NULL, NULL, NULL),
(5757, 652, 155, '2023-06-08 16:03:50', NULL, NULL, '2023-06-08 16:03:50', 0, NULL, NULL, NULL, NULL, NULL, NULL),
(5758, 653, 153, '2023-06-08 16:06:06', '2023-06-07 00:00:00', NULL, '2023-06-08 16:06:06', 0, NULL, NULL, NULL, NULL, NULL, NULL),
(5759, 654, 155, '2023-06-08 16:57:46', NULL, NULL, '2023-06-08 16:57:46', 0, NULL, NULL, NULL, NULL, NULL, NULL),
(5760, 655, 153, '2023-06-09 13:38:29', NULL, NULL, '2023-06-09 13:38:29', 0, NULL, NULL, NULL, NULL, NULL, NULL),
(5761, 656, 155, '2023-06-09 13:40:20', NULL, NULL, '2023-06-09 13:40:20', 0, NULL, NULL, NULL, NULL, NULL, NULL),
(5762, 657, 155, '2023-06-09 13:41:59', NULL, NULL, '2023-06-09 13:41:59', 0, NULL, NULL, NULL, NULL, NULL, NULL),
(5763, 658, 153, '2023-06-09 13:43:48', NULL, NULL, '2023-06-09 13:43:48', 0, NULL, NULL, NULL, NULL, NULL, NULL),
(5764, 659, 155, '2023-06-09 13:45:45', NULL, NULL, '2023-06-09 13:45:45', 0, NULL, NULL, NULL, NULL, NULL, NULL),
(5765, 660, 155, '2023-06-12 14:50:18', NULL, NULL, '2023-06-12 14:50:18', 0, NULL, NULL, NULL, NULL, NULL, NULL),
(5766, 661, 155, '2023-06-14 08:06:00', NULL, NULL, '2023-06-14 08:06:00', 0, NULL, NULL, NULL, NULL, NULL, NULL),
(5767, 662, 155, '2023-06-14 08:10:36', NULL, NULL, '2023-06-14 08:10:36', 0, NULL, NULL, NULL, NULL, NULL, NULL),
(5768, 663, 153, '2023-06-14 08:17:16', NULL, NULL, '2023-06-14 08:17:16', 0, NULL, NULL, NULL, NULL, NULL, NULL),
(5769, 664, 153, '2023-06-14 08:19:59', NULL, NULL, '2023-06-14 08:19:59', 0, NULL, NULL, NULL, NULL, NULL, NULL),
(5770, 665, 153, '2023-06-14 08:25:33', NULL, NULL, '2023-06-14 08:25:33', 0, NULL, NULL, NULL, NULL, NULL, NULL),
(5771, 666, 155, '2023-06-14 08:47:59', NULL, NULL, '2023-06-14 08:47:59', 0, NULL, NULL, NULL, NULL, NULL, NULL),
(5772, 667, 155, '2023-06-14 11:47:05', NULL, NULL, '2023-06-14 11:47:05', 0, NULL, NULL, NULL, NULL, NULL, NULL),
(5773, 668, 155, '2023-06-14 16:03:40', NULL, NULL, '2023-06-14 16:03:40', 0, NULL, NULL, NULL, NULL, NULL, NULL),
(5774, 669, 155, '2023-06-15 09:45:21', NULL, NULL, '2023-06-15 09:45:21', 0, NULL, NULL, NULL, NULL, NULL, NULL),
(5775, 670, 23, '2023-06-15 10:18:35', NULL, NULL, '2023-06-15 10:18:35', 0, NULL, NULL, NULL, NULL, NULL, NULL),
(5776, 671, 155, '2023-06-15 16:02:23', NULL, NULL, '2023-06-15 16:02:23', 0, NULL, NULL, NULL, NULL, NULL, NULL),
(5777, 672, 155, '2023-06-15 16:04:42', NULL, NULL, '2023-06-15 16:04:42', 0, NULL, NULL, NULL, NULL, NULL, NULL),
(5778, 673, 155, '2023-06-15 16:10:28', NULL, NULL, '2023-06-15 16:10:28', 0, NULL, NULL, NULL, NULL, NULL, NULL),
(5779, 674, 155, '2023-06-15 16:12:46', NULL, NULL, '2023-06-15 16:12:46', 0, NULL, NULL, NULL, NULL, NULL, NULL),
(5780, 675, 155, '2023-06-15 16:19:44', NULL, NULL, '2023-06-15 16:19:44', 0, NULL, NULL, NULL, NULL, NULL, NULL),
(5781, 676, 110, '2023-06-16 09:34:17', NULL, NULL, '2023-06-16 09:34:17', 0, NULL, NULL, NULL, NULL, NULL, NULL),
(5782, 676, 154, '2023-06-16 09:34:17', NULL, NULL, '2023-06-16 09:34:17', 0, NULL, NULL, NULL, NULL, NULL, NULL),
(5783, 677, 155, '2023-06-16 10:57:22', NULL, NULL, '2023-06-16 10:57:22', 0, NULL, NULL, NULL, NULL, NULL, NULL),
(5784, 678, 155, '2023-06-16 14:14:14', NULL, NULL, '2023-06-16 14:14:14', 0, NULL, NULL, NULL, NULL, NULL, NULL),
(5785, 679, 153, '2023-06-19 15:14:04', NULL, NULL, '2023-06-19 15:14:04', 0, NULL, NULL, NULL, NULL, NULL, NULL),
(5786, 680, 155, '2023-06-20 10:47:26', NULL, NULL, '2023-06-20 10:47:26', 0, NULL, NULL, NULL, NULL, NULL, NULL),
(5787, 681, 155, '2023-06-21 09:34:47', NULL, NULL, '2023-06-21 09:34:47', 0, NULL, NULL, NULL, NULL, NULL, NULL),
(5788, 682, 69, '2023-06-21 14:45:17', '2023-08-14 00:00:00', NULL, '2023-06-21 14:45:17', 0, NULL, NULL, NULL, NULL, NULL, NULL),
(5789, 682, 70, '2023-06-21 14:45:17', '2023-08-14 00:00:00', NULL, '2023-06-21 14:45:17', 0, NULL, NULL, NULL, NULL, NULL, NULL),
(5790, 682, 72, '2023-06-21 14:45:17', '2023-08-14 00:00:00', NULL, '2023-06-21 14:45:17', 0, NULL, NULL, NULL, NULL, NULL, NULL),
(5791, 682, 73, '2023-06-21 14:45:17', '2023-08-14 00:00:00', NULL, '2023-06-21 14:45:17', 0, NULL, NULL, NULL, NULL, NULL, NULL),
(5796, 682, 78, '2023-06-21 14:45:17', '2023-08-14 00:00:00', NULL, '2023-06-21 14:45:17', 0, NULL, NULL, NULL, NULL, NULL, NULL),
(5798, 682, 80, '2023-06-21 14:45:17', '2023-08-14 00:00:00', NULL, '2023-06-21 14:45:17', 0, NULL, NULL, NULL, NULL, NULL, NULL),
(5800, 682, 84, '2023-06-21 14:45:17', '2023-08-14 00:00:00', NULL, '2023-06-21 14:45:17', 0, NULL, NULL, NULL, NULL, NULL, NULL),
(5801, 682, 132, '2023-06-21 14:45:17', '2023-08-14 00:00:00', NULL, '2023-06-21 14:45:17', 0, NULL, NULL, NULL, NULL, NULL, NULL),
(5802, 682, 1, '2023-06-21 15:17:00', '2023-08-14 00:00:00', NULL, '2023-06-21 15:17:00', 0, NULL, NULL, NULL, NULL, NULL, NULL),
(5803, 682, 15, '2023-06-21 15:17:00', '2023-08-14 00:00:00', NULL, '2023-06-21 15:17:00', 0, NULL, NULL, NULL, NULL, NULL, NULL),
(5804, 682, 110, '2023-06-21 15:17:00', '2023-08-14 00:00:00', NULL, '2023-06-21 15:17:00', 0, NULL, NULL, NULL, NULL, NULL, NULL),
(5805, 682, 111, '2023-06-21 15:17:00', '2023-08-14 00:00:00', NULL, '2023-06-21 15:17:00', 0, NULL, NULL, NULL, NULL, NULL, NULL),
(5806, 682, 113, '2023-06-21 15:17:00', '2023-08-14 00:00:00', NULL, '2023-06-21 15:17:00', 0, NULL, NULL, NULL, NULL, NULL, NULL),
(5807, 682, 125, '2023-06-21 15:17:00', '2023-08-14 00:00:00', NULL, '2023-06-21 15:17:00', 0, NULL, NULL, NULL, NULL, NULL, NULL),
(5808, 682, 136, '2023-06-21 15:17:00', '2023-08-14 00:00:00', NULL, '2023-06-21 15:17:00', 0, NULL, NULL, NULL, NULL, NULL, NULL),
(5809, 682, 144, '2023-06-21 15:17:00', '2023-08-14 00:00:00', NULL, '2023-06-21 15:17:00', 0, NULL, NULL, NULL, NULL, NULL, NULL),
(5810, 683, 153, '2023-06-22 07:50:20', '2023-06-21 00:00:00', NULL, '2023-06-22 07:50:20', 0, NULL, NULL, NULL, NULL, NULL, NULL),
(5811, 684, 155, '2023-06-22 08:00:53', NULL, NULL, '2023-06-22 08:00:53', 0, NULL, NULL, NULL, NULL, NULL, NULL),
(5812, 685, 1, '2023-06-22 09:11:58', NULL, NULL, '2023-06-22 09:11:58', 0, NULL, NULL, NULL, NULL, NULL, NULL),
(5813, 685, 3, '2023-06-22 09:11:58', NULL, NULL, '2023-06-22 09:11:58', 0, NULL, NULL, NULL, NULL, NULL, NULL),
(5814, 685, 15, '2023-06-22 09:11:58', NULL, NULL, '2023-06-22 09:11:58', 0, NULL, NULL, NULL, NULL, NULL, NULL),
(5815, 685, 16, '2023-06-22 09:11:58', NULL, NULL, '2023-06-22 09:11:58', 0, NULL, NULL, NULL, NULL, NULL, NULL),
(5816, 685, 17, '2023-06-22 09:11:58', NULL, NULL, '2023-06-22 09:11:58', 0, NULL, NULL, NULL, NULL, NULL, NULL),
(5817, 685, 18, '2023-06-22 09:11:58', NULL, NULL, '2023-06-22 09:11:58', 0, NULL, NULL, NULL, NULL, NULL, NULL),
(5818, 685, 19, '2023-06-22 09:11:58', NULL, NULL, '2023-06-22 09:11:58', 0, NULL, NULL, NULL, NULL, NULL, NULL),
(5819, 685, 20, '2023-06-22 09:11:58', NULL, NULL, '2023-06-22 09:11:58', 0, NULL, NULL, NULL, NULL, NULL, NULL),
(5820, 685, 21, '2023-06-22 09:11:58', NULL, NULL, '2023-06-22 09:11:58', 0, NULL, NULL, NULL, NULL, NULL, NULL),
(5821, 685, 22, '2023-06-22 09:11:58', NULL, NULL, '2023-06-22 09:11:58', 0, NULL, NULL, NULL, NULL, NULL, NULL),
(5822, 685, 23, '2023-06-22 09:11:58', NULL, NULL, '2023-06-22 09:11:58', 0, NULL, NULL, NULL, NULL, NULL, NULL),
(5823, 685, 29, '2023-06-22 09:11:58', NULL, NULL, '2023-06-22 09:11:58', 0, NULL, NULL, NULL, NULL, NULL, NULL),
(5824, 685, 30, '2023-06-22 09:11:58', NULL, NULL, '2023-06-22 09:11:58', 0, NULL, NULL, NULL, NULL, NULL, NULL),
(5825, 685, 35, '2023-06-22 09:11:58', NULL, NULL, '2023-06-22 09:11:58', 0, NULL, NULL, NULL, NULL, NULL, NULL),
(5826, 685, 36, '2023-06-22 09:11:58', NULL, NULL, '2023-06-22 09:11:58', 0, NULL, NULL, NULL, NULL, NULL, NULL),
(5827, 685, 39, '2023-06-22 09:11:58', NULL, NULL, '2023-06-22 09:11:58', 0, NULL, NULL, NULL, NULL, NULL, NULL),
(5828, 685, 42, '2023-06-22 09:11:58', NULL, NULL, '2023-06-22 09:11:58', 0, NULL, NULL, NULL, NULL, NULL, NULL),
(5829, 685, 46, '2023-06-22 09:11:58', NULL, NULL, '2023-06-22 09:11:58', 0, NULL, NULL, NULL, NULL, NULL, NULL),
(5830, 685, 48, '2023-06-22 09:11:58', NULL, NULL, '2023-06-22 09:11:58', 0, NULL, NULL, NULL, NULL, NULL, NULL),
(5831, 685, 49, '2023-06-22 09:11:58', NULL, NULL, '2023-06-22 09:11:58', 0, NULL, NULL, NULL, NULL, NULL, NULL),
(5832, 685, 52, '2023-06-22 09:11:58', NULL, NULL, '2023-06-22 09:11:58', 0, NULL, NULL, NULL, NULL, NULL, NULL),
(5833, 685, 56, '2023-06-22 09:11:58', NULL, NULL, '2023-06-22 09:11:58', 0, NULL, NULL, NULL, NULL, NULL, NULL),
(5834, 685, 57, '2023-06-22 09:11:58', NULL, NULL, '2023-06-22 09:11:58', 0, NULL, NULL, NULL, NULL, NULL, NULL),
(5835, 685, 68, '2023-06-22 09:11:58', NULL, NULL, '2023-06-22 09:11:58', 0, NULL, NULL, NULL, NULL, NULL, NULL),
(5836, 685, 69, '2023-06-22 09:11:58', NULL, NULL, '2023-06-22 09:11:58', 0, NULL, NULL, NULL, NULL, NULL, NULL),
(5837, 685, 70, '2023-06-22 09:11:58', NULL, NULL, '2023-06-22 09:11:58', 0, NULL, NULL, NULL, NULL, NULL, NULL),
(5838, 685, 71, '2023-06-22 09:11:58', NULL, NULL, '2023-06-22 09:11:58', 0, NULL, NULL, NULL, NULL, NULL, NULL),
(5839, 685, 72, '2023-06-22 09:11:58', NULL, NULL, '2023-06-22 09:11:58', 0, NULL, NULL, NULL, NULL, NULL, NULL),
(5840, 685, 73, '2023-06-22 09:11:58', NULL, NULL, '2023-06-22 09:11:58', 0, NULL, NULL, NULL, NULL, NULL, NULL),
(5841, 685, 74, '2023-06-22 09:11:58', NULL, NULL, '2023-06-22 09:11:58', 0, NULL, NULL, NULL, NULL, NULL, NULL),
(5842, 685, 75, '2023-06-22 09:11:58', NULL, NULL, '2023-06-22 09:11:58', 0, NULL, NULL, NULL, NULL, NULL, NULL),
(5843, 685, 76, '2023-06-22 09:11:58', NULL, NULL, '2023-06-22 09:11:58', 0, NULL, NULL, NULL, NULL, NULL, NULL),
(5844, 685, 77, '2023-06-22 09:11:58', NULL, NULL, '2023-06-22 09:11:58', 0, NULL, NULL, NULL, NULL, NULL, NULL),
(5845, 685, 78, '2023-06-22 09:11:58', NULL, NULL, '2023-06-22 09:11:58', 0, NULL, NULL, NULL, NULL, NULL, NULL),
(5846, 685, 79, '2023-06-22 09:11:58', NULL, NULL, '2023-06-22 09:11:58', 0, NULL, NULL, NULL, NULL, NULL, NULL),
(5847, 685, 80, '2023-06-22 09:11:58', NULL, NULL, '2023-06-22 09:11:58', 0, NULL, NULL, NULL, NULL, NULL, NULL),
(5848, 685, 81, '2023-06-22 09:11:58', NULL, NULL, '2023-06-22 09:11:58', 0, NULL, NULL, NULL, NULL, NULL, NULL),
(5849, 685, 82, '2023-06-22 09:11:58', NULL, NULL, '2023-06-22 09:11:58', 0, NULL, NULL, NULL, NULL, NULL, NULL),
(5850, 685, 83, '2023-06-22 09:11:58', NULL, NULL, '2023-06-22 09:11:58', 0, NULL, NULL, NULL, NULL, NULL, NULL),
(5851, 685, 84, '2023-06-22 09:11:58', NULL, NULL, '2023-06-22 09:11:58', 0, NULL, NULL, NULL, NULL, NULL, NULL),
(5852, 685, 101, '2023-06-22 09:11:58', NULL, NULL, '2023-06-22 09:11:58', 0, NULL, NULL, NULL, NULL, NULL, NULL),
(5853, 685, 102, '2023-06-22 09:11:58', NULL, NULL, '2023-06-22 09:11:58', 0, NULL, NULL, NULL, NULL, NULL, NULL),
(5854, 685, 103, '2023-06-22 09:11:58', NULL, NULL, '2023-06-22 09:11:58', 0, NULL, NULL, NULL, NULL, NULL, NULL),
(5855, 685, 104, '2023-06-22 09:11:58', NULL, NULL, '2023-06-22 09:11:58', 0, NULL, NULL, NULL, NULL, NULL, NULL),
(5856, 685, 105, '2023-06-22 09:11:58', NULL, NULL, '2023-06-22 09:11:58', 0, NULL, NULL, NULL, NULL, NULL, NULL),
(5857, 685, 106, '2023-06-22 09:11:58', NULL, NULL, '2023-06-22 09:11:58', 0, NULL, NULL, NULL, NULL, NULL, NULL),
(5858, 685, 107, '2023-06-22 09:11:58', NULL, NULL, '2023-06-22 09:11:58', 0, NULL, NULL, NULL, NULL, NULL, NULL),
(5859, 685, 108, '2023-06-22 09:11:58', NULL, NULL, '2023-06-22 09:11:58', 0, NULL, NULL, NULL, NULL, NULL, NULL),
(5860, 685, 109, '2023-06-22 09:11:58', NULL, NULL, '2023-06-22 09:11:58', 0, NULL, NULL, NULL, NULL, NULL, NULL),
(5861, 685, 110, '2023-06-22 09:11:58', NULL, NULL, '2023-06-22 09:11:58', 0, NULL, NULL, NULL, NULL, NULL, NULL),
(5862, 685, 111, '2023-06-22 09:11:58', NULL, NULL, '2023-06-22 09:11:58', 0, NULL, NULL, NULL, NULL, NULL, NULL),
(5863, 685, 112, '2023-06-22 09:11:58', NULL, NULL, '2023-06-22 09:11:58', 0, NULL, NULL, NULL, NULL, NULL, NULL),
(5864, 685, 113, '2023-06-22 09:11:58', NULL, NULL, '2023-06-22 09:11:58', 0, NULL, NULL, NULL, NULL, NULL, NULL),
(5865, 685, 114, '2023-06-22 09:11:58', NULL, NULL, '2023-06-22 09:11:58', 0, NULL, NULL, NULL, NULL, NULL, NULL),
(5866, 685, 115, '2023-06-22 09:11:58', NULL, NULL, '2023-06-22 09:11:58', 0, NULL, NULL, NULL, NULL, NULL, NULL),
(5867, 685, 116, '2023-06-22 09:11:58', NULL, NULL, '2023-06-22 09:11:58', 0, NULL, NULL, NULL, NULL, NULL, NULL),
(5868, 685, 117, '2023-06-22 09:11:58', NULL, NULL, '2023-06-22 09:11:58', 0, NULL, NULL, NULL, NULL, NULL, NULL),
(5869, 685, 118, '2023-06-22 09:11:58', NULL, NULL, '2023-06-22 09:11:58', 0, NULL, NULL, NULL, NULL, NULL, NULL),
(5870, 685, 119, '2023-06-22 09:11:58', NULL, NULL, '2023-06-22 09:11:58', 0, NULL, NULL, NULL, NULL, NULL, NULL),
(5871, 685, 120, '2023-06-22 09:11:58', NULL, NULL, '2023-06-22 09:11:58', 0, NULL, NULL, NULL, NULL, NULL, NULL),
(5872, 685, 121, '2023-06-22 09:11:58', NULL, NULL, '2023-06-22 09:11:58', 0, NULL, NULL, NULL, NULL, NULL, NULL),
(5873, 685, 122, '2023-06-22 09:11:58', NULL, NULL, '2023-06-22 09:11:58', 0, NULL, NULL, NULL, NULL, NULL, NULL),
(5874, 685, 123, '2023-06-22 09:11:58', NULL, NULL, '2023-06-22 09:11:58', 0, NULL, NULL, NULL, NULL, NULL, NULL),
(5875, 685, 124, '2023-06-22 09:11:58', NULL, NULL, '2023-06-22 09:11:58', 0, NULL, NULL, NULL, NULL, NULL, NULL),
(5876, 685, 125, '2023-06-22 09:11:58', NULL, NULL, '2023-06-22 09:11:58', 0, NULL, NULL, NULL, NULL, NULL, NULL),
(5877, 685, 127, '2023-06-22 09:11:58', NULL, NULL, '2023-06-22 09:11:58', 0, NULL, NULL, NULL, NULL, NULL, NULL),
(5878, 685, 128, '2023-06-22 09:11:58', NULL, NULL, '2023-06-22 09:11:58', 0, NULL, NULL, NULL, NULL, NULL, NULL),
(5879, 685, 129, '2023-06-22 09:11:58', NULL, NULL, '2023-06-22 09:11:58', 0, NULL, NULL, NULL, NULL, NULL, NULL),
(5880, 685, 130, '2023-06-22 09:11:58', NULL, NULL, '2023-06-22 09:11:58', 0, NULL, NULL, NULL, NULL, NULL, NULL),
(5881, 685, 131, '2023-06-22 09:11:58', NULL, NULL, '2023-06-22 09:11:58', 0, NULL, NULL, NULL, NULL, NULL, NULL),
(5882, 685, 132, '2023-06-22 09:11:58', NULL, NULL, '2023-06-22 09:11:58', 0, NULL, NULL, NULL, NULL, NULL, NULL),
(5883, 685, 133, '2023-06-22 09:11:58', NULL, NULL, '2023-06-22 09:11:58', 0, NULL, NULL, NULL, NULL, NULL, NULL),
(5884, 685, 134, '2023-06-22 09:11:58', NULL, NULL, '2023-06-22 09:11:58', 0, NULL, NULL, NULL, NULL, NULL, NULL),
(5885, 685, 136, '2023-06-22 09:11:58', NULL, NULL, '2023-06-22 09:11:58', 0, NULL, NULL, NULL, NULL, NULL, NULL),
(5886, 685, 137, '2023-06-22 09:11:58', NULL, NULL, '2023-06-22 09:11:58', 0, NULL, NULL, NULL, NULL, NULL, NULL),
(5887, 685, 138, '2023-06-22 09:11:58', NULL, NULL, '2023-06-22 09:11:58', 0, NULL, NULL, NULL, NULL, NULL, NULL),
(5888, 685, 139, '2023-06-22 09:11:58', NULL, NULL, '2023-06-22 09:11:58', 0, NULL, NULL, NULL, NULL, NULL, NULL),
(5889, 685, 140, '2023-06-22 09:11:58', NULL, NULL, '2023-06-22 09:11:58', 0, NULL, NULL, NULL, NULL, NULL, NULL),
(5890, 686, 15, '2023-06-22 09:15:27', '2023-07-13 00:00:00', NULL, '2023-06-22 09:15:27', 0, NULL, NULL, NULL, NULL, NULL, NULL),
(5891, 686, 16, '2023-06-22 09:15:27', '2023-07-13 00:00:00', NULL, '2023-06-22 09:15:27', 0, NULL, NULL, NULL, NULL, NULL, NULL),
(5892, 686, 18, '2023-06-22 09:15:27', '2023-07-13 00:00:00', NULL, '2023-06-22 09:15:27', 0, NULL, NULL, NULL, NULL, NULL, NULL),
(5893, 686, 19, '2023-06-22 09:15:27', '2023-07-13 00:00:00', NULL, '2023-06-22 09:15:27', 0, NULL, NULL, NULL, NULL, NULL, NULL),
(5894, 686, 21, '2023-06-22 09:15:27', '2023-07-13 00:00:00', NULL, '2023-06-22 09:15:27', 0, NULL, NULL, NULL, NULL, NULL, NULL),
(5895, 686, 22, '2023-06-22 09:15:27', '2023-07-13 00:00:00', NULL, '2023-06-22 09:15:27', 0, NULL, NULL, NULL, NULL, NULL, NULL),
(5896, 686, 70, '2023-06-22 09:15:27', '2023-07-13 00:00:00', NULL, '2023-06-22 09:15:27', 0, NULL, NULL, NULL, NULL, NULL, NULL),
(5897, 686, 71, '2023-06-22 09:15:27', '2023-07-13 00:00:00', NULL, '2023-06-22 09:15:27', 0, NULL, NULL, NULL, NULL, NULL, NULL),
(5898, 686, 82, '2023-06-22 09:15:27', '2023-07-13 00:00:00', NULL, '2023-06-22 09:15:27', 0, NULL, NULL, NULL, NULL, NULL, NULL),
(5899, 686, 101, '2023-06-22 09:15:27', '2023-07-13 00:00:00', NULL, '2023-06-22 09:15:27', 0, NULL, NULL, NULL, NULL, NULL, NULL),
(5900, 686, 102, '2023-06-22 09:15:27', '2023-07-13 00:00:00', NULL, '2023-06-22 09:15:27', 0, NULL, NULL, NULL, NULL, NULL, NULL),
(5901, 686, 103, '2023-06-22 09:15:27', '2023-07-13 00:00:00', NULL, '2023-06-22 09:15:27', 0, NULL, NULL, NULL, NULL, NULL, NULL),
(5902, 686, 104, '2023-06-22 09:15:27', '2023-07-13 00:00:00', NULL, '2023-06-22 09:15:27', 0, NULL, NULL, NULL, NULL, NULL, NULL),
(5903, 686, 105, '2023-06-22 09:15:27', '2023-07-13 00:00:00', NULL, '2023-06-22 09:15:27', 0, NULL, NULL, NULL, NULL, NULL, NULL),
(5904, 686, 106, '2023-06-22 09:15:27', '2023-07-13 00:00:00', NULL, '2023-06-22 09:15:27', 0, NULL, NULL, NULL, NULL, NULL, NULL),
(5905, 687, 117, '2023-06-22 14:52:17', NULL, NULL, '2023-06-22 14:52:17', 0, NULL, NULL, NULL, NULL, NULL, NULL),
(5906, 688, 153, '2023-06-22 15:40:04', NULL, NULL, '2023-06-22 15:40:04', 0, NULL, NULL, NULL, NULL, NULL, NULL),
(5907, 689, 155, '2023-06-22 15:43:29', NULL, NULL, '2023-06-22 15:43:29', 0, NULL, NULL, NULL, NULL, NULL, NULL),
(5908, 690, 153, '2023-06-22 15:49:06', NULL, NULL, '2023-06-22 15:49:06', 0, NULL, NULL, NULL, NULL, NULL, NULL),
(5909, 691, 153, '2023-06-22 15:50:49', NULL, NULL, '2023-06-22 15:50:49', 0, NULL, NULL, NULL, NULL, NULL, NULL),
(5910, 692, 155, '2023-06-22 15:53:13', NULL, NULL, '2023-06-22 15:53:13', 0, NULL, NULL, NULL, NULL, NULL, NULL),
(5911, 693, 153, '2023-06-22 15:56:29', NULL, NULL, '2023-06-22 15:56:29', 0, NULL, NULL, NULL, NULL, NULL, NULL),
(5912, 694, 155, '2023-06-22 15:58:05', NULL, NULL, '2023-06-22 15:58:05', 0, NULL, NULL, NULL, NULL, NULL, NULL),
(5913, 695, 153, '2023-06-22 16:00:00', NULL, NULL, '2023-06-22 16:00:00', 0, NULL, NULL, NULL, NULL, NULL, NULL),
(5914, 696, 153, '2023-06-22 16:01:50', NULL, NULL, '2023-06-22 16:01:50', 0, NULL, NULL, NULL, NULL, NULL, NULL),
(5915, 697, 153, '2023-06-22 16:59:20', NULL, NULL, '2023-06-22 16:59:20', 0, NULL, NULL, NULL, NULL, NULL, NULL),
(5916, 698, 15, '2023-06-28 17:03:13', NULL, NULL, '2023-06-28 17:03:13', 0, NULL, NULL, NULL, NULL, NULL, NULL),
(5917, 698, 16, '2023-06-28 17:03:13', NULL, NULL, '2023-06-28 17:03:13', 0, NULL, NULL, NULL, NULL, NULL, NULL),
(5918, 698, 18, '2023-06-28 17:03:13', NULL, NULL, '2023-06-28 17:03:13', 0, NULL, NULL, NULL, NULL, NULL, NULL),
(5919, 698, 19, '2023-06-28 17:03:13', NULL, NULL, '2023-06-28 17:03:13', 0, NULL, NULL, NULL, NULL, NULL, NULL),
(5920, 698, 21, '2023-06-28 17:03:13', NULL, NULL, '2023-06-28 17:03:13', 0, NULL, NULL, NULL, NULL, NULL, NULL),
(5921, 698, 22, '2023-06-28 17:03:13', NULL, NULL, '2023-06-28 17:03:13', 0, NULL, NULL, NULL, NULL, NULL, NULL),
(5922, 698, 70, '2023-06-28 17:03:13', NULL, NULL, '2023-06-28 17:03:13', 0, NULL, NULL, NULL, NULL, NULL, NULL),
(5923, 698, 71, '2023-06-28 17:03:13', NULL, NULL, '2023-06-28 17:03:13', 0, NULL, NULL, NULL, NULL, NULL, NULL),
(5924, 698, 82, '2023-06-28 17:03:13', NULL, NULL, '2023-06-28 17:03:13', 0, NULL, NULL, NULL, NULL, NULL, NULL),
(5925, 698, 101, '2023-06-28 17:03:13', NULL, NULL, '2023-06-28 17:03:13', 0, NULL, NULL, NULL, NULL, NULL, NULL),
(5926, 698, 102, '2023-06-28 17:03:13', NULL, NULL, '2023-06-28 17:03:13', 0, NULL, NULL, NULL, NULL, NULL, NULL),
(5927, 698, 103, '2023-06-28 17:03:13', NULL, NULL, '2023-06-28 17:03:13', 0, NULL, NULL, NULL, NULL, NULL, NULL),
(5928, 698, 104, '2023-06-28 17:03:13', NULL, NULL, '2023-06-28 17:03:13', 0, NULL, NULL, NULL, NULL, NULL, NULL),
(5929, 698, 105, '2023-06-28 17:03:13', NULL, NULL, '2023-06-28 17:03:13', 0, NULL, NULL, NULL, NULL, NULL, NULL),
(5930, 698, 106, '2023-06-28 17:03:13', NULL, NULL, '2023-06-28 17:03:13', 0, NULL, NULL, NULL, NULL, NULL, NULL),
(5931, 699, 155, '2023-06-29 13:40:16', NULL, NULL, '2023-06-29 13:40:16', 0, NULL, NULL, NULL, NULL, NULL, NULL),
(5932, 700, 154, '2023-06-29 16:01:35', NULL, NULL, '2023-06-29 16:01:35', 0, NULL, NULL, NULL, NULL, NULL, NULL),
(5933, 701, 155, '2023-06-30 07:40:25', NULL, NULL, '2023-06-30 07:40:25', 0, NULL, NULL, NULL, NULL, NULL, NULL),
(5934, 702, 155, '2023-06-30 07:43:14', NULL, NULL, '2023-06-30 07:43:14', 0, NULL, NULL, NULL, NULL, NULL, NULL),
(5935, 703, 155, '2023-06-30 07:45:53', NULL, NULL, '2023-06-30 07:45:53', 0, NULL, NULL, NULL, NULL, NULL, NULL),
(5936, 704, 155, '2023-06-30 07:48:04', NULL, NULL, '2023-06-30 07:48:04', 0, NULL, NULL, NULL, NULL, NULL, NULL),
(5937, 705, 155, '2023-06-30 07:49:52', NULL, NULL, '2023-06-30 07:49:52', 0, NULL, NULL, NULL, NULL, NULL, NULL),
(5938, 706, 155, '2023-06-30 08:02:12', NULL, NULL, '2023-06-30 08:02:12', 0, NULL, NULL, NULL, NULL, NULL, NULL),
(5939, 707, 155, '2023-06-30 08:09:12', NULL, NULL, '2023-06-30 08:09:12', 0, NULL, NULL, NULL, NULL, NULL, NULL),
(5940, 708, 155, '2023-06-30 08:11:23', NULL, NULL, '2023-06-30 08:11:23', 0, NULL, NULL, NULL, NULL, NULL, NULL),
(5941, 709, 155, '2023-06-30 08:14:13', NULL, NULL, '2023-06-30 08:14:13', 0, NULL, NULL, NULL, NULL, NULL, NULL),
(5942, 710, 155, '2023-06-30 08:18:02', NULL, NULL, '2023-06-30 08:18:02', 0, NULL, NULL, NULL, NULL, NULL, NULL),
(5943, 711, 155, '2023-06-30 08:21:06', NULL, NULL, '2023-06-30 08:21:06', 0, NULL, NULL, NULL, NULL, NULL, NULL),
(5944, 712, 125, '2023-06-30 10:56:48', NULL, NULL, '2023-06-30 10:56:48', 0, NULL, NULL, NULL, NULL, NULL, NULL),
(5945, 713, 155, '2023-06-30 11:08:15', NULL, NULL, '2023-06-30 11:08:15', 0, NULL, NULL, NULL, NULL, NULL, NULL),
(5946, 714, 153, '2023-07-03 13:46:49', NULL, NULL, '2023-07-03 13:46:49', 0, NULL, NULL, NULL, NULL, NULL, NULL),
(5947, 715, 153, '2023-07-03 13:54:37', NULL, NULL, '2023-07-03 13:54:37', 0, NULL, NULL, NULL, NULL, NULL, NULL),
(5948, 716, 152, '2023-07-03 14:54:14', NULL, NULL, '2023-07-03 14:54:14', 0, NULL, NULL, NULL, NULL, NULL, NULL),
(5949, 717, 155, '2023-07-03 16:45:38', NULL, NULL, '2023-07-03 16:45:38', 0, NULL, NULL, NULL, NULL, NULL, NULL),
(5950, 718, 155, '2023-07-04 14:20:02', NULL, NULL, '2023-07-04 14:20:02', 0, NULL, NULL, NULL, NULL, NULL, NULL),
(5951, 719, 153, '2023-07-04 14:48:53', NULL, NULL, '2023-07-04 14:48:53', 0, NULL, NULL, NULL, NULL, NULL, NULL),
(5952, 720, 153, '2023-07-04 14:53:50', NULL, NULL, '2023-07-04 14:53:50', 0, NULL, NULL, NULL, NULL, NULL, NULL),
(5953, 721, 150, '2023-07-05 15:07:27', NULL, NULL, '2023-07-05 15:07:27', 0, NULL, NULL, NULL, NULL, NULL, NULL),
(5954, 722, 151, '2023-07-05 15:49:25', NULL, NULL, '2023-07-05 15:49:25', 0, NULL, NULL, NULL, NULL, NULL, NULL),
(5955, 723, 155, '2023-07-06 07:49:39', NULL, NULL, '2023-07-06 07:49:39', 0, NULL, NULL, NULL, NULL, NULL, NULL),
(5956, 724, 151, '2023-07-06 07:53:57', '2023-07-10 00:00:00', NULL, '2023-07-06 07:53:57', 0, NULL, NULL, NULL, NULL, NULL, NULL),
(5957, 725, 151, '2023-07-06 07:55:59', NULL, NULL, '2023-07-06 07:55:59', 0, NULL, NULL, NULL, NULL, NULL, NULL),
(5958, 726, 155, '2023-07-06 08:10:34', NULL, NULL, '2023-07-06 08:10:34', 0, NULL, NULL, NULL, NULL, NULL, NULL),
(5959, 727, 153, '2023-07-06 08:39:42', NULL, NULL, '2023-07-06 08:39:42', 0, NULL, NULL, NULL, NULL, NULL, NULL),
(5960, 729, 153, '2023-07-06 08:44:45', NULL, NULL, '2023-07-06 08:44:45', 0, NULL, NULL, NULL, NULL, NULL, NULL),
(5961, 728, 155, '2023-07-06 08:57:17', NULL, NULL, '2023-07-06 08:57:17', 0, NULL, NULL, NULL, NULL, NULL, NULL),
(5962, 730, 155, '2023-07-06 08:58:09', '2023-07-06 00:00:00', NULL, '2023-07-06 08:58:09', 0, NULL, NULL, NULL, NULL, NULL, NULL),
(5963, 731, 155, '2023-07-10 10:17:11', NULL, NULL, '2023-07-10 10:17:11', 0, NULL, NULL, NULL, NULL, NULL, NULL),
(5964, 732, 155, '2023-07-10 14:12:18', NULL, NULL, '2023-07-10 14:12:18', 0, NULL, NULL, NULL, NULL, NULL, NULL),
(5965, 733, 155, '2023-07-10 14:38:38', NULL, NULL, '2023-07-10 14:38:38', 0, NULL, NULL, NULL, NULL, NULL, NULL),
(5966, 734, 155, '2023-07-10 16:52:39', NULL, NULL, '2023-07-10 16:52:39', 0, NULL, NULL, NULL, NULL, NULL, NULL),
(5967, 735, 154, '2023-07-11 08:10:34', NULL, NULL, '2023-07-11 08:10:34', 0, NULL, NULL, NULL, NULL, NULL, NULL),
(5968, 736, 155, '2023-07-11 09:21:30', NULL, NULL, '2023-07-11 09:21:30', 0, NULL, NULL, NULL, NULL, NULL, NULL),
(5969, 737, 155, '2023-07-11 11:13:41', NULL, NULL, '2023-07-11 11:13:41', 0, NULL, NULL, NULL, NULL, NULL, NULL),
(5970, 738, 155, '2023-07-11 15:45:42', NULL, NULL, '2023-07-11 15:45:42', 0, NULL, NULL, NULL, NULL, NULL, NULL),
(5971, 739, 155, '2023-07-12 13:40:26', NULL, NULL, '2023-07-12 13:40:26', 0, NULL, NULL, NULL, NULL, NULL, NULL),
(5972, 740, 155, '2023-07-12 16:55:46', NULL, NULL, '2023-07-12 16:55:46', 0, NULL, NULL, NULL, NULL, NULL, NULL),
(5973, 741, 155, '2023-07-13 09:44:46', NULL, NULL, '2023-07-13 09:44:46', 0, NULL, NULL, NULL, NULL, NULL, NULL);

-- --------------------------------------------------------

--
-- Estructura de tabla para la tabla `actividad_dependencia`
--

CREATE TABLE `actividad_dependencia` (
  `idActividadDependencia` int(11) NOT NULL,
  `idActividad` int(11) NOT NULL,
  `idActRequerida` int(11) NOT NULL,
  `createdDate` datetime NOT NULL DEFAULT CURRENT_TIMESTAMP
) ENGINE=InnoDB DEFAULT CHARSET=utf8 COLLATE=utf8_unicode_ci;

--
-- Volcado de datos para la tabla `actividad_dependencia`
--

INSERT INTO `actividad_dependencia` (`idActividadDependencia`, `idActividad`, `idActRequerida`, `createdDate`) VALUES
(1, 107, 1, '2022-02-28 10:42:37'),
(2, 3, 1, '2022-02-28 10:43:15'),
(5, 110, 3, '2022-02-28 10:47:07'),
(6, 15, 110, '2022-02-28 10:47:39'),
(7, 16, 15, '2022-02-28 10:48:15'),
(9, 17, 20, '2022-02-28 10:49:14'),
(10, 112, 3, '2022-02-28 10:50:35'),
(11, 101, 20, '2022-02-28 10:51:02'),
(12, 23, 3, '2022-02-28 10:51:42'),
(15, 30, 20, '2022-02-28 10:55:56'),
(16, 115, 3, '2022-02-28 10:56:36'),
(17, 35, 3, '2022-02-28 10:56:59'),
(18, 36, 3, '2022-02-28 10:57:22'),
(19, 39, 20, '2022-02-28 10:58:21'),
(20, 39, 17, '2022-02-28 10:58:42'),
(21, 39, 134, '2022-02-28 10:59:19'),
(22, 42, 119, '2022-02-28 11:00:02'),
(23, 46, 110, '2022-02-28 11:00:28'),
(24, 102, 119, '2022-02-28 11:01:06'),
(25, 103, 119, '2022-02-28 11:01:34'),
(26, 117, 15, '2022-02-28 11:04:10'),
(28, 119, 20, '2022-02-28 11:06:11'),
(29, 119, 17, '2022-02-28 11:06:42'),
(30, 119, 134, '2022-02-28 11:07:16'),
(31, 119, 120, '2022-02-28 11:07:37'),
(32, 121, 20, '2022-02-28 11:08:16'),
(33, 123, 20, '2022-02-28 11:08:59'),
(34, 109, 1, '2022-02-28 11:12:38'),
(35, 123, 1, '2022-02-28 11:16:26'),
(38, 125, 110, '2022-02-28 11:18:15'),
(39, 125, 20, '2022-02-28 11:18:22'),
(41, 127, 101, '2022-02-28 11:20:36'),
(42, 137, 119, '2022-02-28 11:22:47'),
(43, 139, 20, '2022-02-28 11:25:24'),
(44, 68, 121, '2022-02-28 11:26:04'),
(45, 68, 105, '2022-02-28 11:26:33'),
(46, 69, 110, '2022-02-28 11:29:57'),
(47, 69, 106, '2022-02-28 11:30:15'),
(48, 70, 139, '2022-02-28 11:31:16'),
(49, 70, 120, '2022-02-28 11:31:48'),
(51, 72, 70, '2022-02-28 11:33:38'),
(52, 72, 3, '2022-02-28 11:34:07'),
(53, 71, 70, '2022-02-28 11:34:44'),
(54, 73, 70, '2022-02-28 11:36:08'),
(55, 73, 3, '2022-02-28 11:36:27'),
(56, 74, 142, '2022-02-28 11:37:10'),
(57, 74, 141, '2022-02-28 11:37:40'),
(58, 74, 70, '2022-02-28 11:39:24'),
(59, 74, 3, '2022-02-28 11:39:41'),
(60, 75, 3, '2022-02-28 11:40:22'),
(61, 75, 70, '2022-02-28 11:40:33'),
(62, 75, 141, '2022-02-28 11:40:48'),
(63, 75, 142, '2022-02-28 11:41:20'),
(64, 76, 3, '2022-02-28 11:41:53'),
(65, 76, 70, '2022-02-28 11:41:59'),
(66, 76, 142, '2022-02-28 11:42:11'),
(67, 76, 141, '2022-02-28 11:42:20'),
(68, 77, 3, '2022-02-28 12:26:38'),
(69, 77, 70, '2022-02-28 12:26:48'),
(70, 77, 142, '2022-02-28 12:27:09'),
(71, 77, 141, '2022-02-28 12:27:31'),
(72, 78, 3, '2022-02-28 12:28:17'),
(73, 78, 70, '2022-02-28 12:28:23'),
(74, 79, 3, '2022-02-28 12:37:06'),
(75, 79, 70, '2022-02-28 12:37:30'),
(77, 80, 144, '2022-02-28 12:38:48'),
(78, 80, 143, '2022-02-28 12:38:57'),
(79, 81, 144, '2022-02-28 12:39:38'),
(80, 81, 143, '2022-02-28 12:39:47'),
(81, 82, 69, '2022-02-28 12:40:47'),
(82, 82, 70, '2022-02-28 12:40:58'),
(83, 83, 82, '2022-02-28 12:45:20'),
(84, 104, 70, '2022-02-28 12:45:54'),
(85, 104, 139, '2022-02-28 12:46:34'),
(86, 128, 127, '2022-02-28 12:47:09'),
(87, 105, 139, '2022-02-28 12:47:58'),
(88, 106, 70, '2022-02-28 12:48:38'),
(89, 132, 70, '2022-02-28 12:49:03'),
(90, 133, 70, '2022-02-28 12:49:24'),
(91, 136, 123, '2022-02-28 12:50:09'),
(92, 138, 105, '2022-02-28 12:51:48'),
(93, 136, 70, '2022-02-28 12:52:22'),
(94, 140, 139, '2022-02-28 12:52:57'),
(95, 129, 82, '2022-02-28 12:54:26'),
(96, 130, 128, '2022-02-28 12:54:49'),
(97, 20, 110, '2022-02-28 13:01:28'),
(98, 21, 1, '2022-02-28 13:02:12'),
(99, 108, 1, '2022-02-28 13:03:10'),
(100, 111, 109, '2022-02-28 13:04:00'),
(101, 113, 1, '2022-02-28 13:06:20'),
(102, 114, 20, '2022-02-28 13:07:48');

-- --------------------------------------------------------

--
-- Estructura de tabla para la tabla `actividad_recursos_adicionales`
--

CREATE TABLE `actividad_recursos_adicionales` (
  `idRecursosAdicionales` int(11) NOT NULL,
  `idActividades_proyecto` int(11) NOT NULL,
  `idUsuario` int(11) NOT NULL,
  `fechaInicio` datetime DEFAULT CURRENT_TIMESTAMP,
  `fechaRequerida` datetime DEFAULT NULL,
  `fechaEntrega` datetime DEFAULT NULL,
  `ubicacion` varchar(300) COLLATE utf8_unicode_ci NOT NULL,
  `comentarios` varchar(300) COLLATE utf8_unicode_ci NOT NULL,
  `fechaCrea` datetime NOT NULL DEFAULT CURRENT_TIMESTAMP
) ENGINE=InnoDB DEFAULT CHARSET=utf8 COLLATE=utf8_unicode_ci;

--
-- Volcado de datos para la tabla `actividad_recursos_adicionales`
--

INSERT INTO `actividad_recursos_adicionales` (`idRecursosAdicionales`, `idActividades_proyecto`, `idUsuario`, `fechaInicio`, `fechaRequerida`, `fechaEntrega`, `ubicacion`, `comentarios`, `fechaCrea`) VALUES
(28, 5290, 19, '2023-03-07 16:54:47', NULL, NULL, '', '', '2023-03-07 16:54:47'),
(57, 5282, 15, '2023-03-10 16:19:08', NULL, '2023-03-13 07:10:37', 'I:\\Ingenieria\\HHJ ALTERNATIVE MATERIAL PLAN\\Alternative tracker 2022\\Actividades de AE', '', '2023-03-10 16:19:08'),
(62, 5302, 20, '2023-03-13 11:51:46', '2023-03-13 00:00:00', '2023-03-13 12:04:44', 'I:\\Ingenieria\\HHJ ALTERNATIVE MATERIAL PLAN\\Alternative tracker 2022\\Actividades de AE\\W 11', '', '2023-03-13 11:51:46'),
(63, 5303, 21, '2023-03-13 11:55:08', '2023-03-13 00:00:00', '2023-03-13 11:58:51', 'I:\\Ingenieria\\HHJ ALTERNATIVE MATERIAL PLAN\\Alternative tracker 2022\\Actividades de AE\\W 11', '', '2023-03-13 11:55:08'),
(64, 5298, 20, '2023-03-13 14:06:25', NULL, '2023-03-15 10:05:49', 'I:\\Ingenieria\\HHJ ALTERNATIVE MATERIAL PLAN\\Alternative tracker 2022\\Actividades de AE\\W 11', '', '2023-03-13 14:06:25'),
(65, 5300, 21, '2023-03-13 14:08:07', NULL, '2023-03-17 11:43:18', 'I:\\Ingenieria\\HHJ ALTERNATIVE MATERIAL PLAN\\Alternative tracker 2022\\Actividades de AE\\W 11', '', '2023-03-13 14:08:07'),
(66, 5278, 20, '2023-03-13 14:08:25', NULL, '2023-03-28 11:35:35', 'I:\\Ingenieria\\HHJ ALTERNATIVE MATERIAL PLAN\\Alternative tracker 2022\\Actividades de AE\\W 12', '', '2023-03-13 14:08:25'),
(67, 5296, 20, '2023-03-13 14:08:39', NULL, '2023-03-28 11:37:42', 'I:\\Ingenieria\\HHJ ALTERNATIVE MATERIAL PLAN\\Alternative tracker 2022\\Actividades de AE\\W 11', '', '2023-03-13 14:08:39'),
(68, 5299, 20, '2023-03-13 14:08:54', NULL, '2023-03-15 10:04:40', 'I:\\Ingenieria\\HHJ ALTERNATIVE MATERIAL PLAN\\Alternative tracker 2022\\Actividades de AE\\W 11', '', '2023-03-13 14:08:54'),
(69, 5289, 16, '2023-03-13 14:09:14', NULL, '2023-04-03 11:33:20', 'I:\\Ingenieria\\npi\\CAD\\Drawings Database\\EV Connector', '', '2023-03-13 14:09:14'),
(70, 5278, 21, '2023-03-13 14:32:36', NULL, '2023-03-22 12:07:05', 'I:\\Ingenieria\\HHJ ALTERNATIVE MATERIAL PLAN\\Alternative tracker 2022\\Actividades de AE\\Actividades previas', '', '2023-03-13 14:32:36'),
(74, 5328, 21, '2023-03-14 10:34:42', NULL, '2023-04-03 12:09:04', 'I:\\Ingenieria\\HHJ ALTERNATIVE MATERIAL PLAN\\Alternative tracker 2022\\Actividades de AE\\Actividades previas', '', '2023-03-14 10:34:42'),
(81, 5373, 19, '2023-03-15 07:23:27', NULL, '2023-03-15 08:03:10', 'I:\\Ingenieria\\npi\\CAD\\Drawings Database\\Sustaining\\2023031500', '', '2023-03-15 07:23:27'),
(85, 5381, 20, '2023-03-15 09:25:40', NULL, '2023-03-15 10:03:02', 'I:\\Ingenieria\\HHJ ALTERNATIVE MATERIAL PLAN\\Alternative tracker 2022\\Actividades de AE\\W 11', '', '2023-03-15 09:25:40'),
(87, 5383, 17, '2023-03-21 10:51:35', NULL, '2023-03-21 10:57:56', 'I:\\Ingenieria\\npi\\CAD\\Drawings Database\\Sustaining\\2023032100', '', '2023-03-21 10:51:35'),
(88, 5384, 20, '2023-03-22 10:15:41', NULL, '2023-03-28 11:39:31', 'I:\\Ingenieria\\HHJ ALTERNATIVE MATERIAL PLAN\\Alternative tracker 2022\\Actividades de AE\\W 12', '', '2023-03-22 10:15:41'),
(89, 5385, 20, '2023-03-22 10:21:40', NULL, '2023-03-28 11:27:54', 'I:\\Ingenieria\\HHJ ALTERNATIVE MATERIAL PLAN\\Alternative tracker 2022\\Actividades de AE\\W 12', '', '2023-03-22 10:21:40'),
(90, 5386, 21, '2023-03-22 10:24:57', NULL, '2023-03-22 13:14:44', 'I:\\Ingenieria\\HHJ ALTERNATIVE MATERIAL PLAN\\Alternative tracker 2022\\Actividades de AE\\W 12', '', '2023-03-22 10:24:57'),
(91, 5387, 21, '2023-03-22 10:27:24', NULL, '2023-03-22 12:24:01', 'I:\\Ingenieria\\HHJ ALTERNATIVE MATERIAL PLAN\\Alternative tracker 2022\\Actividades de AE\\W 12', '', '2023-03-22 10:27:24'),
(92, 5388, 19, '2023-03-22 10:58:02', NULL, '2023-03-22 12:01:35', 'I:\\Ingenieria\\npi\\CAD\\Drawings Database\\Sustaining\\2023032200', '', '2023-03-22 10:58:02'),
(93, 5389, 19, '2023-03-23 11:12:06', NULL, '2023-03-23 14:37:39', '\\\\hmofp02\\COMUN-NAI\\Ingenieria\\npi\\CAD\\Drawings Database\\Advanced Energy\\Advanced Energy New Designs 12 09 2021', '', '2023-03-23 11:12:06'),
(94, 5390, 19, '2023-03-24 00:00:00', '2023-04-17 00:00:00', '2023-04-21 14:53:20', 'I:\\Ingenieria\\npi\\CAD\\Drawings Database\\Jabil-SALTMED\\20230417_00', '', '2023-03-23 15:48:31'),
(95, 5391, 19, '2023-03-17 00:00:00', '2023-04-17 00:00:00', '2023-04-21 14:53:16', 'I:\\Ingenieria\\npi\\CAD\\Drawings Database\\Jabil-SALTMED\\20230417_00', '', '2023-03-23 15:49:16'),
(96, 5392, 17, '2023-03-24 00:00:00', NULL, '2023-03-24 15:38:38', 'I:\\Ingenieria\\npi\\CAD\\Drawings Database\\Sustaining\\2023032400', '', '2023-03-24 15:19:28'),
(98, 5393, 20, '2023-03-27 12:29:35', NULL, '2023-03-28 11:41:23', 'I:\\Ingenieria\\HHJ ALTERNATIVE MATERIAL PLAN\\Alternative tracker 2022\\Actividades de AE\\W 13', '', '2023-03-27 12:29:35'),
(99, 5394, 21, '2023-03-24 00:00:00', '2023-03-28 00:00:00', '2023-03-28 11:14:06', 'I:\\Ingenieria\\HHJ ALTERNATIVE MATERIAL PLAN\\Alternative tracker 2022\\Actividades de AE\\W 13', '', '2023-03-28 11:06:09'),
(100, 5395, 20, '2023-03-27 00:00:00', '2023-03-28 00:00:00', '2023-03-28 11:42:49', 'I:\\Ingenieria\\HHJ ALTERNATIVE MATERIAL PLAN\\Alternative tracker 2022\\Actividades de AE\\W 13', '', '2023-03-28 11:10:07'),
(101, 5396, 20, '2023-03-27 00:00:00', '2023-03-28 00:00:00', '2023-03-28 11:44:22', 'I:\\Ingenieria\\HHJ ALTERNATIVE MATERIAL PLAN\\Alternative tracker 2022\\Actividades de AE\\W 13', '', '2023-03-28 11:12:36'),
(102, 5397, 21, '2023-03-28 11:19:03', NULL, '2023-03-28 14:55:57', 'I:\\Ingenieria\\HHJ ALTERNATIVE MATERIAL PLAN\\Alternative tracker 2022\\Actividades de AE\\W 13', '', '2023-03-28 11:19:03'),
(103, 5398, 19, '2023-03-28 11:28:12', NULL, '2023-03-30 15:04:59', 'I:\\Ingenieria\\npi\\CAD\\Drawings Database\\Advanced Energy\\Advanced Energy New Designs 12 09 2021', '', '2023-03-28 11:28:12'),
(104, 5399, 20, '2023-03-28 14:01:09', NULL, '2023-03-29 15:15:46', 'I:\\Ingenieria\\HHJ ALTERNATIVE MATERIAL PLAN\\Alternative tracker 2022\\Actividades de AE\\W 13', '', '2023-03-28 14:01:09'),
(105, 5400, 20, '2023-03-28 14:04:34', NULL, '2023-03-29 15:28:52', 'I:\\Ingenieria\\HHJ ALTERNATIVE MATERIAL PLAN\\Alternative tracker 2022\\Actividades de AE\\W 13', '', '2023-03-28 14:04:34'),
(106, 5401, 17, '2023-03-30 13:53:35', NULL, '2023-03-30 15:03:44', 'I:\\Ingenieria\\npi\\CAD\\Drawings Database\\BioSig\\2023033000', '', '2023-03-30 13:53:35'),
(107, 5402, 20, '2023-03-30 15:46:31', NULL, '2023-04-03 07:26:06', 'I:\\Ingenieria\\HHJ ALTERNATIVE MATERIAL PLAN\\Alternative tracker 2022\\Actividades de AE\\W 13', '', '2023-03-30 15:46:31'),
(108, 5403, 21, '2023-03-30 16:20:28', NULL, '2023-03-31 14:47:43', 'I:\\Ingenieria\\HHJ ALTERNATIVE MATERIAL PLAN\\Alternative tracker 2022\\Actividades de AE\\W 13', '', '2023-03-30 16:20:28'),
(109, 5404, 20, '2023-03-31 14:03:55', NULL, '2023-04-03 07:26:12', 'I:\\Ingenieria\\HHJ ALTERNATIVE MATERIAL PLAN\\Alternative tracker 2022\\Actividades de AE\\W 13', '', '2023-03-31 14:03:55'),
(110, 5405, 20, '2023-04-03 07:22:56', NULL, '2023-04-03 07:27:13', 'I:\\Ingenieria\\HHJ ALTERNATIVE MATERIAL PLAN\\Alternative tracker 2022\\Actividades de AE\\W 13', '', '2023-04-03 07:22:56'),
(111, 5406, 20, '2023-04-03 10:21:57', NULL, '2023-04-05 14:48:42', 'I:\\Ingenieria\\HHJ ALTERNATIVE MATERIAL PLAN\\Alternative tracker 2022\\Actividades de AE\\W 14', '', '2023-04-03 10:21:57'),
(113, 5408, 21, '2023-04-03 14:38:21', NULL, '2023-04-04 07:42:56', 'I:\\Ingenieria\\HHJ ALTERNATIVE MATERIAL PLAN\\Alternative tracker 2022\\Actividades de AE\\W 14', '', '2023-04-03 14:38:21'),
(114, 5409, 21, '2023-04-04 07:25:36', NULL, NULL, '', '', '2023-04-04 07:25:36'),
(115, 5410, 21, '2023-04-04 07:29:15', NULL, '2023-04-04 12:02:29', 'I:\\Ingenieria\\HHJ ALTERNATIVE MATERIAL PLAN\\Alternative tracker 2022\\Actividades de AE\\W 14', '', '2023-04-04 07:29:15'),
(116, 5411, 20, '2023-04-04 08:29:27', NULL, '2023-04-05 14:47:51', 'I:\\Ingenieria\\HHJ ALTERNATIVE MATERIAL PLAN\\Alternative tracker 2022\\Actividades de AE\\W 14', '', '2023-04-04 08:29:27'),
(117, 5412, 21, '2023-04-04 13:46:18', NULL, '2023-04-04 15:44:32', 'I:\\Ingenieria\\HHJ ALTERNATIVE MATERIAL PLAN\\Alternative tracker 2022\\Actividades de AE\\W 14', '', '2023-04-04 13:46:18'),
(118, 5413, 21, '2023-04-04 13:46:35', NULL, '2023-04-04 15:42:16', 'I:\\Ingenieria\\HHJ ALTERNATIVE MATERIAL PLAN\\Alternative tracker 2022\\Actividades de AE\\W 14', '', '2023-04-04 13:46:35'),
(119, 5414, 21, '2023-04-05 16:09:26', NULL, '2023-04-11 09:41:01', 'I:\\Ingenieria\\HHJ ALTERNATIVE MATERIAL PLAN\\Alternative tracker 2022\\Actividades de AE\\W 15', '', '2023-04-05 16:09:26'),
(120, 5415, 20, '2023-04-05 16:24:43', NULL, '2023-04-10 13:38:27', 'I:\\Ingenieria\\HHJ ALTERNATIVE MATERIAL PLAN\\Alternative tracker 2022\\Actividades de AE\\W 15', '', '2023-04-05 16:24:43'),
(121, 5416, 20, '2023-04-10 16:51:04', NULL, '2023-04-10 17:04:13', 'I:\\Ingenieria\\HHJ ALTERNATIVE MATERIAL PLAN\\Alternative tracker 2022\\Actividades de AE\\W 15', '', '2023-04-10 16:51:04'),
(122, 5417, 20, '2023-04-10 16:51:21', NULL, '2023-04-10 17:04:27', 'I:\\Ingenieria\\HHJ ALTERNATIVE MATERIAL PLAN\\Alternative tracker 2022\\Actividades de AE\\W 15', '', '2023-04-10 16:51:21'),
(123, 5418, 21, '2023-04-11 10:24:40', NULL, '2023-04-12 09:40:18', 'I:\\Ingenieria\\HHJ ALTERNATIVE MATERIAL PLAN\\Alternative tracker 2022\\Actividades de AE\\W 15', '', '2023-04-11 10:24:40'),
(124, 5419, 20, '2023-04-11 10:30:02', NULL, '2023-04-11 16:41:30', 'I:\\Ingenieria\\HHJ ALTERNATIVE MATERIAL PLAN\\Alternative tracker 2022\\Actividades de AE\\W 15', '', '2023-04-11 10:30:02'),
(125, 5420, 20, '2023-04-11 15:32:16', NULL, '2023-04-11 16:40:25', 'I:\\Ingenieria\\HHJ ALTERNATIVE MATERIAL PLAN\\Alternative tracker 2022\\Actividades de AE\\W 15', '', '2023-04-11 15:32:16'),
(126, 5421, 21, '2023-04-12 09:41:09', NULL, '2023-04-12 10:26:22', 'I:\\Ingenieria\\HHJ ALTERNATIVE MATERIAL PLAN\\Alternative tracker 2022\\Actividades de AE\\W 15', '', '2023-04-12 09:41:09'),
(127, 5422, 20, '2023-04-12 11:42:09', NULL, '2023-04-12 14:07:23', 'I:\\Ingenieria\\HHJ ALTERNATIVE MATERIAL PLAN\\Alternative tracker 2022\\Actividades de AE\\W 15', '', '2023-04-12 11:42:09'),
(128, 5423, 20, '2023-04-12 11:44:25', NULL, '2023-04-12 14:09:18', 'I:\\Ingenieria\\HHJ ALTERNATIVE MATERIAL PLAN\\Alternative tracker 2022\\Actividades de AE\\W 15', '', '2023-04-12 11:44:25'),
(129, 5424, 20, '2023-04-12 11:50:12', NULL, '2023-04-12 14:09:24', 'I:\\Ingenieria\\HHJ ALTERNATIVE MATERIAL PLAN\\Alternative tracker 2022\\Actividades de AE\\W 15', '', '2023-04-12 11:50:12'),
(130, 5425, 21, '2023-04-12 13:04:09', NULL, '2023-04-12 14:42:12', 'I:\\Ingenieria\\HHJ ALTERNATIVE MATERIAL PLAN\\Alternative tracker 2022\\Actividades de AE\\W 15', '', '2023-04-12 13:04:09'),
(131, 5426, 19, '2023-04-12 14:44:15', NULL, '2023-04-12 14:56:30', 'I:\\Ingenieria\\npi\\CAD\\Drawings Database\\BioSig\\2023033000', '', '2023-04-12 14:44:15'),
(132, 5427, 21, '2023-04-13 10:14:14', NULL, '2023-04-17 07:49:34', 'I:\\Ingenieria\\HHJ ALTERNATIVE MATERIAL PLAN\\Alternative tracker 2022\\Actividades de AE\\W16', '', '2023-04-13 10:14:14'),
(133, 5428, 20, '2023-04-13 16:13:08', NULL, '2023-04-19 08:46:10', 'I:\\Ingenieria\\HHJ ALTERNATIVE MATERIAL PLAN\\Alternative tracker 2022\\Actividades de AE\\W 16', '', '2023-04-13 16:13:08'),
(134, 5429, 21, '2023-04-14 10:23:51', NULL, '2023-04-17 07:48:19', 'I:\\Ingenieria\\HHJ ALTERNATIVE MATERIAL PLAN\\Alternative tracker 2022\\Actividades de AE\\W 15', '', '2023-04-14 10:23:51'),
(135, 5430, 21, '2023-04-17 07:40:34', NULL, '2023-04-17 07:46:14', 'I:\\Ingenieria\\HHJ ALTERNATIVE MATERIAL PLAN\\Alternative tracker 2022\\Actividades de AE\\W16', '', '2023-04-17 07:40:34'),
(136, 5431, 19, '2023-04-17 00:00:00', '2023-04-21 00:00:00', '2023-04-24 15:17:35', 'I:\\Ingenieria\\npi\\CAD\\Drawings Database\\Jabil-SALTMED\\20230417_00', '', '2023-04-17 08:26:24'),
(140, 5433, 20, '2023-04-17 00:00:00', '2023-04-21 00:00:00', '2023-04-19 08:43:37', 'I:\\Ingenieria\\HHJ ALTERNATIVE MATERIAL PLAN\\Alternative tracker 2022\\Actividades de AE\\W 16', '', '2023-04-17 08:44:41'),
(141, 5434, 21, '2023-04-17 14:40:41', NULL, '2023-04-19 08:39:50', 'I:\\Ingenieria\\HHJ ALTERNATIVE MATERIAL PLAN\\Alternative tracker 2022\\Actividades de AE\\W 16', '', '2023-04-17 14:40:41'),
(142, 5435, 20, '2023-04-17 14:43:09', NULL, '2023-04-19 08:42:16', 'I:\\Ingenieria\\HHJ ALTERNATIVE MATERIAL PLAN\\Alternative tracker 2022\\Actividades de AE\\W 16', '', '2023-04-17 14:43:09'),
(143, 5436, 20, '2023-04-17 15:28:44', NULL, '2023-04-19 08:41:18', 'I:\\Ingenieria\\HHJ ALTERNATIVE MATERIAL PLAN\\Alternative tracker 2022\\Actividades de AE\\W 16', '', '2023-04-17 15:28:44'),
(144, 5437, 20, '2023-04-17 15:31:20', NULL, '2023-04-19 08:39:38', 'I:\\Ingenieria\\HHJ ALTERNATIVE MATERIAL PLAN\\Alternative tracker 2022\\Actividades de AE\\W 16', '', '2023-04-17 15:31:20'),
(145, 5438, 19, '2023-04-19 07:50:33', NULL, '2023-04-19 16:01:53', 'I:\\Ingenieria\\npi\\CAD\\Drawings Database\\Sustaining\\2023041900', '', '2023-04-19 07:50:33'),
(146, 5439, 20, '2023-04-19 11:06:37', NULL, '2023-04-19 11:57:21', 'I:\\Ingenieria\\HHJ ALTERNATIVE MATERIAL PLAN\\Alternative tracker 2022\\Actividades de AE\\W 16', '', '2023-04-19 11:06:37'),
(147, 5440, 20, '2023-04-19 11:09:29', NULL, '2023-04-19 11:56:47', 'I:\\Ingenieria\\HHJ ALTERNATIVE MATERIAL PLAN\\Alternative tracker 2022\\Actividades de AE\\W 16', '', '2023-04-19 11:09:29'),
(148, 5441, 20, '2023-04-19 11:11:35', NULL, '2023-04-19 11:55:59', 'I:\\Ingenieria\\HHJ ALTERNATIVE MATERIAL PLAN\\Alternative tracker 2022\\Actividades de AE\\W 16', '', '2023-04-19 11:11:35'),
(149, 5442, 20, '2023-04-19 11:14:13', NULL, '2023-04-19 11:53:29', 'I:\\Ingenieria\\HHJ ALTERNATIVE MATERIAL PLAN\\Alternative tracker 2022\\Actividades de AE\\W 16', '', '2023-04-19 11:14:13'),
(150, 5443, 21, '2023-04-19 11:16:56', NULL, '2023-04-19 11:26:00', 'I:\\Ingenieria\\HHJ ALTERNATIVE MATERIAL PLAN\\Alternative tracker 2022\\Actividades de AE\\W 16', '', '2023-04-19 11:16:56'),
(151, 5444, 20, '2023-04-19 11:20:50', NULL, '2023-04-19 11:53:25', 'I:\\Ingenieria\\HHJ ALTERNATIVE MATERIAL PLAN\\Alternative tracker 2022\\Actividades de AE\\W 16', '', '2023-04-19 11:20:50'),
(152, 5445, 20, '2023-04-19 11:23:21', NULL, '2023-04-19 11:51:48', 'I:\\Ingenieria\\HHJ ALTERNATIVE MATERIAL PLAN\\Alternative tracker 2022\\Actividades de AE\\W 16', '', '2023-04-19 11:23:21'),
(153, 5446, 21, '2023-04-19 12:23:51', NULL, '2023-04-20 10:26:11', 'I:\\Ingenieria\\HHJ ALTERNATIVE MATERIAL PLAN\\Alternative tracker 2022\\Actividades de AE\\W 16', '', '2023-04-19 12:23:51'),
(154, 5447, 3, '2023-04-21 07:58:03', NULL, '2023-05-15 07:57:13', 'M:\\Projects\\PDP\\2023\\TREK\\AE-HIGH-18  TK-47686R_01\\DRW', '', '2023-04-21 07:58:03'),
(155, 5448, 20, '2023-04-21 11:09:36', NULL, '2023-04-21 14:55:10', 'I:\\Ingenieria\\HHJ ALTERNATIVE MATERIAL PLAN\\Alternative tracker 2022\\Actividades de AE\\W 16', '', '2023-04-21 11:09:36'),
(157, 5449, 20, '2023-04-24 07:37:49', NULL, '2023-04-24 07:38:45', 'I:\\Ingenieria\\HHJ ALTERNATIVE MATERIAL PLAN\\Alternative tracker 2022\\Actividades de AE\\W 16', '', '2023-04-24 07:37:49'),
(158, 5450, 20, '2023-04-24 07:41:22', NULL, '2023-04-24 07:48:24', 'I:\\Ingenieria\\HHJ ALTERNATIVE MATERIAL PLAN\\Alternative tracker 2022\\Actividades de AE\\W 16', '', '2023-04-24 07:41:22'),
(159, 5451, 21, '2023-04-24 07:43:53', NULL, '2023-04-26 07:21:30', 'I:\\Ingenieria\\HHJ ALTERNATIVE MATERIAL PLAN\\Alternative tracker 2022\\Actividades de AE\\W 17', '', '2023-04-24 07:43:53'),
(160, 5452, 21, '2023-04-24 07:58:24', NULL, '2023-04-24 07:58:42', 'I:\\Ingenieria\\HHJ ALTERNATIVE MATERIAL PLAN\\Alternative tracker 2022\\Actividades de AE\\W 16', '', '2023-04-24 07:58:24'),
(161, 5453, 20, '2023-04-24 07:58:42', NULL, '2023-04-24 07:59:20', 'I:\\Ingenieria\\HHJ ALTERNATIVE MATERIAL PLAN\\Alternative tracker 2022\\Actividades de AE\\W 16', '', '2023-04-24 07:58:42'),
(162, 5454, 20, '2023-04-24 08:01:43', NULL, '2023-04-24 08:05:22', 'I:\\Ingenieria\\HHJ ALTERNATIVE MATERIAL PLAN\\Alternative tracker 2022\\Actividades de AE\\W 16', '', '2023-04-24 08:01:43'),
(163, 5455, 21, '2023-04-24 08:02:40', NULL, '2023-04-24 08:04:27', 'AE-LOW-78', '', '2023-04-24 08:02:40'),
(164, 5456, 21, '2023-04-24 08:07:52', NULL, '2023-04-24 08:08:40', 'I:\\Ingenieria\\HHJ ALTERNATIVE MATERIAL PLAN\\Alternative tracker 2022\\Actividades de AE\\W 16', '', '2023-04-24 08:07:52'),
(165, 5457, 20, '2023-04-24 08:11:40', NULL, '2023-04-24 08:15:06', 'I:\\Ingenieria\\HHJ ALTERNATIVE MATERIAL PLAN\\Alternative tracker 2022\\Actividades de AE\\W 16', '', '2023-04-24 08:11:40'),
(166, 5457, 21, '2023-04-24 08:12:09', NULL, '2023-04-24 08:13:08', 'I:\\Ingenieria\\HHJ ALTERNATIVE MATERIAL PLAN\\Alternative tracker 2022\\Actividades de AE\\W 16', '', '2023-04-24 08:12:09'),
(167, 5458, 3, '2023-04-24 15:39:33', NULL, '2023-05-15 07:57:33', 'M:\\Projects\\PDP\\2023\\TREK\\AE-HIGH-18  TK-47686R_01\\STAGE 3\\SG3-02 Final BOM', '', '2023-04-24 15:39:33'),
(171, 5490, 1, '2023-04-25 00:00:00', '2023-04-25 00:00:00', '2023-04-26 09:43:50', 'M:\\DESIGN\\NWS\\AUTOCAD\\NEX10\\Prints', '', '2023-04-25 07:50:52'),
(172, 5491, 19, '2023-04-25 16:26:11', NULL, '2023-04-26 08:25:38', 'I:\\Ingenieria\\npi\\CAD\\Drawings Database\\Century Link', '', '2023-04-25 16:26:11'),
(173, 5492, 19, '2023-04-25 16:27:12', NULL, '2023-05-03 15:30:14', 'I:\\Ingenieria\\npi\\CAD\\Drawings Database\\PPC', '', '2023-04-25 16:27:12'),
(174, 5493, 21, '2023-04-25 16:27:23', NULL, '2023-04-25 16:29:29', 'I:\\Ingenieria\\HHJ ALTERNATIVE MATERIAL PLAN\\Alternative tracker 2022\\Actividades de AE\\W 17', '', '2023-04-25 16:27:23'),
(175, 5494, 19, '2023-04-25 16:27:39', NULL, '2023-04-25 16:30:02', 'I:\\Ingenieria\\npi\\CAD\\Drawings Database\\Jabil-SALTMED\\20221213_00', '', '2023-04-25 16:27:39'),
(177, 5496, 1, '2023-04-25 00:00:00', '2023-04-28 00:00:00', '2023-05-23 08:23:08', 'M:\\DESIGN\\KSM Matamores\\KSM Matamores Boot Overmolding Design', 'Waiting for further instructions', '2023-04-25 16:28:46'),
(178, 5497, 21, '2023-04-26 07:59:52', NULL, '2023-05-02 08:35:57', 'I:\\Ingenieria\\HHJ ALTERNATIVE MATERIAL PLAN\\Alternative tracker 2022\\Actividades de AE\\W 17', '', '2023-04-26 07:59:52'),
(179, 5407, 19, '2023-04-27 08:12:30', NULL, '2023-05-02 08:40:47', 'I:\\Ingenieria\\npi\\CAD\\Drawings Database\\Century Link', '', '2023-04-27 08:12:30'),
(186, 5519, 20, '2023-05-02 07:27:40', NULL, '2023-05-02 07:33:21', 'I:\\Ingenieria\\HHJ ALTERNATIVE MATERIAL PLAN\\Alternative tracker 2022\\Actividades de AE\\W 17', '', '2023-05-02 07:27:40'),
(187, 5520, 20, '2023-05-02 07:38:31', NULL, '2023-05-02 07:43:26', 'I:\\Ingenieria\\HHJ ALTERNATIVE MATERIAL PLAN\\Alternative tracker 2022\\Actividades de AE\\W 17', '', '2023-05-02 07:38:31'),
(188, 5521, 20, '2023-05-02 07:50:10', NULL, '2023-05-02 07:50:46', 'I:\\Ingenieria\\HHJ ALTERNATIVE MATERIAL PLAN\\Alternative tracker 2022\\Actividades de AE\\W 17', '', '2023-05-02 07:50:10'),
(189, 5522, 20, '2023-05-02 08:12:20', NULL, '2023-05-02 08:13:05', 'I:\\Ingenieria\\HHJ ALTERNATIVE MATERIAL PLAN\\Alternative tracker 2022\\Actividades de AE\\W 17', '', '2023-05-02 08:12:20'),
(190, 5523, 20, '2023-05-02 08:15:38', NULL, '2023-05-02 08:16:13', 'I:\\Ingenieria\\HHJ ALTERNATIVE MATERIAL PLAN\\Alternative tracker 2022\\Actividades de AE\\W 17', '', '2023-05-02 08:15:38'),
(191, 5524, 20, '2023-05-02 08:25:22', NULL, '2023-05-02 08:26:55', 'I:\\Ingenieria\\npi\\CAD\\Drawings Database\\Advanced Energy\\TREK - Next Projects 2023 04 27', '', '2023-05-02 08:25:22'),
(192, 5524, 21, '2023-05-02 08:25:45', NULL, '2023-05-02 08:28:54', 'I:\\Ingenieria\\npi\\CAD\\Drawings Database\\Advanced Energy\\TREK - Next Projects 2023 04 27', '', '2023-05-02 08:25:45'),
(193, 5525, 20, '2023-05-02 08:36:13', NULL, '2023-05-02 08:42:06', 'I:\\Ingenieria\\HHJ ALTERNATIVE MATERIAL PLAN\\Alternative tracker 2022\\Actividades de AE\\W 17', '', '2023-05-02 08:36:13'),
(194, 5526, 19, '2023-05-02 08:42:00', NULL, '2023-05-02 08:43:03', 'I:\\Ingenieria\\npi\\CAD\\Drawings Database\\Century Link\\USW-308-XXX', '', '2023-05-02 08:42:00'),
(195, 5527, 20, '2023-05-02 08:44:27', NULL, '2023-05-02 08:46:53', 'I:\\Ingenieria\\HHJ ALTERNATIVE MATERIAL PLAN\\Alternative tracker 2022\\Actividades de AE\\W 17', '', '2023-05-02 08:44:27'),
(196, 5528, 20, '2023-05-02 08:50:09', NULL, '2023-05-02 08:51:12', 'I:\\Ingenieria\\HHJ ALTERNATIVE MATERIAL PLAN\\Alternative tracker 2022\\Actividades de AE\\W 17', '', '2023-05-02 08:50:09'),
(198, 5530, 20, '2023-05-02 08:55:17', NULL, '2023-05-02 08:59:45', 'I:\\Ingenieria\\HHJ ALTERNATIVE MATERIAL PLAN\\Alternative tracker 2022\\Actividades de AE\\W 17', '', '2023-05-02 08:55:17'),
(199, 5531, 20, '2023-05-02 09:02:19', NULL, '2023-05-02 09:02:30', 'I:\\Ingenieria\\HHJ ALTERNATIVE MATERIAL PLAN\\Alternative tracker 2022\\Actividades de AE\\W 17', '', '2023-05-02 09:02:19'),
(200, 5532, 20, '2023-05-02 09:06:26', NULL, '2023-05-02 09:07:58', 'I:\\Ingenieria\\HHJ ALTERNATIVE MATERIAL PLAN\\Alternative tracker 2022\\Actividades de AE\\W 17', '', '2023-05-02 09:06:26'),
(201, 5533, 20, '2023-05-02 09:30:36', NULL, '2023-05-02 09:32:30', 'I:\\Ingenieria\\HHJ ALTERNATIVE MATERIAL PLAN\\Alternative tracker 2022\\Actividades de AE\\W 17', '', '2023-05-02 09:30:36'),
(203, 5535, 19, '2023-05-02 09:37:11', NULL, '2023-05-30 16:57:19', 'M:\\DESIGN\\APPLICATION\\DD-LOW-17', '', '2023-05-02 09:37:11'),
(204, 5534, 23, '2023-05-02 09:37:34', NULL, '2023-05-30 16:53:58', 'M:\\DESIGN\\APPLICATION\\DD-LOW-17', '', '2023-05-02 09:37:34'),
(205, 5536, 20, '2023-05-02 09:56:26', NULL, '2023-05-02 10:01:17', 'I:\\Ingenieria\\HHJ ALTERNATIVE MATERIAL PLAN\\Alternative tracker 2022\\Actividades de AE\\W 17', '', '2023-05-02 09:56:26'),
(206, 5537, 20, '2023-05-02 10:02:56', NULL, '2023-05-02 10:03:27', 'I:\\Ingenieria\\HHJ ALTERNATIVE MATERIAL PLAN\\Alternative tracker 2022\\Actividades de AE\\W 17', '', '2023-05-02 10:02:56'),
(207, 5538, 21, '2023-05-02 10:46:07', NULL, '2023-05-03 07:56:18', 'AE-MEDIUM-63', '', '2023-05-02 10:46:07'),
(208, 5539, 21, '2023-05-03 07:28:19', NULL, '2023-05-03 07:55:46', 'I:\\Ingenieria\\HHJ ALTERNATIVE MATERIAL PLAN\\Alternative tracker 2022\\Actividades de AE\\W 18', '', '2023-05-03 07:28:19'),
(209, 5540, 23, '2023-05-03 00:00:00', '2023-05-08 00:00:00', '2023-05-08 10:53:38', 'M:\\DESIGN\\APPLICATION\\AE-HIGH-21', '', '2023-05-03 11:29:06'),
(210, 5541, 3, '2023-05-03 11:37:04', NULL, NULL, '', '', '2023-05-03 11:37:04'),
(211, 5541, 23, '2023-05-03 11:37:20', NULL, NULL, '', '', '2023-05-03 11:37:20'),
(212, 5542, 21, '2023-05-03 15:29:05', NULL, '2023-05-09 07:25:12', 'I:\\Ingenieria\\HHJ ALTERNATIVE MATERIAL PLAN\\Alternative tracker 2022\\Actividades de AE\\W 18', '', '2023-05-03 15:29:05'),
(213, 5543, 21, '2023-05-03 15:30:57', NULL, '2023-05-09 07:22:33', 'I:\\Ingenieria\\HHJ ALTERNATIVE MATERIAL PLAN\\Alternative tracker 2022\\Actividades de AE\\W 18', '', '2023-05-03 15:30:57'),
(214, 5544, 19, '2023-05-03 15:32:08', NULL, '2023-05-03 15:33:06', 'I:\\Ingenieria\\npi\\CAD\\Drawings Database\\Jabil-SALTMED\\20221213_00', '', '2023-05-03 15:32:08'),
(215, 5545, 21, '2023-05-03 15:32:53', NULL, '2023-05-09 07:24:21', 'I:\\Ingenieria\\HHJ ALTERNATIVE MATERIAL PLAN\\Alternative tracker 2022\\Actividades de AE\\W 18', '', '2023-05-03 15:32:53'),
(216, 5546, 21, '2023-05-04 11:47:54', NULL, '2023-05-05 10:26:37', 'I:\\Ingenieria\\HHJ ALTERNATIVE MATERIAL PLAN\\Alternative tracker 2022\\Actividades de AE\\W 18', '', '2023-05-04 11:47:54'),
(217, 5547, 21, '2023-05-05 12:19:50', NULL, '2023-05-09 07:26:33', 'I:\\Ingenieria\\HHJ ALTERNATIVE MATERIAL PLAN\\Alternative tracker 2022\\Actividades de AE\\W 18', '', '2023-05-05 12:19:50'),
(218, 5548, 20, '2023-05-08 08:12:57', NULL, '2023-05-08 08:13:37', 'I:\\Ingenieria\\HHJ ALTERNATIVE MATERIAL PLAN\\Alternative tracker 2022\\Actividades de AE\\W 18', '', '2023-05-08 08:12:57'),
(219, 5549, 20, '2023-05-08 08:16:13', NULL, '2023-05-08 08:17:08', 'I:\\Ingenieria\\HHJ ALTERNATIVE MATERIAL PLAN\\Alternative tracker 2022\\Actividades de AE\\W 18', '', '2023-05-08 08:16:13'),
(220, 5550, 20, '2023-05-08 08:19:24', NULL, '2023-05-08 08:20:16', 'I:\\Ingenieria\\HHJ ALTERNATIVE MATERIAL PLAN\\Alternative tracker 2022\\Actividades de AE\\W 18', '', '2023-05-08 08:19:24'),
(221, 5551, 20, '2023-05-08 08:41:05', NULL, '2023-05-08 08:46:57', 'I:\\Ingenieria\\HHJ ALTERNATIVE MATERIAL PLAN\\Alternative tracker 2022\\Actividades de AE\\W 18', '', '2023-05-08 08:41:05'),
(222, 5552, 20, '2023-05-08 08:54:52', NULL, '2023-05-08 08:55:23', 'I:\\Ingenieria\\HHJ ALTERNATIVE MATERIAL PLAN\\Alternative tracker 2022\\Actividades de AE\\W 18', '', '2023-05-08 08:54:52'),
(223, 5553, 20, '2023-05-08 08:58:47', NULL, '2023-05-08 08:59:22', 'I:\\Ingenieria\\HHJ ALTERNATIVE MATERIAL PLAN\\Alternative tracker 2022\\Actividades de AE\\W 18', '', '2023-05-08 08:58:47'),
(224, 5554, 20, '2023-05-08 09:09:32', NULL, '2023-05-08 09:10:28', 'I:\\Ingenieria\\HHJ ALTERNATIVE MATERIAL PLAN\\Alternative tracker 2022\\Actividades de AE\\W 18', '', '2023-05-08 09:09:32'),
(225, 5555, 20, '2023-05-08 09:20:59', NULL, '2023-05-08 09:28:36', 'I:\\Ingenieria\\HHJ ALTERNATIVE MATERIAL PLAN\\Alternative tracker 2022\\Actividades de AE\\W 18', '', '2023-05-08 09:20:59'),
(226, 5556, 20, '2023-05-08 09:36:47', NULL, '2023-05-08 09:39:16', 'I:\\Ingenieria\\HHJ ALTERNATIVE MATERIAL PLAN\\Alternative tracker 2022\\Actividades de AE\\W 18', '', '2023-05-08 09:36:47'),
(227, 5557, 20, '2023-05-08 09:41:11', NULL, '2023-05-08 09:41:46', 'I:\\Ingenieria\\HHJ ALTERNATIVE MATERIAL PLAN\\Alternative tracker 2022\\Actividades de AE\\W 18', '', '2023-05-08 09:41:11'),
(228, 5558, 20, '2023-05-08 09:44:01', NULL, '2023-05-08 09:45:53', 'I:\\Ingenieria\\HHJ ALTERNATIVE MATERIAL PLAN\\Alternative tracker 2022\\Actividades de AE\\W 18', '', '2023-05-08 09:44:01'),
(229, 5559, 20, '2023-05-08 09:52:18', NULL, '2023-05-08 09:53:39', 'I:\\Ingenieria\\HHJ ALTERNATIVE MATERIAL PLAN\\Alternative tracker 2022\\Actividades de AE\\W 18', '', '2023-05-08 09:52:18'),
(230, 5560, 20, '2023-05-08 09:56:22', NULL, '2023-05-08 09:57:23', 'I:\\Ingenieria\\HHJ ALTERNATIVE MATERIAL PLAN\\Alternative tracker 2022\\Actividades de AE\\W 18', '', '2023-05-08 09:56:22'),
(231, 5561, 20, '2023-05-08 10:03:35', NULL, '2023-05-08 10:04:23', 'I:\\Ingenieria\\HHJ ALTERNATIVE MATERIAL PLAN\\Alternative tracker 2022\\Actividades de AE\\W 18', '', '2023-05-08 10:03:35'),
(232, 5562, 20, '2023-05-08 10:06:23', NULL, '2023-05-08 10:08:03', 'I:\\Ingenieria\\HHJ ALTERNATIVE MATERIAL PLAN\\Alternative tracker 2022\\Actividades de AE\\W 18', '', '2023-05-08 10:06:23'),
(236, 5565, 3, '2023-05-08 15:52:34', NULL, NULL, '', '', '2023-05-08 15:52:34'),
(237, 5566, 21, '2023-05-09 07:51:53', NULL, '2023-05-09 10:04:44', 'I:\\Ingenieria\\HHJ ALTERNATIVE MATERIAL PLAN\\Alternative tracker 2022\\Actividades de AE\\W 19', '', '2023-05-09 07:51:53'),
(238, 5567, 21, '2023-05-09 10:10:15', NULL, '2023-05-09 10:57:23', 'I:\\Ingenieria\\HHJ ALTERNATIVE MATERIAL PLAN\\Alternative tracker 2022\\Actividades de AE\\W 19', '', '2023-05-09 10:10:15'),
(239, 5568, 21, '2023-05-09 11:13:53', NULL, '2023-05-09 11:30:12', 'I:\\Ingenieria\\HHJ ALTERNATIVE MATERIAL PLAN\\Alternative tracker 2022\\Actividades de AE\\W 19', '', '2023-05-09 11:13:53'),
(240, 5569, 21, '2023-05-09 11:34:51', NULL, '2023-05-09 14:40:54', 'I:\\Ingenieria\\HHJ ALTERNATIVE MATERIAL PLAN\\Alternative tracker 2022\\Actividades de AE\\W 19', '', '2023-05-09 11:34:51'),
(241, 5570, 21, '2023-05-09 16:10:49', NULL, '2023-05-09 16:37:24', 'I:\\Ingenieria\\HHJ ALTERNATIVE MATERIAL PLAN\\Alternative tracker 2022\\Actividades de AE\\W 19', '', '2023-05-09 16:10:49'),
(242, 5571, 21, '2023-05-10 07:14:03', NULL, '2023-05-10 08:47:22', 'I:\\Ingenieria\\HHJ ALTERNATIVE MATERIAL PLAN\\Alternative tracker 2022\\Actividades de AE\\W 19', '', '2023-05-10 07:14:03'),
(243, 5572, 21, '2023-05-10 13:16:19', NULL, '2023-05-11 08:02:49', 'I:\\Ingenieria\\HHJ ALTERNATIVE MATERIAL PLAN\\Alternative tracker 2022\\Actividades de AE\\W 19', '', '2023-05-10 13:16:19'),
(247, 5575, 23, '2023-05-11 07:25:41', NULL, '2023-05-11 09:22:57', 'M:\\Projects\\PDP\\2023\\SMITHS INTERCONNECT', '', '2023-05-11 07:25:41'),
(248, 5574, 19, '2023-05-11 07:51:48', NULL, '2023-05-15 11:02:13', 'I:\\Ingenieria\\npi\\CAD\\Drawings Database\\JABIL PALADIN\\Drawings', '', '2023-05-11 07:51:48'),
(249, 5576, 21, '2023-05-11 08:32:30', NULL, '2023-05-16 07:21:26', 'I:\\Ingenieria\\HHJ ALTERNATIVE MATERIAL PLAN\\Alternative tracker 2022\\Actividades de AE\\W 19', '', '2023-05-11 08:32:30'),
(250, 5655, 21, '2023-05-12 08:33:39', NULL, '2023-05-12 08:34:21', 'I:\\Ingenieria\\HHJ ALTERNATIVE MATERIAL PLAN\\Alternative tracker 2022\\Actividades de AE\\W 19', '', '2023-05-12 08:33:39'),
(251, 5656, 21, '2023-05-12 08:41:10', NULL, '2023-05-12 10:26:02', 'I:\\Ingenieria\\HHJ ALTERNATIVE MATERIAL PLAN\\Alternative tracker 2022\\Actividades de AE\\W 19', '', '2023-05-12 08:41:10'),
(252, 5573, 24, '2023-05-12 09:42:15', NULL, '2023-05-15 09:03:03', 'I:\\Ingenieria\\npi\\CAD\\Drawings Database\\JABIL PALADIN', '', '2023-05-12 09:42:15'),
(253, 5657, 21, '2023-05-12 11:27:58', NULL, '2023-05-12 11:29:16', 'I:\\Ingenieria\\HHJ ALTERNATIVE MATERIAL PLAN\\Alternative tracker 2022\\Actividades de AE\\W 19', '', '2023-05-12 11:27:58'),
(254, 5658, 21, '2023-05-12 11:40:56', NULL, '2023-05-12 11:48:35', 'I:\\Ingenieria\\HHJ ALTERNATIVE MATERIAL PLAN\\Alternative tracker 2022\\Actividades de AE\\W 19', '', '2023-05-12 11:40:56'),
(256, 5678, 20, '2023-05-17 14:08:00', NULL, '2023-05-17 14:08:45', 'I:\\Ingenieria\\HHJ ALTERNATIVE MATERIAL PLAN\\Alternative tracker 2022\\Actividades de AE\\W 20', '', '2023-05-17 14:08:00'),
(257, 5679, 20, '2023-05-17 14:11:14', NULL, '2023-05-17 14:11:54', 'I:\\Ingenieria\\HHJ ALTERNATIVE MATERIAL PLAN\\Alternative tracker 2022\\Actividades de AE\\W 20', '', '2023-05-17 14:11:14'),
(258, 5680, 20, '2023-05-17 14:14:31', NULL, '2023-05-17 14:15:03', 'I:\\Ingenieria\\HHJ ALTERNATIVE MATERIAL PLAN\\Alternative tracker 2022\\Actividades de AE\\W 20', '', '2023-05-17 14:14:31'),
(259, 5681, 19, '2023-05-17 14:16:15', NULL, '2023-05-17 14:18:09', 'I:\\Ingenieria\\npi\\CAD\\Drawings Database\\Jabil-SALTMED\\20230417_00', '', '2023-05-17 14:16:15'),
(260, 5682, 20, '2023-05-17 14:22:37', NULL, '2023-05-17 14:23:09', 'I:\\Ingenieria\\HHJ ALTERNATIVE MATERIAL PLAN\\Alternative tracker 2022\\Actividades de AE\\W 20', '', '2023-05-17 14:22:37'),
(261, 5683, 19, '2023-05-17 14:25:37', NULL, '2023-05-17 14:26:32', 'I:\\Ingenieria\\npi\\CAD\\Drawings Database\\Century Link\\USW-556-XXX', '', '2023-05-17 14:25:37'),
(262, 5684, 21, '2023-05-17 14:57:03', NULL, '2023-05-18 15:27:26', 'I:\\Ingenieria\\HHJ ALTERNATIVE MATERIAL PLAN\\Alternative tracker 2022\\Actividades de AE\\W 20', '', '2023-05-17 14:57:03'),
(263, 5685, 20, '2023-05-17 15:04:41', NULL, '2023-05-17 16:16:32', 'I:\\Ingenieria\\HHJ ALTERNATIVE MATERIAL PLAN\\Alternative tracker 2022\\Actividades de AE\\W 20', '', '2023-05-17 15:04:41'),
(264, 5686, 21, '2023-05-17 15:05:28', NULL, '2023-05-18 15:27:34', 'I:\\Ingenieria\\HHJ ALTERNATIVE MATERIAL PLAN\\Alternative tracker 2022\\Actividades de AE\\W 20', '', '2023-05-17 15:05:28'),
(265, 5687, 21, '2023-05-17 15:08:22', NULL, '2023-05-18 15:27:41', 'I:\\Ingenieria\\HHJ ALTERNATIVE MATERIAL PLAN\\Alternative tracker 2022\\Actividades de AE\\W 20', '', '2023-05-17 15:08:22'),
(266, 5688, 19, '2023-05-17 15:49:20', NULL, '2023-05-17 15:51:15', 'I:\\Ingenieria\\HHJ ALTERNATIVE MATERIAL PLAN\\Alternative tracker 2022\\Actividades de AE\\W 20', '', '2023-05-17 15:49:20'),
(267, 5689, 20, '2023-05-17 16:31:48', NULL, '2023-05-17 16:52:52', 'I:\\Ingenieria\\HHJ ALTERNATIVE MATERIAL PLAN\\Alternative tracker 2022\\Actividades de AE\\W 20', '', '2023-05-17 16:31:48'),
(268, 5690, 20, '2023-05-18 07:08:05', NULL, '2023-05-18 07:08:19', 'I:\\Ingenieria\\HHJ ALTERNATIVE MATERIAL PLAN\\Alternative tracker 2022\\Actividades de AE\\W 20', '', '2023-05-18 07:08:05'),
(269, 5691, 20, '2023-05-18 07:16:03', NULL, '2023-05-18 07:16:43', 'I:\\Ingenieria\\HHJ ALTERNATIVE MATERIAL PLAN\\Alternative tracker 2022\\Actividades de AE\\W 20', '', '2023-05-18 07:16:03'),
(270, 5692, 20, '2023-05-18 08:04:58', NULL, '2023-05-18 08:05:53', 'I:\\Ingenieria\\HHJ ALTERNATIVE MATERIAL PLAN\\Alternative tracker 2022\\Actividades de AE\\W 20', '', '2023-05-18 08:04:58'),
(271, 5693, 20, '2023-05-18 08:12:13', NULL, '2023-05-18 08:13:42', 'I:\\Ingenieria\\HHJ ALTERNATIVE MATERIAL PLAN\\Alternative tracker 2022\\Actividades de AE\\W 21', '', '2023-05-18 08:12:13'),
(272, 5694, 20, '2023-05-18 08:21:36', NULL, '2023-05-18 08:26:17', 'I:\\Ingenieria\\HHJ ALTERNATIVE MATERIAL PLAN\\Alternative tracker 2022\\Actividades de AE\\W 21', '', '2023-05-18 08:21:36'),
(273, 5695, 20, '2023-05-18 08:29:05', NULL, '2023-05-18 08:29:50', 'I:\\Ingenieria\\HHJ ALTERNATIVE MATERIAL PLAN\\Alternative tracker 2022\\Actividades de AE\\W 21', '', '2023-05-18 08:29:05'),
(274, 5696, 20, '2023-05-18 08:41:37', NULL, '2023-05-18 08:42:06', 'I:\\Ingenieria\\HHJ ALTERNATIVE MATERIAL PLAN\\Alternative tracker 2022\\Actividades de AE\\W 21', '', '2023-05-18 08:41:37'),
(275, 5697, 20, '2023-05-18 08:41:37', NULL, '2023-05-18 08:42:12', 'I:\\Ingenieria\\HHJ ALTERNATIVE MATERIAL PLAN\\Alternative tracker 2022\\Actividades de AE\\W 21', '', '2023-05-18 08:41:37'),
(276, 5698, 20, '2023-05-18 08:48:31', NULL, '2023-05-18 08:56:27', 'I:\\Ingenieria\\HHJ ALTERNATIVE MATERIAL PLAN\\Alternative tracker 2022\\Actividades de AE\\W 21', '', '2023-05-18 08:48:31'),
(277, 5699, 20, '2023-05-18 09:02:51', NULL, '2023-05-18 09:04:49', 'I:\\Ingenieria\\HHJ ALTERNATIVE MATERIAL PLAN\\Alternative tracker 2022\\Actividades de AE\\W 21', '', '2023-05-18 09:02:51'),
(278, 5700, 21, '2023-05-18 12:43:51', NULL, '2023-05-18 15:27:47', 'I:\\Ingenieria\\HHJ ALTERNATIVE MATERIAL PLAN\\Alternative tracker 2022\\Actividades de AE\\W 20', '', '2023-05-18 12:43:51'),
(279, 5701, 21, '2023-05-18 13:15:34', NULL, '2023-05-18 15:27:55', 'I:\\Ingenieria\\HHJ ALTERNATIVE MATERIAL PLAN\\Alternative tracker 2022\\Actividades de AE\\W 20', '', '2023-05-18 13:15:34'),
(280, 5702, 20, '2023-05-18 15:25:34', NULL, '2023-05-18 15:27:08', 'I:\\Ingenieria\\HHJ ALTERNATIVE MATERIAL PLAN\\Alternative tracker 2022\\Actividades de AE\\W 21', '', '2023-05-18 15:25:34'),
(281, 5703, 19, '2023-05-18 16:46:10', NULL, '2023-05-19 10:07:08', 'I:\\Ingenieria\\npi\\CAD\\Drawings Database\\Century Link\\NAI-3039-XXX', '', '2023-05-18 16:46:10'),
(282, 5704, 21, '2023-05-19 08:32:09', NULL, '2023-05-19 09:49:00', 'I:\\Ingenieria\\HHJ ALTERNATIVE MATERIAL PLAN\\Alternative tracker 2022\\Actividades de AE\\W 20', '', '2023-05-19 08:32:09'),
(283, 5705, 24, '2023-05-19 11:21:59', NULL, '2023-05-19 11:23:27', 'I:\\Ingenieria\\HHJ ALTERNATIVE MATERIAL PLAN\\Alternative tracker 2022\\Actividades de AE\\W 21', '', '2023-05-19 11:21:59'),
(284, 5706, 19, '2023-05-22 09:03:49', NULL, '2023-05-22 09:05:10', 'I:\\Ingenieria\\npi\\CAD\\Drawings Database\\Procept-BioRobotics\\Documents\\20230403_01_PROCEPT', '', '2023-05-22 09:03:49'),
(286, 5707, 1, '2023-05-22 00:00:00', '2023-05-22 00:00:00', '2023-05-23 08:22:58', 'M:\\DESIGN\\KSM Matamores\\Molded Part Tooling', '', '2023-05-22 11:13:33'),
(287, 5708, 21, '2023-05-22 12:02:36', NULL, '2023-05-25 07:52:35', 'I:\\Ingenieria\\HHJ ALTERNATIVE MATERIAL PLAN\\Alternative tracker 2022\\Actividades de AE\\W 21', '', '2023-05-22 12:02:36'),
(290, 5710, 19, '2023-05-22 17:00:15', NULL, '2023-06-06 10:36:37', 'I:\\Ingenieria\\npi\\CAD\\Drawings Database\\Advanced Energy\\TREK - Next Projects 2023 05 24\\Drawing', '', '2023-05-22 17:00:15'),
(291, 5709, 20, '2023-05-22 17:00:26', NULL, '2023-05-25 08:37:29', 'I:\\Ingenieria\\npi\\CAD\\Drawings Database\\Advanced Energy\\TREK - Next Projects 2023 05 24', '', '2023-05-22 17:00:26'),
(292, 5711, 21, '2023-05-23 07:15:16', NULL, '2023-05-23 07:25:22', 'I:\\Ingenieria\\HHJ ALTERNATIVE MATERIAL PLAN\\Alternative tracker 2022\\Actividades de AE\\Actividades previas', '', '2023-05-23 07:15:16'),
(293, 5712, 1, '2023-05-23 09:45:20', NULL, NULL, '', '', '2023-05-23 09:45:20'),
(294, 5713, 21, '2023-05-23 14:37:57', NULL, '2023-05-23 15:12:58', 'I:\\Ingenieria\\HHJ ALTERNATIVE MATERIAL PLAN\\Alternative tracker 2022\\Actividades de AE\\W 21', '', '2023-05-23 14:37:57'),
(295, 5714, 21, '2023-05-23 15:33:57', NULL, '2023-05-26 08:05:01', 'I:\\Ingenieria\\HHJ ALTERNATIVE MATERIAL PLAN\\Alternative tracker 2022\\Actividades de AE\\W 21', '', '2023-05-23 15:33:57'),
(296, 5715, 21, '2023-05-23 17:03:31', NULL, '2023-05-25 07:57:22', 'I:\\Ingenieria\\HHJ ALTERNATIVE MATERIAL PLAN\\Alternative tracker 2022\\Actividades de AE\\W 21', '', '2023-05-23 17:03:31'),
(297, 5716, 21, '2023-05-24 07:24:22', NULL, '2023-05-25 07:55:38', 'I:\\Ingenieria\\HHJ ALTERNATIVE MATERIAL PLAN\\Alternative tracker 2022\\Actividades de AE\\W 21', '', '2023-05-24 07:24:22'),
(298, 5717, 21, '2023-05-24 10:33:57', NULL, '2023-05-25 07:53:53', 'I:\\Ingenieria\\HHJ ALTERNATIVE MATERIAL PLAN\\Alternative tracker 2022\\Actividades de AE\\W 21', '', '2023-05-24 10:33:57'),
(299, 5718, 20, '2023-05-25 09:20:04', NULL, '2023-05-25 09:22:07', 'I:\\Ingenieria\\HHJ ALTERNATIVE MATERIAL PLAN\\Alternative tracker 2022\\Actividades de AE\\W 21', '', '2023-05-25 09:20:04'),
(300, 5719, 20, '2023-05-25 09:49:02', NULL, '2023-05-25 09:52:06', 'I:\\Ingenieria\\HHJ ALTERNATIVE MATERIAL PLAN\\Alternative tracker 2022\\Actividades de AE\\W 21', '', '2023-05-25 09:49:02'),
(301, 5720, 20, '2023-05-25 10:02:03', NULL, '2023-05-25 10:02:30', 'I:\\Ingenieria\\HHJ ALTERNATIVE MATERIAL PLAN\\Alternative tracker 2022\\Actividades de AE\\W 21', '', '2023-05-25 10:02:03'),
(302, 5721, 24, '2023-05-25 15:43:14', NULL, '2023-05-25 15:49:17', 'I:\\Ingenieria\\HHJ ALTERNATIVE MATERIAL PLAN\\Alternative tracker 2022\\Actividades de AE\\W 21', '', '2023-05-25 15:43:14'),
(305, 5722, 1, '2023-05-23 09:45:20', NULL, '2023-05-24 07:09:57', 'M:\\DESIGN\\AMAT\\Wesco-AMAT molded parts', '', '2023-05-23 09:45:20'),
(306, 5723, 19, '2023-05-26 07:54:15', NULL, '2023-05-29 09:31:14', 'I:\\Ingenieria\\npi\\CAD\\Drawings Database\\Procept-BioRobotics\\Documents', '', '2023-05-26 07:54:15'),
(307, 5724, 21, '2023-05-26 08:07:10', NULL, '2023-05-26 08:09:54', 'I:\\Ingenieria\\HHJ ALTERNATIVE MATERIAL PLAN\\Alternative tracker 2022\\Actividades de AE\\W 21', '', '2023-05-26 08:07:10'),
(308, 5725, 21, '2023-05-29 07:45:24', NULL, '2023-06-01 09:28:49', 'I:\\Ingenieria\\HHJ ALTERNATIVE MATERIAL PLAN\\Alternative tracker 2022\\Actividades de AE\\W 22', '', '2023-05-29 07:45:24'),
(309, 5726, 21, '2023-05-30 08:18:28', NULL, '2023-06-01 09:28:55', 'I:\\Ingenieria\\HHJ ALTERNATIVE MATERIAL PLAN\\Alternative tracker 2022\\Actividades de AE\\W 22', '', '2023-05-30 08:18:28'),
(310, 5727, 20, '2023-05-30 09:59:41', NULL, '2023-05-30 10:06:37', 'I:\\Ingenieria\\HHJ ALTERNATIVE MATERIAL PLAN\\Alternative tracker 2022\\Actividades de AE\\W 21', '', '2023-05-30 09:59:41'),
(311, 5728, 20, '2023-05-30 10:34:28', NULL, '2023-05-30 10:38:50', 'I:\\Ingenieria\\HHJ ALTERNATIVE MATERIAL PLAN\\Alternative tracker 2022\\Actividades de AE\\W 21', '', '2023-05-30 10:34:28'),
(312, 5729, 21, '2023-05-30 10:39:03', NULL, '2023-06-01 09:29:02', 'I:\\Ingenieria\\HHJ ALTERNATIVE MATERIAL PLAN\\Alternative tracker 2022\\Actividades de AE\\W 22', '', '2023-05-30 10:39:03'),
(313, 5730, 24, '2023-05-30 00:00:00', '0000-00-00 00:00:00', '2023-05-31 07:34:43', 'I:\\Ingenieria\\HHJ ALTERNATIVE MATERIAL PLAN\\Alternative tracker 2022\\Actividades de AE\\W 22', '', '2023-05-30 13:31:18'),
(314, 5731, 21, '2023-05-31 09:36:42', NULL, '2023-06-01 09:29:09', 'I:\\Ingenieria\\HHJ ALTERNATIVE MATERIAL PLAN\\Alternative tracker 2022\\Actividades de AE\\W 22', '', '2023-05-31 09:36:42'),
(315, 5732, 20, '2023-05-31 09:39:42', NULL, '2023-05-31 09:41:32', 'I:\\Ingenieria\\HHJ ALTERNATIVE MATERIAL PLAN\\Alternative tracker 2022\\Actividades de AE\\W 22', '', '2023-05-31 09:39:42'),
(316, 5733, 20, '2023-05-31 09:43:43', NULL, '2023-05-31 09:44:15', 'I:\\Ingenieria\\HHJ ALTERNATIVE MATERIAL PLAN\\Alternative tracker 2022\\Actividades de AE\\W 22', '', '2023-05-31 09:43:43'),
(317, 5734, 20, '2023-05-31 14:06:01', NULL, '2023-05-31 14:11:41', 'I:\\Ingenieria\\HHJ ALTERNATIVE MATERIAL PLAN\\Alternative tracker 2022\\Actividades de AE\\W 22', '', '2023-05-31 14:06:01'),
(318, 5735, 19, '2023-06-01 08:49:22', NULL, '2023-06-02 08:46:14', 'I:\\Ingenieria\\npi\\CAD\\Drawings Database\\Jabil-SALTMED\\20230417_00', '', '2023-06-01 08:49:22'),
(319, 5736, 19, '2023-06-01 10:48:10', NULL, '2023-06-02 08:46:51', 'I:\\Ingenieria\\npi\\CAD\\Drawings Database\\Procept-BioRobotics', '', '2023-06-01 10:48:10'),
(320, 5737, 20, '2023-06-01 11:32:18', NULL, '2023-06-01 11:37:18', 'I:\\Ingenieria\\HHJ ALTERNATIVE MATERIAL PLAN\\Alternative tracker 2022\\Actividades de AE\\W 22', '', '2023-06-01 11:32:18'),
(321, 5738, 21, '2023-06-01 13:30:57', NULL, '2023-06-02 07:30:16', 'I:\\Ingenieria\\HHJ ALTERNATIVE MATERIAL PLAN\\Alternative tracker 2022\\Actividades de AE\\W 22', '', '2023-06-01 13:30:57'),
(322, 5739, 20, '2023-06-01 15:49:10', NULL, '2023-06-01 15:50:48', 'I:\\Ingenieria\\HHJ ALTERNATIVE MATERIAL PLAN\\Alternative tracker 2022\\Actividades de AE\\W 22', '', '2023-06-01 15:49:10'),
(323, 5740, 24, '2023-06-02 14:16:15', NULL, '2023-06-02 14:17:20', 'I:\\Ingenieria\\HHJ ALTERNATIVE MATERIAL PLAN\\Alternative tracker 2022\\Actividades de AE\\W 22', '', '2023-06-02 14:16:15'),
(324, 5741, 20, '2023-06-05 07:38:19', NULL, '2023-06-05 07:39:30', 'I:\\Ingenieria\\HHJ ALTERNATIVE MATERIAL PLAN\\Alternative tracker 2022\\Actividades de AE\\W 23', '', '2023-06-05 07:38:19'),
(325, 5742, 20, '2023-06-05 09:09:51', NULL, '2023-06-05 09:10:37', 'I:\\Ingenieria\\HHJ ALTERNATIVE MATERIAL PLAN\\Alternative tracker 2022\\Actividades de AE\\W 23', '', '2023-06-05 09:09:51'),
(326, 5743, 20, '2023-06-05 11:47:21', NULL, '2023-06-08 15:53:41', 'I:\\Ingenieria\\HHJ ALTERNATIVE MATERIAL PLAN\\Alternative tracker 2022\\Actividades de AE\\W 23', '', '2023-06-05 11:47:21'),
(327, 5744, 20, '2023-06-05 11:47:34', NULL, '2023-06-14 08:04:38', 'I:\\Ingenieria\\HHJ ALTERNATIVE MATERIAL PLAN\\Alternative tracker 2022\\Actividades de AE\\W 23', '', '2023-06-05 11:47:34'),
(328, 5745, 20, '2023-06-05 13:42:54', NULL, '2023-06-05 13:44:33', 'I:\\Ingenieria\\HHJ ALTERNATIVE MATERIAL PLAN\\Alternative tracker 2022\\Actividades de AE\\W 23', '', '2023-06-05 13:42:54'),
(329, 5746, 24, '2023-06-05 14:39:06', NULL, '2023-06-05 14:40:10', 'I:\\Ingenieria\\HHJ ALTERNATIVE MATERIAL PLAN\\Alternative tracker 2022\\Actividades de AE\\W 23', '', '2023-06-05 14:39:06'),
(330, 5747, 20, '2023-06-05 16:57:17', NULL, '2023-06-05 16:57:40', 'I:\\Ingenieria\\HHJ ALTERNATIVE MATERIAL PLAN\\Alternative tracker 2022\\Actividades de AE\\W 23', '', '2023-06-05 16:57:17'),
(331, 5748, 19, '2023-06-06 09:04:10', NULL, '2023-06-06 09:05:12', 'I:\\Ingenieria\\npi\\CAD\\Drawings Database\\Procept-BioRobotics\\Documents\\20230403_01_PROCEPT', '', '2023-06-06 09:04:10'),
(332, 5749, 24, '2023-06-06 14:59:15', NULL, '2023-06-06 14:59:51', 'I:\\Ingenieria\\HHJ ALTERNATIVE MATERIAL PLAN\\Alternative tracker 2022\\Actividades de AE\\W 23', '', '2023-06-06 14:59:15'),
(333, 5750, 24, '2023-06-07 07:35:39', NULL, '2023-06-07 07:36:55', 'I:\\Ingenieria\\HHJ ALTERNATIVE MATERIAL PLAN\\Alternative tracker 2022\\Actividades de AE\\W 23', '', '2023-06-07 07:35:39'),
(334, 5751, 20, '2023-06-07 08:16:44', NULL, '2023-06-07 08:20:27', 'I:\\Ingenieria\\HHJ ALTERNATIVE MATERIAL PLAN\\Alternative tracker 2022\\Actividades de AE\\W 23', '', '2023-06-07 08:16:44'),
(335, 5752, 20, '2023-06-07 08:25:55', NULL, '2023-06-07 08:26:35', 'I:\\Ingenieria\\HHJ ALTERNATIVE MATERIAL PLAN\\Alternative tracker 2022\\Actividades de AE\\W 23', '', '2023-06-07 08:25:55'),
(336, 5753, 20, '2023-06-07 11:50:52', NULL, '2023-06-07 11:51:30', 'I:\\Ingenieria\\HHJ ALTERNATIVE MATERIAL PLAN\\Alternative tracker 2022\\Actividades de AE\\W 23', '', '2023-06-07 11:50:52'),
(337, 5754, 24, '2023-06-08 15:31:19', NULL, '2023-06-08 15:31:48', 'I:\\Ingenieria\\HHJ ALTERNATIVE MATERIAL PLAN\\Alternative tracker 2022\\Actividades de AE\\W 23', '', '2023-06-08 15:31:19'),
(338, 5755, 20, '2023-06-08 15:55:37', NULL, '2023-06-08 15:56:17', 'I:\\Ingenieria\\HHJ ALTERNATIVE MATERIAL PLAN\\Alternative tracker 2022\\Actividades de AE\\W 23', '', '2023-06-08 15:55:37'),
(339, 5756, 20, '2023-06-08 16:00:41', NULL, '2023-06-08 16:01:53', 'I:\\Ingenieria\\HHJ ALTERNATIVE MATERIAL PLAN\\Alternative tracker 2022\\Actividades de AE\\W 23', '', '2023-06-08 16:00:41'),
(340, 5757, 20, '2023-06-08 16:03:50', NULL, '2023-06-08 16:04:19', 'I:\\Ingenieria\\HHJ ALTERNATIVE MATERIAL PLAN\\Alternative tracker 2022\\Actividades de AE\\W 23', '', '2023-06-08 16:03:50'),
(341, 5758, 20, '2023-06-08 16:06:06', NULL, '2023-06-08 16:06:53', 'I:\\Ingenieria\\HHJ ALTERNATIVE MATERIAL PLAN\\Alternative tracker 2022\\Actividades de AE\\W 23', '', '2023-06-08 16:06:06'),
(342, 5759, 19, '2023-06-08 16:57:46', NULL, '2023-06-08 16:59:04', 'I:\\Ingenieria\\HHJ ALTERNATIVE MATERIAL PLAN\\Alternative tracker 2022\\Actividades de AE\\W 23', '', '2023-06-08 16:57:46'),
(343, 5760, 20, '2023-06-09 13:38:29', NULL, '2023-06-09 13:39:02', 'I:\\Ingenieria\\HHJ ALTERNATIVE MATERIAL PLAN\\Alternative tracker 2022\\Actividades de AE\\W 23', '', '2023-06-09 13:38:29'),
(344, 5761, 20, '2023-06-09 13:40:20', NULL, '2023-06-09 13:40:40', 'I:\\Ingenieria\\HHJ ALTERNATIVE MATERIAL PLAN\\Alternative tracker 2022\\Actividades de AE\\W 23', '', '2023-06-09 13:40:20'),
(345, 5762, 20, '2023-06-09 13:41:59', NULL, '2023-06-09 13:42:46', 'I:\\Ingenieria\\HHJ ALTERNATIVE MATERIAL PLAN\\Alternative tracker 2022\\Actividades de AE\\W 23', '', '2023-06-09 13:41:59'),
(346, 5763, 20, '2023-06-09 13:43:48', NULL, '2023-06-09 13:44:20', 'I:\\Ingenieria\\HHJ ALTERNATIVE MATERIAL PLAN\\Alternative tracker 2022\\Actividades de AE\\W 23', '', '2023-06-09 13:43:48'),
(347, 5764, 20, '2023-06-09 13:45:46', NULL, '2023-06-09 13:46:20', 'I:\\Ingenieria\\HHJ ALTERNATIVE MATERIAL PLAN\\Alternative tracker 2022\\Actividades de AE\\W 23', '', '2023-06-09 13:45:46'),
(348, 5765, 24, '2023-06-12 14:50:18', NULL, '2023-06-12 14:52:22', 'I:\\Ingenieria\\HHJ ALTERNATIVE MATERIAL PLAN\\Alternative tracker 2022\\Actividades de AE\\W 24', '', '2023-06-12 14:50:18'),
(349, 5766, 20, '2023-06-14 08:06:00', NULL, '2023-06-14 08:09:12', 'I:\\Ingenieria\\HHJ ALTERNATIVE MATERIAL PLAN\\Alternative tracker 2022\\Actividades de AE\\W 24', '', '2023-06-14 08:06:00'),
(350, 5767, 20, '2023-06-14 08:10:36', NULL, '2023-06-14 08:14:25', 'I:\\Ingenieria\\HHJ ALTERNATIVE MATERIAL PLAN\\Alternative tracker 2022\\Actividades de AE\\W 24', '', '2023-06-14 08:10:36'),
(351, 5768, 20, '2023-06-14 08:17:16', NULL, '2023-06-14 08:18:01', 'I:\\Ingenieria\\HHJ ALTERNATIVE MATERIAL PLAN\\Alternative tracker 2022\\Actividades de AE\\W 24', '', '2023-06-14 08:17:16'),
(352, 5769, 20, '2023-06-14 08:19:59', NULL, '2023-06-14 08:21:10', 'I:\\Ingenieria\\HHJ ALTERNATIVE MATERIAL PLAN\\Alternative tracker 2022\\Actividades de AE\\W 24', '', '2023-06-14 08:19:59'),
(353, 5770, 20, '2023-06-14 08:25:33', NULL, '2023-06-14 08:48:46', 'I:\\Ingenieria\\HHJ ALTERNATIVE MATERIAL PLAN\\Alternative tracker 2022\\Actividades de AE\\W 24', '', '2023-06-14 08:25:33'),
(354, 5771, 20, '2023-06-14 08:47:59', NULL, '2023-06-15 15:49:00', 'I:\\Ingenieria\\HHJ ALTERNATIVE MATERIAL PLAN\\Alternative tracker 2022\\Actividades de AE\\W 24', '', '2023-06-14 08:47:59'),
(355, 5772, 24, '2023-06-14 11:47:05', NULL, '2023-06-14 11:49:12', 'I:\\Ingenieria\\HHJ ALTERNATIVE MATERIAL PLAN\\Alternative tracker 2022\\Actividades de AE\\W 24', '', '2023-06-14 11:47:05'),
(356, 5773, 24, '2023-06-14 16:03:40', NULL, '2023-06-14 16:04:40', 'I:\\Ingenieria\\HHJ ALTERNATIVE MATERIAL PLAN\\Alternative tracker 2022\\Actividades de AE\\W 24', '', '2023-06-14 16:03:40'),
(357, 5774, 24, '2023-06-15 09:45:21', NULL, '2023-06-15 09:46:06', 'I:\\Ingenieria\\HHJ ALTERNATIVE MATERIAL PLAN\\Alternative tracker 2022\\Actividades de AE\\W 24', '', '2023-06-15 09:45:21'),
(359, 5775, 24, '2023-06-15 00:00:00', '0000-00-00 00:00:00', '2023-06-15 16:17:42', 'I:\\Ingenieria\\HHJ ALTERNATIVE MATERIAL PLAN\\Alternative tracker 2022\\Actividades de AE\\W 24', '', '2023-06-15 10:19:03'),
(360, 5775, 19, '2023-06-15 10:19:11', NULL, '2023-06-16 09:01:13', 'I:\\Ingenieria\\HHJ ALTERNATIVE MATERIAL PLAN\\Alternative tracker 2022\\Actividades de AE\\W 24', '', '2023-06-15 10:19:11'),
(361, 5775, 20, '2023-06-15 10:19:22', NULL, '2023-06-15 16:06:15', 'I:\\Ingenieria\\HHJ ALTERNATIVE MATERIAL PLAN\\Alternative tracker 2022\\Actividades de AE\\W 24', '', '2023-06-15 10:19:22'),
(362, 5776, 20, '2023-06-15 16:02:23', NULL, '2023-06-15 16:02:52', 'I:\\Ingenieria\\HHJ ALTERNATIVE MATERIAL PLAN\\Alternative tracker 2022\\Actividades de AE\\W 24', '', '2023-06-15 16:02:23'),
(363, 5777, 20, '2023-06-15 16:04:42', NULL, '2023-06-15 16:04:53', 'I:\\Ingenieria\\HHJ ALTERNATIVE MATERIAL PLAN\\Alternative tracker 2022\\Actividades de AE\\W 24', '', '2023-06-15 16:04:42'),
(364, 5778, 20, '2023-06-15 16:10:28', NULL, '2023-06-15 16:10:47', 'I:\\Ingenieria\\HHJ ALTERNATIVE MATERIAL PLAN\\Alternative tracker 2022\\Actividades de AE\\W 24', '', '2023-06-15 16:10:28'),
(365, 5779, 20, '2023-06-15 16:12:46', NULL, '2023-06-15 16:13:16', 'I:\\Ingenieria\\HHJ ALTERNATIVE MATERIAL PLAN\\Alternative tracker 2022\\Actividades de AE\\W 24', '', '2023-06-15 16:12:46'),
(366, 5780, 24, '2023-06-15 16:19:44', NULL, '2023-06-15 16:19:59', 'I:\\Ingenieria\\HHJ ALTERNATIVE MATERIAL PLAN\\Alternative tracker 2022\\Actividades de AE\\W 24', '', '2023-06-15 16:19:44'),
(369, 5781, 23, '2023-06-16 09:34:47', NULL, NULL, '', '', '2023-06-16 09:34:47'),
(370, 5782, 19, '2023-06-16 09:34:57', NULL, NULL, '', '', '2023-06-16 09:34:57'),
(371, 5783, 24, '2023-06-16 10:57:22', NULL, '2023-06-16 10:59:52', 'I:\\Ingenieria\\HHJ ALTERNATIVE MATERIAL PLAN\\Alternative tracker 2022\\Actividades de AE\\W 24', '', '2023-06-16 10:57:22');
INSERT INTO `actividad_recursos_adicionales` (`idRecursosAdicionales`, `idActividades_proyecto`, `idUsuario`, `fechaInicio`, `fechaRequerida`, `fechaEntrega`, `ubicacion`, `comentarios`, `fechaCrea`) VALUES
(372, 5784, 24, '2023-06-16 14:14:14', NULL, '2023-06-16 14:14:43', 'I:\\Ingenieria\\HHJ ALTERNATIVE MATERIAL PLAN\\Alternative tracker 2022\\Actividades de AE\\W 24', '', '2023-06-16 14:14:14'),
(373, 5785, 24, '2023-06-19 15:14:04', NULL, '2023-06-19 15:14:41', 'I:\\Ingenieria\\HHJ ALTERNATIVE MATERIAL PLAN\\Alternative tracker 2022\\Actividades de AE\\W 25', '', '2023-06-19 15:14:04'),
(374, 5786, 24, '2023-06-20 10:47:26', NULL, '2023-06-20 10:48:28', 'I:\\Ingenieria\\HHJ ALTERNATIVE MATERIAL PLAN\\Alternative tracker 2022\\Actividades de AE\\W 25', '', '2023-06-20 10:47:26'),
(375, 5787, 24, '2023-06-21 09:34:48', NULL, '2023-06-21 09:35:51', 'I:\\Ingenieria\\HHJ ALTERNATIVE MATERIAL PLAN\\Alternative tracker 2022\\Actividades de AE\\W 25', '', '2023-06-21 09:34:48'),
(376, 5810, 20, '2023-06-22 07:50:20', NULL, '2023-06-22 07:52:52', 'I:\\Ingenieria\\HHJ ALTERNATIVE MATERIAL PLAN\\Alternative tracker 2022\\Actividades de AE\\W 25', '', '2023-06-22 07:50:20'),
(377, 5811, 20, '2023-06-22 08:00:53', NULL, '2023-06-22 08:02:07', 'I:\\Ingenieria\\HHJ ALTERNATIVE MATERIAL PLAN\\Alternative tracker 2022\\Actividades de AE\\W 25', '', '2023-06-22 08:00:53'),
(378, 5905, 24, '2023-06-22 14:52:17', NULL, '2023-06-22 14:53:32', 'I:\\Ingenieria\\HHJ ALTERNATIVE MATERIAL PLAN\\Alternative tracker 2022\\Actividades de AE\\W 25', '', '2023-06-22 14:52:17'),
(379, 5906, 20, '2023-06-22 15:40:04', NULL, '2023-06-22 15:40:49', 'I:\\Ingenieria\\HHJ ALTERNATIVE MATERIAL PLAN\\Alternative tracker 2022\\Actividades de AE\\W 25', '', '2023-06-22 15:40:04'),
(380, 5907, 20, '2023-06-22 15:43:29', NULL, '2023-06-22 15:44:14', 'I:\\Ingenieria\\HHJ ALTERNATIVE MATERIAL PLAN\\Alternative tracker 2022\\Actividades de AE\\W 25', '', '2023-06-22 15:43:29'),
(381, 5908, 20, '2023-06-22 15:49:06', NULL, '2023-06-22 15:49:20', 'I:\\Ingenieria\\HHJ ALTERNATIVE MATERIAL PLAN\\Alternative tracker 2022\\Actividades de AE\\W 25', '', '2023-06-22 15:49:06'),
(382, 5909, 20, '2023-06-22 15:50:49', NULL, '2023-06-22 15:51:02', 'I:\\Ingenieria\\HHJ ALTERNATIVE MATERIAL PLAN\\Alternative tracker 2022\\Actividades de AE\\W 25', '', '2023-06-22 15:50:49'),
(383, 5910, 20, '2023-06-22 15:53:13', NULL, '2023-06-22 15:53:36', 'I:\\Ingenieria\\HHJ ALTERNATIVE MATERIAL PLAN\\Alternative tracker 2022\\Actividades de AE\\W 25', '', '2023-06-22 15:53:13'),
(384, 5911, 20, '2023-06-22 15:56:30', NULL, '2023-06-22 15:57:03', 'I:\\Ingenieria\\HHJ ALTERNATIVE MATERIAL PLAN\\Alternative tracker 2022\\Actividades de AE\\W 25', '', '2023-06-22 15:56:30'),
(385, 5912, 20, '2023-06-22 15:58:05', NULL, '2023-06-22 15:58:21', 'I:\\Ingenieria\\HHJ ALTERNATIVE MATERIAL PLAN\\Alternative tracker 2022\\Actividades de AE\\W 25', '', '2023-06-22 15:58:05'),
(386, 5913, 20, '2023-06-22 16:00:00', NULL, '2023-06-22 16:00:20', 'I:\\Ingenieria\\HHJ ALTERNATIVE MATERIAL PLAN\\Alternative tracker 2022\\Actividades de AE\\W 25', '', '2023-06-22 16:00:00'),
(387, 5914, 20, '2023-06-22 16:01:50', NULL, '2023-06-22 16:02:12', 'I:\\Ingenieria\\HHJ ALTERNATIVE MATERIAL PLAN\\Alternative tracker 2022\\Actividades de AE\\W 25', '', '2023-06-22 16:01:50'),
(388, 5915, 24, '2023-06-22 16:59:20', NULL, '2023-06-22 16:59:47', 'I:\\Ingenieria\\HHJ ALTERNATIVE MATERIAL PLAN\\Alternative tracker 2022\\Actividades de AE\\W 25', '', '2023-06-22 16:59:20'),
(389, 5931, 24, '2023-06-29 13:40:16', NULL, '2023-06-29 13:41:02', 'I:\\Ingenieria\\HHJ ALTERNATIVE MATERIAL PLAN\\Alternative tracker 2022\\Actividades de AE\\W 26', '', '2023-06-29 13:40:16'),
(390, 5932, 19, '2023-06-29 16:01:35', NULL, '2023-06-29 16:03:38', 'I:\\Ingenieria\\npi\\CAD\\Drawings Database\\Procept-BioRobotics\\Documents\\References', '', '2023-06-29 16:01:35'),
(391, 5933, 20, '2023-06-30 07:40:25', NULL, '2023-06-30 07:41:30', 'I:\\Ingenieria\\HHJ ALTERNATIVE MATERIAL PLAN\\Alternative tracker 2022\\Actividades de AE\\W 26', '', '2023-06-30 07:40:25'),
(392, 5934, 20, '2023-06-30 07:43:14', NULL, '2023-06-30 07:43:50', 'I:\\Ingenieria\\HHJ ALTERNATIVE MATERIAL PLAN\\Alternative tracker 2022\\Actividades de AE\\W 26', '', '2023-06-30 07:43:14'),
(393, 5935, 20, '2023-06-30 07:45:53', NULL, '2023-06-30 07:46:33', 'I:\\Ingenieria\\HHJ ALTERNATIVE MATERIAL PLAN\\Alternative tracker 2022\\Actividades de AE\\W 26', '', '2023-06-30 07:45:53'),
(394, 5936, 20, '2023-06-30 07:48:04', NULL, '2023-06-30 07:48:30', 'I:\\Ingenieria\\HHJ ALTERNATIVE MATERIAL PLAN\\Alternative tracker 2022\\Actividades de AE\\W 26', '', '2023-06-30 07:48:04'),
(395, 5937, 20, '2023-06-30 07:49:52', NULL, '2023-06-30 07:50:23', 'I:\\Ingenieria\\HHJ ALTERNATIVE MATERIAL PLAN\\Alternative tracker 2022\\Actividades de AE\\W 26', '', '2023-06-30 07:49:52'),
(396, 5938, 20, '2023-06-30 08:02:12', NULL, '2023-06-30 08:05:18', 'I:\\Ingenieria\\HHJ ALTERNATIVE MATERIAL PLAN\\Alternative tracker 2022\\Actividades de AE\\W 26', '', '2023-06-30 08:02:12'),
(397, 5939, 20, '2023-06-30 08:09:12', NULL, '2023-06-30 08:09:37', 'I:\\Ingenieria\\HHJ ALTERNATIVE MATERIAL PLAN\\Alternative tracker 2022\\Actividades de AE\\W 26', '', '2023-06-30 08:09:12'),
(398, 5940, 20, '2023-06-30 08:11:23', NULL, '2023-06-30 08:12:02', 'I:\\Ingenieria\\HHJ ALTERNATIVE MATERIAL PLAN\\Alternative tracker 2022\\Actividades de AE\\W 26', '', '2023-06-30 08:11:23'),
(399, 5941, 20, '2023-06-30 08:14:13', NULL, '2023-06-30 08:14:59', 'I:\\Ingenieria\\HHJ ALTERNATIVE MATERIAL PLAN\\Alternative tracker 2022\\Actividades de AE\\W 26', '', '2023-06-30 08:14:13'),
(400, 5942, 20, '2023-06-30 08:18:02', NULL, '2023-06-30 08:18:47', 'I:\\Ingenieria\\HHJ ALTERNATIVE MATERIAL PLAN\\Alternative tracker 2022\\Actividades de AE\\W 26', '', '2023-06-30 08:18:02'),
(401, 5943, 20, '2023-06-30 08:21:06', NULL, '2023-06-30 08:21:49', 'I:\\Ingenieria\\HHJ ALTERNATIVE MATERIAL PLAN\\Alternative tracker 2022\\Actividades de AE\\W 26', '', '2023-06-30 08:21:06'),
(402, 5944, 19, '2023-06-30 10:56:48', NULL, '2023-06-30 10:57:48', 'M:\\DESIGN\\KSM Matamores\\Molded Part Tooling\\PTC CREO\\3D MODEL', '', '2023-06-30 10:56:48'),
(403, 5945, 24, '2023-06-30 11:08:15', NULL, '2023-06-30 11:08:44', 'I:\\Ingenieria\\HHJ ALTERNATIVE MATERIAL PLAN\\Alternative tracker 2022\\Actividades de AE\\W 26', '', '2023-06-30 11:08:15'),
(404, 5946, 24, '2023-07-03 13:46:49', NULL, '2023-07-03 13:48:23', 'I:\\Ingenieria\\HHJ ALTERNATIVE MATERIAL PLAN\\Alternative tracker 2022\\Actividades de AE\\W 27', '', '2023-07-03 13:46:49'),
(405, 5947, 24, '2023-07-03 13:54:37', NULL, '2023-07-03 13:55:20', 'I:\\Ingenieria\\HHJ ALTERNATIVE MATERIAL PLAN\\Alternative tracker 2022\\Actividades de AE\\W 27', '', '2023-07-03 13:54:37'),
(406, 5948, 19, '2023-07-03 14:54:14', NULL, '2023-07-03 14:55:03', 'I:\\Ingenieria\\HHJ ALTERNATIVE MATERIAL PLAN\\Alternative tracker 2022\\Actividades de AE\\W 27\\DS-LOW-11', '', '2023-07-03 14:54:14'),
(407, 5949, 24, '2023-07-03 16:45:38', NULL, '2023-07-03 16:46:41', 'I:\\Ingenieria\\HHJ ALTERNATIVE MATERIAL PLAN\\Alternative tracker 2022\\Actividades de AE\\W 27', '', '2023-07-03 16:45:38'),
(408, 5950, 19, '2023-07-04 14:20:02', NULL, '2023-07-04 14:24:14', 'I:\\Ingenieria\\HHJ ALTERNATIVE MATERIAL PLAN\\Alternative tracker 2022\\Actividades de AE\\W 27\\DS-LOW-11', '', '2023-07-04 14:20:02'),
(409, 5951, 24, '2023-07-04 14:48:53', NULL, '2023-07-04 14:49:28', 'I:\\Ingenieria\\HHJ ALTERNATIVE MATERIAL PLAN\\Alternative tracker 2022\\Actividades de AE\\W 27', '', '2023-07-04 14:48:53'),
(410, 5952, 24, '2023-07-04 14:53:50', NULL, '2023-07-04 14:54:18', 'I:\\Ingenieria\\HHJ ALTERNATIVE MATERIAL PLAN\\Alternative tracker 2022\\Actividades de AE\\W 27', '', '2023-07-04 14:53:50'),
(411, 5953, 19, '2023-07-05 15:07:27', NULL, '2023-07-06 11:28:05', 'I:\\Ingenieria\\npi\\CAD\\Drawings Database\\Kymeta\\MIL R2 DV builds', '', '2023-07-05 15:07:27'),
(412, 5954, 19, '2023-07-05 15:49:25', NULL, '2023-07-05 15:52:14', 'M:\\DESIGN\\CLEARFIELD\\WIO 900.454', '', '2023-07-05 15:49:25'),
(413, 5955, 20, '2023-07-06 07:49:39', NULL, '2023-07-06 07:51:16', 'I:\\Ingenieria\\HHJ ALTERNATIVE MATERIAL PLAN\\Alternative tracker 2022\\Actividades de AE\\W 27', '', '2023-07-06 07:49:39'),
(414, 5956, 19, '2023-07-06 07:53:57', NULL, '2023-07-10 07:24:33', 'M:\\DESIGN\\CLEARFIELD\\FUJIKURA 90R12', '', '2023-07-06 07:53:57'),
(415, 5957, 20, '2023-07-06 07:55:59', NULL, '2023-07-06 07:56:30', 'I:\\Ingenieria\\HHJ ALTERNATIVE MATERIAL PLAN\\Alternative tracker 2022\\Actividades de AE\\W 27', '', '2023-07-06 07:55:59'),
(416, 5958, 20, '2023-07-06 08:10:34', NULL, '2023-07-06 08:12:54', 'I:\\Ingenieria\\HHJ ALTERNATIVE MATERIAL PLAN\\Alternative tracker 2022\\Actividades de AE\\W 27', '', '2023-07-06 08:10:34'),
(417, 5959, 20, '2023-07-06 08:39:42', NULL, '2023-07-06 08:41:44', 'I:\\Ingenieria\\HHJ ALTERNATIVE MATERIAL PLAN\\Alternative tracker 2022\\Actividades de AE\\W 27', '', '2023-07-06 08:39:42'),
(418, 5960, 20, '2023-07-06 08:44:45', NULL, '2023-07-06 08:46:10', 'I:\\Ingenieria\\HHJ ALTERNATIVE MATERIAL PLAN\\Alternative tracker 2022\\Actividades de AE\\W 27', '', '2023-07-06 08:44:45'),
(419, 5961, 20, '2023-07-06 08:57:18', NULL, NULL, '', '', '2023-07-06 08:57:18'),
(420, 5962, 20, '2023-07-06 08:58:09', NULL, '2023-07-07 07:23:26', 'I:\\Ingenieria\\HHJ ALTERNATIVE MATERIAL PLAN\\Alternative tracker 2022\\Actividades de AE\\W 27', '', '2023-07-06 08:58:09'),
(421, 5963, 24, '2023-07-10 10:17:11', NULL, '2023-07-10 10:17:41', 'I:\\Ingenieria\\HHJ ALTERNATIVE MATERIAL PLAN\\Alternative tracker 2022\\Actividades de AE\\W 28', '', '2023-07-10 10:17:11'),
(422, 5964, 24, '2023-07-10 14:12:18', NULL, '2023-07-10 14:12:44', 'I:\\Ingenieria\\HHJ ALTERNATIVE MATERIAL PLAN\\Alternative tracker 2022\\Actividades de AE\\W 28', '', '2023-07-10 14:12:18'),
(423, 5965, 24, '2023-07-10 14:38:38', NULL, '2023-07-10 14:38:51', 'I:\\Ingenieria\\HHJ ALTERNATIVE MATERIAL PLAN\\Alternative tracker 2022\\Actividades de AE\\W 28', '', '2023-07-10 14:38:38'),
(424, 5966, 24, '2023-07-10 16:52:39', NULL, '2023-07-10 16:53:11', 'I:\\Ingenieria\\HHJ ALTERNATIVE MATERIAL PLAN\\Alternative tracker 2022\\Actividades de AE\\W 28', '', '2023-07-10 16:52:39'),
(425, 5967, 19, '2023-07-11 08:10:34', NULL, '2023-07-11 09:26:34', 'I:\\Ingenieria\\npi\\CAD\\Drawings Database\\Procept-BioRobotics\\Documents\\20230403_00_PROCEPT', '', '2023-07-11 08:10:34'),
(426, 5968, 24, '2023-07-11 09:21:31', NULL, '2023-07-11 09:22:03', 'I:\\Ingenieria\\HHJ ALTERNATIVE MATERIAL PLAN\\Alternative tracker 2022\\Actividades de AE\\W 28', '', '2023-07-11 09:21:31'),
(427, 5969, 24, '2023-07-11 11:13:41', NULL, '2023-07-11 11:14:18', 'I:\\Ingenieria\\HHJ ALTERNATIVE MATERIAL PLAN\\Alternative tracker 2022\\Actividades de AE\\W 28', '', '2023-07-11 11:13:41'),
(428, 5970, 20, '2023-07-11 15:45:42', NULL, NULL, '', '', '2023-07-11 15:45:42'),
(429, 5971, 24, '2023-07-12 13:40:26', NULL, '2023-07-12 13:40:42', 'I:\\Ingenieria\\HHJ ALTERNATIVE MATERIAL PLAN\\Alternative tracker 2022\\Actividades de AE\\W 28', '', '2023-07-12 13:40:26'),
(430, 5972, 24, '2023-07-12 16:55:46', NULL, '2023-07-12 16:56:08', 'I:\\Ingenieria\\HHJ ALTERNATIVE MATERIAL PLAN\\Alternative tracker 2022\\Actividades de AE\\W 28', '', '2023-07-12 16:55:46'),
(431, 5973, 24, '2023-07-13 09:44:46', NULL, '2023-07-13 09:45:00', 'I:\\Ingenieria\\HHJ ALTERNATIVE MATERIAL PLAN\\Alternative tracker 2022\\Actividades de AE\\W 28', '', '2023-07-13 09:44:46');

-- --------------------------------------------------------

--
-- Estructura de tabla para la tabla `alternativo`
--

CREATE TABLE `alternativo` (
  `idAlternativo` int(11) NOT NULL,
  `idMotivo` int(11) NOT NULL,
  `idNegocioVieneDeUsuario` int(11) NOT NULL,
  `idNegocioVieneDeDepartamento` int(11) NOT NULL,
  `NumParteNAIQP` varchar(100) COLLATE utf8_unicode_ci NOT NULL,
  `idAlternativoTipo` int(11) NOT NULL,
  `descripcion` varchar(300) COLLATE utf8_unicode_ci NOT NULL,
  `numParteManufacturador` varchar(100) COLLATE utf8_unicode_ci NOT NULL,
  `idAlternativoManufacturador` int(11) NOT NULL,
  `alternativoNumParteManufacturador` varchar(100) COLLATE utf8_unicode_ci NOT NULL,
  `idManufacturador` int(11) NOT NULL,
  `idAsignadoAUsuario` int(11) DEFAULT NULL,
  `idAlternativoStatus` int(11) NOT NULL,
  `aprobadoPorCliente` tinyint(1) DEFAULT NULL,
  `link` varchar(500) COLLATE utf8_unicode_ci DEFAULT NULL,
  `fechaCrea` datetime NOT NULL DEFAULT CURRENT_TIMESTAMP
) ENGINE=InnoDB DEFAULT CHARSET=utf8 COLLATE=utf8_unicode_ci;

--
-- Volcado de datos para la tabla `alternativo`
--

INSERT INTO `alternativo` (`idAlternativo`, `idMotivo`, `idNegocioVieneDeUsuario`, `idNegocioVieneDeDepartamento`, `NumParteNAIQP`, `idAlternativoTipo`, `descripcion`, `numParteManufacturador`, `idAlternativoManufacturador`, `alternativoNumParteManufacturador`, `idManufacturador`, `idAsignadoAUsuario`, `idAlternativoStatus`, `aprobadoPorCliente`, `link`, `fechaCrea`) VALUES
(1, 1, 6, 2, 'TESTING PN NAI 01', 5, 'CAPACITOR TEST', '01560ASDF', 547, '651651', 551, 23, 2, NULL, NULL, '2023-05-17 10:00:11'),
(2, 2, 12, 7, 'TESTING PN NAI 02', 4, 'Conector nuevo', 'TTA6506', 555, 'GOOap651', 556, 14, 1, NULL, NULL, '2023-05-17 10:01:06'),
(3, 2, 12, 7, 'TESTING PN NAI 03', 4, 'Cable fibra', 'DTS651', 558, '1651TTA', 563, 3, 2, NULL, NULL, '2023-05-17 10:01:40');

-- --------------------------------------------------------

--
-- Estructura de tabla para la tabla `alternativo_motivo`
--

CREATE TABLE `alternativo_motivo` (
  `idAlternativoMotivo` int(11) NOT NULL,
  `nombre` varchar(100) COLLATE utf8_unicode_ci NOT NULL,
  `fechaCrea` datetime NOT NULL DEFAULT CURRENT_TIMESTAMP,
  `creadoPor` int(11) NOT NULL
) ENGINE=InnoDB DEFAULT CHARSET=utf8 COLLATE=utf8_unicode_ci;

--
-- Volcado de datos para la tabla `alternativo_motivo`
--

INSERT INTO `alternativo_motivo` (`idAlternativoMotivo`, `nombre`, `fechaCrea`, `creadoPor`) VALUES
(1, 'Cost Redudction', '2023-05-15 15:37:58', 1),
(2, 'Out of Stock', '2023-05-15 15:37:58', 1),
(3, 'Long Lead Time', '2023-05-15 15:37:58', 1),
(4, 'End of Life', '2023-05-15 15:37:58', 1),
(5, 'Other', '2023-05-15 15:37:58', 1),
(6, 'N/A', '2023-05-16 16:46:56', 1);

-- --------------------------------------------------------

--
-- Estructura de tabla para la tabla `alternativo_spec`
--

CREATE TABLE `alternativo_spec` (
  `idAlternativoSpec` int(11) NOT NULL,
  `nombre` varchar(300) COLLATE utf8_unicode_ci NOT NULL,
  `tamano` int(11) NOT NULL,
  `subidoPor` int(11) NOT NULL,
  `idAlternativo` int(11) NOT NULL,
  `fechaCrea` datetime NOT NULL DEFAULT CURRENT_TIMESTAMP
) ENGINE=InnoDB DEFAULT CHARSET=utf8 COLLATE=utf8_unicode_ci;

-- --------------------------------------------------------

--
-- Estructura de tabla para la tabla `alternativo_status`
--

CREATE TABLE `alternativo_status` (
  `idAlternativoStatus` int(11) NOT NULL,
  `nombre` varchar(100) COLLATE utf8_unicode_ci NOT NULL,
  `fechaCrea` datetime NOT NULL DEFAULT CURRENT_TIMESTAMP,
  `creadoPor` int(11) NOT NULL
) ENGINE=InnoDB DEFAULT CHARSET=utf8 COLLATE=utf8_unicode_ci;

--
-- Volcado de datos para la tabla `alternativo_status`
--

INSERT INTO `alternativo_status` (`idAlternativoStatus`, `nombre`, `fechaCrea`, `creadoPor`) VALUES
(1, 'Alternative', '2023-05-16 07:37:34', 1),
(2, 'In Process', '2023-05-16 07:37:40', 1),
(3, 'No Replacement', '2023-05-16 07:37:50', 1);

-- --------------------------------------------------------

--
-- Estructura de tabla para la tabla `alternativo_tipo`
--

CREATE TABLE `alternativo_tipo` (
  `idAlternativoTipo` int(11) NOT NULL,
  `nombre` varchar(100) COLLATE utf8_unicode_ci NOT NULL,
  `fechaCrea` datetime NOT NULL DEFAULT CURRENT_TIMESTAMP,
  `creadoPor` int(11) NOT NULL
) ENGINE=InnoDB DEFAULT CHARSET=utf8 COLLATE=utf8_unicode_ci;

--
-- Volcado de datos para la tabla `alternativo_tipo`
--

INSERT INTO `alternativo_tipo` (`idAlternativoTipo`, `nombre`, `fechaCrea`, `creadoPor`) VALUES
(1, 'Assembly', '2023-05-15 17:06:33', 1),
(2, 'Backshell', '2023-05-15 17:06:52', 1),
(3, 'Button', '2023-05-15 17:07:07', 1),
(4, 'Cable', '2023-05-15 17:07:55', 1),
(5, 'Capacitor', '2023-05-15 17:08:05', 1),
(6, 'Clamp', '2023-05-15 17:08:13', 1),
(7, 'Strain relief', '2023-05-15 17:08:20', 1),
(8, 'Connector', '2023-05-15 17:08:34', 1),
(9, 'Cord Grips', '2023-05-15 17:08:41', 1),
(10, 'Electronics', '2023-05-15 17:08:50', 1),
(11, 'Fan', '2023-05-15 17:08:55', 1),
(12, 'Ferrite', '2023-05-15 17:09:01', 1),
(13, 'Ferrule', '2023-05-15 17:09:07', 1),
(14, 'Filter', '2023-05-15 17:09:14', 1),
(15, 'Grommet', '2023-05-15 17:09:23', 1),
(16, 'Heatshrink', '2023-05-15 17:09:29', 1),
(17, 'Housing', '2023-05-15 17:09:34', 1),
(18, 'Inductor', '2023-05-15 17:09:40', 1),
(20, 'Label', '2023-05-15 17:09:51', 1),
(21, 'Label tubing', '2023-05-15 17:10:02', 1),
(22, 'Led', '2023-05-15 17:10:10', 1),
(23, 'Nut', '2023-05-15 17:10:17', 1),
(24, 'Plug', '2023-05-15 17:10:25', 1),
(25, 'Relay', '2023-05-15 17:10:32', 1),
(26, 'Resistor', '2023-05-15 17:10:40', 1),
(27, 'Resitance', '2023-05-15 17:11:45', 1),
(28, 'Screw', '2023-05-15 17:11:52', 1),
(29, 'Sensor', '2023-05-15 17:12:00', 1),
(30, 'Sleeving', '2023-05-15 17:12:07', 1),
(31, 'Solenoid Valve', '2023-05-15 17:12:14', 1),
(32, 'Switch', '2023-05-15 17:12:23', 1),
(33, 'Tape', '2023-05-15 17:12:28', 1),
(34, 'Contact', '2023-05-15 17:12:34', 1),
(35, 'Thermistor', '2023-05-15 17:12:44', 1),
(37, 'Tubing', '2023-05-15 17:12:57', 1),
(38, 'Valve', '2023-05-15 17:13:04', 1),
(39, 'Wire', '2023-05-15 17:13:13', 1),
(40, 'Transformer', '2023-05-17 07:37:48', 1);

-- --------------------------------------------------------

--
-- Estructura de tabla para la tabla `capacidad`
--

CREATE TABLE `capacidad` (
  `idCapacidad` int(11) NOT NULL,
  `nombreCapacidad` varchar(50) NOT NULL,
  `descripcion` text,
  `fechaCrea` datetime NOT NULL DEFAULT CURRENT_TIMESTAMP
) ENGINE=InnoDB DEFAULT CHARSET=utf8mb4;

--
-- Volcado de datos para la tabla `capacidad`
--

INSERT INTO `capacidad` (`idCapacidad`, `nombreCapacidad`, `descripcion`, `fechaCrea`) VALUES
(1, 'CORTE DE CABLE MANUAL', NULL, '2021-05-05 20:32:07'),
(2, 'PREPARADO DE CABLE', NULL, '2021-05-05 20:32:07'),
(3, 'DESPOJE', NULL, '2021-05-05 20:32:07'),
(4, 'DESPOJE DE ARMOR', NULL, '2021-05-05 20:32:07'),
(5, 'AJUSTE DE FIBRA', NULL, '2021-05-05 20:32:07'),
(6, 'INSERTADO DE FURCATION', NULL, '2021-05-05 20:32:07'),
(7, 'COLOCACION DE TRANSITION', NULL, '2021-05-05 20:32:07'),
(8, 'INYECTADO DE HYSOL', NULL, '2021-05-05 20:32:07'),
(9, 'ENCOGIDO DE TUBING', NULL, '2021-05-05 20:32:07'),
(10, 'PREPARADO DE JUMPERS', NULL, '2021-05-05 20:32:07'),
(11, 'ETIQUETADO', NULL, '2021-05-05 20:34:05'),
(12, 'REMACHADO DE FIBRA', NULL, '2021-05-05 20:34:05'),
(13, 'DESPOJE DE FIBRA', NULL, '2021-05-05 20:34:05'),
(14, 'DUPLEX CLIP', NULL, '2021-05-05 20:34:05'),
(15, 'PREPARADO DE EPOXI', NULL, '2021-05-05 20:34:05'),
(16, 'INYECTADO DE EPOXI', NULL, '2021-05-05 20:34:05'),
(17, 'INYECTADO DE EPOXI CON DISPENSADORA', NULL, '2021-05-05 20:34:05'),
(18, 'CURADO DE EPOXI', NULL, '2021-05-05 20:34:05'),
(19, 'CLEAVING', NULL, '2021-05-05 20:34:05'),
(20, 'CONECTORIZADO', NULL, '2021-05-05 20:34:05'),
(21, 'POLICHADO', NULL, '2021-05-05 20:34:05'),
(22, 'RESORTEO', NULL, '2021-05-05 20:34:05'),
(23, 'DORC', NULL, '2021-05-05 20:34:05'),
(24, 'INSPECCION VISUAL', NULL, '2021-05-05 20:34:05'),
(25, 'PRUEBA IL/RL', NULL, '2021-05-05 20:34:05'),
(26, 'PRUEBA DE LUZ', NULL, '2021-05-05 20:35:05'),
(27, 'REMACHADO DE TERMINALES', NULL, '2021-05-05 20:35:05'),
(28, 'PRUEBA DE CONTINUIDAD', NULL, '2021-05-05 20:35:05'),
(29, 'POTTING', NULL, '2021-05-05 20:35:05'),
(30, 'EMPAQUE', NULL, '2021-05-05 20:35:05'),
(31, 'INSPECCION FINAL', NULL, '2021-05-05 20:35:05'),
(32, 'PULL TEST', NULL, '2021-05-05 20:35:29'),
(33, 'CORTE DE FURCATION', NULL, '2021-05-05 20:35:29'),
(34, 'MOLDEO', NULL, '2021-05-05 20:36:30'),
(35, 'INSERTADO DE FANOUT', NULL, '2021-05-05 20:36:30'),
(36, 'END FACE', NULL, '2021-05-05 20:36:30'),
(37, 'RIBBONIZADO', NULL, '2021-05-05 20:36:30'),
(38, 'ARMADO DE HOUSING', NULL, '2021-05-05 20:36:30'),
(39, 'TORCIDO DE CABLE', NULL, '2021-05-05 20:36:30'),
(40, 'PRUEBA DE INMERSION IP-67', NULL, '2021-05-05 20:36:30');

-- --------------------------------------------------------

--
-- Estructura de tabla para la tabla `capacidades`
--

CREATE TABLE `capacidades` (
  `idCapacidades` int(11) NOT NULL,
  `idEmpleado` int(11) NOT NULL,
  `idCapacidad` int(11) NOT NULL
) ENGINE=InnoDB DEFAULT CHARSET=utf8mb4;

--
-- Volcado de datos para la tabla `capacidades`
--

INSERT INTO `capacidades` (`idCapacidades`, `idEmpleado`, `idCapacidad`) VALUES
(1, 4, 1),
(2, 4, 2),
(3, 4, 3),
(4, 4, 4),
(5, 4, 5),
(6, 4, 6),
(7, 4, 7),
(8, 4, 8),
(9, 4, 10),
(10, 4, 11),
(11, 4, 12),
(12, 4, 13),
(13, 4, 14),
(14, 4, 15),
(15, 4, 17),
(16, 4, 18),
(17, 4, 19),
(18, 4, 20),
(19, 4, 21),
(20, 4, 22),
(21, 4, 23),
(22, 4, 24),
(23, 4, 25),
(24, 4, 26),
(25, 4, 28),
(26, 4, 30),
(27, 4, 31),
(28, 4, 33),
(29, 4, 34),
(30, 4, 36),
(31, 4, 38),
(32, 4, 39),
(33, 4, 40),
(34, 5, 1),
(35, 5, 2),
(36, 5, 3),
(37, 5, 4),
(38, 5, 5),
(39, 5, 6),
(40, 5, 7),
(41, 5, 8),
(42, 5, 9),
(43, 5, 10),
(44, 5, 11),
(45, 5, 12),
(46, 5, 13),
(47, 5, 14),
(48, 5, 15),
(49, 5, 16),
(50, 5, 17),
(51, 5, 18),
(52, 5, 19),
(53, 5, 20),
(54, 5, 23),
(55, 5, 24),
(56, 5, 25),
(57, 5, 26),
(58, 5, 27),
(59, 5, 28),
(60, 5, 30),
(61, 5, 31),
(62, 5, 32),
(63, 5, 33),
(64, 5, 36),
(65, 5, 39),
(66, 5, 40),
(67, 8, 5),
(68, 8, 9),
(69, 8, 13),
(70, 8, 31),
(71, 8, 35),
(72, 9, 1),
(73, 9, 2),
(74, 9, 3),
(75, 9, 5),
(76, 9, 6),
(77, 9, 7),
(78, 9, 8),
(79, 9, 9),
(80, 9, 11),
(81, 9, 13),
(82, 9, 14),
(83, 9, 18),
(84, 9, 19),
(85, 9, 20),
(86, 9, 21),
(87, 9, 22),
(88, 9, 23),
(89, 9, 24),
(90, 9, 25),
(91, 9, 26),
(92, 9, 28),
(93, 9, 30),
(94, 9, 31),
(95, 9, 33),
(96, 9, 34),
(97, 9, 36),
(98, 9, 37),
(99, 9, 38),
(100, 10, 2),
(101, 10, 3),
(102, 10, 5),
(103, 10, 7),
(104, 10, 9),
(105, 10, 10),
(106, 10, 11),
(107, 10, 12),
(108, 10, 13),
(109, 10, 14),
(110, 10, 16),
(111, 10, 17),
(112, 10, 18),
(113, 10, 19),
(114, 10, 20),
(115, 10, 22),
(116, 10, 23),
(117, 10, 24),
(118, 10, 26),
(119, 10, 28),
(120, 10, 36),
(121, 11, 3),
(122, 11, 4),
(123, 11, 8),
(124, 11, 9),
(125, 11, 14),
(126, 11, 19),
(127, 11, 21),
(128, 11, 22),
(129, 11, 23),
(130, 11, 25),
(131, 11, 29),
(132, 11, 30),
(133, 11, 31),
(134, 18, 1);

-- --------------------------------------------------------

--
-- Estructura de tabla para la tabla `cap_requeridas`
--

CREATE TABLE `cap_requeridas` (
  `idCapRequeridas` int(11) NOT NULL,
  `idProyecto` int(11) NOT NULL,
  `idCapacidad` int(11) NOT NULL,
  `fechaCrea` datetime NOT NULL DEFAULT CURRENT_TIMESTAMP
) ENGINE=InnoDB DEFAULT CHARSET=utf8mb4;

-- --------------------------------------------------------

--
-- Estructura de tabla para la tabla `carrier`
--

CREATE TABLE `carrier` (
  `idCarrier` int(11) NOT NULL,
  `nombreCarrier` varchar(30) COLLATE utf8_unicode_ci NOT NULL,
  `fechaCrea` datetime NOT NULL DEFAULT CURRENT_TIMESTAMP
) ENGINE=InnoDB DEFAULT CHARSET=utf8 COLLATE=utf8_unicode_ci;

--
-- Volcado de datos para la tabla `carrier`
--

INSERT INTO `carrier` (`idCarrier`, `nombreCarrier`, `fechaCrea`) VALUES
(1, 'FEDEX', '2021-04-14 00:50:34'),
(2, 'UPS', '2021-04-14 00:50:40'),
(3, 'UTL', '2021-04-14 01:01:44');

-- --------------------------------------------------------

--
-- Estructura de tabla para la tabla `cliente`
--

CREATE TABLE `cliente` (
  `idCliente` int(11) NOT NULL,
  `nombreCliente` varchar(50) NOT NULL,
  `fechaCrea` datetime NOT NULL DEFAULT CURRENT_TIMESTAMP,
  `comentarios` text
) ENGINE=InnoDB DEFAULT CHARSET=utf8mb4;

--
-- Volcado de datos para la tabla `cliente`
--

INSERT INTO `cliente` (`idCliente`, `nombreCliente`, `fechaCrea`, `comentarios`) VALUES
(1, 'NWS', '2021-03-26 16:10:49', 'Network Wireless Solutions'),
(2, 'RFS', '2021-03-26 16:11:32', 'Radio Frecuency Systems'),
(3, 'CORNING', '2021-03-26 16:11:48', ''),
(4, 'CSD / AMERICA ILSINTECH', '2021-04-13 16:18:54', ''),
(5, 'JABIL', '2021-04-15 18:16:17', ''),
(6, 'ADTRAN', '2021-05-18 01:21:28', ''),
(7, 'TYCAD', '2021-05-18 01:31:20', ''),
(8, 'RAYCAP', '2021-05-25 03:37:01', ''),
(9, 'BELL', '2021-05-25 16:22:44', ''),
(10, 'CSD', '2021-08-26 09:59:14', ''),
(11, 'ADVANCED ENERGY', '2021-10-15 07:26:28', NULL),
(12, 'AMPHENOL', '2021-10-15 07:26:28', NULL),
(13, 'CABLCON', '2021-10-15 07:30:14', NULL),
(14, 'CCI', '2021-10-15 07:30:14', NULL),
(15, 'CHARLES INDUSTRIES', '2021-10-15 07:30:14', NULL),
(16, 'CLEARFIELD', '2021-10-15 07:30:14', NULL),
(17, 'CONFIDENTIAL', '2021-10-15 07:30:14', NULL),
(18, 'KESTREL LABS', '2021-10-15 07:30:14', NULL),
(19, 'FUJITSU', '2021-10-15 07:30:14', NULL),
(20, 'GAMMA ELECTRONICS', '2021-10-15 07:30:14', NULL),
(21, 'GOFOTON', '2021-10-15 07:30:14', ''),
(22, 'HUBER SUHNER', '2021-10-15 07:30:14', NULL),
(23, 'COMMSCOPE', '2021-10-15 07:31:29', ''),
(24, 'KGP', '2021-10-15 07:35:57', ''),
(25, 'LEGRAND', '2021-10-15 07:37:02', ''),
(26, 'LITTLE MIAMI GIG', '2021-10-15 07:37:10', ''),
(27, 'OCC', '2021-10-15 07:37:24', ''),
(28, 'OPTERNA/PPC ONLINE', '2021-10-15 07:37:36', ''),
(29, 'PANDUIT', '2021-10-15 07:37:42', ''),
(30, 'PRYSMIAN', '2021-10-15 07:37:47', ''),
(31, 'ROCKPORT NETWORKS', '2021-10-15 07:38:08', ''),
(32, 'THALES', '2021-10-15 07:39:25', ''),
(33, 'UCAP/KLA', '2021-10-15 07:39:37', ''),
(34, 'VERTIV', '2021-10-15 07:39:42', ''),
(35, 'VIAPHOTON', '2021-10-15 07:39:48', ''),
(36, 'SMART WIRES', '2021-10-15 10:28:02', NULL),
(37, 'LAM', '2021-10-15 10:28:55', NULL),
(38, 'NAI', '2021-10-25 09:07:40', 'North American Interconnect'),
(39, 'TELECT', '2021-11-08 16:45:08', ''),
(40, 'SMITHS', '2021-11-08 16:46:42', ''),
(41, 'LMG', '2021-11-08 16:47:47', ''),
(42, 'PPC', '2021-11-16 15:26:39', ''),
(43, 'FANUC', '2022-02-15 09:33:25', ''),
(44, 'AFL', '2022-04-08 10:30:24', ''),
(45, 'OPSENS', '2022-04-22 08:13:03', 'French canadian fiber optic sensor company. Serves medical industrial & energy.'),
(46, 'PLEXUS', '2022-06-07 11:02:15', ''),
(47, 'Ichor', '2023-02-03 14:51:02', ''),
(48, 'BIOSIG', '2023-02-07 09:54:47', ''),
(49, 'QWEST', '2023-02-07 10:03:33', ''),
(50, 'Benchmark Electronics', '2023-02-07 10:58:24', ''),
(51, 'FLEXTRONICS', '2023-02-07 11:03:01', ''),
(52, 'KYMETA', '2023-02-09 08:31:59', ''),
(53, 'CenturyLink', '2023-02-10 16:01:00', ''),
(54, 'WOLF', '2023-02-13 11:14:31', ''),
(55, 'HONEYWELL', '2023-02-13 11:34:27', ''),
(56, 'CONMET', '2023-02-23 15:01:17', ''),
(57, 'SALTMED', '2023-02-23 16:03:24', ''),
(58, 'AGILENT', '2023-03-08 12:04:39', ''),
(59, 'PROCEPT', '2023-03-23 15:46:18', ''),
(60, 'SMITH INTERCONNECT', '2023-03-24 15:17:11', ''),
(61, 'AMAT', '2023-03-28 11:17:26', ''),
(62, 'GRIDBLOCK', '2023-03-28 14:03:23', ''),
(63, 'TREK', '2023-04-21 07:55:51', ''),
(64, 'KSM Matamores', '2023-04-25 16:23:16', ''),
(65, 'THERMOFISHER', '2023-05-03 11:24:49', ''),
(66, 'FLUKE', '2023-05-03 11:34:21', ''),
(67, 'KSM', '2023-05-22 11:03:58', ''),
(68, 'SL POWER ELECTRONICS', '2023-07-03 14:50:56', '');

-- --------------------------------------------------------

--
-- Estructura de tabla para la tabla `cliente_contacto`
--

CREATE TABLE `cliente_contacto` (
  `idClienteContacto` int(11) NOT NULL,
  `idCliente` int(11) NOT NULL,
  `nombre` varchar(50) COLLATE utf8_unicode_ci NOT NULL,
  `activo` tinyint(1) NOT NULL,
  `email` varchar(50) COLLATE utf8_unicode_ci DEFAULT NULL,
  `telefono` varchar(20) COLLATE utf8_unicode_ci DEFAULT NULL,
  `fechaCrea` datetime NOT NULL DEFAULT CURRENT_TIMESTAMP
) ENGINE=InnoDB DEFAULT CHARSET=utf8 COLLATE=utf8_unicode_ci;

--
-- Volcado de datos para la tabla `cliente_contacto`
--

INSERT INTO `cliente_contacto` (`idClienteContacto`, `idCliente`, `nombre`, `activo`, `email`, `telefono`, `fechaCrea`) VALUES
(1, 1, 'Steve Diotte', 1, NULL, NULL, '2021-05-18 01:06:57'),
(2, 3, 'Manuel Herrera', 1, NULL, NULL, '2021-05-18 01:10:13'),
(3, 6, 'Ron Smith', 1, NULL, NULL, '2021-05-18 01:23:48'),
(4, 5, 'Ken Smiths', 1, NULL, NULL, '2021-05-18 01:25:06'),
(5, 7, 'Jeff Watson', 1, NULL, NULL, '2021-05-18 01:31:33'),
(6, 8, 'Charis Coletti', 1, NULL, NULL, '2021-05-18 20:39:26'),
(7, 24, 'Amy Banka', 1, NULL, NULL, '2021-10-15 07:47:37'),
(8, 27, 'Amy Warren', 1, NULL, NULL, '2021-10-15 07:47:59'),
(9, 5, 'Aveline Chen', 1, NULL, NULL, '2021-10-15 07:48:19'),
(10, 35, 'Babber Abbas', 1, NULL, NULL, '2021-10-15 07:48:34'),
(11, 2, 'Bains Gurdev ', 1, NULL, NULL, '2021-10-15 07:48:42'),
(12, 6, 'Benjamin Browning', 1, NULL, NULL, '2021-10-15 07:48:50'),
(13, 25, 'Benjamin Vieth', 1, NULL, NULL, '2021-10-15 07:52:22'),
(14, 32, 'Brigitte Xu', 1, NULL, NULL, '2021-10-15 07:52:38'),
(15, 5, 'Brock Petersen', 1, NULL, NULL, '2021-10-15 07:52:46'),
(16, 30, 'Chris H. Isetts', 1, NULL, NULL, '2021-10-15 07:53:10'),
(17, 10, 'Chris Raynor', 1, NULL, NULL, '2021-10-15 07:53:26'),
(18, 22, 'Christopher Carr', 1, NULL, NULL, '2021-10-15 07:54:09'),
(19, 6, 'David Hand', 1, NULL, NULL, '2021-10-15 07:54:20'),
(20, 10, 'David Kane', 1, NULL, NULL, '2021-10-15 07:54:31'),
(21, 3, 'David Sterling', 1, NULL, NULL, '2021-10-15 07:54:40'),
(22, 12, 'Eduardo Barbosa', 1, NULL, NULL, '2021-10-15 07:54:49'),
(23, 23, 'Garet Black', 1, NULL, NULL, '2021-10-15 07:55:04'),
(24, 5, 'Glenn Ng', 1, NULL, NULL, '2021-10-15 07:55:13'),
(25, 17, 'Greg W. Williams', 1, NULL, NULL, '2021-10-15 07:55:24'),
(27, 2, 'Guadalupe Wanda', 1, NULL, NULL, '2021-10-15 07:55:47'),
(28, 3, 'James McElroy', 1, NULL, NULL, '2021-10-15 08:35:11'),
(29, 17, 'Jason Zelley', 1, NULL, NULL, '2021-10-15 08:35:25'),
(30, 23, 'Jay Mitchel', 1, NULL, NULL, '2021-10-15 08:35:34'),
(31, 13, 'Jennifer Jay', 1, NULL, NULL, '2021-10-15 08:35:57'),
(32, 10, 'Joe Livingston', 1, NULL, NULL, '2021-10-15 08:36:12'),
(33, 6, 'Jon Chalmers', 1, NULL, NULL, '2021-10-15 08:36:25'),
(34, 3, 'Jonathan Brady', 1, NULL, NULL, '2021-10-15 08:36:34'),
(35, 27, 'Jose Mosquerra', 1, NULL, NULL, '2021-10-15 08:36:43'),
(36, 3, 'Kathleen Mackenzie', 1, NULL, NULL, '2021-10-15 08:36:51'),
(37, 16, 'Kirsten N Vaughn', 1, NULL, NULL, '2021-10-15 08:37:01'),
(38, 34, 'Lisbeth De La Torre', 1, NULL, NULL, '2021-10-15 08:37:10'),
(39, 2, 'LoRusso Lance', 1, NULL, NULL, '2021-10-15 08:37:27'),
(40, 6, 'Markus Lubinski', 1, NULL, NULL, '2021-10-15 08:37:44'),
(41, 6, 'Mike Thompson', 1, NULL, NULL, '2021-10-15 08:37:52'),
(42, 5, 'Nick Meza', 1, NULL, NULL, '2021-10-15 08:38:03'),
(43, 1, 'Nikos Siopis', 1, NULL, NULL, '2021-10-15 08:38:10'),
(44, 31, 'Paul Muysson ', 1, NULL, NULL, '2021-10-15 08:38:19'),
(45, 5, 'Peter Lim', 1, NULL, NULL, '2021-10-15 08:38:27'),
(46, 6, 'Ralf Lupke', 1, NULL, NULL, '2021-10-15 08:38:51'),
(47, 15, 'Rick Koca', 1, 'rkoca@charlesindustries.com', '815-761-6768', '2021-10-15 08:39:02'),
(48, 5, 'Robert Williams', 1, NULL, NULL, '2021-10-15 08:39:10'),
(49, 30, 'Ryan Chappel', 1, NULL, NULL, '2021-10-15 08:39:31'),
(50, 12, 'Scott Pfeiffer', 1, NULL, NULL, '2021-10-15 08:39:52'),
(51, 1, 'Scott Diotte', 1, NULL, NULL, '2021-10-15 08:40:00'),
(52, 28, 'Suresh Nair', 1, NULL, NULL, '2021-10-15 08:40:42'),
(53, 18, 'Ted Delianides', 1, NULL, NULL, '2021-10-15 08:40:55'),
(54, 1, 'Tom Morin', 1, NULL, NULL, '2021-10-15 08:41:16'),
(55, 36, 'Irfan Masqsood', 1, NULL, NULL, '2021-10-15 10:30:26'),
(56, 20, 'Peter Weyhreter ', 1, NULL, NULL, '2021-10-15 10:35:12'),
(57, 37, 'Vivian Lau', 1, NULL, NULL, '2021-10-15 10:36:07'),
(58, 26, 'Tim Berelsman', 1, NULL, NULL, '2021-10-15 10:38:22'),
(59, 43, 'David Carbery', 1, 'david.carbery@fanucamerica.com', '248-377-7984', '2022-02-15 12:01:47'),
(60, 16, 'Marcolfo Maldonado', 1, 'mmaldonado@seeclearfield.com', '763-324-7250', '2022-02-21 16:14:48'),
(61, 44, 'Skip Martin', 1, 'skip.martin@aflglobal.com', '8643987180', '2022-04-08 10:33:11'),
(62, 16, 'Matt Brigham', 1, 'mbrigham@seeclearfield.com', '612-756-2025', '2022-04-19 17:09:34'),
(63, 45, 'Richard Van Neste', 1, 'richard.vanneste@opsens.com', '418.261.0685', '2022-04-22 08:14:23'),
(64, 22, 'Sebastian Hofmann', 1, 'sebastian.hofmann@hubersuhner.com', '41 71 353 4139', '2022-05-03 09:53:54'),
(65, 2, 'Rachel Walther', 1, 'rachel.walther@rfsworld.com', '+1 203 833 0299', '2022-05-11 07:35:12'),
(66, 30, 'Jarrod Wilder', 1, 'jarrod.wilder@prysmiangroup.com', '859 200 7066', '2022-06-02 14:53:37'),
(67, 46, 'Martha Gomez', 1, 'Martha.Gomez@plexus.com', '', '2022-06-07 11:02:47'),
(68, 42, 'Jason Cartwright', 1, 'Jason.Cartwright@ppc-online.com', '717-542-6577', '2022-08-31 08:57:28'),
(69, 2, 'Andrew Kotsaftis', 1, 'andrew.kotsaftis@rfsworld.com', '', '2022-09-02 08:03:02'),
(70, 30, 'Anthony Bonomini', 1, '', '', '2023-01-10 09:57:41'),
(71, 37, 'Karan Kapur ', 1, 'Karan.Kapur@lamresearch.com', '', '2023-01-13 09:46:57'),
(72, 22, 'Stepanenko Pavel', 1, 'pavel.stepanenko@hubersuhner.com', '', '2023-02-09 10:19:58'),
(73, 42, 'Gil Ruiz', 0, '', '', '2023-03-06 15:53:29');

-- --------------------------------------------------------

--
-- Estructura de tabla para la tabla `complejidad`
--

CREATE TABLE `complejidad` (
  `idComplejidad` int(11) NOT NULL,
  `nombre` varchar(50) NOT NULL,
  `horas` decimal(10,1) NOT NULL,
  `fechaCrea` datetime NOT NULL DEFAULT CURRENT_TIMESTAMP
) ENGINE=InnoDB DEFAULT CHARSET=utf8mb4;

--
-- Volcado de datos para la tabla `complejidad`
--

INSERT INTO `complejidad` (`idComplejidad`, `nombre`, `horas`, `fechaCrea`) VALUES
(1, 'LOW', '60.0', '2021-03-26 17:02:04'),
(2, 'MEDIUM', '180.0', '2021-03-26 17:02:04'),
(3, 'HIGH', '360.0', '2021-03-26 17:02:04');

-- --------------------------------------------------------

--
-- Estructura de tabla para la tabla `cotizacion`
--

CREATE TABLE `cotizacion` (
  `idCotizacion` int(11) NOT NULL,
  `quoteID` varchar(50) COLLATE utf8_unicode_ci NOT NULL,
  `idCliente` int(11) NOT NULL,
  `nombre` varchar(50) COLLATE utf8_unicode_ci NOT NULL,
  `descripcion` text COLLATE utf8_unicode_ci,
  `customerProject` varchar(50) COLLATE utf8_unicode_ci DEFAULT NULL,
  `idTipoCotizacion` int(11) NOT NULL,
  `ventasPotenciales` varchar(50) COLLATE utf8_unicode_ci DEFAULT NULL,
  `idClienteContacto` int(11) DEFAULT NULL,
  `idResponsable` int(11) NOT NULL,
  `idRepreVentas` int(11) DEFAULT NULL,
  `uniqueFG` int(11) NOT NULL DEFAULT '0',
  `lineItems` int(11) DEFAULT NULL,
  `BOMType` int(11) DEFAULT NULL,
  `overallComplet` decimal(10,3) NOT NULL DEFAULT '0.000',
  `idStatus` int(11) NOT NULL,
  `notas` text COLLATE utf8_unicode_ci,
  `fechaInicio` datetime DEFAULT NULL,
  `fechaLanzamiento` datetime DEFAULT NULL,
  `fechaReqCliente` datetime DEFAULT NULL,
  `consolidatedEAU` varchar(50) COLLATE utf8_unicode_ci DEFAULT NULL,
  `fechaCrea` datetime NOT NULL DEFAULT CURRENT_TIMESTAMP,
  `awarded` tinyint(1) DEFAULT '0',
  `dateBDM` datetime DEFAULT NULL,
  `dateAwarded` datetime DEFAULT NULL,
  `consOTC` tinyint(1) DEFAULT NULL,
  `sourcMatStartDate` datetime DEFAULT NULL,
  `sourcMatEndDate` datetime DEFAULT NULL
) ENGINE=InnoDB DEFAULT CHARSET=utf8 COLLATE=utf8_unicode_ci;

--
-- Volcado de datos para la tabla `cotizacion`
--

INSERT INTO `cotizacion` (`idCotizacion`, `quoteID`, `idCliente`, `nombre`, `descripcion`, `customerProject`, `idTipoCotizacion`, `ventasPotenciales`, `idClienteContacto`, `idResponsable`, `idRepreVentas`, `uniqueFG`, `lineItems`, `BOMType`, `overallComplet`, `idStatus`, `notas`, `fechaInicio`, `fechaLanzamiento`, `fechaReqCliente`, `consolidatedEAU`, `fechaCrea`, `awarded`, `dateBDM`, `dateAwarded`, `consOTC`, `sourcMatStartDate`, `sourcMatEndDate`) VALUES
(1, 'QO-04097', 8, '4F OPTITIP to 5X LC', 'RAYCAP OPTITIP ', 'RAYCAP OPTITIP ', 4, '15900', 6, 17, 15, 1, 1, 10, '1.000', 7, 'Raycap RFQ directo to NAI, they don\'t have relationship with Corning', '2019-07-16 00:00:00', '2019-07-22 00:00:00', '2019-07-22 00:00:00', '50/400/800', '2000-01-01 00:00:00', -1, NULL, NULL, 1, NULL, NULL),
(2, 'QO-03365-4', 2, 'RFS 5X24 4 AWG LCE-IP-LC to LC', 'RFS 5X24 4 AWG LCE-IP-LC to LC', 'RFS 5X24', 7, '', NULL, 17, 15, 1, 7, NULL, '1.000', 7, 'Additonal lengths 7', '2019-07-17 00:00:00', '2019-07-19 00:00:00', '2019-07-19 00:00:00', '', '2000-01-01 00:00:00', 1, NULL, NULL, 1, NULL, NULL),
(3, 'QO-04107', 25, 'LEGRAND JUMPERS & PIGTAILS', 'LEGRAND JUMPERS & PIGTAILS', 'LEGRAND JUMPERS & PIGTAILS', 2, '250000', 13, 18, 15, 15, 15, 11, '1.000', 7, 'COE team defined BOM\'s 07/20', '2019-07-18 00:00:00', '2019-07-25 00:00:00', '2019-07-26 00:00:00', '100/250/500/1K', '2000-01-01 00:00:00', -1, NULL, NULL, 1, NULL, NULL),
(4, 'QO-04118', 5, 'JABIL - HIGH SPEED FIBER CABLES', 'JABIL - HIGH SPEED FIBER CABLES', 'JABIL GLOBAL FIBER QUOTE', 5, '3000000', 9, 17, 16, 6, 43, 14, '1.000', 7, 'RFQ rec\'d 07/23, COE Defining BOM\'s, no AVL, RFQ for \"price test to NAI\". COE completed BOM\'s 07/23', '2019-07-23 00:00:00', '2019-07-29 00:00:00', '2019-07-30 00:00:00', '163011', '2000-01-01 00:00:00', -1, NULL, NULL, 1, NULL, NULL),
(5, 'QO-04126', 23, 'COMMSCOPE HFE212 REQUOTE', 'N/A', 'COMMSCOPE HFE212 REQUOTE', 21, NULL, 30, 18, 14, 8, 0, NULL, '1.000', 7, 'Cable price increase p/n: A021556 $0.61379/FT, PPV $12K, Requote effective date 07/30/19', '2019-07-23 00:00:00', '2019-07-29 00:00:00', NULL, NULL, '2000-01-01 00:00:00', -1, NULL, NULL, 1, NULL, NULL),
(6, 'QO-04148', 29, 'PANDUIT 288 MPO-MPO TRUNKS', 'PANDUIT 288 MPO-MPO TRUNKS', 'PANDUIT 288 MPO-MPO TRUNKS', 5, NULL, NULL, 17, 31, 0, 0, 14, '1.000', 7, 'Huddle for initial review 08/01, COE team to defined BOM\'s 08/05, Posted for sourcing 08/05', '2019-08-01 00:00:00', '2019-08-08 00:00:00', '2019-08-09 00:00:00', '5/50/500/1K', '2000-01-01 00:00:00', -1, NULL, NULL, 1, NULL, NULL),
(7, 'QO-04196', 10, 'CSD JUMPERS', 'FO JUMPER ASSY LCD-LCD', 'CSD JUMPERS', 1, NULL, 20, 18, 32, 1, 6, 10, '1.000', 7, 'Combined volume 100 Jumpers, aggressive Target Pricing', '2019-08-15 00:00:00', '2019-08-16 00:00:00', NULL, '100', '2000-01-01 00:00:00', -1, NULL, NULL, 1, NULL, NULL),
(8, 'QO-04211', 10, 'CSD TRUNKS 144/288F', 'CSD TRUNKS 144/288F', 'CSD TRUNKS 144/288F', 4, '25400', 20, 18, 32, 2, 39, 13, '1.000', 7, 'RFQ for new CSD customer, COE defined BOM for Quoting', '2019-08-20 00:00:00', '2019-08-21 00:00:00', NULL, '39', '2000-01-01 00:00:00', -1, NULL, NULL, 1, NULL, NULL),
(9, 'QO-04199', 23, 'FIBER FEED DIRECT HYBRID, 12X 4AWG, 24SM TRUNK', 'FDH1204-XXM-KT', 'COMMSCOPE FOA', 5, NULL, 30, 18, 14, 1, 8, NULL, '1.000', 7, 'New version of existing 6X12 TMO Trunk (Change from 6 to 4F), sent open issues 08/19 (Olga sent follow up note to customer 08/21) spec loaded in Cfolder 08/22, sent updated open issues list 08/22 (6 items pending spec)', '2019-08-15 00:00:00', '2019-09-03 00:00:00', NULL, '100', '2000-01-01 00:00:00', -1, NULL, NULL, 1, NULL, NULL),
(10, 'QO-03979-2', 1, 'SPECIAL JUMPER HCS2.0 6 AWG', 'SPECIAL JUMPER HCS2.0 6 AWG', 'SPECIAL JUMPER HCS2.0, 6 AWG', 5, '11442894.13', 1, 17, 15, 1, 11, NULL, '1.000', 7, 'Requote per new Octis connector recd Radiall pricing 08/19 Pending spec per Tom 08/20 HOLD an adapter may be needed Recd  FA feedback 08/26 changes to be defined Dwg update will be required 08/29: Pending to define If we use LC dummies or additional black/gray LCs 09/09: Pending final Engineering drawing and to define If any change on IP25 side Is requote needed per latest Octis price?', '2019-08-15 00:00:00', '2019-08-29 00:00:00', NULL, '', '2000-01-01 00:00:00', 1, NULL, NULL, 1, NULL, NULL),
(11, 'QO-04250', 23, 'TMO JUMPERS HFT410-4SNOK6', 'TMO JUMPERS HFT410-4SNOK6', 'TMO JUMPERS HFT410-4SNOK6', 4, NULL, 23, 18, 14, 1, 2, NULL, '1.000', 7, 'New RFQ, rec\'d Engineering drawing 09/05, will quote lengths: 15, 30, 60, 90, 120, 150 FT', '2019-09-05 00:00:00', '2019-09-10 00:00:00', NULL, '500', '2000-01-01 00:00:00', -1, NULL, NULL, 1, NULL, NULL),
(12, 'QO-04264', 5, 'JABIL CADENCE FIBER 95-0000052-02', 'JABIL CADENCE FIBER 95-0000052-02', 'JABIL CADENCE FIBER 95-0000052-02', 4, '91000', 24, 18, 16, 1, 1, NULL, '1.000', 7, 'Additional Fiber FG for Jabil Cadence, EAU 1,085, Target $84', '2019-09-10 00:00:00', '2019-09-13 00:00:00', NULL, '1085', '2000-01-01 00:00:00', 1, NULL, NULL, 1, NULL, NULL),
(13, 'QO-04281', 3, 'HYBRID CABLES BID - CRNG', 'HYBRID CABLES BID - CRNG', 'HYBRID CABLES BID - CRNG', 5, NULL, 28, 17, 14, 15, 59, 14, '1.000', 7, 'New RFQ, Rec\'d drawings and specifications 09/18 , COE team to define BOM\'s,  RFQ questions due by 09/25, Pricing for 2020 forecast, Asssembly drawings, UL Certs for cables &  Complete both tabs of the Round 2 Hybrid Cables Pricing Matrix now due 10/09, Cable specs published 09/20, team posted items to soucing 09/23, Completed and reviewed PQR, White paper 10/03, team to update similarity matrix, quote will be review and approved 10/07', '2019-09-18 00:00:00', '2019-10-09 00:00:00', '2019-10-09 00:00:00', '10880', '2000-01-01 00:00:00', -1, NULL, NULL, 1, NULL, NULL),
(14, 'QO-04317', 10, 'TELECT 144F, FLAT RIBBON', 'TELECT 144F, FLAT RIBBON', 'TELECT 144F, FLAT RIBBON', 4, NULL, 20, 13, 32, 1, 2, 13, '1.000', 7, 'Completed draft 10/03, will apply activity based model to compare, sent draft PQR to Amilcar for feedback (10/08)', '2019-09-27 00:00:00', '2019-10-09 00:00:00', NULL, NULL, '2000-01-01 00:00:00', -1, NULL, NULL, 1, NULL, NULL),
(15, 'QO-04341', 36, 'SMART WIRE FIBER CABLES', 'SMART WIRE FIBER CABLES', 'SMART WIRE FIBER CABLES', 4, '33.63', NULL, 17, 16, 3, 3, NULL, '1.000', 7, 'One FG is Fiber Plastic team investigating cable process tooling connectors etc.  Open issues published 10/11', '2019-10-02 00:00:00', '2019-10-16 00:00:00', NULL, '5', '2000-01-01 00:00:00', 1, NULL, NULL, 1, NULL, NULL),
(16, 'QO-03696-1', 1, 'VIDEOTRON', 'VIDEOTRON', 'VIDEOTRON', 5, NULL, 1, 13, 32, 6, 15, NULL, '1.000', 7, 'Customer request for 16% price reduction, published pricing analysis and recommendation for requote (8%), per Management instruction published 2 quotes (1st to halfway reduction and 2nd per target prices)', '2019-10-07 00:00:00', '2019-10-25 00:00:00', NULL, NULL, '2000-01-01 00:00:00', -1, NULL, NULL, 1, NULL, NULL),
(17, 'QO-04377', 10, '432F MPO FLAT RIBBON', '432F MPO FLAT RIBBON', '432F MPO FLAT RIBBON', 4, NULL, 20, 17, 32, 1, 2, 13, '1.000', 7, 'RFQ Rec\'d 10/22, Quoting FA and 20pcs, customer to provide cable price negotiated with Corning, make sure to add proper labor for fiber furcating and ribbonizing, COE team defined BOM 10/23', '2019-10-22 00:00:00', '2019-11-01 00:00:00', NULL, NULL, '2000-01-01 00:00:00', -1, NULL, NULL, 1, NULL, NULL),
(18, 'QO-04444', 2, 'FIBER JUMPERS 5G-746 DISCRETE TERMINATION ', 'FIBER JUMPERS 5G-746', 'FIBER JUMPERS 5G-746 ', 5, '45000', 39, 13, 15, 10, 10, NULL, '1.000', 7, 'RFQ Rec\'d 11/12, Due date 11/15', '2019-11-12 00:00:00', '2019-11-15 00:00:00', NULL, '580/2040/3220', '2000-01-01 00:00:00', -1, NULL, NULL, 1, NULL, NULL),
(19, 'QO-04385', 6, 'FIBER BID', 'FIBER BID', 'FIBER BID', 2, NULL, 3, 17, 31, 7, 44, 11, '1.000', 7, 'Bid for Bid, COE team to define BOM\'s, pending splitter pricing, released partial quote 11/12)', '2019-10-24 00:00:00', '2019-11-25 00:00:00', NULL, '21199', '2000-01-01 00:00:00', -1, NULL, NULL, 1, NULL, NULL),
(20, 'QO-04471', 2, 'HYBRID JUMPERS ATT', 'HYBRID JUMPERS ATT', 'HYBRID JUMPERS ATT', 5, '39883.79', 39, 13, 15, 7, 0, NULL, '1.000', 7, 'Hybrid Jumpers, new FG\'s (Quote due 11/25), Posted items to sourcing 11/22', '2019-11-19 00:00:00', '2019-11-26 00:00:00', NULL, '406', '2000-01-01 00:00:00', -1, NULL, NULL, 1, NULL, NULL),
(21, 'QO-04450', 17, 'FIBER ASSEMBLIES (ATT)?', 'FIBER ASSEMBLIES', 'FIBER ASSEMBLIES', 5, '19144208', 25, 13, 32, 25, 165, 14, '1.000', 7, 'Coe team defined BOM\'s for all families and released quotes for families with EAU (11/20)   also developed BOM\'s for zero volume FG\'s 11/25, quote second estimate to release by COB 11/28', '2019-11-08 00:00:00', '2019-11-28 00:00:00', NULL, '166324', '2000-01-01 00:00:00', -1, NULL, NULL, 1, NULL, NULL),
(22, 'QO-04442', 17, 'FIBER ASSEMBLIES (ATT)?', 'FIBER ASSEMBLIES', 'FIBER ASSEMBLIES', 5, '19559324', 29, 13, 32, 25, 165, 14, '1.000', 7, 'Coe team defined BOM\'s for all families and released quotes for families with EAU (11/20)   also developed BOM\'s for zero volume FG\'s 11/25, quote second estimate to release by COB 11/28', '2019-11-08 00:00:00', '2019-11-28 00:00:00', NULL, '166324', '2000-01-01 00:00:00', -1, NULL, NULL, 1, NULL, NULL),
(23, 'QO-04487', 6, 'ADTRAN FIBER 3129812-E@B', 'ADTRAN FIBER 3129812-E@B', 'ADTRAN FIBER 3129812-E@B', 1, NULL, 33, 18, 31, 1, 1, NULL, '1.000', 7, 'Team reviewing BOM proposal', '2019-12-03 00:00:00', '2019-12-09 00:00:00', NULL, '1000', '2000-01-01 00:00:00', -1, NULL, NULL, 1, NULL, NULL),
(24, 'QO-04516', 10, 'CSD 3456 PROJECT', 'CSD 3456 PROJECT', 'CSD 3456 PROJECT', 7, NULL, 32, 17, 32, 1, 1, NULL, '1.000', 7, 'Budgetary quote, team to provide design proposal, preliminary drawing/BOM', '2019-12-05 00:00:00', '2019-12-20 00:00:00', NULL, '72', '2000-01-01 00:00:00', -1, NULL, NULL, 1, NULL, NULL),
(25, 'QO-04553 ', 1, 'CABLE ASSEMBLIES FTTA  (FIBER JUMPERS & HYBRID CON', 'CABLE ASSEMBLIES FTTA  (FIBER JUMPERS & HYBRID CONSTRUCTION)', 'DISH', 5, NULL, 1, 13, 32, 13, 19, 5, '1.000', 7, 'COE team defining BOM\'s and drawings, Timeline: Questions due 01/09, customer response due 01/14, Quote due 01/23. COE team provided Engineering drawings 01/09 (Pending 2 dwgs)', '2020-01-07 00:00:00', '2020-01-22 00:00:00', NULL, '15K Sites over 3-4 years', '2000-01-01 00:00:00', -1, NULL, NULL, 1, NULL, NULL),
(26, 'QO-04566', 30, 'CABLE ASSEMBLIES FTTA  (FIBER JUMPERS & HYBRID CON', 'CABLE ASSEMBLIES FTTA  (FIBER JUMPERS & HYBRID CONSTRUCTION)', 'DISH', 5, NULL, 16, 13, 32, 4, 11, 5, '1.000', 7, 'RFQ per descriptions, COE team defining Engineering solution (BOM\'s/Drawings), Posted 01/20', '2020-01-16 00:00:00', '2020-01-22 00:00:00', NULL, '15K Sites over 3-4 years', '2000-01-01 00:00:00', -1, NULL, NULL, 1, NULL, NULL),
(27, 'QO-04587', 6, 'ADTRAN FIBER 3129812-E@C', 'ADTRAN FIBER 3129812-E@C', 'ADTRAN FIBER 3129812-E@C', 4, '38600', 33, 18, 14, 1, 1, NULL, '1.000', 7, 'Prototypes: 20 & 30  Need to consider expedite fees to complete cable in 3 weeks.\nProduction: 250,500,1000\nSee cable is now DOUBLE ENDED, additional lengths added 01/31', '2020-01-27 00:00:00', '2020-01-30 00:00:00', NULL, '1000', '2000-01-01 00:00:00', 1, NULL, NULL, 1, NULL, NULL),
(28, 'QO-04586', 5, 'JABIL FIBER ASSY 61932704W', 'JABIL FIBER ASSY 61932704W', 'JABIL FIBER ASSY 61932704W', 1, NULL, 45, 18, 16, 1, 1, 10, '1.000', 7, 'Pending cable and connector specs, team posted quote 01/28 for sourcing', '2020-01-22 00:00:00', '2020-02-07 00:00:00', NULL, '25250', '2000-01-01 00:00:00', -1, NULL, NULL, 1, NULL, NULL),
(29, 'QO-04634', 1, 'NWS - SPRINT TRUNKS', 'NWS - SPRINT TRUNKS', 'NWS - SPRINT TRUNKS', 4, '3300000', 1, 13, 32, 2, 17, 13, '1.000', 7, 'RFQ 02/11, BOM\'s/Drawings defined 02/11, Due 02/14', '2020-02-11 00:00:00', '2020-02-14 00:00:00', '2020-02-14 00:00:00', '2.5K-5K Trunks /Year', '2000-01-01 00:00:00', -1, NULL, NULL, 1, NULL, NULL),
(30, 'QO-04656', 3, 'CORNING KELLER RFQ-FUSION SPLICE ORGANIZER & WALL ', 'CORNING KELLER RFQ-FUSION SPLICE ORGANIZER & WALL PLATE', 'CORNING KELLER RFQ-FUSION SPLICE ORGANIZER & WALL ', 4, '320799.84', 21, 13, 14, 1, 0, NULL, '1.000', 7, 'RFQ 02/11, Customer provided material cost and labor, quote due 02/19, Published for approval 02/19', '2020-02-11 00:00:00', '2020-02-19 00:00:00', '2020-02-19 00:00:00', NULL, '2000-01-01 00:00:00', -1, NULL, NULL, 1, NULL, NULL),
(31, 'QO-04672', 10, '   288F, LC-LC (BERK-TEK & SUMITOMO)', '   288F, LC-LC (BERK-TEK & SUMITOMO)', '   288F, LC-LC (BERK-TEK & SUMITOMO)', 4, '10601.14', 20, 18, 32, 2, 0, 13, '1.000', 7, 'New RFQ, requested Lead Time 4 weeks', '2020-02-24 00:00:00', '2020-02-27 00:00:00', NULL, '6', '2000-01-01 00:00:00', -1, NULL, NULL, 1, NULL, NULL),
(32, 'QO-04688', 1, 'TMO JUMPER FJ-2SM-LCURC-35M', 'TMO JUMPER FJ-2SM-LCURC-35M', 'TMO JUMPER FJ-2SM-LCURC-35M', 4, '943.44', 54, 13, 32, 1, 0, 13, '1.000', 7, 'Team defined BOM 02/28', '2020-02-28 00:00:00', '2020-03-02 00:00:00', NULL, '12', '2000-01-01 00:00:00', -1, NULL, NULL, 1, NULL, NULL),
(33, 'QO-04604', 5, 'JABIL CADENCE FIBER SET #2', 'JABIL CADENCE FIBER SET #2', 'JABIL CADENCE FIBER SET #2', 6, '2496444.55', 48, 18, 16, 24, 29, NULL, '1.000', 7, 'New Fiber RFQ package for Cadence (Set #2), MXC Estimated Capex/Training $100K, Pending Open issues response, Customer indicated NAI needs to have certification to build MXC connectors, Preliminary PQR will be reviewed with Mgmt 03/02, Budgetary quote released 03/02', '2020-01-30 00:00:00', '2020-03-02 00:00:00', NULL, '7578', '2000-01-01 00:00:00', -1, NULL, NULL, 1, NULL, NULL),
(34, 'QO-04708', 6, '11321739F5 ADTRAN', '11321739F5 ADTRAN', '11321739F5 ADTRAN', 1, '171.98', 40, 13, 32, 1, 1, NULL, '1.000', 7, 'RFQ from Yoselinda on 03/03, published internally on 03/06 with team and sent to Yoselinda on 03/06. On standby for PO for FAs', '2020-03-03 00:00:00', '2020-03-06 00:00:00', NULL, '10', '2000-01-01 00:00:00', -1, NULL, NULL, 1, NULL, NULL),
(35, 'QO-04645', 1, 'AAHF HYBRID JUMPER FOR HCS1.0 (NWS-5193)', 'AAHF HYBRID JUMPER FOR HCS1.0', 'AAHF HYBRID JUMPER FOR HCS1.0', 4, '500000', 54, 13, 32, 1, 3, 13, '1.000', 7, 'Team developed drawing for Quoting, 03/03: Customer defined Ocatis connector to use (P/n: 21300). Published PQR internally 03/05. WP published 03/06. WP scheduled 03/10, agreed to quote with 35%GM. Formal quote released 03/10. Samples to ship 03/12.', '2020-02-14 00:00:00', '2020-03-10 00:00:00', '2020-02-20 00:00:00', '2.5K-5K', '2000-01-01 00:00:00', 1, NULL, NULL, 1, NULL, NULL),
(36, 'QO-04722', 27, 'Fiber Jumpers and Pigtail Opportunity', 'Fiber Jumpers and Pigtail Opportunity', 'Fiber Jumpers and Pigtail Opportunity', 2, '135156.01', 8, 17, 15, 8, 48, NULL, '1.000', 7, 'Request on 03/09. Went back to customer with question on drawing on 03/11. Question answered on 03/12. BOMs made by Daniel and shared 03/13. Uploaded to sourcing on 03/17. Released quote 03/20 with proposed materials', '2020-03-09 00:00:00', '2020-03-20 00:00:00', '2020-03-20 00:00:00', '10829', '2000-01-01 00:00:00', -1, NULL, NULL, 1, NULL, NULL),
(37, 'QO-04733', 6, '3129817-XX-E@A', '3129817-XX-E@A', '3129817-XX-E@A', 1, '349075', 12, 18, 14, 1, 2, NULL, '1.000', 7, 'Requested on holiday 03/16. Started work and posted to sourcing on 03/17. Labor in progress 03/18. ', '2020-03-17 00:00:00', '2020-03-20 00:00:00', '2020-03-20 00:00:00', '2500', '2000-01-01 00:00:00', 1, NULL, NULL, 1, NULL, NULL),
(38, 'QO-04706', 32, 'FIBER PATCH CORD', 'FIBER PATCH CORD', 'FIBER PATCH CORD', 1, '1284', 14, 13, 32, 2, 2, 10, '1.000', 7, 'RFQ from SUZ team, BOM defined 02/28, Will add NRE charge as applicable. Sourcing needed additional info on adhesive, preloaded higher cost option to estimate on 03/06. PQR published internally on 03/07, pending confirmation from sales department.', '2020-02-28 00:00:00', '2020-03-23 00:00:00', NULL, '4', '2000-01-01 00:00:00', 1, NULL, '2021-11-04 14:17:03', 1, NULL, NULL),
(39, 'QO-04740', 10, 'Trunk Quote', 'Trunk Quote', 'Trunk Quote', 4, '3300', 17, 13, 33, 1, 3, NULL, '1.000', 7, 'Requested 03/18. Pending customer response on breakout & fanout vs cable sub units. 03/19 issue solved, quote started, quote will  be released 03/24 (Sara)', '2020-03-19 00:00:00', '2020-03-24 00:00:00', '2020-03-24 00:00:00', '8', '2000-01-01 00:00:00', -1, NULL, NULL, 1, NULL, NULL),
(40, 'QO-04687', 6, 'FIBER ASSEMBLY  3129815-E@A', 'FIBER ASSEMBLY  3129815-E@A', 'FIBER ASSEMBLY  3129815-E@A', 1, '29950.71', 41, 13, 32, 1, 0, NULL, '1.000', 7, 'Quote RE-OPENED team quoting per cable type G657A2 requested cable price to Prysmian F-700-00-B2-002-EA / E7 customer also requested OFS cables sent part number info to team. OFS No Bid. Provide comparative chart for cables OFS vs Prysmian. Sara completed margin comparison we will honor original price', '2020-03-24 00:00:00', '2020-03-25 00:00:00', NULL, '1K pcs', '2000-01-01 00:00:00', 1, NULL, '2021-11-04 15:58:24', 1, NULL, NULL),
(41, 'QO-04743', 36, 'SW New products', 'SW New products', 'SW New products', 5, '133801', 55, 18, 16, 14, 0, NULL, '1.000', 7, 'Team working on consolidated open issues file, Capex $1.3K, adjust labor, reviewing PQR, added cost driver tab,sent PQR to Kim, Release formal quote 2 volumes to Kim, follow up directly with Kim', '2020-03-18 00:00:00', '2020-03-31 00:00:00', NULL, '18750', '2000-01-01 00:00:00', -1, NULL, NULL, 1, NULL, NULL),
(42, 'QO-04761', 1, 'AHFIG 1.0 JUMPER (HJ-HCS1R2-4SM6-XXFT)', 'AHFIG 1.0 JUMPER (HJ-HCS1R2-4SM6-XXFT)', 'AHFIG 1.0 JUMPER (HJ-HCS1R2-4SM6-XXFT)', 4, '1371141', 54, 17, 32, 1, 6, NULL, '1.000', 7, 'New  RFQ to quote lengths 15FT, 30,60,90, 120  & 150, Engineering dwg published 03/26, quote ETC 03/27 (Requoted at GM 21%)', '2020-03-25 00:00:00', '2020-03-27 00:00:00', '2020-03-27 00:00:00', '8100', '2000-01-01 00:00:00', 1, NULL, NULL, 1, NULL, NULL),
(43, 'QO-04765', 1, 'NWS 0021-A Airscale blunt cut AHFIG-HCS2 ', 'NWS 0021-A Airscale blunt cut AHFIG-HCS2 ', 'NWS 0021-A Airscale blunt cut AHFIG-HCS2 ', 4, '1645641', 1, 17, 32, 1, 0, NULL, '1.000', 7, 'RFQ 12.50pm, posted to sourcing, PQR completed 03/31', '2020-03-27 00:00:00', '2020-03-31 00:00:00', NULL, '8100', '2000-01-01 00:00:00', 1, NULL, NULL, 1, NULL, NULL),
(44, 'QO-04755', 6, '11321737F3/3129814-E@A', '11321737F3/3129814-E@A', '11321737F3/3129814-E@A', 1, '224', 46, 17, 32, 1, 0, NULL, '1.000', 7, 'NEW RFQ, team will quote FA price, confirmed with Yose still no additional volume beyond 10 pcs (FA), Quoting based on Prysmian cable option, Release with cable Prysmian', '2020-03-24 00:00:00', '2020-03-31 00:00:00', NULL, '10', '2000-01-01 00:00:00', -1, NULL, NULL, 1, NULL, NULL),
(45, 'QO-04775', 10, 'TELECT F144S-NP-F030-STPT', 'TELECT F144S-NP-F030-STPT', 'TELECT F144S-NP-F030-STPT', 4, '1100', 20, 18, 32, 1, 0, 13, '1.000', 7, 'RFQ 04/01, Qty 2 pcs (Budgetary quote), COE provided BOM 04/01', '2020-04-01 00:00:00', '2020-04-02 00:00:00', '2020-04-02 00:00:00', '2', '2000-01-01 00:00:00', -1, NULL, NULL, 1, NULL, NULL),
(46, 'QO-04767', 24, 'CUSTOM JUMPERS', 'CUSTOM JUMPERS', 'CUSTOM JUMPERS', 1, '204286.03', 7, 13, 15, 4, 0, NULL, '1.000', 7, 'New RFQ, customer only provided 2 Engineering drawings, COE team to create BOM\'s for Quoting (Daniel provided BOM\'s 03/30 and update 04/01), will quote based on NAI proposed materials', '2020-03-27 00:00:00', '2020-04-03 00:00:00', NULL, '300-500', '2000-01-01 00:00:00', -1, NULL, NULL, 1, NULL, NULL),
(47, 'QO-04782', 1, 'HCSA TRUNK ', 'HCSA TRUNK ', 'HCSA TRUNK ', 7, '32863183.2', 1, 13, 32, 4, 0, 16, '1.000', 7, 'RFQ 03/30, COE Team to define BOM\'s for Quoting. Timeline: Vendors submit questions for clarification  March 31, T Mobile to provide answers to questions   April 3, Vendors to submit proposals, Apri 10, Samples and environmental test reports delivered   April 24, TMobile complete technical evaluation of proposals & samples  May 8. Review alternatives for design (patent), Design ETC 03/31. Drawings and BOM\'s pubished 04/01. Pending customerapproval (DWGS) and RFQ Checklist, Posted items to sourcing (82 items). PQR ETC 04/08, emove 1 mt Jumper from quote\n', '2020-03-30 00:00:00', '2020-04-10 00:00:00', NULL, '21,684 pcs(6X24)', '2000-01-01 00:00:00', 1, NULL, NULL, 1, NULL, NULL),
(48, 'QO-04733-2', 6, '3129817-XX-E@B', '3129817-XX-E@B', '3129817-XX-E@B', 4, '601300', 12, 18, 32, 1, 0, NULL, '1.000', 7, 'Rev B Double ended, Reviewing both drawings to release quote Rev B', '2020-04-13 00:00:00', '2020-04-14 00:00:00', NULL, '5000', '2000-01-01 00:00:00', 1, NULL, NULL, 1, NULL, NULL),
(49, 'QO-04798', 10, 'FIBER ASSEMBLIES OM4 (48/24/12F)', 'FIBER ASSEMBLIES OM4 (48/24/12F)', 'FIBER ASSEMBLIES OM4 (48/24/12F)', 4, '298809.93', 20, 18, 32, 3, 0, 13, '1.000', 7, 'CSD working on cable options, PQR in process, use Hitachi 12F and Prysmian for 24F/48F', '2020-04-09 00:00:00', '2020-04-14 00:00:00', NULL, NULL, '2000-01-01 00:00:00', -1, NULL, NULL, 1, NULL, NULL),
(50, 'QO-04786', 30, 'DISH - ADDITIONAL FIBER', 'DISH - ADDITIONAL FIBER', 'DISH - ADDITIONAL FIBER', 5, '6902536', 16, 13, 14, 8, 22, 14, '1.000', 7, 'NEW RFQ, Additional line items, COE tem working on BOM\'s (Completed 4 of 12), Prysmian will provide cable price by 04/10, posted items to sourcing 04/09 (pending cable prices from customer- reviewing 2 connectors with sourcing), Felix pusblished Engineering dwgs 04/13 (Discrete Fiber, Trunks, Hybrid jumper and copper dw), Quote 30% Hybrid cables & 25% Fiber Jumpers', '2020-04-03 00:00:00', '2020-04-08 00:00:00', '2020-04-14 00:00:00', '?', '2000-01-01 00:00:00', -1, NULL, NULL, 1, NULL, NULL),
(51, 'QO-04807', 5, 'SMARTWIRES UPDATED DWG REVS', 'SMARTWIRES UPDATED DWG REVS', 'SMARTWIRES UPDATED DWG REVS', 4, '62852.53', 15, 18, 16, 6, 0, NULL, '1.000', 7, 'NEW RFQ, Additional FG\'s, Posted items to sourcing 04/14 (Pricing completed 04/16)', '2020-04-13 00:00:00', '2020-04-17 00:00:00', NULL, NULL, '2000-01-01 00:00:00', -1, NULL, NULL, 1, NULL, NULL),
(52, 'QO-04793', 5, 'FIBER ASSEMBLIES', 'FIBER ASSEMBLIES', 'FIBER ASSEMBLIES', 4, NULL, 45, 18, 34, 3, 0, NULL, '1.000', 7, 'NEW RFQ, Posted 04/07, Pending pricing from Huhber Suhner, Brigitte provided connector pricing from customer (04/20)', '2020-04-06 00:00:00', '2020-04-21 00:00:00', NULL, '300-900', '2000-01-01 00:00:00', -1, NULL, NULL, 1, NULL, NULL),
(53, 'QO-04817', 14, 'FIBER ASSEMBLIES (12F, 16F MTP\'s OM3-4, 2F LC\'s OM', 'FIBER ASSEMBLIES (12F, 16F MTP\'s OM3-4, 2F LC\'s OM3/OS2)', 'FIBER ASSEMBLIES (12F, 16F MTP\'s OM3-4, 2F LC\'s OM', 1, NULL, NULL, 17, 15, 4, 0, 10, '1.000', 7, 'NEW RFQ, Daniel completed BOM\'s 04/16, Posted 04/17', '2020-04-16 00:00:00', '2020-04-21 00:00:00', NULL, '100, 10K 100K', '2000-01-01 00:00:00', -1, NULL, NULL, 1, NULL, NULL),
(54, 'QO-04828', 1, 'HJ-HCS2OC-ADC-8SM6-XFT (AEHC)', 'HJ-HCS2OC-ADC-8SM6-XFT (AEHC)', 'HJ-HCS2OC-ADC-8SM6-XFT (AEHC)', 4, '3500000', 1, 17, 32, 1, 6, 13, '1.000', 7, 'NEW RFQ, Rec\'d RFQ Checklist 04/21, AEHC will replace AAHF (Same volume), Posted 04/22 to sourcing (pending Hitachi cable price ETC 04/27). Pending cable Lead Time', '2020-04-21 00:00:00', '2020-04-30 00:00:00', NULL, '10140', '2000-01-01 00:00:00', -1, NULL, NULL, 1, NULL, NULL),
(55, 'QO-04765-1', 1, 'Additional lengths for HJ-HCS2R2-4SM6-XX', NULL, 'Additional lengths for HJ-HCS2R2-4SM6-XX', 4, '0', 1, 17, 32, 1, 0, NULL, '1.000', 7, 'New lengths 180FT to 450FT', '2020-05-11 00:00:00', '2020-05-12 00:00:00', NULL, 'N/A', '2000-01-01 00:00:00', 1, NULL, NULL, 1, NULL, NULL),
(56, 'QO-05534-1', 2, '6X24 TMO', '6X24 TMO', 'Hyb Conn 158 6P 4AWG + 24P SM LC-ODC  US', 7, NULL, NULL, 13, 15, 1, 26, NULL, '1.000', 7, 'New RFQ, developing PQR, Updated BOM (P3 Rev) received 05/11 for 6X24, Compare vs existing design, reviewing material cost, Quote as \"Budgetary\" and list all assumptions to customer, Per Chris 05/19: Use same margin as NWS, Internal analysis being completed for management', '2020-04-30 00:00:00', '2020-05-20 00:00:00', NULL, '10400', '2000-01-01 00:00:00', -1, NULL, NULL, 1, NULL, NULL),
(57, 'QO-04915', 1, 'IRISTEL - Hybrid Trunk, Hybrid Jumper, Fiber Trunk', 'Hybrid Trunk, Hybrid Jumper, Fiber Trunk', 'Regional Operator Opportunity', 4, '789828', 1, 17, 32, 3, 21, 13, '1.000', 7, 'Drawings ETC 05/12 will be released for approval, NO EAU\'s, Design proposal ETC 05/14 (COE team published to customer 05/12), COE to provide updated Engineering drawings for Quoting team 05/18, Posted to sourcing 05/18, Engineering dwgs republished for customer approval 05/18PM', '2020-05-15 00:00:00', '2020-05-19 00:00:00', NULL, 'Fiber EAU 1,050 Coax EAU  14,400', '2000-01-01 00:00:00', -1, NULL, NULL, 1, NULL, NULL),
(58, 'QO-04906', 1, 'APPG PROJECT', 'APF PROJECT', 'APF PROJECT', 4, '441000', 1, 17, 32, 2, 12, NULL, '1.000', 7, 'New RFQ, Posted 05/15, APF connector consigned, WP approved 05/29', '2020-05-15 00:00:00', '2020-05-29 00:00:00', NULL, '1880', '2000-01-01 00:00:00', 1, NULL, NULL, 1, NULL, NULL),
(59, 'QO-04919', 5, 'JABIL NYPRO GMAX PROJECT', 'JABIL NYPRO GMAX PROJECT', 'JABIL NYPRO GMAX PROJECT', 4, '389000', NULL, 21, 16, 1, 0, NULL, '1.000', 7, 'NEW RFQ, Rec\'d 05/15, Bundle Kit, Plastic Fiber 1000um (Series HBR Avago), Daniel provided BOM for Quoting, Posted to sourcing 05/18 (Alternate cable obsolete, AVL - Toray quoting Daniel reviewing) trying to cross cable with Prysmian. Daniel notified delay to Kim due to obsolete cable info. Daniel published PQR and WP info 05/21 (Using Broadcom cable price), updated PQR and quote published 05/26', '2020-05-18 00:00:00', '2020-05-26 00:00:00', NULL, '2301', '2000-01-01 00:00:00', -1, NULL, NULL, 1, NULL, NULL),
(60, 'QO-04958', 30, 'Rural Carrier Opportunity: Hybrid 36 Stand SM 10 c', 'Hybrid 36F SM LC-LC', 'Hybrid 36F SM LC-LC', 4, '282500', NULL, 13, 14, 1, 0, NULL, '1.000', 7, 'Quote in lengths of 100,200,300,400. LC connectors both ends and 24 to 30 inch breakouts. No termination on the copper. This will be for 100 sites initially and your cost per foot on the cable is $6.00 USD. Felix published BOM 05/28, Quote due 06/01 (Engineering drawing 06/03), Posted items to sourcing to validate component prices', '2020-05-28 00:00:00', '2020-06-01 00:00:00', NULL, '100 Sites', '2000-01-01 00:00:00', -1, NULL, NULL, 1, NULL, NULL),
(61, 'QO-04968', 6, 'FIBER ASSY 3129014-E (NAI-2770-215F)', 'FIBER ASSY 3129014-E (NAI-2770-215F)', 'FIBER ASSY 3129014-E (NAI-2770-215F)', 1, '6942', 19, 18, 14, 1, 0, NULL, '1.000', 7, 'Old quote (2017), PO-124499 (4 pcs), Per Engineering we need to develop breakout design in progress ETC Sample 06/02, VALIDATING PRICES', '2020-05-15 00:00:00', '2020-06-08 00:00:00', NULL, '4', '2000-01-01 00:00:00', -1, NULL, NULL, 1, NULL, NULL),
(62, 'QO-04982', 10, 'CSD OM4 TRUNKS AND JUMPERS', 'JABIL OM4 TRUNKS AND JUMPERS', 'JABIL OM4 TRUNKS AND JUMPERS', 5, '16061', 17, 17, 32, 7, 0, NULL, '1.000', 7, 'DANIEL DEVELOPING BOM\'s FOR QUOTING ETC 06/08, VALIDATING RM PRICING, LABOR STD IN PROGRESS, PQR PUBLISHED FOR APPROVAL 06/10', '2020-06-04 00:00:00', '2020-06-11 00:00:00', '2020-06-11 00:00:00', '465', '2000-01-01 00:00:00', -1, NULL, NULL, 1, NULL, NULL),
(63, 'QO-04985', 1, 'VIDEOTRON SAMSUNG HYBRID JUMPER', 'VIDEOTRON SAMSUNG HYBRID JUMPER', 'VIDEOTRON SAMSUNG HYBRID JUMPER', 5, '350000', 1, 13, 32, 1, 0, NULL, '1.000', 7, 'PQR PUBLISHED 06/09', '2020-06-08 00:00:00', '2020-06-10 00:00:00', '2020-06-10 00:00:00', 'N/A', '2000-01-01 00:00:00', 1, NULL, NULL, 1, NULL, NULL),
(64, 'QO-04706A', 5, 'JABIL THALES', 'JABIL THALES', 'JABIL THALES', 1, '3123.69', NULL, 13, 35, 2, 2, NULL, '1.000', 7, 'EXPIRED QUOTE, UNDER VALIDATION. FA PO WILL BE PROCESSED IN HMO (FA 4 PCS). BOM UPLOADED TO VISUAL, PENDING CUSTOMER ID, PENDING RM AND TOOLING PO\'s', '2020-06-02 00:00:00', '2020-06-05 00:00:00', NULL, '12', '2000-01-01 00:00:00', 1, NULL, NULL, 1, NULL, NULL),
(65, 'QO-02646-1', 22, '6x12 (6AWG) ', '6x12 (6AWG) ', '6x12 (6AWG) ', 4, '10597456', 18, 13, 14, 1, 6, NULL, '1.000', 7, 'NEW RFQ, CONSIGNED MODEL (CABLE ALL MATERIALS EXCEPT LABOR), 06/02 CUSTOMER RESPONDED THAT CANNOT PROVIDE AVL OR LABOR DETAIL AT BUDGETARY PHASE, EXPECTED OUTPUT 10-25 REELS OF EACH PART NUMBER PER MONTH. NO TARGET PRICES, CUSTOMER ALSO QUOTING WITH OTHER CM\'S. NEED BUDGETARY QUOTE ASAP. REQUESTED CHECKLIST.PENDING TO DEFINE IF WE WILL UPDATE QUOTE PER PQR 2018 (CUSTOMER LABOR COST $154USD PER PC) POSTING TO SOURCING 06/10', '2020-05-28 00:00:00', '2020-06-12 00:00:00', '2020-06-12 00:00:00', NULL, '2000-01-01 00:00:00', -1, NULL, NULL, 1, NULL, NULL),
(66, 'QO-05005', 1, 'JUNCTION BOX JB-6R-T4', 'JUNCTION BOX JB-6R-T4', 'JUNCTION BOX JB-6R-T4', 5, '161000', 1, 13, 32, 1, 0, NULL, '1.000', 7, 'RFQ 06/09, COE TEAM PROVIDED DRAWING AND BOM 06/12,  SOURCING COMPLETED QUOTE', '2020-06-09 00:00:00', '2020-06-16 00:00:00', '2020-06-16 00:00:00', '360', '2000-01-01 00:00:00', 1, NULL, NULL, 1, NULL, NULL),
(67, 'QO-04450A', 3, 'CORNING ATT PROJECT', 'CORNING ATT PROJECT', 'CORNING ATT PROJECT', 5, NULL, 29, 13, 14, 6, 0, NULL, '1.000', 7, 'NEXT BID ROUND? 1) Review updated specs and provide questions- OK  2) Sample Qtys - Tentative NAI #\'s provided pending confirmation from customer - Will start BOM upload 3) Review accessories list - Felix defined - Guillermo posted per MOQ (EAU not available) Olga to define If we can quote with CommScope. New Specs (10) are Copper we sent to the team to quote and requested checklist/volumes (04/17), Need to completed FA quote to include 2F and 4F Hitachi options to existing 48F Corning (05/07) 7 weeks Lead Time and MOQ excess $3K . Consolidating ALL quotes and update HEAT MAP (100%). Pending FA PO (Olga to confirm If customer will send 2F/4F). 05/19 Quote Corning per consigned materials (Production volumes- Heat Map). Released updated quote per consigned cables (2F/4F). COMPLETED PRICING FILE AND SENT TO CUSTOMER (06/19)', '2020-04-13 00:00:00', '2020-06-19 00:00:00', NULL, 'TBD', '2000-01-01 00:00:00', -1, NULL, NULL, 1, NULL, NULL),
(68, 'QO-04972-FA & PRODUCTION', 5, 'JABIL i-SERIES/SMARTWIRES', 'JABIL i-SERIES/SMARTWIRES', 'JABIL i-SERIES/SMARTWIRES', 6, '$144,255 (FA\'s), $1,994,784 (PRODUCTION)', 42, 21, 16, 23, 0, NULL, '1.000', 7, 'QUOTE MOQ VOLUMES 25/50/200, FA 5 PCS EACH REQUIR(NEED BEST LEAD TIME )   20 PLASTIC FIBER, 3 GLASS FIBER! PRODUCTION PLANNED FOR SUMMER! POST 2 SEPARATE QUOTES (1 FA FOR FASTEST LEAD TIME - 1 FOR VOLUME 200) KIM PROVIDED MARGINS STRATEGY. COMPLETED AND PUBLISHED CONSOLIDATED FA QUOTE 06/12, COMPLETED AND RELEASED CONSOLIDATED QUOTE FOR PRODUCTION PER MOQ 25/50/200 (06/19). WHITE PAPER 06/23', '2020-06-03 00:00:00', '2020-06-12 00:00:00', '2020-06-12 00:00:00', '575-4600', '2000-01-01 00:00:00', -1, NULL, NULL, 1, NULL, NULL),
(69, 'QO-05003', 28, 'FIBER PATCHCABLES', 'FIBER PATCHCABLES', 'FIBER PATCHCABLES', 3, '123642.14', 52, 18, 15, 52, 0, NULL, '1.000', 7, 'NEW! DEFINE IF ANY OPEN ISSUES (DEFINING RISER CABLE FOR 20 ASSEMBLIES), DANIEL PROVIDED BOM\'s FOR QUOTING (06/16) POSTED TO SOURCING 06/17. COMPLETING RM PRICING', '2020-06-12 00:00:00', '2020-06-22 00:00:00', '2020-06-22 00:00:00', '9167', '2000-01-01 00:00:00', -1, NULL, NULL, 1, NULL, NULL),
(70, 'QO-05047', 31, 'MPO 32F', 'MPO 32F', 'MPO 32F', 4, '$147K up to $1.7M', 44, 17, 15, 1, 0, 13, '1.000', 7, 'PENDING RFQ CHECKLIST, DANIEL COMPLETED BOM 06/26', '2020-06-25 00:00:00', '2020-07-03 00:00:00', NULL, '2,000 to 24,000', '2000-01-01 00:00:00', -1, NULL, NULL, 1, NULL, NULL),
(71, 'QO-05058', 10, 'TBD- UNIBOOT JUMPERS', 'JA1002KRYLLULUD-SYSYXXXFNN', 'JA1002KRYLLULUD-SYSYXXXFNN', 1, '2124', 17, 18, 32, 2, 0, NULL, '1.000', 7, NULL, '2020-07-01 00:00:00', '2020-07-03 00:00:00', NULL, '100', '2000-01-01 00:00:00', -1, NULL, NULL, 1, NULL, NULL),
(72, 'QO-03769-1', 10, 'TELECT', 'TA1576RRYXMMUCZ-CC00100MNN-CW', 'TA1576RRYXMMUCZ-CC00100MNN-CW', 4, '21000', 17, 18, 32, 1, 0, NULL, '1.000', 7, 'REWORK MPO to LC\'s (576 TERMINATIONS), PQR UNDER REVIEW (DL #\'s AND RESOURCES)', '2020-07-01 00:00:00', '2020-07-07 00:00:00', NULL, '7', '2000-01-01 00:00:00', -1, NULL, NULL, 1, NULL, NULL),
(73, 'QO-05068', 10, 'MPO 8F Jumper, OM4, Aqua, Type B', 'MPO 8F Jumper, OM4, Aqua, Type B', 'MPO 8F Jumper, OM4, Aqua, Type B', 4, NULL, 17, 17, 32, 1, 4, NULL, '1.000', 7, 'LOW VOLUME MPO, Quote released 07/09', '2020-07-03 00:00:00', '2020-07-09 00:00:00', NULL, '17 up to 300 jumpers/Year', '2000-01-01 00:00:00', -1, NULL, NULL, 1, NULL, NULL),
(74, 'QO-05084', 31, '4:1 OPTICAL CABLE MPO', '4:1 OPTICAL CABLE MPO', '4:1 OPTICAL CABLE MPO', 4, '3165572.99', 44, 17, 15, 1, 1, 13, '1.000', 7, 'Quote released 07/17', '2020-07-01 00:00:00', '2020-07-17 00:00:00', NULL, '24-48K pcs', '2000-01-01 00:00:00', -1, NULL, NULL, 1, NULL, NULL),
(75, 'QO-04715', 3, '2F & 8F OPTIMUS ASSEMBLIES', NULL, '2F & 8F OPTIMUS ASSEMBLIES', 1, '1733931.66', NULL, 13, 14, 2, 42, 10, '1.000', 7, 'Recd updated BOM files from customer team to review updated BOM files and advise If any pending open issues to clarify on meeting 03/25 samples in transit under T#1Z05XV200360751909 ETA 03/26 COB 3 pcs each design  Samples review completed Felix published BOMs for Quoting 05/04 Recd cable price 05/22 Pending connector price/ AVL packaging and $ Coiling machine EST $1300 Add NRE to quote. Recd connector price 06/16.  Customer needs Purchased and Consigned Models pricing and will request FA PO 10 pcs each FA price is required need spec 8F cable from customer. Pending tracking # and spec sheets for consigned material 13 pcs. FA quote completed 06/30 For production quote received packaging costs tahta need to be validated/sourced FA price released 06/30. Pending pricing for reels per customer specs', '2020-03-04 00:00:00', '2020-07-27 00:00:00', '2020-07-20 00:00:00', '28400', '2000-01-01 00:00:00', -1, NULL, NULL, 1, NULL, NULL),
(76, 'QO-04423-1', 3, 'CORNING JUMPERS', 'CORNING JUMPERS', 'Customer Project', 3, '1012275.9', 29, 13, 14, 0, 0, 12, '1.000', 7, 'CORNING JUMPERS RFQ, VOLUME IS 10K PER MONTH, REQUESTED PRODUCT MIX, HIGH RUNNER 2MM LC/SC, OM4 and A1/A2 (SEE CHECKLIST 07/12 GMO FORWARED)', '2020-07-13 00:00:00', '2020-07-27 00:00:00', NULL, '10K Jumpers per month', '2000-01-01 00:00:00', -1, NULL, NULL, 1, NULL, NULL),
(77, 'QO-04828-1', 1, 'HJ-HCS2OC-ADC-8SM6-180FT AND HJ-HCS2OC-ADC-8SM4-21', 'HJ-HCS2OC-ADC-8SM6-180FT AND HJ-HCS2OC-ADC-8SM4-210FT TO 480FT', 'AEHC', 4, '3834133.92', 54, 17, 32, 17, 0, 13, '1.000', 7, 'POSTED 07/24 POSTED PQR INTERNALLY 07/28', '2020-07-23 00:00:00', '2020-07-30 00:00:00', '2020-07-30 00:00:00', '10250', '2000-01-01 00:00:00', 1, NULL, NULL, 1, NULL, NULL),
(78, 'QO-05168', 12, '144F and 288F cable assemblies (LC?s on 900um, to ', '144F AND 288F ', '144F AND 288F ', 4, NULL, 32, 18, 32, 2, 0, 10, '1.000', 7, 'HOT! BUDGETARY QUOTE, COMPLETED INTERNAL ANALYSIS', '2020-07-31 00:00:00', '2020-08-04 00:00:00', '2020-08-04 00:00:00', 'TBD', '2000-01-01 00:00:00', -1, NULL, NULL, 1, NULL, NULL),
(79, 'QO-05156', 30, 'FTTA HYBRID 12 F, MM, 8 AWG, LC/UPC', 'FTTA HYBRID', 'FTTA HYBRID', 4, NULL, 49, 13, 14, 1, 0, 10, '1.000', 7, 'HOT - DUE 08/03, NO VOLUMES (ASSUMING 400 PCS), BOM/PQR DEFINED', '2020-07-31 00:00:00', '2020-08-03 00:00:00', '2020-08-03 00:00:00', '400', '2000-01-01 00:00:00', -1, NULL, NULL, 1, NULL, NULL),
(80, 'QO-05166', 15, 'MULTIFIBER 12,24,48,72, 96,144,288 SCA', 'MULTIFIBER -SCA', 'MULTIFIBER -SCA', 5, '356700.9', 47, 17, 31, 7, 0, 14, '1.000', 7, 'WP 08/12, ADJUSTING FG LEAD TIMES, ADDING MOQ AND REBATES, ALSO ARMORED CABLE HAS LONG LEAD TIME (25 WKS)', '2020-07-30 00:00:00', '2020-08-13 00:00:00', NULL, NULL, '2000-01-01 00:00:00', -1, NULL, NULL, 1, NULL, NULL),
(81, 'QO-05188', 12, '144F/288F/864F/1728F', '144F/288F/864F/1728F', '144F/288F/864F/1728F', 5, '279372.49', 22, 21, 14, 4, 12, 14, '1.000', 7, 'PUBLISHED 08/13, WP 08/14', '2020-08-12 00:00:00', '2020-08-14 00:00:00', NULL, NULL, '2000-01-01 00:00:00', -1, NULL, NULL, 1, NULL, NULL),
(82, 'QO-05109', 33, 'FIBER ASSEMBLIES', 'FIBER ASSEMBLIES', 'FIBER ASSEMBLIES', 4, NULL, NULL, 17, 36, 5, 0, NULL, '1.000', 7, 'SUZ RFQ, POSTED ITEMS TO SOURCING 07/21, PENDING CABLE SPECS CORNING AND FIBER SOURCE), INFO NOT AVAILABLE FROM SUZ (QUOTE ON HOLD)', '2020-07-20 00:00:00', '2020-08-17 00:00:00', NULL, '200', '2000-01-01 00:00:00', -1, NULL, NULL, 1, NULL, NULL),
(83, 'QO-04473-1', 1, 'ROGERS - REQUOTE ', 'ROGERS - REQUOTE ', 'ROGERS - REQUOTE ', 4, NULL, 1, 13, 32, 5, 0, 13, '1.000', 7, 'REQUOTE FOR ROGERS PROJECT BOM DEFINED 08/18, COE COMPLETED ENGINEERING DRAWINGS 08/19', '2020-08-17 00:00:00', '2020-08-20 00:00:00', '2020-08-20 00:00:00', NULL, '2000-01-01 00:00:00', -1, NULL, NULL, 1, NULL, NULL),
(84, 'QO-05199', 15, 'CHARLES INDUSTRIES', '144F, SCA ASSEMBLY', '144F, SCA ASSEMBLY', 4, NULL, NULL, 17, 31, 1, 0, 13, '1.000', 7, 'NEW RFQ, VOLUME 150 PCS, WILL QUOTE FA\'S (3 PCS)', '2020-08-17 00:00:00', '2020-08-19 00:00:00', NULL, '150', '2000-01-01 00:00:00', -1, NULL, NULL, 1, NULL, NULL),
(85, 'QO-04553-1', 1, 'DISH', 'DISH', 'DISH', 5, NULL, 1, 13, 15, 9, 63, 14, '1.000', 7, 'DISH PROJECT REQUOTE', '2020-08-21 00:00:00', '2020-08-24 00:00:00', '2020-08-24 00:00:00', NULL, '2000-01-01 00:00:00', -1, NULL, NULL, 1, NULL, NULL),
(86, 'QO-04687-1', 6, 'ADTRAN FIBER - 11321747F3', 'ADTRAN FIBER - 11321747F3', 'ADTRAN FIBER - 11321747F3', 1, NULL, 3, 18, 14, 1, 0, NULL, '1.000', 7, 'NEW RFQ (BAG & TAG), REVIEW PQR', '2020-08-17 00:00:00', '2020-08-25 00:00:00', NULL, '50-1K (LOW VOLUME)', '2000-01-01 00:00:00', -1, NULL, NULL, 1, NULL, NULL),
(87, 'QO-05193', 6, 'ADTRAN FIBER - 11321738F3', 'ADTRAN FIBER - 11321738F3', 'ADTRAN FIBER - 11321738F3', 1, '$721-16.6K', 3, 18, 14, 1, 0, NULL, '1.000', 7, 'MOLEX IS AVL - DECLINED TO QUOTE US, QUOTED BASED ON ALTERNATE MATERIALS', '2020-08-13 00:00:00', '2020-08-31 00:00:00', NULL, '25-1K(LOW VOLUME)', '2000-01-01 00:00:00', -1, NULL, NULL, 1, NULL, NULL),
(88, 'QO-05166-1', 15, 'RIBBON CABLE MULTIFIBER ASSEMBLY', 'RIBBON CABLE MULTIFIBER ASSEMBLY', 'RIBBON CABLE MULTIFIBER ASSEMBLY', 4, '$360K-$550K', 47, 17, 31, 8, 0, 13, '1.000', 7, 'CUSTOMER REQUESTED RIBBON CABLE OPTION (PRYSMIAN) , QUOTING OVERMOLD OPTION', '2020-08-21 00:00:00', '2020-09-02 00:00:00', NULL, '440-660', '2000-01-01 00:00:00', -1, NULL, NULL, 1, NULL, NULL),
(89, 'QO-05225', 1, 'BELL - FIBER AND POWER SYSTEM RFP', 'FIBER AND POWER SYSTEM RFP', 'FIBER AND POWER SYSTEM RFP', 5, '2350518', 1, 13, 15, 27, 0, 14, '1.000', 7, 'DESIGN TEAM REVIEWING RFQ TO CREATE PROPOSAL (Q-ODC-12 ? REPLACE WITH SENKO IP-MPO AND SENKO IP-LC)', '2020-08-28 00:00:00', '2020-09-08 00:00:00', '2020-09-08 00:00:00', '29.5K', '2000-01-01 00:00:00', -1, NULL, NULL, 1, NULL, NULL),
(90, 'QO-05123', 21, 'FIBER JUMPERS & MPO', NULL, 'FIBER JUMPERS & MPO', 3, '1221272', NULL, 18, 15, 25, 0, 12, '1.000', 7, 'JUMPER CONFIGURATOR COMPLETED PQR CONFIRMED VOLUME WITH BDM 20K ENDS PER MONTH COMBINED SENT PRICING DETAIL TO OPS TEAM 08/26 RECD APPROVAL TO REQUOTE PER VARIABLE OH. ETC 09/15', '2020-07-23 00:00:00', '2020-09-15 00:00:00', NULL, '239.4K', '2000-01-01 00:00:00', -1, NULL, NULL, 1, NULL, NULL),
(91, 'QO-05251', 16, 'FIBER JUMPER (PA1-001-CZB-CZB 002M)', 'FIBER JUMPERS', 'FIBER JUMPERS', 1, '174007', 37, 21, 31, 1, 0, 13, '1.000', 7, 'JUMPER RFQ, 19K PCS EAU, BOM COMPLETED 09/16', '2020-09-15 00:00:00', '2020-09-17 00:00:00', '2020-09-17 00:00:00', '19K pcs', '2000-01-01 00:00:00', -1, NULL, NULL, 1, NULL, NULL),
(92, 'QO-04553-2', 1, 'DISH', 'DISH', 'DISH', 5, '8486565', 1, 13, 15, 9, 63, 14, '1.000', 7, 'DISH PROJECT REQUOTE', '2020-10-19 00:00:00', '2020-10-20 00:00:00', '2020-10-20 00:00:00', NULL, '2000-01-01 00:00:00', -1, NULL, NULL, 1, NULL, NULL),
(93, 'QO-05330', 1, 'SPRINT REWORK  TO CONVERT TO TMO', 'SPRINT REWORK  TO CONVERT TO TMO', 'SPRINT REWORK  TO CONVERT TO TMO', 13, NULL, 43, 13, 15, 1, 0, NULL, '1.000', 7, 'REQUEST FOR REWORK EXISTING SPRINT TRUNKS AND CONVERT TO TMO REQUIREMENT, 2 SCENARIOS? 1) CUT AND REWORK TOP POWER SIDE  2) CUT AND REWORK BOTH ENDS', '2020-10-19 00:00:00', '2020-10-29 00:00:00', '2020-10-29 00:00:00', NULL, '2000-01-01 00:00:00', -1, NULL, NULL, 1, NULL, NULL),
(94, 'QO-05343-1', 6, '3129821-E@A', '3129821-E@A', '3129821-E@A', 4, NULL, 3, 18, 14, 1, 0, NULL, '1.000', 7, 'NEW ADTRAN DESIGN, LOW VOLUME, QUOTED FA LT 3 WKS', '2020-10-23 00:00:00', '2020-11-06 00:00:00', '2020-11-02 00:00:00', '1,5,10,25,50,100', '2000-01-01 00:00:00', -1, NULL, NULL, 1, NULL, NULL),
(95, 'QO-05349-1', 6, '3129822-E@A', '3129822-E@A', '3129822-E@A', 4, NULL, 3, 18, 14, 1, 0, NULL, '1.000', 7, 'NEW FIBER ASSEMBLY, WORKING ON CABLE DEFINITION', '2020-10-28 00:00:00', '2020-11-11 00:00:00', NULL, '1,5,10,25,50,100', '2000-01-01 00:00:00', -1, NULL, NULL, 1, NULL, NULL),
(96, 'QO-05348', 34, 'OSP FIBER CABLE ASSEMBLIES6/ 12/72/96/144', 'OSP FIBER CABLE ASSEMBLIES6/ 12/72/96/144', 'OSP FIBER CABLE ASSEMBLIES6/ 12/72/96/144', 8, '565694.66', 38, 13, 31, 8, 0, 17, '1.000', 7, 'DEFINE BOM\'s', '2020-10-27 00:00:00', '2020-11-11 00:00:00', '2020-11-11 00:00:00', '1620', '2000-01-01 00:00:00', -1, NULL, NULL, 1, NULL, NULL),
(97, 'QO-05347', 12, 'FIBER STRANDED AND RIBBON CABLE ASSEMBLIES', NULL, 'FIBER STRANDED AND RIBBON CABLE ASSEMBLIES', 5, '400000', 50, 13, 14, 5, 78, 14, '1.000', 7, 'RFP TIMELINE: 11/02 RFP QUESTIONS 11/05 RESPONSES DUE 11/12 PRICING PROPOSAL. BOMs UNDER DEVELOPMENT', '2020-10-23 00:00:00', '2020-11-20 00:00:00', '2020-11-20 00:00:00', 'Mix: 50%Microdistribution 30% Stranded 20%Ribbon', '2000-01-01 00:00:00', -1, NULL, NULL, 1, NULL, NULL),
(98, 'QO-05378', 12, 'M BIF 9/125 MICRO DIST 12-FIB', 'M BIF 9/125 MICRO DIST 12-FIB', 'M BIF 9/125 MICRO DIST 12-FIB', 4, '180021', 50, 13, 14, 2, 6, 13, '1.000', 7, 'NEW RFQ, DEFINE BOM\'s', '2020-11-13 00:00:00', '2020-11-20 00:00:00', NULL, '600 pcs', '2000-01-01 00:00:00', -1, NULL, NULL, 1, NULL, NULL),
(99, 'QO-04281-1', 3, 'HYBRID CABLES BID FOR ERICSSON', 'HYBRID CABLES BID FOR ERICSSON', 'HYBRID CABLES BID FOR ERICSSON', 5, '7283277', 34, 13, 14, 15, 59, 14, '1.000', 7, 'Round 2 Hybrid Cables Bid (last price round was released 10/09) Requote per design change (Cables will require copper tape with a drain wire instead of the aluminum armor), posted  cables to sourcing 11/17 (cable prices completed 11/19), Heat Map file will be updated', '2020-11-17 00:00:00', '2020-11-19 00:00:00', NULL, '10880', '2000-01-01 00:00:00', -1, NULL, NULL, 1, NULL, NULL),
(100, 'QO-05445', 12, 'RFQ2012-02', '144F MICRODIST, MPO (f) (1M)B.O TO MPO (f), SM/MM', '144F MICRODIST, MPO (f) (1M)B.O TO MPO (f), SM/MM', 4, NULL, 50, 13, 14, 3, 3, 13, '1.000', 7, 'NEW RFQ, LOW VOLUME, SUGGEST TO USE CABLE 144 IF STOCK, COMPONENT PRIICNG COMPLETED', '2020-12-14 00:00:00', '2020-12-21 00:00:00', NULL, '100 pcs (2021)', '2000-01-01 00:00:00', -1, NULL, NULL, 1, NULL, NULL),
(101, 'QO-05446', 12, 'RFQ2012-03', 'CA ASSY:FO,XM, MPO12, 12 FIBER BREAKOUT, ULL', 'CA ASSY:FO,XM, MPO12, 12 FIBER BREAKOUT, ULL', 4, NULL, 50, 13, 14, 1, 1, 13, '1.000', 7, 'RFQ CHECKLIST REC\'D 12/16. CUSTOMER DWG# 151781, CUSTOMER REQUESTED MOQ 100,250,500. RFQ POSTED TO SOURCING, 12/18 PENDING OPEN ISSUE RESPONSE', '2020-12-14 00:00:00', '2020-12-21 00:00:00', '2020-12-21 00:00:00', 'PER MOQS 100-250-500', '2000-01-01 00:00:00', -1, NULL, NULL, 1, NULL, NULL),
(102, 'QO-05449', 12, 'RFQ2012-06', 'CA ASSY:RISER SM BIF, 144F MICRODIST', 'CA ASSY:RISER SM BIF, 144F MICRODIST', 4, NULL, 50, 13, 14, 4, 4, 13, '1.000', 7, 'RFQ CHECKLIST REC\'D 12/16, NO EAU THIS IS NEW CUSTOMER BID, USE DWG FROM RFP PACKAGE, REVIEWING IF MATERIALS ARE COMPLETE FROM COMMON RFQ\'s', '2020-12-15 00:00:00', '2020-12-18 00:00:00', NULL, 'NO EAU ', '2000-01-01 00:00:00', -1, NULL, NULL, 1, NULL, NULL),
(103, 'QO-05493', 1, 'HYBRID JUMPER - ONE TIME BUY 30/40/50M', 'HYBRID JUMPER - ONE TIME BUY 30/40/50M', 'HYBRID JUMPER - ONE TIME BUY 30/40/50M', 4, '2238', 1, 17, 15, 1, 0, 13, '1.000', 7, 'ONE TIME BUY, FELIX DEFINED BOM 01/12', '2021-01-11 00:00:00', '2021-01-12 00:00:00', '2021-01-12 00:00:00', '3', '2000-01-01 00:00:00', -1, NULL, NULL, 1, NULL, NULL),
(104, 'QO-05718', 2, 'RFS FIBER ASSEMBLY 75901474 VERIZON JUMPERS 1x2', 'RFS FIBER ASSEMBLY 75901474', 'RFS FIBER ASSEMBLY 75901474', 4, '232.65', 27, 13, 15, 20, 0, NULL, '1.000', 7, 'REQUOTE RELEASED  AND IMPLEMENTED 01/19', '2021-01-12 00:00:00', '2021-01-19 00:00:00', NULL, '4', '2000-01-01 00:00:00', 1, NULL, '2021-11-09 07:49:57', 1, NULL, NULL),
(105, 'QO-05523', 12, 'FIBER ASSEMBLIES MPO/LC\'s', 'FIBER ASSEMBLIES MPO/LC\'s', 'FIBER ASSEMBLIES MPO/LC\'s', 5, NULL, 50, 17, 14, 8, 32, 14, '1.000', 7, 'NEW AMPHENOL RFQ, LOW VOLUME 25/50/75/100, PENDING CUSTOMER REQUIREMENT CLARIFICATION TO RELEASE QUOTE', '2021-01-20 00:00:00', '2021-01-27 00:00:00', NULL, '320', '2000-01-01 00:00:00', -1, NULL, NULL, 1, NULL, NULL),
(106, 'QO-05543', 20, 'HYBRID  SOLUTION', 'HYBRID  SOLUTION', 'HYBRID  SOLUTION', 4, NULL, 56, 13, 14, 1, 0, 13, '1.000', 7, 'REC\'D RFQ CHECKLIST 01/22, COE DEFINED DRAWING/BOM/CABLE SPEC 01/127, BUDGETARY QUOTE, PENDING REVISED CABLE SPEC (FOR CUSTOMER APPROVAL) WITH ENGINEERING DRAWING', '2021-01-25 00:00:00', '2021-01-28 00:00:00', NULL, '1K-5K-10K', '2000-01-01 00:00:00', -1, NULL, NULL, 1, NULL, NULL),
(107, 'QO-05511', 1, 'NEW CABLE SOLUTIONS', 'NEW CABLE SOLUTIONS', 'NEW CABLE SOLUTIONS', 4, '612000', 1, 13, 15, 5, 0, 13, '1.000', 7, 'COE DEFINED BOMS\'s  FOR QUOTING 01/22, QUOTE 4 ASSEMBLIES IN 15FT AND 30FT. POSTED TO SOURCING 01/22. 5TH BOM (HOLD), PENDING SOURCING PRICING', '2021-01-21 00:00:00', '2021-02-01 00:00:00', NULL, '4,800 COMBINED', '2000-01-01 00:00:00', 1, NULL, '2021-11-09 07:50:40', 1, NULL, NULL),
(108, 'QO-05554', 10, 'SPLITTER FOR AMERICA ILSINTECH', 'SPLITTER FOR AMERICA ILSINTECH', 'SPLITTER FOR AMERICA ILSINTECH', 4, '40750', 32, 27, 14, 1, 0, NULL, '1.000', 7, 'RFQ FOR SPLITTERS TO AMERICA ILSINTECH (PLC SUPPLIER) ONE BUY ONLY - VOLUME 50 PCS', '2021-01-28 00:00:00', '2021-02-03 00:00:00', NULL, '50', '2000-01-01 00:00:00', -1, NULL, NULL, 1, NULL, NULL),
(109, 'QO-05534', 2, 'RFS/DISH 9X12 CONFIG', 'RFS/DISH 9X12 CONFIG', 'RFS/DISH 9X12 CONFIG', 7, NULL, 11, 13, 15, 1, 0, NULL, '1.000', 7, 'DISH 9X12 CONFIG', '2021-02-08 00:00:00', '2021-02-10 00:00:00', '2021-02-10 00:00:00', '500 EST', '2000-01-01 00:00:00', -1, NULL, NULL, 1, NULL, NULL),
(110, 'QO-05546', 27, 'BARCELONA', 'BARCELONA', 'BARCELONA', 5, '285487', 35, 17, 37, 2, 0, 14, '1.000', 7, 'COE PUBLISHED PRELIMINARY DESIGN/BOM\'s 01/29, CABLES WILL BE CONSIGNED, QUOTE DUE 02/05, POSTED 01/29', '2021-01-26 00:00:00', '2021-02-05 00:00:00', NULL, '1000 COMBINED', '2000-01-01 00:00:00', -1, NULL, NULL, 1, NULL, NULL),
(111, 'QO-05347-2', 12, ' RFQ2102-15 - CA ASSY:OFNR SM BIF (144F LCA-PT, 24', ' RFQ2102-15 - CA ASSY:OFNR SM BIF', ' RFQ2102-15 - CA ASSY:OFNR SM BIF', 4, '575826.11', 50, 13, 14, 3, 32, 13, '1.000', 7, 'NEED CONNECTOR AND CABLE PRICING TO EXPEDITE QUOTE RELEASE', '2021-02-12 00:00:00', '2021-02-17 00:00:00', '2021-02-15 00:00:00', '3040', '2000-01-01 00:00:00', -1, NULL, NULL, 1, NULL, NULL),
(112, 'QO-05588', 20, 'FIBER JUMPERS (2F SM LC-LC & 2F SM IPRLC-LC)', 'FIBER JUMPERS', 'FIBER JUMPERS', 1, '$98.2K-$940K', 56, 18, 14, 2, 0, NULL, '1.000', 7, 'COE COMPLETED DRAWINGS FOR QUOTING', '2021-02-12 00:00:00', '2021-02-17 00:00:00', NULL, '1K/5K/10K', '2000-01-01 00:00:00', -1, NULL, NULL, 1, NULL, NULL),
(113, 'QO-05584', 5, 'YOSEMITE FIBER JUMPER', 'YOSEMITE FIBER JUMPER', 'YOSEMITE FIBER JUMPER', 1, '$611K', 24, 18, 16, 1, 0, NULL, '1.000', 7, 'PENDING CABLE AND CONNECTOR PRICING, TARGET $2.80 (PRICE $5.95@ GM25%). CABLE IS CUSTOM, CONNECTOR IS SENKO.', '2021-02-12 00:00:00', '2021-02-19 00:00:00', NULL, '210000', '2000-01-01 00:00:00', -1, NULL, NULL, 1, NULL, NULL),
(114, 'QO-05588A', 20, 'DISCRETE SOLUTION 25-50-100MTS AND POWER ONLY TRUN', 'DISCRETE SOLUTION 25-50-100MTS AND POWER ONLY', 'DISCRETE SOLUTION 25-50-100MTS AND POWER ONLY', 4, NULL, 56, 18, 14, 2, 0, 13, '0.700', 7, 'CUSTOMER REQUEST FOR DISCRETE FIBER SOLUTION , FELIX PUBLISHED DWG 02/23', '2021-02-17 00:00:00', '2021-02-23 00:00:00', NULL, '500 TO 5K', '2000-01-01 00:00:00', -1, NULL, NULL, 1, NULL, NULL),
(115, 'QO-05534-1A', 2, 'RFS 6X24 CONFIG', 'RFS 6X24 CONFIG', 'RFS 6X24 CONFIG', 7, '4553400', 11, 13, 15, 1, 0, NULL, '1.000', 7, 'PENDING EAU PENDING MFG #s REQUESTED INFO TO CHRIS 02/24 WP DUE 03/09', '2021-02-22 00:00:00', '2021-03-09 00:00:00', NULL, '7K PCS COMBINED ACROSS PROGRAM', '2000-01-01 00:00:00', 1, NULL, '2021-11-04 14:17:39', 1, NULL, NULL),
(116, 'QO-05645', 12, 'RFQ 2103-05: 432/864F (FIBER COUNT CHANGED TO 144F', 'RFQ 2103-05: 432/864F (FIBER COUNT CHANGED TO 144F/288F)', 'RFQ 2103-05: 432/864F (FIBER COUNT CHANGED TO 144F', 4, '45590.55', 50, 13, 14, 2, 24, 13, '1.000', 7, 'COMBINED VOLUME 24 PCS, DEFINE BOM\'s FOR QUOTING, ONLY BIDDING 432F (864F NO BID FROM CABLE VENDOR)', '2021-03-08 00:00:00', '2021-03-11 00:00:00', NULL, '24', '2000-01-01 00:00:00', -1, NULL, NULL, 1, NULL, NULL),
(117, 'QO-04553-4', 1, 'FIBER QUOTE REQUEST 1-10MTS - DISH', 'FIBER QUOTE REQUEST 1-10MTS - DISH', 'FIBER QUOTE REQUEST 1-10MTS - DISH', 4, '106022', 1, 13, 15, 1, 5, 13, '1.000', 7, 'NEW RFQ, VOLUME 15K. COE UPDATING ENGINEERING DWGS WITH GEYIDA ITEMS', '2021-03-16 00:00:00', '2021-03-18 00:00:00', '2021-03-18 00:00:00', '15K', '2000-01-01 00:00:00', 0, NULL, '2022-02-25 16:03:26', 1, NULL, NULL),
(118, 'QO-05671', 1, 'FULL AXS DLC TO FIBER JUMPER', 'FULL AXS DLC TO FIBER JUMPER', 'FULL AXS DLC TO FIBER JUMPER', 4, '168057', 1, 13, 15, 1, 1, 13, '1.000', 7, 'COE COMPLETED DWG 03/18', '2021-03-18 00:00:00', '2021-03-18 00:00:00', '2021-03-18 00:00:00', '4K', '2000-01-01 00:00:00', 1, NULL, '2021-11-09 07:56:02', 1, NULL, NULL),
(119, 'QO-04281-2', 3, 'CORNING HYBRID CABLES 5G ', 'CORNING HYBRID CABLES 5G ', 'CORNING HYBRID CABLES 5G ', 4, NULL, 34, 13, 14, 4, 28, 13, '1.000', 7, 'COE PROVIDED BOM\'S 03/22, PRYSMIAN CABLE PRICING COMPLETED 03/25', '2021-03-19 00:00:00', '2021-03-26 00:00:00', '2021-03-23 00:00:00', 'TBD', '2000-01-01 00:00:00', 0, NULL, '2021-11-04 14:09:19', 1, NULL, NULL);
INSERT INTO `cotizacion` (`idCotizacion`, `quoteID`, `idCliente`, `nombre`, `descripcion`, `customerProject`, `idTipoCotizacion`, `ventasPotenciales`, `idClienteContacto`, `idResponsable`, `idRepreVentas`, `uniqueFG`, `lineItems`, `BOMType`, `overallComplet`, `idStatus`, `notas`, `fechaInicio`, `fechaLanzamiento`, `fechaReqCliente`, `consolidatedEAU`, `fechaCrea`, `awarded`, `dateBDM`, `dateAwarded`, `consOTC`, `sourcMatStartDate`, `sourcMatEndDate`) VALUES
(120, 'QO-05691', 37, '2 FIBER ASSEMBLIES LAM DIRECT', '2 FIBER ASSEMBLIES LAM DIRECT (RFQ# 00264383)', '2 FIBER ASSEMBLIES LAM DIRECT (RFQ# 00264383)', 1, NULL, 57, 18, 16, 1, 0, 10, '1.000', 7, 'LAM DIRECT FIBER ASSEMBLIES, POSTED TO SOURCING 03/26', '2021-03-26 00:00:00', '2021-04-01 00:00:00', '2021-03-30 00:00:00', 'UNKNOWN VOLUMES', '2000-01-01 00:00:00', -1, NULL, NULL, 1, NULL, NULL),
(121, 'QO-04341-1', 36, 'SMART WIRE PLC HARNESS P104890/P104891/P104892', 'SMART WIRE PLC HARNESS ', 'SMART WIRE PLC HARNESS ', 4, '504.75', NULL, 18, 16, 3, 0, NULL, '1.000', 7, 'RELEASED PQR TO IND TEAM 03/31', '2021-03-26 00:00:00', '2021-03-31 00:00:00', NULL, '75', '2000-01-01 00:00:00', 1, NULL, '2021-11-09 07:57:29', 1, NULL, NULL),
(122, 'QO-05347-3', 12, 'AMPHENOL-DALLAS PROJECT 144/96F CONFIGURATIONS LC/', 'AMPHENOL 144/96F CONFIGURATIONS LC/SC/MPO, SM/MM', 'AMPHENOL 144/96F CONFIGURATIONS LC/SC/MPO, SM/MM', 5, NULL, 50, 13, 14, 7, 35, 14, '1.000', 7, 'TEAM DEVELOPED BOM\'s FOR QUOTING PURPOSES 03/26, PQR PUBLISHED 03/31', '2021-03-24 00:00:00', '2021-03-30 00:00:00', NULL, '64', '2000-01-01 00:00:00', -1, NULL, NULL, 1, NULL, NULL),
(123, 'QO-05727', 1, 'NOKIA JUMPERS HJ-HCS2OC-ADC-4SM6-15FT-150', 'NOKIA JUMPERS HJ-HCS2OC-ADC-4SM6-15FT-150', 'NOKIA JUMPERS HJ-HCS2OC-ADC-4SM6-15FT-150', 1, NULL, NULL, 13, 15, 1, 6, 10, '1.000', 7, 'NOKIA JUMPERS', '2021-04-08 00:00:00', '2021-04-09 00:00:00', '2021-04-09 00:00:00', 'UNKNOWN VOLUMES', '2000-01-01 00:00:00', -1, NULL, NULL, 1, NULL, NULL),
(124, 'QO-05693', 12, 'RFQ 2103-16 FIBER JUMPERS MPO 48F', NULL, 'RFQ 2103-16, FIBER JUMPERS, MPO 48F', 2, '48000', 50, 13, 14, 8, 0, 11, '1.000', 7, 'FIBER JUMPERS/MPO ', '2021-03-26 00:00:00', '2021-04-09 00:00:00', NULL, 'LOW VOLUME', '2000-01-01 00:00:00', -1, NULL, NULL, 1, NULL, NULL),
(125, 'QO-05730', 1, 'NEW HYBRID JUMPER, 1 PR 4 AWG, 2 PR LC-LC & 1PR 6 ', 'NEW HYBRID JUMPER, 1 PR 4 AWG, 2 PR LC-LC & 1PR 6 AWG, 2 PR LC-LC', 'NEW HYBRID JUMPER, 1 PR 4 AWG, 2 PR LC-LC & 1PR 6 ', 4, NULL, 1, 13, 15, 2, 13, 13, '1.000', 7, 'NEW HYBRID JUMPERS', '2021-04-08 00:00:00', '2021-04-12 00:00:00', '2021-04-12 00:00:00', 'UNKNOWN VOLUMES', '2000-01-01 00:00:00', -1, NULL, NULL, 1, NULL, NULL),
(126, 'QO-05729', 1, '2F LC-LC+SAMSUNG  (LENGTH 20M)', '2F LC-LC+SAMSUNG ', '2F LC-LC+SAMSUNG ', 1, '9330', 1, 13, 15, 1, 0, 10, '1.000', 7, 'NEW JUMPER, SAMSUNG, DRAWING APPROVED 04/12. FG P/N NEW DESIGN', '2021-04-09 00:00:00', '2021-04-12 00:00:00', '2021-04-09 00:00:00', '200', '2000-01-01 00:00:00', 1, NULL, '2022-03-30 16:41:42', 1, NULL, NULL),
(127, 'QO-05696', 12, 'RFQ 2103-15, 288F (SM/MM) AND 96F (SM/MM)', 'RFQ 2103-15, 288F (SM/MM) AND 96F (SM/MM)', 'RFQ 2103-15, 288F (SM/MM) AND 96F (SM/MM)', 4, '20994', 50, 13, 14, 4, 16, 13, '1.000', 7, '288/96F RFQ', '2021-03-26 00:00:00', '2021-04-13 00:00:00', NULL, 'UNKNOWN VOLUMES', '2000-01-01 00:00:00', -1, NULL, NULL, 1, NULL, NULL),
(128, 'QO-05712', 12, 'RFQ 04/06 SM 72/96/144/288 & MM144', 'RFQ 04/06 SM 72/96/144/288 & MM144', 'RFQ 04/06 SM 72/96/144/288 & MM144', 5, '1765430', 50, 13, 14, 8, 0, 14, '1.000', 7, 'NEW AMPHENOL CONSOLIDATED RFQ, COMPLETED AND PUBLISHED FOR WP 04/09', '2021-04-06 00:00:00', '2021-04-14 00:00:00', NULL, '1362', '2000-01-01 00:00:00', -1, NULL, NULL, 1, NULL, NULL),
(129, 'QO-05741', 12, 'RFQ 2104-01, F188M-LA-F040-EDEE-0A (288F, LC-MPO)', 'RFQ 2104-01, F188M-LA-F040-EDEE-0A (288F, LC-MPO)', 'RFQ 2104-01, F188M-LA-F040-EDEE-0A (288F, LC-MPO)', 4, NULL, 50, 13, 14, 1, 0, 13, '1.000', 7, 'LOW VOLUME RFQ, 3 PCS, DO WE CHARGE FA PRICE?', '2021-04-06 00:00:00', '2021-04-20 00:00:00', NULL, '3', '2000-01-01 00:00:00', -1, NULL, NULL, 1, NULL, NULL),
(130, 'QO-05771', 2, 'VZ JUMPER 1X2 75901288', 'VZ JUMPER 1X2 75901288', 'VZ JUMPER 1X2 (75901288)', 4, '70.10', 11, 17, 15, 1, 0, NULL, '1.000', 7, 'VZ JUMPER 1x2  SIMILAR TO 75900753 60FT', '2021-04-26 00:00:00', '2021-04-27 00:00:00', NULL, '100', '2000-01-01 00:00:00', 1, NULL, '2021-11-09 08:02:05', 1, NULL, NULL),
(131, 'QO-05730-2', 1, 'NWS-5275/5276 BUT IN 6 FIBER COUNT/HYBRID 2X4 AWG', 'NWS-5275/5276 BUT IN 6 FIBER COUNT/HYBRID 2X4 AWG/2X6 AWG', 'NWS-5275/5276 BUT IN 6 FIBER COUNT/HYBRID (2X4 AWG', 4, '26608', 1, 17, 15, 1, 0, NULL, '1.000', 7, 'REQUOTE TO CHANGE CABLE CONSTRUCTION TO 6 FIBER COUNT DWGS ETC 04/27', '2021-04-26 00:00:00', '2021-04-30 00:00:00', NULL, 'UNKNOWN VOLUMES', '2000-01-01 00:00:00', 1, NULL, '2021-11-09 08:04:31', 1, NULL, NULL),
(132, 'QO-05493-2', 1, 'NWS-5270/NWS-5277', 'FIBER JUMPERS', 'FIBER JUMPERS', 4, '$6.2K', 1, 13, 15, 2, 0, 13, '1.000', 7, 'COE TO PROVIDE ENGINEERING DRAWINGS FOR QUOTE', '2021-02-24 00:00:00', '2021-03-04 00:00:00', NULL, '60', '2000-01-01 00:00:00', -1, NULL, NULL, 1, NULL, NULL),
(133, 'QO-04473-2', 1, 'ROGERS REQUOTE 2021', 'ROGERS', 'ROGERS', 5, '3011333.15', 1, 13, 15, 5, 100, 14, '1.000', 7, 'ROGERS REQUOTE UPDATED TO RATES 2021', '2021-05-06 00:00:00', '2021-05-12 00:00:00', '2021-05-12 00:00:00', 'TBD', '2000-01-01 00:00:00', 1, NULL, '2021-11-09 08:18:57', 1, NULL, NULL),
(134, 'QO-05811', 3, 'CORNING HUAWEI JUMPERS', 'CORNING HUAWEI JUMPERS', 'CORNING HUAWEI JUMPERS', 5, '696884', 2, 18, 14, 30, 0, 14, '0.800', 7, 'CORNING - HUAWEI PRICING EXERCISE, LABOR PORTION COMPLETED, COE TEAM COMPLETED 25 OF 30 ASSEMBLIES', '2021-05-07 00:00:00', '2021-05-13 00:00:00', '2021-05-13 00:00:00', '20000', '2000-01-01 00:00:00', -1, NULL, NULL, 1, NULL, NULL),
(135, 'QO-04906-1', 1, 'HJ-HCS2R2-APF-4SM4-270FT/-4SM6-210FT', 'HJ-HCS2R2-APF-4SM6-210FT/270FT', 'HJ-HCS2R2-APF-4SM6-210FT/270FT', 4, '2952.42', 1, 17, 15, 1, 0, NULL, '1.000', 7, 'NEW LENGTHS TO QUOTE FELIX PUBLISHED DWGS 05/13', '2021-05-13 00:00:00', '2021-05-14 00:00:00', NULL, 'TBD', '2000-01-01 00:00:00', 1, NULL, '2021-11-09 08:33:41', 1, NULL, NULL),
(136, 'QO-05814', 3, 'CORNING 288F & 432F ', 'CORNING 288F & 432F ', 'CORNING 288F & 432F ', 4, NULL, 2, 13, 14, 2, 6, 13, '0.900', 7, '288/432F, REC\'D TARGET PRICING, CORNING CABLE PRICE, TEAM DEVELOPED PRELIMINARY BOM\'s 05/07, REC\'D CUSTOMER DWG 05/10, PUBLISHED INTERNALLY 05/17. QUOTE  @ GM 28% PER DISCUSSION 05/17/', '2021-05-07 00:00:00', '2021-05-17 00:00:00', '2021-05-17 00:00:00', '120', '2000-01-01 00:00:00', -1, NULL, NULL, 1, NULL, NULL),
(137, 'QO-05730-4', 1, 'HYBRID CABLE QUOTE, 10AWG HYBRID WITH 2 FIBER PAIR', 'HYBRID CABLE QUOTE, 10AWG HYBRID WITH 2 FIBER PAIRS', 'HYBRID CABLE QUOTE, 10AWG HYBRID WITH 2 FIBER PAIR', 4, NULL, 1, 13, 15, 1, 0, NULL, '1.000', 7, '60FT to 500 FT, COE COMPLETED DRAWING 05/14', '2021-05-14 00:00:00', '2021-05-17 00:00:00', NULL, '40', '2000-01-01 00:00:00', -1, NULL, NULL, 1, NULL, NULL),
(138, 'QO-05820', 6, 'Adtran Fiber RFQ for 11341748F32', 'Adtran Fiber RFQ for 11341748F32', 'Adtran Fiber RFQ for 11341748F32', 4, '42048', 3, 17, 14, 1, 0, NULL, '0.900', 7, 'FIBER ASSEMBLY RE-PACKED WITH BLISTER AND LABELING', '2021-05-12 00:00:00', '2021-05-18 00:00:00', NULL, '3600', '2000-01-01 00:00:00', -1, NULL, NULL, 1, NULL, NULL),
(139, 'QO-05684', 7, '4F, SM, ARMORED, FIBER SC', '4F, SM, ARMORED, FIBER SC', '4F, SM, ARMORED, FIBER SC', 4, '882.22', 5, 13, 14, 1, 0, 13, '1.000', 7, 'COE DEFINED BOM 05/27, COMPLETED RM PRICING AND RELEASED QUOTE', '2021-05-26 00:00:00', '2021-05-26 00:00:00', NULL, '2', '2000-01-01 00:00:00', -1, NULL, NULL, 1, NULL, NULL),
(140, 'QO-05885', 35, 'TRUNK 24F, LC-LC, OUTDOOR HYBRID & OUTDOOR JUMPER ', 'TRUNK 24F, LC-LC, OUTDOOR HYBRID & OUTDOOR JUMPER 3F, LC-LC', 'TRUNK 24F, LC-LC, OUTDOOR HYBRID & OUTDOOR JUMPER ', 5, '757408', 10, 13, 14, 2, 0, NULL, '1.000', 7, 'CONSIGNED CABLE? ITEMS COSTED FROM CUSTOMER? HT= 120 - 180 feet (10 foot increments), HJ= 9, 15 and 30 feet break out to break out. Or 17, 23 and 38 feet tip to tip. Sent open issues list 06/04', '2021-06-04 00:00:00', '2021-06-04 00:00:00', NULL, 'HT:1,500      HJ:1,250', '2000-01-01 00:00:00', 1, NULL, '2021-06-09 18:58:00', 1, NULL, NULL),
(141, 'QO-05894', 30, '432F, SINGLE ENDED, BUDGETARY QUOTE', '432F, SINGLE ENDED, BUDGETARY QUOTE', '432F, SINGLE ENDED, BUDGETARY QUOTE', 5, NULL, 49, 27, 14, 1, 0, NULL, '1.000', 7, 'BUDGETARY QUOTE TO COMPARE VS CUSTOMER TARGET $1,000 FOR 432F (LENGTH 100 FT), SCA SINGLE ENDED. 288F $670, 144F $432, 96F $250, 72F $190, 48F $140, POSTED INTERNALLY, TARGET ANALYSIS UNDER REVIEW INTERNALLY, UPDATED PQR WITH SCA PRICE (06/17), CANNOT REACH TARGET PRICE. PER CALL 06/22 - ADD 144/96/72/48F (FG\'S). REVISED PQR AND WP SENT 07/07', '2021-06-04 00:00:00', '2021-07-08 00:00:00', NULL, '1378', '2000-01-01 00:00:00', -1, NULL, NULL, 1, NULL, NULL),
(142, 'QO-04281-3', 3, 'ERICSSON PROJECT', 'ERICSSON PROJECT', 'ERICSSON PROJECT', 4, NULL, 34, 30, 14, 4, 28, 13, '1.000', 7, 'QUOTE ADDITIONAL LENGTHS (10, 20, 30, 40,AND 50M), CONFIRMING CABLE LEAD TIME (12 WKS?)', '2021-06-04 00:00:00', '2021-07-06 00:00:00', NULL, '1378', '2000-01-01 00:00:00', -1, NULL, NULL, 1, NULL, NULL),
(143, 'QO-06006', 11, 'HOEV FIBER OPTIC', 'HOEV FIBER OPTIC', 'HOEV FIBER OPTIC', 1, NULL, NULL, 17, 16, 2, 0, NULL, '1.000', 7, '5/10/50/100/250', '2021-07-21 00:00:00', '2021-07-26 00:00:00', NULL, 'TBD', '2000-01-01 00:00:00', NULL, NULL, NULL, 1, NULL, NULL),
(144, 'QO-04281-4', 3, 'CORNING-ERICSSON ADDITIONAL CONFIG HYBRID 12F PAIR', 'CORNING-ERICSSON', 'CORNING-ERICSSON', 4, NULL, 2, 13, 14, 1, 0, 13, '1.000', 7, 'NEW CONFIG, NEED CABLE PRICE HYBRID 12X4AWG, 24F, SM (PRYSMIAN) & HOISTING GRIP 1 5/8\". BOM DEFINED 08/02 EXPEDITING QUOTE (CABLE AND HOISTING GRIP ARE NEW ITEMS), PENDING CBALE PRICE 08/05, COMPLETED ENGINEERING DRAWING', '2021-08-02 00:00:00', '2021-08-06 00:00:00', NULL, 'TBD', '2000-01-01 00:00:00', 0, NULL, '2021-11-04 14:09:26', 1, NULL, NULL),
(145, 'QO-06046', 1, 'HYBRID CABLE RFQ 9X12 (8-6 AWG) & 6X12 (4 AWG)', 'HYBRID CABLE RFQ 9X12 (8-6 AWG) & 6X12 (4 AWG)', 'HYBRID CABLE RFQ 9X12 (8-6 AWG) & 6X12 (4 AWG)', 4, NULL, 1, 13, 15, 3, 0, 13, '1.000', 7, 'QUESTIONS DUE 08/09 (FILE PUBLISHED 08/09), RFQ RESPONSE DUE 08/13, BOM\'s PUBLISHED 08/11, SENT UPDATED Q&A 08/12 FOR CUSTOMER INPUT, QUOTE RELEASED 08/13', '2021-08-09 00:00:00', '2021-08-13 00:00:00', '2021-08-13 00:00:00', 'UNKNOWN', '2000-01-01 00:00:00', 0, NULL, '2021-11-04 14:09:41', 1, NULL, NULL),
(146, 'QO-04473-3', 1, 'STEEL ARMORED CABLE IP-LC tO FULL AXS', 'STEEL ARMORED CABLE IP-LC tO FULL AXS', 'STEEL ARMORED CABLE IP-LC tO FULL AXS', 4, NULL, 1, 13, 15, 1, 0, 13, '1.000', 7, 'SOURCING QUOTING CABLE IN CHINA AND USA, DRAWING COMPLETED 08/19, RELEASED QUOTE 08/20', '2021-08-12 00:00:00', '2021-08-20 00:00:00', NULL, 'UNKNOWN', '2000-01-01 00:00:00', NULL, NULL, NULL, 1, NULL, NULL),
(147, 'QO-06056', 18, 'KESTREL LABS SPO2 ', NULL, 'KESTREL LABS SPO2 ', 4, '', 53, 13, 38, 1, 0, 13, '1.000', 7, 'MEDICAL FIBER QUOTE FOR LABOR AND NRE ADD LABOR BUFFER TO COVER FOR FUTURE MARK UP/GM% ON MATERIALS POSTED DRAFT PQR AND RECD ADDITIONAL INFO TESTING PQR AND QUOTE PUBLISHED 08/27', '2021-08-10 00:00:00', '2021-09-07 00:00:00', NULL, '30100500', '2000-01-01 00:00:00', -1, NULL, NULL, 1, NULL, NULL),
(148, 'QO-06090', 1, 'SAMSUNG HYBRID ASSEMBLY- NWS-5287', 'SAMSUNG HYBRID ASSEMBLY', 'SAMSUNG HYBRID ASSEMBLY', 4, '114168', 1, 13, 15, 1, 0, 13, '1.000', 7, 'RFQ FOR HYBRID ASSEMBLY LIKE NWS-5210/NWS-5211 WITH SAMSUNG 63A (CONSIGNED), ENGINEERING DWG PUBLISHED 08/27', '2021-08-24 00:00:00', '2021-08-30 00:00:00', NULL, '850', '2000-01-01 00:00:00', NULL, NULL, NULL, 1, NULL, NULL),
(149, 'QO-06139', 1, 'FLAT DROP 1F (SC/APC), PIGTAIL 1F (SC/APC) & PUSHA', 'FIBER DROP & RELATED ASSEMBLIES', 'FIBER DROP & RELATED ASSEMBLIES', 4, NULL, 1, 13, 15, 3, 0, 13, '1.000', 7, 'QUOTE DUE 09/22 (9am), COE DEFINED PIGTAIL AND PUSHALE ASSY, PENDING FIBRE DROP BOM, SIMILAR SC (PUSHABLE). GM 25% (IVAN 09/22), PUSHABLE ASSY- NO BID', '2021-09-20 00:00:00', '2021-09-22 00:00:00', '2021-09-22 00:00:00', '183870', '2000-01-01 00:00:00', NULL, NULL, NULL, 1, NULL, NULL),
(150, 'QO-06153', 30, 'DROP CABLES, 1F SC/APC PIGTAIL AND DOUBLE ENDED', 'DROP CABLES', 'DROP CABLES', 4, NULL, NULL, 13, 14, 2, 0, 13, '1.000', 7, 'QUOTE DUE 09/22 (9am)', '2021-09-21 00:00:00', '2021-09-22 00:00:00', '2021-09-22 00:00:00', '151470', '2000-01-01 00:00:00', NULL, NULL, NULL, 1, NULL, NULL),
(151, 'QO-06142', 1, 'AAV NID TO CSR, LC-LC, LC-SC, LC/LC-LC/SC', 'AAV NID TO CSR', 'AAV NID TO CSR', 4, NULL, 1, 13, 15, 3, 0, 13, '1.000', 7, 'QUOTE DUE 09/23,BOM DEFINITION IN PROCESS', '2021-09-20 00:00:00', '2021-09-23 00:00:00', '2021-09-23 00:00:00', 'UNKNOWN', '2000-01-01 00:00:00', NULL, NULL, NULL, 1, NULL, NULL),
(152, 'QO-05989', 30, 'DROP CABLE CASA LINK', 'DROP CABLE CASA LINK', 'DROP CABLE CASA LINK', 5, '1848585', 49, 13, 14, 4, 0, 13, '1.000', 7, 'SIMILAR TO COMMSCOPE MDU QUOTED @ GM 25% 2016 PUBLISHED PQR 07/29 RECD ADDITIONAL INFO FROM OLGA REVIEWED INTERNALLY 08/27 THEN ADDED TARGET PRICING AND VARIABLE OVERHEAD ANALYSIS 09/01 REQUOTE SCHEDULE FOR MANAGEMENT REVIEW 09/07 PQR WP FORMAL QUOTE RELEASED TO OLGA. ON-GOING PROJECT PUSBLISHED LATEST PQR SUMMARY 09/27 FINAL QUOTE RELEASE 10/13', '2021-07-27 00:00:00', '2021-09-27 00:00:00', NULL, '24000', '2000-01-01 00:00:00', NULL, NULL, NULL, 1, NULL, NULL),
(153, 'QO-04281-6', 3, 'CORNING CONFIGURATOR', 'CORNING CONFIGURATOR', 'CORNING CONFIGURATOR', 4, '230109.47', 36, 13, 14, 0, 0, NULL, '1.000', 7, 'CUSTOMER REQUESTED PRICING CONFIGURATOR RELEASED PRICING CONFIGURATOR 10/05', '2021-10-01 00:00:00', '2021-10-05 00:00:00', NULL, 'TBD', '2000-01-01 00:00:00', 1, NULL, '2021-11-04 14:09:52', 1, NULL, NULL),
(154, 'QO-04134', 5, 'JABIL - SMART WIRE (Fiber P108101)', 'JABIL - SMART WIRE (Fiber P108101)', 'JABIL - SMART WIRE', 1, NULL, 42, 26, 16, 1, 1, 10, '1.000', 7, 'Low volume Fiber Jumper 10-25-50pcs, will release to Copper team to consolidate quote', '2019-07-25 00:00:00', '2019-07-29 00:00:00', '2019-08-01 00:00:00', NULL, '2020-01-01 00:00:00', -1, NULL, NULL, 1, NULL, NULL),
(155, 'QO-04249', 10, 'BICSI SAMPLES', 'BICSI SAMPLES', 'BICSI SAMPLES', 5, '8400', 20, 26, 32, 10, 10, 14, '1.000', 7, 'Intended to revise open PO#090419  for BICSI samples Mechanical samples published quote for approval 09/11', '2019-09-04 00:00:00', '2019-09-12 00:00:00', NULL, '', '2020-01-01 00:00:00', 1, NULL, NULL, 1, NULL, NULL),
(156, 'QO-04252 ', 10, 'HYDRA UNICORN HYDRA', 'HYDRA UNICORN HYDRA', 'HYDRA UNICORN HYDRA', 5, NULL, 20, 26, 32, 2, 6, NULL, '1.000', 7, 'RFQ rec\'d 09/05, Volume less than 50 pcs each line item, Posted to sourcing 09/09, Quoting assemblies -1-2-3 and -9-10-11 ', '2019-09-05 00:00:00', '2019-09-17 00:00:00', NULL, NULL, '2020-01-01 00:00:00', -1, NULL, NULL, 1, NULL, NULL),
(157, 'QO-04303', 26, 'FIBER JUMPERS ', 'FIBER JUMPERS ', 'FIBER JUMPERS ', 1, NULL, 58, 26, 32, 4, 0, 10, '1.000', 7, '230 Jumpers mix, COE Team defined BOM 09/24, quote posted to sourcing 09/24, RM pricing completed 09/30, posted quote for approval 09/30, team working on cheaper RM solutions', '2019-09-24 00:00:00', '2019-09-30 00:00:00', NULL, NULL, '2020-01-01 00:00:00', -1, NULL, NULL, 1, NULL, NULL),
(158, 'QO-04403', 26, 'TUFFNUT FIBER CABLE SM SCA-TBD', 'TUFFNUT FIBER CABLE SM SCA-TBD', 'TUFFNUT FIBER CABLE SM SCA-TBD', 4, NULL, 58, 26, 32, 1, 0, 13, '1.000', 7, 'Sample for reverse Engineering in transit (USPS T#9505 5140 5421 9298 1171 23) ETA 10/30, team to define BOM, Will quote Base+Per FT price, Posted quote to sourcing 11/04, Update 11/12: Suppliers are returning a \"No Bid\" for Quick Push connector (Notified customer)', '2019-10-23 00:00:00', '2019-11-26 00:00:00', NULL, '125', '2020-01-01 00:00:00', -1, NULL, NULL, 1, NULL, NULL),
(159, 'QO-04635', 13, 'FIBER JUMPERS CABLE CON', 'FIBER JUMPERS CABLE CON', 'FIBER JUMPERS CABLE CON', 1, '16633.1', 31, 26, 31, 1, 0, 10, '1.000', 7, 'Open AVL RFQ', '2020-02-11 00:00:00', '2020-02-19 00:00:00', NULL, '10/50/100/200/300', '2020-01-01 00:00:00', -1, NULL, NULL, 1, NULL, NULL),
(307, 'QO-06198', 5, 'SMART WIRES FIBER', 'SMART WIRES FIBER', NULL, 2, '0', 4, 30, 16, 15, NULL, NULL, '1.000', 7, 'Received from copper', '2021-10-13 00:00:00', '2021-10-22 00:00:00', '2021-10-22 00:00:00', '6300', '2021-10-18 16:21:02', 0, NULL, NULL, 1, NULL, NULL),
(308, 'QO-05534-3', 2, '6X24 PROJECT REQUOTE', '', NULL, 4, '16645400', 11, 13, 15, 1, NULL, 13, '1.000', 7, 'multiple pricing scenarios', '2021-10-06 00:00:00', '2021-10-14 00:00:00', NULL, '0', '2021-10-18 16:39:13', 1, NULL, '2021-11-04 14:10:03', 1, NULL, NULL),
(309, 'QO-TBD', 35, 'ViaPhoton Jumpers', 'ViaPhoton Jumpers\r\n', NULL, 4, '0', 10, 13, 14, 1, NULL, NULL, '0.000', 5, '', '2021-09-30 00:00:00', NULL, NULL, '', '2021-10-18 16:45:08', 0, NULL, NULL, 1, NULL, NULL),
(315, 'QO-06224', 1, 'ODC Jumpers Project', '', NULL, 4, '7942390', 1, 13, 15, 5, 10, 13, '1.000', 7, 'NEW FIBER PROJECT QUESTIONS DUE 10/21 VOLUMES TBD', '2021-10-21 00:00:00', '2021-10-27 00:00:00', '2021-10-27 00:00:00', '149500', '2021-10-21 07:41:19', 1, NULL, '2021-11-22 15:09:18', 1, NULL, NULL),
(372, 'QO-06230', 1, 'VIDEOTRON HYBRID JUMPERS', 'VIDEOTRON HYBRID JUMPERS', NULL, 4, '410293.05', 1, 17, 15, 5, 5, 13, '1.000', 7, 'NEED TO CONVERT EXISTING ASSEMBLIES TO 8 AWG', '2021-10-26 00:00:00', '2021-10-28 00:00:00', '2021-10-28 00:00:00', '2160', '2021-10-26 16:15:02', 0, NULL, NULL, 1, NULL, NULL),
(373, 'QO-TBD-4', 35, 'HYBRID TRUNKS', 'HYBRID TRUNKS', NULL, 4, '757408', 10, 13, 14, 0, NULL, 13, '0.500', 5, 'REQUOTE PER CHANGE ON REEL PRICING REDUCTION ZR TO GORMAN: LONG LENGTHS $487 TO $462 EST SMALL LENGTHS $450 TO $427 PENDING TO DEPLETE OLD INVENTORY AND RECEIPT OF NEW REELS GORMAN', '2021-11-08 00:00:00', NULL, NULL, 'TBD', '2021-11-08 07:32:06', 0, NULL, NULL, NULL, NULL, NULL),
(374, 'QO-05493-1', 1, 'ONE TIME BUY #2 HYBRID JUMPER NWS-5270', 'ONE TIME BUY #2 HYBRID JUMPER\r\n', NULL, 4, '3252.00', 1, 13, 15, 1, 3, 13, '1.000', 7, 'ONE TIME BUY HYDRID JUMPER 152030FT NWS-5269 NEW -  BOM COMPLETED 03/03 DWG PUBLISHED 03/03\r\n', '2021-02-24 00:00:00', '2021-03-04 00:00:00', NULL, '30', '2021-11-09 08:56:23', 0, NULL, NULL, NULL, NULL, NULL),
(375, 'QO-TBD-5', 1, 'NWS PRICE INCREASE PER REEL H090052', 'UPDATE RECENT REQUOTE TO REFLECT 2022 PRICE', NULL, 5, '0', 1, 13, 15, 0, NULL, NULL, '1.000', 5, 'Quote was added to cable revision change to 8F and price increases that is being handled by Finance. Thsi quote will be cancelled to reflect that.', '2021-11-09 00:00:00', NULL, NULL, 'TBD', '2021-11-09 12:13:53', 0, NULL, NULL, -1, NULL, NULL),
(376, 'QO-06296', 2, 'PROJECT 6X12', 'HYBRID 6x12', NULL, 4, '948124.02', 11, 17, 15, 1, 13, 13, '1.000', 7, 'PENDING BOM DEFINITION RFQ CHECKLIST', '2021-11-16 00:00:00', '2021-12-15 00:00:00', NULL, 'December 58 pcs  Q1 2022: 1100 & 200 each followin', '2021-11-16 08:34:48', 1, NULL, '2021-12-15 10:40:18', 1, NULL, NULL),
(377, 'QO-TBD-7', 5, 'REQUOTE JABIL FIBER 2022', 'REQUOTE JABIL FIBER 2022', NULL, 5, '212573.89', NULL, 17, 16, 0, NULL, NULL, '0.500', 5, 'INTERNAL REQUOTE', '2021-11-29 00:00:00', NULL, NULL, 'TBD', '2021-11-29 07:34:06', 0, NULL, NULL, NULL, NULL, NULL),
(378, 'QO-06337', 1, 'AHLOB & AHFII Hybrid Jumpers', 'Hybrid Jumpers with Nokia connector', NULL, 4, '40000', 1, 13, 15, 2, 10, 13, '1.000', 7, 'BOMs to be sent to Sourcing.', '2021-12-02 00:00:00', '2021-12-06 00:00:00', '2021-12-06 00:00:00', '800', '2021-12-02 07:55:55', 0, NULL, NULL, 1, NULL, NULL),
(379, 'QO-04782-3', 1, 'New length for EHCS', 'New length for EHCS', NULL, 19, '1431', 1, 13, 15, 1, 1, 10, '1.000', 7, 'Calculated new length received approval.', '2021-11-18 00:00:00', '2021-11-18 00:00:00', '2021-11-18 00:00:00', '1', '2021-12-09 15:40:19', 0, NULL, NULL, 1, NULL, NULL),
(380, 'QO-06355', 25, 'Fiber patchcords', 'FIBER CORD ASSY L-SERIES MDC', NULL, 2, '87125', 13, 30, 15, 8, 8, 11, '1.000', 7, '', '2021-12-09 00:00:00', '2021-12-21 00:00:00', '2021-12-15 00:00:00', '4000', '2021-12-20 09:30:25', 0, NULL, NULL, 1, NULL, NULL),
(381, 'QO-04281-10', 3, 'Corning COC-5308A-XXXM & COC-5309A-XXXM requote', 'Requote assemblies according to new costs', NULL, 19, '0', 36, 17, 14, 2, 9, 13, '1.000', 7, '', '2022-01-04 00:00:00', '2022-01-11 00:00:00', '2022-01-11 00:00:00', '', '2021-12-21 16:34:26', 0, NULL, NULL, 1, NULL, NULL),
(382, 'QO-05814-1', 3, 'Corning Multifiber Ribbon Pigtails', '288F dielectric ribbon assembly SC/APC to pigtail 100FT\r\n288F dielectric ribbon assembly SC/APC to pigtail 150FT\r\n288F dielectric ribbon assembly SC/APC to pigtail 300FT\r\n432F dielectric ribbon assembly SC/APC to pigtail 100FT\r\n432F dielectric ribbon assembly SC/APC to pigtail 150FT\r\n432F dielectric ribbon assembly SC/APC to pigtail 300FT\r\n', NULL, 5, '0', 36, 30, 14, 2, 6, 14, '1.000', 7, 'Requested BOMs from Engineering and cable from Sourcing.', '2022-01-10 00:00:00', '2022-01-24 00:00:00', '2022-01-24 00:00:00', '600', '2022-01-11 07:52:59', 0, NULL, NULL, 1, NULL, NULL),
(383, 'QO-06090-1', 1, 'Samsung DC & Hybrid assemblies additional lengths', 'Additional lengths for NWS-5287', NULL, 4, '370000', 1, 17, 15, 1, 3, 10, '1.000', 7, 'new lengths 12 20 and 30 meters', '2022-01-19 00:00:00', '2022-01-20 00:00:00', '2022-01-20 00:00:00', '1700', '2022-01-20 09:50:51', 0, NULL, NULL, 1, NULL, NULL),
(384, 'QO-05989-1', 30, 'Prysmian Flat Drop Cable -Casalink ', 'Reprice assemblies as needed.', NULL, 4, '2000000', 49, 13, 14, 2, 4, 10, '1.000', 7, 'Reprice as needed.', '2022-01-18 00:00:00', '2022-04-28 00:00:00', '2022-04-28 00:00:00', '24000', '2022-01-20 15:03:11', 0, NULL, NULL, 1, NULL, NULL),
(385, 'QO-06451', 2, '3x6 Hybrid Configuration', '3x6 Hybrid trunks 4AWG & 6AWG', NULL, 7, '0', 11, 17, 15, 2, 60, 16, '1.000', 7, '', '2022-01-20 00:00:00', '2022-01-31 00:00:00', '2022-01-31 00:00:00', '179', '2022-01-21 09:25:55', 1, NULL, '2022-04-08 08:51:45', 1, NULL, NULL),
(386, 'QO-06355-1', 25, 'Fiber patchcords per M', 'Per M adder model for previous quote', NULL, 2, '0', 13, 30, 15, 8, NULL, 11, '1.000', 7, '', '2022-01-18 00:00:00', '2022-01-28 00:00:00', '2022-01-28 00:00:00', '4000', '2022-01-31 08:19:36', 0, NULL, NULL, 1, NULL, NULL),
(387, 'QO-04765-4', 1, 'Additional lengths for HJ-HCS2R2-4SM6-540FT', 'HJ-HCS2R2-4SM6-540FT New length', NULL, 1, '1370', 1, 13, 15, 1, 1, 10, '1.000', 7, '', '2022-01-28 00:00:00', '2022-01-29 00:00:00', '2022-01-29 00:00:00', '1', '2022-01-31 08:30:21', 1, NULL, '2022-07-06 10:04:54', 1, NULL, NULL),
(388, 'QO-04828-3', 1, 'Additional lengths for HJ-HCS2OC-ADC-8SM6-540FT', 'HJ-HCS2OC-ADC-8SM6-540FT New length', NULL, 1, '2112', 1, 13, 15, 1, 1, 10, '1.000', 7, '', '2022-01-28 00:00:00', '2022-01-29 00:00:00', '2022-01-29 00:00:00', '1', '2022-01-31 09:11:07', 1, NULL, '2022-07-06 09:39:18', 1, NULL, NULL),
(389, 'QO-02358-12', 1, 'Additional lengths for HJ-HCS2R2-ADC-4SM6-540FT', 'HJ-HCS2R2-ADC-4SM6-540FT New length', NULL, 1, '1374', 1, 13, 15, 1, 1, 10, '1.000', 7, '', '2022-01-28 00:00:00', '2022-01-29 00:00:00', '2022-01-29 00:00:00', '1', '2022-01-31 09:16:29', 1, NULL, '2022-07-06 09:38:11', 1, NULL, NULL),
(390, 'QO-06500', 1, 'HJ switch to 8F cable A021610 / NWS REQUOTE 2022', 'Switch cables and standardize 4F & 6F cables to 8F cable A021610.', NULL, 23, '1000', 1, 17, 15, 14, 117, 14, '1.000', 7, '', '2022-02-08 00:00:00', '2022-06-01 00:00:00', '2022-02-16 00:00:00', '1000', '2022-02-09 10:03:49', 0, NULL, NULL, -1, NULL, NULL),
(391, 'QO-05885-3', 35, 'Requote of hybrid trunks with non-consigned cable', 'Requote of hybrid trunks with non-consigned cable', NULL, 4, '0', 10, 13, 14, 3, 35, 13, '1.000', 7, '', '2022-02-09 00:00:00', '2022-03-07 00:00:00', '2022-03-07 00:00:00', '1129', '2022-02-09 10:19:07', 0, '2022-02-09 00:00:00', NULL, 1, '2022-02-09 00:00:00', '2022-02-21 00:00:00'),
(392, 'QO-06508', 1, 'AOPC jumpers requote', 'Requote and consolidation of multiple requests for AOPC Jumpers', NULL, 4, '740000', 1, 17, 15, 3, 3, 13, '1.000', 7, 'NWS requested date for quote was 02/11. Chris decided to place 02/10 on request date. \r\n\r\nFrom Chris: I asked for tomorrow on the checklist because if we need time or exec review I want to be sure that we have the necessary time and we avoid the end of the day Friday rush.', '2022-02-08 00:00:00', '2022-02-11 00:00:00', '2022-02-11 00:00:00', '15110', '2022-02-09 10:32:28', 1, NULL, '2022-07-08 07:49:43', 1, '2022-02-09 00:00:00', '2022-02-11 00:00:00'),
(393, 'QO-04712-1', 1, 'IP-21 Loopback requote', 'Update pricing and quote information for IP-21 for NWS.', NULL, 1, '500', 1, 13, 15, 1, 1, 10, '1.000', 7, '', '2022-02-11 00:00:00', '2022-02-15 00:00:00', '2022-02-15 00:00:00', '5', '2022-02-11 09:29:25', 1, NULL, '2022-03-24 10:08:07', 1, '2022-02-11 00:00:00', '2022-02-15 00:00:00'),
(394, 'QO-06530', 43, 'Arm Fiber Optic Speed Cables', 'Plastic fiber cable', NULL, 1, '250000', 59, 13, 31, 1, 6, 10, '0.500', 5, '', '2022-02-14 00:00:00', NULL, '2022-03-04 00:00:00', '6000', '2022-02-15 09:32:21', 0, NULL, NULL, NULL, '2022-02-16 00:00:00', NULL),
(395, 'QO-04281-11', 3, 'HYB 18F Pair 3x4AWG & HYB 12F Pair 6x8AWG', 'HYB 18 Pair 3x4 AWG ODC-2 lengths 10M-130M and HYB 12F Pair 6x8AWG ODC-2 50-130M.\r\nValidity 3 months.', NULL, 7, '0', 36, 13, 14, 2, 2, 16, '1.000', 7, '', '2022-02-22 00:00:00', '2022-02-25 00:00:00', '2022-02-25 00:00:00', '0', '2022-02-21 08:34:22', 0, '2022-02-21 00:00:00', NULL, 1, '2022-02-22 00:00:00', '2022-02-25 00:00:00'),
(396, 'QO-06550', 16, 'Clearfield Flatdrop Cable', '12F Clearfield Flatdrop pigtail', NULL, 1, '0', 60, 17, 31, 1, 1, 10, '0.000', 6, '', '2022-02-21 00:00:00', NULL, '2022-03-04 00:00:00', '38400', '2022-02-21 16:17:03', 0, NULL, NULL, NULL, NULL, NULL),
(397, 'QO-04553-3', 1, 'DISH', 'NWS PO for NAI / 003448 **DISH**', NULL, 1, '0', 1, 13, 15, 0, NULL, 13, '0.000', 7, '', '2020-12-03 00:00:00', '2021-01-14 00:00:00', '2021-01-14 00:00:00', '', '2022-02-25 16:07:14', 1, NULL, '2022-03-29 15:38:26', NULL, NULL, NULL),
(398, 'QO-06575', 1, 'JUMPER AHFII WITH HSC 1.0', 'NOKIA JUMPER AHFII WITH HSC 1.0 HJ-H1AOPC-APG-6SM6-15FT & HJ-H1AOPC-APC-4SM6-15FT \r\n\r\n', NULL, 4, '2800', 1, 17, 15, 2, 2, 13, '1.000', 7, '', '2022-03-01 00:00:00', '2022-03-04 00:00:00', '2022-03-04 00:00:00', 'EAU1: 1 EAU2: 10', '2022-03-01 15:31:22', 0, '2022-03-01 00:00:00', NULL, 1, '2022-03-02 00:00:00', '2022-03-03 00:00:00'),
(399, 'QO-05428-1', 5, 'JABIL SYNERON CANDELA TRANSFER FIBER', 'JABIL SYNERON CANDELA TRANSFER FIBER', NULL, 1, '0', NULL, 17, 16, 1, 1, 10, '1.000', 7, '', '2022-03-03 00:00:00', '2022-03-08 00:00:00', '2022-03-08 00:00:00', '6000', '2022-03-03 16:07:11', 0, '2022-03-02 00:00:00', NULL, 1, '2022-03-04 00:00:00', '2022-03-07 00:00:00'),
(400, 'QO-06622', 3, 'LC - ODC/RDC Jumpers', '2F SM Jumper LC Duplex to ODC/RDC Female. Black jacket LSZH 4.8mm. Lengths 3M 5M 10M', NULL, 1, '50000', 36, 17, 14, 1, 3, 10, '1.000', 7, 'Used 2F Cable with OD of 7.0mm', '2022-03-14 00:00:00', '2022-03-16 00:00:00', '2022-03-17 00:00:00', '100', '2022-03-14 08:33:20', 0, '2022-03-11 00:00:00', NULL, 1, '2022-03-15 00:00:00', '2022-03-16 00:00:00'),
(401, 'QO-06508-2', 1, 'AOPC JUMPERS new lengths', 'AOPC JUMPERS HJ-H2AOPC-APG-6SM6-XXXFT NEW LENGTHS 15 30 60 90 120 150 FT', NULL, 4, '78000', 1, 17, 15, 1, 6, 13, '1.000', 7, '', '2022-03-22 00:00:00', '2022-03-23 00:00:00', '2022-03-24 00:00:00', '180', '2022-03-22 10:08:13', 1, '2022-03-22 00:00:00', '2022-07-05 15:48:38', 1, '2022-03-23 00:00:00', '2022-03-25 00:00:00'),
(402, 'QO-06672', 42, 'CARTWRIGHT X-REF', 'FIBER JUMPERS CROSS REFERENCE', NULL, 1, '3126', NULL, 17, 15, 1, 8, 10, '1.000', 7, '', '2022-03-25 00:00:00', '2022-03-31 00:00:00', '2022-03-30 00:00:00', '8', '2022-03-28 07:49:27', 0, '2022-03-24 00:00:00', NULL, NULL, '2022-03-29 00:00:00', '2022-03-29 00:00:00'),
(403, 'QO-06575-1', 1, 'JUMPER AHFII WITH HSC 1.0 NEW LENGTHS', 'NEW LENGTHS HJ-H1AOPC-APG-6SM6 30 60 90 120 150 FT', NULL, 1, '2514', 1, 17, 15, 1, 5, 10, '1.000', 7, '', '2022-03-28 00:00:00', '2022-03-29 00:00:00', '2022-03-29 00:00:00', '5', '2022-03-28 09:34:11', 0, '2022-03-28 00:00:00', NULL, 1, NULL, NULL),
(404, 'QO-06691', 42, 'PPC BROADBAND', 'FTTA ARMORED DUAL LC TO DUAL LC\r\n', NULL, 1, '0', NULL, 17, 15, 3, 9, 10, '1.000', 7, '', '2022-04-01 00:00:00', '2022-04-08 00:00:00', '2022-04-08 00:00:00', '300', '2022-04-01 15:39:58', 0, '2022-04-01 00:00:00', NULL, 1, '2022-04-06 00:00:00', '2022-04-08 00:00:00'),
(405, 'QO-06707', 44, 'Node Cables', 'Drop cables', NULL, 1, '1140000', 61, 17, 42, 1, 1, 10, '1.000', 7, '', '2022-04-06 00:00:00', '2022-06-10 00:00:00', '2022-04-21 00:00:00', '12000', '2022-04-08 11:03:13', 0, '2022-04-05 00:00:00', NULL, -1, '2022-04-07 00:00:00', '2022-05-31 00:00:00'),
(406, 'QO-06724', 2, 'Fiber assembly to test cable A021635', 'Fiber assembly to test new RFS cable A021635.', NULL, 1, '0', NULL, 13, 15, 1, 1, 10, '0.000', 5, 'CANCELLED. MISUNDERSTANDING OF REQUIREMENTS. CORRECT QUOTE IS QO-06.', '2022-04-18 00:00:00', NULL, '2022-04-20 00:00:00', '1', '2022-04-18 07:36:53', 0, NULL, NULL, NULL, NULL, NULL),
(407, 'QO-06725', 2, 'Reel Inspection', 'Quote for testing 117 reels of cable A021635. Testing is in N', NULL, 4, '0', NULL, 13, 15, 1, 1, 13, '0.900', 7, 'To test 117 reels of buld cable A021635 coming from AFL we need to quote the labor considering this testing on NDC and then at plant 1.\r\n\r\nPlease check the labor details with Faustino', '2022-04-18 00:00:00', '2022-04-27 00:00:00', '2022-04-20 00:00:00', '117', '2022-04-18 07:45:32', 0, '2022-04-13 00:00:00', NULL, -1, NULL, NULL),
(408, 'QO-06735', 16, 'OSP Breakout Cable', 'Ribbon or Loose tube cable assembly', NULL, 1, '500000', 62, 17, 31, 2, 2, 10, '0.150', 5, '', '2022-04-19 00:00:00', NULL, '2022-04-29 00:00:00', '4800', '2022-04-19 17:11:01', 0, NULL, NULL, NULL, NULL, NULL),
(409, 'QO-06748', 45, 'Medical Fiber Subassembly', '1F Medical fiber cable SC/APC - LC FERRULE', NULL, 1, '100000', 63, 13, 14, 1, 1, 10, '1.000', 7, '', '2022-04-21 00:00:00', '2022-05-16 00:00:00', '2022-04-28 00:00:00', '61000', '2022-04-22 08:17:10', 0, '2022-04-21 00:00:00', NULL, -1, '2022-04-22 00:00:00', '2022-05-10 00:00:00'),
(410, 'QO-04281-12', 3, 'COC-5312A-XXXM REV C2', 'Requote for COC-5312-XXXM. New revision.', NULL, 7, '100000', 36, 13, 14, 1, 5, 13, '1.000', 7, 'Requote', '2022-05-03 00:00:00', '2022-05-06 00:00:00', '2022-05-13 00:00:00', '100', '2022-05-03 09:26:57', 0, '2022-05-02 00:00:00', NULL, 1, '2022-05-03 00:00:00', '2022-05-06 00:00:00'),
(411, 'QO-06784', 22, 'Y-Power Jumpers', 'Y-Power Jumpers', NULL, 4, '0', 64, 17, 14, 2, 2, 11, '1.000', 7, '', '2022-05-03 00:00:00', '2022-05-18 00:00:00', '2022-05-12 00:00:00', '14400', '2022-05-03 09:55:04', 0, '2022-05-03 00:00:00', NULL, -1, '2022-05-10 00:00:00', '2022-05-18 00:00:00'),
(412, 'QO-TBD-6', 2, 'Requote for Oneida and 6X12 D090058 price increase', 'Requote because of material price increase', NULL, 21, '0', 27, 13, 32, 2, 20, 15, '0.000', 5, 'Cancelled. Splicew as changed due to new rev of 6X12. New rev is QO-06296-3.', '2022-05-03 00:00:00', NULL, NULL, '', '2022-05-04 16:26:43', 0, NULL, NULL, -1, NULL, NULL),
(413, 'QO-06296-3', 2, ' 6X12 HYBRID TRUNK NEW REV', 'New revision of 6x12 hybrid trunks for RFS', NULL, 7, '0', 27, 13, 14, 1, 10, 13, '1.000', 7, '', '2022-05-06 00:00:00', '2022-05-20 00:00:00', '2022-05-09 00:00:00', '3240', '2022-05-09 10:50:25', 1, '2022-05-05 00:00:00', '2022-07-06 10:17:25', -1, '2022-05-16 00:00:00', '2022-05-19 00:00:00'),
(414, 'QO-04281-13', 3, 'COC-5331A-XXXM', 'Requote assembly with new drain wire requirement.', NULL, 7, '0', 36, 13, 14, 1, 7, 13, '1.000', 7, '', '2022-05-06 00:00:00', NULL, '2022-05-13 00:00:00', '1060', '2022-05-09 11:34:40', 0, '2022-05-05 00:00:00', NULL, NULL, NULL, NULL),
(415, 'QO-06296-4', 2, '6X12 REWORK', 'Rework of 6X12 trunks. Conversion to new AWG.', NULL, 4, '160000', 65, 17, 14, 1, 10, 13, '1.000', 7, '', '2022-05-06 00:00:00', '2022-05-10 00:00:00', '2022-05-10 00:00:00', '244', '2022-05-10 08:02:54', 1, '2022-05-05 00:00:00', '2022-07-06 10:22:37', 1, NULL, NULL),
(416, 'QO-06817', 2, '3X6 ODC-2 - LC Trunks', 'Quote 3X6 trunks', NULL, 4, '590000', 65, 13, 14, 1, 13, 13, '1.000', 7, '', '2022-05-12 00:00:00', '2022-06-06 00:00:00', '2022-05-18 00:00:00', '715', '2022-05-13 09:38:21', 1, '2022-05-11 00:00:00', '2022-07-04 16:21:54', -1, '2022-05-17 00:00:00', '2022-05-20 00:00:00'),
(417, 'QO-06827', 2, 'NOKIA 2X2 & 4X4', '', NULL, 4, '16000', 65, 17, 14, 2, 10, 13, '1.000', 7, '', '2022-05-18 00:00:00', '2022-06-02 00:00:00', '2022-05-25 00:00:00', '', '2022-05-18 07:44:33', 0, '2022-05-17 00:00:00', NULL, -1, '2022-05-19 00:00:00', '2022-05-30 00:00:00'),
(418, 'QO-06835', 3, 'LI-Hybrid Assemblies ', '6X12 & 12X24', NULL, 5, '0', NULL, 17, 14, 2, 14, 14, '1.000', 7, '', '2022-05-19 00:00:00', '2022-06-13 00:00:00', '2022-05-23 00:00:00', '2970', '2022-05-19 11:56:27', 0, '2022-05-17 00:00:00', NULL, -1, '2022-05-23 00:00:00', '2022-06-02 00:00:00'),
(419, 'QO-07059', 16, 'Fiber Ribbon & LT  Splice + Cassette', '', NULL, 7, '100000', 62, 13, 14, 2, 2, 17, '1.000', 7, '', '2022-05-20 00:00:00', '2022-09-21 00:00:00', '2022-09-21 00:00:00', '6000', '2022-05-20 15:05:24', 0, NULL, NULL, 1, NULL, NULL),
(420, 'QO-06846', 1, 'Modified HCSA Trunk', 'mModification of existing HCSA Trunk', NULL, 7, '180000', 54, 13, 14, 1, 6, 16, '1.000', 7, '', '2022-05-20 00:00:00', '2022-05-25 00:00:00', '2022-05-25 00:00:00', '180', '2022-05-20 15:07:17', 1, '2022-05-20 00:00:00', '2022-07-11 08:12:38', 1, NULL, NULL),
(421, 'QO-06863', 2, 'REWORK OF 6X24 TRUNKS', '', NULL, 4, '0', 65, 13, 14, 2, 2, 13, '1.000', 7, '', '2022-05-19 00:00:00', '2022-05-30 00:00:00', '2022-05-23 00:00:00', '4', '2022-05-25 16:49:15', 0, NULL, NULL, NULL, NULL, NULL),
(422, 'QO-06784-1', 22, 'Y-Power Jumpers requote', 'Looking for better prices on cable and connectors', NULL, 4, '1500000', 64, 13, 14, 2, 2, 13, '1.000', 7, '', '2022-05-24 00:00:00', '2022-06-17 00:00:00', '2022-05-31 00:00:00', '14400', '2022-05-26 10:28:04', 0, '2022-05-24 00:00:00', NULL, -1, NULL, NULL),
(423, 'QO-05989-2', 30, 'Casalink solution requote', 'Most updated mateials with correct 2022 rates and freight.', NULL, 1, '0', 49, 13, 14, 1, 2, 10, '0.500', 6, '', '2022-05-26 00:00:00', NULL, NULL, '', '2022-05-26 11:57:07', 0, NULL, NULL, NULL, '2022-05-27 00:00:00', NULL),
(424, 'QO-06874', 1, 'NWS discrete fiber trunk', ' discrete fiber trunk', NULL, 7, '461693.76', 1, 17, 14, 1, 1, 16, '1.000', 7, '', '2022-05-31 00:00:00', '2022-06-01 00:00:00', '2022-06-01 00:00:00', '1060', '2022-05-27 10:18:26', 0, '2022-05-26 00:00:00', NULL, 1, '2022-05-31 00:00:00', '2022-06-01 00:00:00'),
(425, 'QO-06884', 30, 'Flat drop wire for Bell Canada', 'Flat Drop Cables 1 Fiber using same model agreed upon. One end optitap to Blunt configuration with multiple cable types. ', NULL, 1, '1000000', 66, 13, 14, 2, 16, 10, '1.000', 7, '', '2022-06-02 00:00:00', '2022-06-13 00:00:00', '2022-06-08 00:00:00', '155000', '2022-06-02 14:56:28', 0, '2022-06-01 00:00:00', NULL, -1, '2022-06-06 00:00:00', '2022-06-08 00:00:00'),
(426, 'QO-06893', 2, 'Evaluation of VZ & 6X24 Reel', 'Evaluation of VZ & 6X24 Reel', NULL, 1, '0', 65, 13, 14, 2, 2, 10, '1.000', 7, '', '2022-06-01 00:00:00', '2022-06-08 00:00:00', '2022-06-08 00:00:00', '4', '2022-06-06 10:28:42', 0, '2022-06-01 00:00:00', NULL, 1, NULL, NULL),
(427, 'QO-06897', 46, 'BioSig Tech Fiber Jumper RFQ 632022', 'Fiber duplex jumper', NULL, 1, '10000', 67, 13, 38, 1, 1, 10, '1.000', 7, '', '2022-06-07 00:00:00', '2022-06-14 00:00:00', '2022-06-14 00:00:00', '1000', '2022-06-07 14:34:30', 0, '2022-06-03 00:00:00', NULL, 1, '2022-06-07 00:00:00', '2022-06-08 00:00:00'),
(428, 'QO-06914', 2, '6X24 Wavy Fiber rework', 'Rework for wavy fiber issue on 6X24 cable A021635', NULL, 1, '100', 65, 13, 14, 1, 1, 10, '1.000', 7, '', '2022-06-09 00:00:00', NULL, '2022-06-13 00:00:00', '34', '2022-06-13 09:32:25', 0, NULL, NULL, NULL, NULL, NULL),
(429, 'QO-06941', 2, 'RFS 2022 REQUOTE', 'Requote of biggest RFS projects.', NULL, 22, '0', 65, 13, 14, 3, 106, 18, '1.000', 6, '', '2022-06-22 00:00:00', '2022-08-29 00:00:00', NULL, '', '2022-06-22 09:55:40', 0, NULL, NULL, -1, NULL, NULL),
(430, 'QO-06846-1', 1, 'Modified HCSA Trunk', '2nd version of moddified HCSA Trunk. New adapter instead of ODC dust cap.', NULL, 4, '190000', 1, 13, 14, 6, 1, 13, '1.000', 7, 'Modified request date to fit in new volumes shared.', '2022-06-24 00:00:00', '2022-07-01 00:00:00', '2022-07-12 00:00:00', '180', '2022-06-27 08:01:11', 1, '2022-06-23 00:00:00', '2022-07-11 08:12:44', 1, '2022-06-27 00:00:00', '2022-07-01 00:00:00'),
(431, 'QO-06998', 42, 'HYBRID TRUNKS LIW', 'Standard and LIW trunks for PPC catalog to offer', NULL, 7, '0', 68, 13, 14, 2, NULL, 16, '1.000', 7, '', '2022-07-22 00:00:00', '2022-08-29 00:00:00', '2022-07-15 00:00:00', '', '2022-07-11 11:31:07', 0, '2022-06-08 00:00:00', NULL, -1, '2022-07-25 00:00:00', '2022-07-25 00:00:00'),
(432, 'QO-04118-1', 5, 'JABIL NETAPPS FIBER ASSEMBLIES', 'Requote for fiber jumpers', NULL, 3, '0', NULL, 17, 16, 0, NULL, 12, '0.800', 7, '', '2022-07-11 00:00:00', NULL, '2022-07-14 00:00:00', '227312', '2022-07-11 12:15:00', 0, NULL, NULL, NULL, NULL, NULL),
(433, 'QO-06784-2', 22, 'Y-Power Jumpers FA price	', 'Quote for FA price for H+S.', NULL, 4, '0', 64, 13, 14, 2, 2, 10, '1.000', 5, '', '2022-07-21 00:00:00', NULL, NULL, '40', '2022-07-21 10:38:49', 0, NULL, NULL, NULL, NULL, NULL),
(434, 'QO-06884-1', 30, 'Flat Drop Wire Bell Canada', 'Quote for validation', NULL, 1, '0', 66, 17, 14, 0, NULL, NULL, '0.900', 7, '', '2022-08-02 00:00:00', '2022-08-03 00:00:00', '2022-08-03 00:00:00', '', '2022-07-22 11:41:34', 0, NULL, NULL, NULL, NULL, NULL),
(435, 'QO-05428-2', 5, 'JAIBIL CANDELA', 'JAIBIL SHANGHAI CANDELA', NULL, 1, '0', NULL, 17, 34, 0, NULL, 10, '0.500', 7, '', '2022-08-05 00:00:00', '2022-08-10 00:00:00', '2022-08-05 00:00:00', '2918', '2022-08-08 09:31:40', 0, '2022-08-05 00:00:00', NULL, NULL, '2022-08-05 00:00:00', '2022-08-09 00:00:00'),
(436, 'QO-07112', 30, '24F Stub Tail ', '24 Fiber Bend Insensitive SMF', NULL, 2, '600000', 66, 17, 14, 2, 14, 11, '1.000', 7, '', '2022-08-10 00:00:00', '2022-08-19 00:00:00', '2022-08-19 00:00:00', '1985', '2022-08-09 15:55:53', 0, '2022-08-10 00:00:00', NULL, 1, '2022-08-16 00:00:00', '2022-08-19 00:00:00'),
(437, 'QO-07129', 1, 'REWORK EHCS AND HCSA TRUNK', 'REWORK PALLETS AND REELS DAMAGE', NULL, 19, '0', 1, 17, 14, 25, NULL, 10, '1.000', 7, '', '2022-08-22 00:00:00', '2022-08-23 00:00:00', '2022-08-23 00:00:00', '25', '2022-08-23 11:38:37', 0, '2022-08-15 00:00:00', NULL, 1, NULL, NULL),
(438, 'QO-07126', 35, 'REWORK viaPhoton', 'REWORK viaPhoton orientation', NULL, 21, '0', 10, 17, 14, 0, NULL, 12, '1.000', 7, '', '2022-08-18 00:00:00', '2022-08-23 00:00:00', '2022-08-23 00:00:00', '181', '2022-08-23 16:13:47', 0, '2022-08-18 00:00:00', NULL, 1, NULL, NULL),
(439, 'QO-07163', 26, '2X32 SPLITTER', 'Quote for stand alone splitter 2X32', NULL, 4, '471000', 58, 13, 14, 1, 1, 13, '1.000', 7, '', '2022-09-01 00:00:00', '2022-10-19 00:00:00', '2022-10-19 00:00:00', '400', '2022-09-01 09:23:30', 0, NULL, NULL, 1, NULL, NULL),
(440, 'QO-07167', 2, '12X24 Trunks', '', NULL, 5, '0', 69, 1, 14, 1, 9, 14, '0.800', 7, '------------------- E000000274 / EJ00000279 ---------------', '2022-09-02 00:00:00', '2022-12-31 00:00:00', '2022-12-31 00:00:00', '8652', '2022-09-02 08:06:47', 1, '2022-08-31 00:00:00', '2023-01-03 15:40:14', 1, '2022-09-19 00:00:00', '2022-09-28 00:00:00'),
(441, 'QO-06998-1', 42, 'PPC Belden Hybrid Trunks', 'PPC Belden Hybrid Trunks NAI QO-06998 -Samples Request', NULL, 1, '0', 68, 17, 14, 1, 1, 10, '0.850', 7, '', '2022-09-19 00:00:00', '2022-09-22 00:00:00', '2022-09-22 00:00:00', '10', '2022-09-19 09:22:53', 0, '2022-09-16 00:00:00', NULL, 1, NULL, NULL),
(442, 'QO-07244', 2, '6x12 THHN', '', NULL, 6, '0', 65, 1, 14, 1, 71, 18, '1.000', 7, 'I:\\Cotizaciones\\OPTICAL DATACOM\\Cotizaciones por Cliente\\R\\RFS\\2022-09-29 QO-07244 6x12 THHN', '2022-09-29 00:00:00', '2022-10-18 00:00:00', '2022-10-18 00:00:00', '4845', '2022-09-29 17:48:46', 1, '2022-09-28 00:00:00', '2022-11-04 09:25:43', 1, '2022-10-03 00:00:00', '2022-10-07 00:00:00'),
(443, 'E000000048', 42, 'PPC Belden Trunk Cable Assemblies', 'PPC Belden Trunk Cable Assemblies', NULL, 4, '0', NULL, 17, 14, 2, 128, 13, '1.000', 7, '', '2022-10-04 00:00:00', '2022-10-24 00:00:00', '2022-10-24 00:00:00', '', '2022-10-05 09:47:24', 0, '2022-10-04 00:00:00', NULL, 1, '2022-10-10 00:00:00', '2022-10-24 00:00:00'),
(444, 'E000000107', 1, ' HCS 6x24 Jumpers ', ' HCS 6x24 Jumpers FJ-ODCAOPC-T2SMA FJ-ODCR2-T2SMA FJ-ODCAOPE-T2SMA', NULL, 1, '0', 1, 17, 14, 3, 9, 10, '0.950', 7, '', '2022-10-19 00:00:00', '2022-10-28 00:00:00', '2022-10-28 00:00:00', '19k 42k 27k', '2022-10-21 09:28:19', 1, '2022-10-18 00:00:00', '2023-01-09 08:31:39', 1, '2022-10-21 00:00:00', '2022-10-24 00:00:00'),
(445, 'E000000263', 37, 'JABIL LAM', 'CAOPTRPCSTN 3-4LEG3', NULL, 1, '0', NULL, 17, NULL, 2, 1, 10, '0.000', 7, '', '2022-11-22 00:00:00', '2022-11-24 00:00:00', NULL, 'TBD', '2022-11-23 16:46:59', 0, NULL, NULL, 1, '2022-11-22 00:00:00', '2022-11-24 00:00:00'),
(446, 'E000000359', 42, 'FTTA Armored Jumpers', 'FTTA Armored Jumpers', NULL, 1, '0', NULL, 1, 14, 3, 48, NULL, '1.000', 7, '************************** E000000359  *************************', '2022-12-12 00:00:00', '2023-01-18 00:00:00', '2023-01-18 00:00:00', '', '2022-12-12 10:57:37', 0, NULL, NULL, 1, '2022-12-19 00:00:00', '2022-12-21 00:00:00'),
(447, 'E000000384 / EJ00000400', 5, 'JABIL CADENCE', 'RE: RFQ-A.56-0000188-01-A', NULL, 1, '0', NULL, 17, 16, 1, 1, 10, '1.000', 7, '', '2022-12-19 00:00:00', '2022-12-22 00:00:00', '2022-12-22 00:00:00', '25', '2022-12-22 08:18:25', 1, '2022-12-19 00:00:00', '2023-01-03 16:17:45', 1, '2022-12-19 00:00:00', '2022-12-20 00:00:00'),
(448, 'E000000384 EJ00000400', 5, 'JABIL CADENCE ', 'RFQ-A.56-0000188-01-A\r\n', NULL, 1, '1854', NULL, 17, 16, 1, 1, 10, '0.000', 5, '', '2022-12-19 00:00:00', '2022-12-21 00:00:00', '2022-12-22 00:00:00', '25', '2023-01-03 10:26:05', 0, '2022-12-19 00:00:00', NULL, NULL, NULL, NULL),
(449, 'E000000461', 30, 'Drop Cables', 'Drop wire', NULL, 1, '25000', 70, 1, 14, 2, 2, NULL, '0.800', 7, '------------------- EJ00000479 ---------------------', '2023-01-10 00:00:00', '2023-01-13 00:00:00', '2023-01-13 00:00:00', '110', '2023-01-10 10:02:45', 0, '2023-01-09 00:00:00', NULL, 1, '2023-01-10 00:00:00', NULL),
(450, 'E000000491', 15, 'Indoor/Outdoor Ribbon Assemblies', 'Flat Ribbon 24F SC/APC', NULL, 1, '25000', 47, 18, 31, 1, 3, NULL, '1.000', 7, 'I:\\Cotizaciones\\OPTICAL DATACOM\\Cotizaciones por Cliente\\C\\Charles\\E000000491 - Charles Indoor-Outdoor Ribbon Assemblies 2023', '2023-01-13 00:00:00', '2023-02-20 00:00:00', '2023-02-20 00:00:00', '60012002700', '2023-01-13 07:57:26', 0, '2023-01-10 00:00:00', NULL, 1, '2023-01-23 00:00:00', '2023-02-13 00:00:00'),
(452, 'E000000496', 37, 'CAOPTICAL FIBERRPC', '', NULL, 1, '0', 71, 1, NULL, 1, 2, NULL, '1.000', 7, 'I:\\Cotizaciones\\OPTICAL DATACOM\\Cotizaciones por Cliente\\L\\LAM\\E000000496 LAM CAOPTICAL FIBERRPC 2023-01-13', '2023-01-13 00:00:00', NULL, '2023-01-19 00:00:00', '', '2023-01-13 09:51:08', 0, '2023-01-12 00:00:00', NULL, 1, NULL, NULL),
(453, 'E000000346 / E000000348', 6, 'ADTRAN 3129822-E@A', '', NULL, 1, '0', 3, 1, 14, 1, 1, NULL, '0.800', 7, 'I:\\Cotizaciones\\OPTICAL DATACOM\\Cotizaciones por Cliente\\A\\ADTRAN\\ADTRAN FIBER\\E000000346-EJ00000365 y E000000348-EJ00000366- 3129822-E@A', '2022-12-08 00:00:00', '2023-01-31 00:00:00', '2022-11-04 00:00:00', '0', '2023-01-17 15:36:07', 1, '2022-12-08 00:00:00', '2023-03-15 14:46:50', 1, '2022-12-08 00:00:00', '2022-12-12 00:00:00'),
(454, 'E000000560', 2, 'LIW & THHN OVP Quote Package', '', NULL, 7, '0', 69, 18, 14, 2, 142, 15, '1.000', 7, 'I:\\Cotizaciones\\OPTICAL DATACOM\\Cotizaciones por Cliente\\R\\RFS\\LIW & THHN OVP', '2023-01-18 00:00:00', '2023-03-01 00:00:00', '2023-03-01 00:00:00', '2000', '2023-01-18 08:32:54', 0, '2023-01-13 00:00:00', NULL, 1, NULL, '2023-02-27 00:00:00'),
(455, 'E000000538', 35, 'Dish- 46 8 AWG Trunks', 'Wireless', NULL, 19, '12000000', 10, 13, 14, 4, 4, 13, '1.000', 7, 'I:\\Cotizaciones\\OPTICAL DATACOM\\Cotizaciones por Cliente\\V\\viaPhoton\\2021\\QO-05885 24F Trunk & 3F Jumper 06-4-2021\\E000000538 - Cable included model - 2023-01-20', '2023-01-23 00:00:00', '2023-02-10 00:00:00', '2023-02-10 00:00:00', '3645', '2023-01-23 09:51:28', 0, '2023-01-20 00:00:00', NULL, 1, '2023-01-27 00:00:00', '2023-02-02 00:00:00'),
(456, 'E000000526', 5, 'CUTERA', 'FIBER ASSY', NULL, 3, '0', NULL, 1, NULL, 1, NULL, 12, '0.000', 5, '', '2023-01-23 00:00:00', NULL, '2023-01-26 00:00:00', '2000', '2023-01-24 10:18:38', 0, NULL, NULL, NULL, NULL, NULL),
(457, 'E000000641', 5, 'JABIL EMS/LAM/GUAD/DISCRETE', 'Cadence', NULL, 1, '0', NULL, 18, 16, 0, 1, 10, '1.000', 7, 'I:\\Cotizaciones\\OPTICAL DATACOM\\Cotizaciones por Cliente\\J\\JABIL\\2019\\QO-04264  JABIL CADENCE_2019-09-11\\5. PQR', '2023-02-07 00:00:00', '2023-02-09 00:00:00', '2023-02-08 00:00:00', '18', '2023-02-07 15:58:25', 0, '2023-02-03 00:00:00', NULL, 1, '2023-02-07 00:00:00', '2023-02-08 00:00:00'),
(458, 'E000000668', 22, 'Discrete Fiber Trunks and Jumpers', 'H+S_RFQ LTE Discrete Trunks and Jumpers', NULL, 6, '0', 72, 1, 14, 5, 23, NULL, '0.900', 7, 'I:\\Cotizaciones\\OPTICAL DATACOM\\Cotizaciones por Cliente\\H\\HUBER & SUHNER\\2023\\E000000668 - Discrete Fiber Trunks and Jumpers 02-14-2023\r\n\r\n--- PENDING CHECKLIST / PENDING DRAWING / BOM DESIGNED BY FELIX N. ---', '2023-02-09 00:00:00', '2023-03-06 00:00:00', '2023-02-28 00:00:00', '11995', '2023-02-09 10:38:06', 0, '2023-02-07 00:00:00', NULL, NULL, '2022-12-09 00:00:00', NULL),
(459, 'E000000682', 1, '15 Top JMPR 2 Fiber Pair for FRIG/FRLB', 'ASU-WIR-9316TYP01-4-15', NULL, 7, '0', NULL, 18, NULL, 0, NULL, 10, '1.000', 7, 'I:\\Cotizaciones\\OPTICAL DATACOM\\Cotizaciones por Cliente\\N\\NWS\\For Nokia Siemens\\Jumpers\\Old Design\\1.5 PQR', '2023-02-13 00:00:00', NULL, '2023-02-13 00:00:00', '28', '2023-02-13 14:50:48', 0, '2023-02-15 00:00:00', NULL, NULL, '2023-02-13 00:00:00', '2023-02-15 00:00:00'),
(460, 'E000000684', 15, 'Loose Tube DE 150 Quote', 'Loose Tube DE 150 Quote', NULL, 1, '0', 47, 18, 31, 0, NULL, 10, '1.000', 7, 'I:\\Cotizaciones\\OPTICAL DATACOM\\Cotizaciones por Cliente\\C\\Charles\\E000000684 - Charles Indoor-DWG LONG TRNS TUBE FO CBL', '2023-02-14 00:00:00', '2023-03-01 00:00:00', '2023-02-17 00:00:00', '150 300', '2023-02-14 07:39:25', 0, '2023-02-13 00:00:00', NULL, 1, '2023-02-22 00:00:00', '2023-02-23 00:00:00'),
(461, 'E000000801', 42, 'No Gel Trunks/Jumpers							', '', NULL, 1, '10000', 73, 1, 14, 4, 4, 13, '1.000', 7, 'I:\\Cotizaciones\\OPTICAL DATACOM\\Cotizaciones por Cliente\\P\\PPC Broadband\\2023\\2023-03-06 E000000801 PPC No Gel Trunks-Jumpers', '2023-03-03 00:00:00', '2023-03-23 00:00:00', '2023-03-23 00:00:00', '24', '2023-03-06 15:52:34', 0, '2023-03-03 00:00:00', NULL, 1, '2023-03-06 00:00:00', '2023-03-22 00:00:00'),
(462, 'E000000884', 2, 'Labor RFS-Supplier cable defective. Verizon & THHN', '', NULL, 1, '0', NULL, 1, 14, 1, NULL, NULL, '1.000', 7, '', '2023-03-21 00:00:00', NULL, NULL, '', '2023-03-21 17:00:52', 0, NULL, NULL, NULL, NULL, NULL),
(463, 'E000000900', 2, 'Mixed Oportunity Jumpers', '', NULL, 5, '0', 69, 1, 14, 21, 21, NULL, '0.100', 1, 'I:\\Cotizaciones\\OPTICAL DATACOM\\Cotizaciones por Cliente\\R\\RFS\\2023-03-23 E000000900 RFS Mixed Oportinity Jumpers', '2023-03-23 00:00:00', NULL, NULL, '17416', '2023-03-23 10:03:42', 0, NULL, NULL, NULL, NULL, NULL),
(464, 'E000000899', 5, 'Rocket ', '', NULL, 1, '0', NULL, 18, 16, 0, NULL, 10, '1.000', 7, 'I:\\Cotizaciones\\OPTICAL DATACOM\\Cotizaciones por Cliente\\R\\Rocket EMS\\Cadence\\QO-03937 ROCKET 04-29-2020\\QO-03937-3 ROCKET CADENCE 2022-09-05', '2023-03-23 00:00:00', '2023-03-27 00:00:00', '2023-03-24 00:00:00', '', '2023-03-23 10:49:51', 0, '2023-03-23 00:00:00', NULL, 1, '2023-03-23 00:00:00', '2023-03-24 00:00:00'),
(465, 'E000000984', 2, 'Rework -Ericsson', '', NULL, 4, '110000', 69, 13, 14, 1, 2, 13, '1.000', 7, 'I:\\Cotizaciones\\OPTICAL DATACOM\\Cotizaciones por Cliente\\R\\RFS\\2023-04-10 E000000984 RFS Rework-Ericsson', '2023-04-10 00:00:00', '2023-04-12 00:00:00', '2023-04-12 00:00:00', '400', '2023-04-11 09:52:40', 0, '2023-04-05 00:00:00', NULL, 1, '2023-04-11 00:00:00', '2023-04-12 00:00:00'),
(466, 'E000001025', 5, 'JABIL GE', '', NULL, 1, '0', NULL, 18, 16, 0, NULL, 10, '1.000', 7, 'I:\\Cotizaciones\\OPTICAL DATACOM\\Cotizaciones por Cliente\\J\\JABIL\\2023\\E000001025 JABIL GE 04-18-2023', '2023-04-14 00:00:00', '2023-05-02 00:00:00', NULL, '', '2023-04-14 09:56:44', 0, NULL, NULL, NULL, '2023-04-14 00:00:00', '2023-04-24 00:00:00'),
(467, 'E000001004', 35, '72F LC - LC Trunk', '72 Fiber LC-LC trunk 100M', NULL, 7, '2700000', 10, 13, 14, 1, 1, 13, '1.000', 7, '', '2023-04-10 00:00:00', '2023-04-26 00:00:00', '2023-04-26 00:00:00', '', '2023-04-19 14:49:28', 0, '2023-04-06 00:00:00', NULL, 1, '2023-04-12 00:00:00', '2023-04-13 00:00:00');

-- --------------------------------------------------------

--
-- Estructura de tabla para la tabla `cotizacion_archivo`
--

CREATE TABLE `cotizacion_archivo` (
  `idCotizacionArchivo` int(11) NOT NULL,
  `nombre` varchar(256) COLLATE utf8_unicode_ci NOT NULL,
  `tamano` int(11) NOT NULL,
  `tipo` int(11) NOT NULL,
  `subidoPor` int(11) NOT NULL,
  `aprobado` tinyint(1) DEFAULT NULL,
  `aprobadoPor` int(11) DEFAULT NULL,
  `aprobadoEn` datetime DEFAULT NULL,
  `idCotizacion` int(11) NOT NULL,
  `fechaCrea` datetime NOT NULL DEFAULT CURRENT_TIMESTAMP
) ENGINE=InnoDB DEFAULT CHARSET=utf8 COLLATE=utf8_unicode_ci;

--
-- Volcado de datos para la tabla `cotizacion_archivo`
--

INSERT INTO `cotizacion_archivo` (`idCotizacionArchivo`, `nombre`, `tamano`, `tipo`, `subidoPor`, `aprobado`, `aprobadoPor`, `aprobadoEn`, `idCotizacion`, `fechaCrea`) VALUES
(2, 'QO-06090-1_NWS_(01-20-2021).pdf', 107937, 2, 10, NULL, NULL, NULL, 383, '2022-01-20 14:41:11'),
(3, 'PQR_QO-06090-1_Samsung_63A_DC_Jumper_01-20-2022.xlsx', 1680836, 1, 10, NULL, NULL, NULL, 383, '2022-01-20 14:44:34'),
(5, 'PQR_QO-06451_RFS_01-26-2022.xlsx', 1459981, 1, 11, NULL, NULL, NULL, 385, '2022-01-28 09:35:12'),
(6, 'QO-06451_(01-27-2022).pdf', 617757, 2, 11, NULL, NULL, NULL, 385, '2022-01-28 09:35:35'),
(7, 'PQR_NWS_QO-04765-4_(01-28-2022).xlsx', 1420197, 1, 11, NULL, NULL, NULL, 387, '2022-01-31 08:32:13'),
(8, 'QO-04765-4_NWS_(01-29-2022).pdf', 108451, 2, 11, NULL, NULL, NULL, 387, '2022-01-31 08:32:32'),
(9, 'PQR_NWS_QO-04828-3_01-28-2022.xlsx', 685450, 1, 11, NULL, NULL, NULL, 388, '2022-01-31 09:11:36'),
(10, 'QO-04828-3_NWS_(01-29-2022).pdf', 108284, 2, 11, NULL, NULL, NULL, 388, '2022-01-31 09:11:47'),
(11, 'QO-02358-12_NWS_(01-29-2022).pdf', 108028, 2, 11, NULL, NULL, NULL, 389, '2022-01-31 09:17:58'),
(15, 'PQR_NWS_HCS2_QO-02358-12_y_QO-03124_(01-28-2022).xlsx', 2361428, 1, 11, NULL, NULL, NULL, 389, '2022-01-31 11:45:22'),
(16, 'QO-06508_NWS_(02-11-2022).pdf', 611121, 2, 10, NULL, NULL, NULL, 392, '2022-02-14 07:14:21'),
(17, 'PQR_QO-06508_NWS_02-09-2022.xlsx', 1089910, 1, 10, NULL, NULL, NULL, 392, '2022-02-14 07:14:37'),
(18, 'QO-04712-1_NWS_(02-15-2022).pdf', 106389, 2, 10, NULL, NULL, NULL, 393, '2022-02-15 10:36:18'),
(19, 'PQR_QO-04712-1_NWS_02-15-2022.xlsx', 647846, 1, 10, NULL, NULL, NULL, 393, '2022-02-15 10:36:28'),
(20, 'PQR_CORNING_ERICSSON_HYBRID_QO-04281-11_02-25-2022.xlsx', 1421909, 1, 10, NULL, NULL, NULL, 395, '2022-02-28 08:25:10'),
(21, 'QO-04281-11_CORNING_CONFIGURATOR_(02-25-2022).pdf', 109344, 2, 10, NULL, NULL, NULL, 395, '2022-02-28 08:25:21'),
(22, 'Checklistv14.5_Corning_Ericsson_New_Configs_2022.02.21.xlsx', 130543, 4, 10, NULL, NULL, NULL, 395, '2022-02-28 08:25:39'),
(23, 'NAI_RFQ_CHECKLIST-_NOKIA_Jumper_AHFII_with_HSC1.0_-_3-1-2022.xlsx', 118546, 4, 10, NULL, NULL, NULL, 398, '2022-03-07 09:33:33'),
(24, 'PQR_QO-06575_NWS_03-04-2022_quoting.xlsx', 1073974, 1, 10, NULL, NULL, NULL, 398, '2022-03-07 09:33:47'),
(25, 'QO-06575_NWS_(03-07-2022).pdf', 605168, 2, 10, NULL, NULL, NULL, 398, '2022-03-07 09:34:00'),
(26, 'NAI_RFQ_CHECKLIST-AOPC_requote_-_2-9-2022.xlsx', 118547, 4, 10, NULL, NULL, NULL, 392, '2022-03-11 07:21:39'),
(27, 'HJ-H2AOPC-APG-4SM6-XXFT_AP.pdf', 1540485, 5, 10, NULL, NULL, NULL, 392, '2022-03-11 07:29:04'),
(28, 'HJ-H2AOPC-APG-6SM6-XXFT_AP.pdf', 688698, 5, 10, NULL, NULL, NULL, 392, '2022-03-11 07:29:18'),
(29, 'NWS-5295-XXM.pdf', 1140385, 5, 10, NULL, NULL, NULL, 392, '2022-03-11 07:29:22'),
(30, 'Jabil_Syneron_Candela_Transfer_Fiber_3-3-22.xlsx', 119336, 4, 10, NULL, NULL, NULL, 399, '2022-03-11 07:32:19'),
(31, '7123-99-0202_REV_B.pdf', 47654, 5, 10, NULL, NULL, NULL, 399, '2022-03-11 07:32:34'),
(32, 'BOM_Download_(QO-05428-1).xlsx', 13309, 6, 10, NULL, NULL, NULL, 399, '2022-03-11 07:33:06'),
(33, 'PQR_QO-05428-1_JABIL_CANDELA_03-04-2022.xlsx', 778721, 1, 10, NULL, NULL, NULL, 399, '2022-03-11 07:33:19'),
(34, 'QO-05428-1_JABIL_03-10-2022.pdf', 433261, 2, 10, NULL, NULL, NULL, 399, '2022-03-11 07:33:29'),
(35, 'PQR_CONFIGURATOR_QO-06622_CORNING_03-16-2022.xlsx', 621400, 1, 11, NULL, NULL, NULL, 400, '2022-03-16 14:55:33'),
(36, 'QO-06622_CORNING_(03-16-2022).pdf', 604613, 2, 11, NULL, NULL, NULL, 400, '2022-03-16 14:55:49'),
(37, 'Checklistv14.5_Corning_Ericsson_Jumpers__2022.03.11.xlsx', 118730, 4, 11, NULL, NULL, NULL, 400, '2022-03-16 14:56:06'),
(38, 'Jumper_Quote_Request_Corning_-_BOMs_03-14-2022.xlsx', 11463, 6, 11, NULL, NULL, NULL, 400, '2022-03-16 14:56:24'),
(39, 'Checklistv14.5_Viaphoton_Wireless_Trunk_Requote_RFQ_2022.02.08.xlsx', 130726, 4, 10, NULL, NULL, NULL, 391, '2022-03-23 07:49:12'),
(40, 'OHFT-24SM1204-LCULCU-240264-MXXX-P.pdf', 3513986, 5, 10, NULL, NULL, NULL, 391, '2022-03-23 07:49:40'),
(41, 'OHFT-24SM1806-LCULCU-240264-MXXX-P_4.pdf', 3407468, 5, 10, NULL, NULL, NULL, 391, '2022-03-23 07:49:50'),
(42, 'OHFT-24SM1808-LCULCU-240264-MXXX-P_2.pdf', 3554569, 5, 10, NULL, NULL, NULL, 391, '2022-03-23 07:50:06'),
(43, 'PQR_QO-05885-3_viaPhoton_03-22-2022.xlsx', 1786944, 1, 10, NULL, NULL, NULL, 391, '2022-03-23 08:05:28'),
(44, 'QO-05885-3_viaPhoton_(03-22-2022).pdf', 111946, 2, 10, NULL, NULL, NULL, 391, '2022-03-23 08:05:42'),
(45, 'NAI_RFQ_CHECKLIST-_NWS_AOPC_Jumpers_-_3-22-2022.xlsx', 118537, 4, 10, NULL, NULL, NULL, 401, '2022-03-24 07:43:56'),
(46, 'BOM_Download_(QO-06508-2).xlsx', 23264, 6, 10, NULL, NULL, NULL, 401, '2022-03-24 07:44:20'),
(47, 'HJ-H2AOPC-APG-6SM6-XXFT_(Rev.01).pdf', 632710, 5, 10, NULL, NULL, NULL, 401, '2022-03-24 07:45:38'),
(48, 'PQR_QO-06508-2_NWS_03-22-2022.xlsx', 1100709, 1, 10, NULL, NULL, NULL, 401, '2022-03-24 07:46:16'),
(49, 'QO-06508-2_NWS_(03-23-2022).pdf', 607152, 2, 10, NULL, NULL, NULL, 401, '2022-03-24 07:46:30'),
(50, 'NAI_RFQ_CHECKLIST-_NWS_NOKIA_Jumper_AHFII_with_HSC1.0_-_3-28-2022.xlsx', 118465, 4, 10, NULL, NULL, NULL, 403, '2022-03-30 11:15:04'),
(51, 'HJ-H1AOPC-APG-6SM6-XXFT_(Rev.P1).pdf', 1558010, 5, 10, NULL, NULL, NULL, 403, '2022-03-30 11:15:22'),
(52, 'PQR_QO-06575-1_NWS_03-29-2022.xlsx', 1115661, 1, 10, NULL, NULL, NULL, 403, '2022-03-30 11:27:17'),
(53, 'QO-06575-1_NWS_(03-29-2022).pdf', 606421, 2, 10, NULL, NULL, NULL, 403, '2022-03-30 11:27:29'),
(54, 'PQR_QO-06672_PPC_(03-30-2022).xlsx', 579234, 1, 11, NULL, NULL, NULL, 402, '2022-03-31 16:43:42'),
(55, 'NAI_RFQ_CHECKLIST-_PPC_Broadband_-_3-25-2022.xlsx', 118842, 4, 11, NULL, NULL, NULL, 402, '2022-03-31 16:43:56'),
(56, 'QO-06672_PPC_BROADBAND_(03-31-2022).pdf', 603168, 2, 11, NULL, NULL, NULL, 402, '2022-03-31 16:44:09'),
(57, 'ProductFeatures_FB-L98B-149-100FT.pdf', 588245, 5, 11, NULL, NULL, NULL, 402, '2022-03-31 16:44:20'),
(58, 'Preliminary_BOMs_03-28-2022_PPC_24F.xlsx', 10242, 6, 11, NULL, NULL, NULL, 402, '2022-03-31 16:44:30'),
(59, 'PQR_QO-06691_PPC_(04-06-2022).xlsx', 589660, 1, 11, NULL, NULL, NULL, 404, '2022-04-11 07:31:21'),
(60, 'QO-06691_PPC_BROADBAND_(04-08-2022).pdf', 608125, 2, 11, NULL, NULL, NULL, 404, '2022-04-11 07:31:48'),
(61, 'NAI_RFQ_CHECKLIST-_PPC_Broadband_FTTA_-_4-1-2022.xlsx', 118533, 4, 11, NULL, NULL, NULL, 404, '2022-04-11 07:32:01'),
(62, 'JZS-LX12O-L18XXXX.pdf', 356723, 5, 11, NULL, NULL, NULL, 404, '2022-04-11 07:32:14'),
(63, 'Preliminary_BOMs_for_Quote_04-05-2022.xlsx', 444236, 5, 11, NULL, NULL, NULL, 404, '2022-04-11 07:32:29'),
(64, 'RFS_-_117_Reels_inspection.xlsx', 121616, 4, 10, NULL, NULL, NULL, 407, '2022-04-27 16:01:22'),
(65, 'RFS_-_Cable_validation_A021635.xlsx', 121776, 4, 10, NULL, NULL, NULL, 407, '2022-04-27 16:01:50'),
(66, 'PQR_QO-06725_RFS_04-27-2022.xlsx', 103251, 1, 10, NULL, NULL, NULL, 407, '2022-04-27 16:02:00'),
(67, 'QO-06725_RFS_(04-27-2022).pdf', 97844, 2, 10, NULL, NULL, NULL, 407, '2022-04-27 16:02:11'),
(68, 'QO-05989-1_PRYSMIAN_04-27-2022.xlsx', 976158, 1, 11, NULL, NULL, NULL, 384, '2022-05-02 07:46:32'),
(69, 'QO-05989-1_PRYSMIAN_(04-28-2022).pdf', 599792, 2, 11, NULL, NULL, NULL, 384, '2022-05-02 07:46:46'),
(70, 'Checklistv14.5_Corning_Ericsson_Requote_2022.05.06.xlsx', 130570, 4, 10, NULL, NULL, NULL, 410, '2022-05-09 07:22:01'),
(71, 'COC-5312A-XXXM_(Rev.03).pdf', 1348310, 5, 10, NULL, NULL, NULL, 410, '2022-05-09 07:22:19'),
(72, 'COC-5312A-XXXM_(Rev.C4).pdf', 987213, 5, 10, NULL, NULL, NULL, 410, '2022-05-09 07:22:24'),
(73, 'BOM_COC-5312A-XXXM_Rev._03_(Drain_Wire).xlsx', 12394, 6, 10, NULL, NULL, NULL, 410, '2022-05-09 07:22:45'),
(74, 'PQR_CORNING_QO-04281-12_2022-05-06.xlsx', 1391455, 1, 10, NULL, NULL, NULL, 410, '2022-05-09 07:22:56'),
(76, 'QO-04281-12_CORNING_CONFIGURATOR_(05-09-2022).pdf', 110971, 2, 10, NULL, NULL, NULL, 410, '2022-05-09 16:06:07'),
(77, 'RFS_-_FG\'S_rework_-_050622.xlsx', 121995, 4, 10, NULL, NULL, NULL, 415, '2022-05-11 07:07:06'),
(78, '78001428_Rev_P1.pdf', 177819, 5, 10, NULL, NULL, NULL, 415, '2022-05-11 07:08:20'),
(79, '78001389_Rev_A.pdf', 160557, 5, 10, NULL, NULL, NULL, 415, '2022-05-11 07:08:26'),
(80, '78001431_Rev_P1.pdf', 138479, 5, 10, NULL, NULL, NULL, 415, '2022-05-11 07:08:30'),
(81, '78001390_revA-B_REWORK_CHANGES.xlsx', 61856, 6, 10, NULL, NULL, NULL, 415, '2022-05-11 07:09:09'),
(84, 'PQR_QO-06296-4_RFS__REWORK_05-11-2022.xlsx', 1197537, 1, 10, NULL, NULL, NULL, 415, '2022-05-12 07:58:26'),
(85, 'QO-06296-4_(2022-05-11).pdf', 100011, 2, 10, NULL, NULL, NULL, 415, '2022-05-12 07:58:36'),
(86, 'FW__RFS_NAI_Ericsson__Redesign_RFQ\'s.msg', 1053184, 9, 10, NULL, NULL, NULL, 415, '2022-05-12 07:58:50'),
(87, 'PQR_QO-06784_HUBER&SUHNER_05-18-2022.xlsx', 564691, 1, 11, NULL, NULL, NULL, 411, '2022-05-18 11:29:37'),
(88, 'QO-06784_HUBER_&_SUHNER_05-18-2022.pdf', 534045, 2, 11, NULL, NULL, NULL, 411, '2022-05-18 11:29:49'),
(89, 'Checklistv14.5_H&S_Power_Jumpers_PTTA_BBurres____202205.05.xlsx', 130210, 4, 11, NULL, NULL, NULL, 411, '2022-05-18 11:30:03'),
(90, 'Datasheet_&_Requirements_Y-Power_Jumper_(Amphenol_-_Blunt_cut).pdf', 768643, 5, 11, NULL, NULL, NULL, 411, '2022-05-18 11:30:26'),
(91, 'Datasheet_&_Requirements_Y-Power_Jumper_(Amphenol_to_Amphenol).pdf', 607545, 5, 11, NULL, NULL, NULL, 411, '2022-05-18 11:30:31'),
(92, 'BOM_Y-Power_Assemblies_05-10-2022.xlsx', 714947, 6, 11, NULL, NULL, NULL, 411, '2022-05-18 11:30:44'),
(93, 'VendorRFQ_(27).xlsx', 16611, 8, 11, NULL, NULL, NULL, 411, '2022-05-18 11:31:33'),
(94, 'FW__H&S_RFQ_for_Y-power_jumper.msg', 3025408, 9, 11, NULL, NULL, NULL, 411, '2022-05-18 11:31:49'),
(95, 'Checklistv14.5_Opsens_Fiber_Medical_Assy_20220421.xlsx', 130600, 4, 10, NULL, NULL, NULL, 409, '2022-05-20 14:21:56'),
(96, 'SPS-2010-19-v1(annotated)_FOIC_cable_sub_assembly.pdf', 257119, 5, 10, NULL, NULL, NULL, 409, '2022-05-20 14:22:21'),
(97, 'PQR_QO-06748_OPSENSE_2022-05-16.xlsx', 653985, 1, 10, NULL, NULL, NULL, 409, '2022-05-20 14:22:42'),
(98, 'Custom_fiber-optic_assembly_for_Opsens.msg', 3313664, 9, 10, NULL, NULL, NULL, 409, '2022-05-20 14:22:55'),
(99, 'EXTERNAL_RE_NAI_Group_-_Custom_fiber-optic_assembly_for_Opsens.msg', 979456, 9, 10, NULL, NULL, NULL, 409, '2022-05-20 14:23:00'),
(100, 'QO-06748_(2022-05-16).pdf', 107931, 2, 10, NULL, NULL, NULL, 409, '2022-05-20 14:23:29'),
(101, 'WHITEPAPER_OPSENS_QO-06748_05-13-22_v3.xlsx', 75447, 3, 10, NULL, NULL, NULL, 409, '2022-05-20 14:23:46'),
(102, 'RFS_6x12_new_rev_-_050622.xlsx', 122073, 4, 10, NULL, NULL, NULL, 413, '2022-05-23 08:01:11'),
(103, 'BOM_Download_(QO-06296-3).xlsx', 80050, 6, 10, NULL, NULL, NULL, 413, '2022-05-23 08:01:23'),
(104, '78001389.pdf', 160557, 5, 10, NULL, NULL, NULL, 413, '2022-05-23 08:01:35'),
(105, '78001428.pdf', 183634, 5, 10, NULL, NULL, NULL, 413, '2022-05-23 08:01:40'),
(106, '78001431.pdf', 142421, 5, 10, NULL, NULL, NULL, 413, '2022-05-23 08:01:43'),
(107, 'PQR_QO-06296-3_RFS_05-20-2022.xlsx', 1580946, 1, 10, NULL, NULL, NULL, 413, '2022-05-23 08:03:05'),
(108, 'QO-06296-3_(05-20-2022).pdf', 114455, 2, 10, NULL, NULL, NULL, 413, '2022-05-23 08:04:43'),
(109, 'Checklistv14.5_NWS_Modified_HCSA_trunk_SDiode_20220520.xlsx', 130665, 4, 10, NULL, NULL, NULL, 420, '2022-05-26 14:32:54'),
(110, 'BOM_-_Modified_HCSA_Trunk_Opportunity.xlsx', 17692, 4, 10, NULL, NULL, NULL, 420, '2022-05-26 14:33:02'),
(111, 'CABLE-HCSA-XAWG-XX_(Revised).pdf', 1269369, 5, 10, NULL, NULL, NULL, 420, '2022-05-26 14:33:12'),
(112, 'PQR_QO-06849_NWS_(05-25-2022).xlsx', 176739, 1, 10, NULL, NULL, NULL, 420, '2022-05-26 14:36:18'),
(113, 'NWS_HCSA_modified_trunk__Due_date_Wed_5_25.msg', 2325504, 9, 10, NULL, NULL, NULL, 420, '2022-05-26 14:36:31'),
(114, 'QO-06846_(05-25-2022).pdf', 110111, 2, 10, NULL, NULL, NULL, 420, '2022-05-26 14:36:48'),
(115, 'RFS_-_Rework_6x24_-_051922.xlsx', 121811, 4, 10, NULL, NULL, NULL, 421, '2022-05-30 15:35:49'),
(116, 'rework_analysis_6x24_for_high_insertion_loss.xlsx', 45807, 6, 10, NULL, NULL, NULL, 421, '2022-05-30 15:35:57'),
(117, 'RE__Quote_pendiente_de_RFS_6x24_-_BOM_&_Labor.msg', 1724928, 9, 10, NULL, NULL, NULL, 421, '2022-05-30 15:36:19'),
(118, 'RE__Quote_pendiente_de_RFS_6x24.msg', 3314176, 9, 10, NULL, NULL, NULL, 421, '2022-05-30 15:36:30'),
(119, '2022-05-30_PQR_QO-06863_RFS_6x24.xlsx', 619994, 1, 10, NULL, NULL, NULL, 421, '2022-05-30 15:40:20'),
(120, '2022-05-30_RFS_QO-06863.pdf', 110356, 2, 10, NULL, NULL, NULL, 421, '2022-05-30 15:40:29'),
(123, 'NAI_RFQ_CHECKLIST_-_DISCRETE_FIBER_TRUNKS_052622.xlsx', 122308, 4, 11, NULL, NULL, NULL, 424, '2022-06-01 14:50:43'),
(124, 'BOM_-_NWS_discrete_fiber_trunk_RFQ_Q-A_-_5-27-2022.xlsx', 10773, 6, 11, NULL, NULL, NULL, 424, '2022-06-01 14:50:54'),
(125, '12F_FT-1_cable.pdf', 174069, 7, 11, NULL, NULL, NULL, 424, '2022-06-01 14:51:05'),
(126, 'FIS_12F.pdf', 867222, 7, 11, NULL, NULL, NULL, 424, '2022-06-01 14:51:09'),
(127, 'MPO_ODVA-MPO_12C_G657A2.pdf', 245952, 7, 11, NULL, NULL, NULL, 424, '2022-06-01 14:51:22'),
(128, 'VendorRFQ_(32).xlsx', 17043, 8, 11, NULL, NULL, NULL, 424, '2022-06-01 14:53:01'),
(129, 'Checklistv14.5_RFS_Nokia_2x2_&_4x4_RWalther_20220517.xlsx', 130461, 4, 10, NULL, NULL, NULL, 417, '2022-06-02 11:16:38'),
(130, '2x2_and_4x4_Top_Level_Numbers.xlsx', 12574, 4, 10, NULL, NULL, NULL, 417, '2022-06-02 11:16:42'),
(131, '4x4_78001274_Termination_Drawing.pdf', 3416630, 5, 10, NULL, NULL, NULL, 417, '2022-06-02 11:17:01'),
(132, '2x2_78001275_Termination_Drawing.pdf', 3217858, 5, 10, NULL, NULL, NULL, 417, '2022-06-02 11:17:08'),
(134, '_EXTERNAL__RE__RFS_RFQ_2X2_&_4X4__Nokia_-_NAI_-_MFG_NUMBERS_AND_SPECS.msg', 914944, 9, 10, NULL, NULL, NULL, 417, '2022-06-02 11:20:09'),
(139, 'specs.rar', 15307512, 7, 10, NULL, NULL, NULL, 417, '2022-06-02 14:57:22'),
(140, 'PQR_QO-06874_NWS_06-02-2022.xlsx', 1129642, 1, 10, NULL, NULL, NULL, 424, '2022-06-02 16:10:57'),
(141, 'QO-06874_NWS_(06-02-2022).pdf', 107316, 2, 10, NULL, NULL, NULL, 424, '2022-06-02 16:11:07'),
(142, 'WHITEPAPER_CUSTOMER_QO-06874_06-02-2022.xlsx', 78405, 3, 10, NULL, NULL, NULL, 424, '2022-06-02 16:11:15'),
(143, 'PQR_QO-06827_RFS_NOKIA_2X2__4X4_06-03-2022.xlsx', 612624, 1, 11, NULL, NULL, NULL, 417, '2022-06-06 07:44:36'),
(144, 'QO-06827_RFS_(06-03-2022).pdf', 608237, 2, 11, NULL, NULL, NULL, 417, '2022-06-06 07:45:03'),
(145, 'AFL_Node_Cable_Checklist.xlsx', 121559, 4, 10, NULL, NULL, NULL, 405, '2022-06-13 08:13:58'),
(146, 'Copy_of_Component_Suppliers_05-03-22.xlsx', 14487, 6, 10, NULL, NULL, NULL, 405, '2022-06-13 08:14:27'),
(147, 'Node_Cable_Specification.pdf', 744992, 5, 10, NULL, NULL, NULL, 405, '2022-06-13 08:15:04'),
(148, 'PQR_QO-06707_AFL_06-02-2022.xlsx', 568849, 1, 10, NULL, NULL, NULL, 405, '2022-06-13 08:45:30'),
(149, 'FW__AFL_Stakeholder___QO-06707__.msg', 11854336, 9, 10, NULL, NULL, NULL, 405, '2022-06-13 08:45:50'),
(150, 'FW__AFL_Stakeholder.msg', 4780032, 9, 10, NULL, NULL, NULL, 405, '2022-06-13 08:45:58'),
(151, 'NAI_Open_Issues_QO-06707_AFL.xls', 248320, 10, 10, NULL, NULL, NULL, 405, '2022-06-13 08:46:07'),
(152, 'Open_Issues_QO-06707_AFL.xls', 258560, 10, 10, NULL, NULL, NULL, 405, '2022-06-13 08:46:13'),
(153, 'QO-06707_AFL_Node_WhitePaper_06-06-2022.xlsx', 612328, 3, 10, NULL, NULL, NULL, 405, '2022-06-13 08:46:30'),
(154, 'QO-06707_AFL_(06-10-2022).pdf', 108673, 2, 10, NULL, NULL, NULL, 405, '2022-06-13 08:46:40'),
(155, 'Checklistv14.5_Prysmian_Bell_Canada_Flat_Drop_Cables__RFQ_20220601.xlsx', 136209, 4, 10, NULL, NULL, NULL, 425, '2022-06-14 08:30:58'),
(156, '7010086698_Prysmian_Bell_Canada_Quote_1JUNE2022.pdf', 257843, 7, 10, NULL, NULL, NULL, 425, '2022-06-14 08:31:07'),
(157, 'Copy_of_Bell_Canada_-_Drop_Wire_Bidding_Workbook.xlsx', 63118, 4, 10, NULL, NULL, NULL, 425, '2022-06-14 08:31:14'),
(158, 'BOM.xlsx', 13288, 6, 10, NULL, NULL, NULL, 425, '2022-06-14 08:31:48'),
(159, 'BOM_Download_(QO-06884).xlsx', 29831, 6, 10, NULL, NULL, NULL, 425, '2022-06-14 08:31:52'),
(160, 'QO-06884_PRYSMIAN_06-10-2022.xlsx', 743326, 1, 10, NULL, NULL, NULL, 425, '2022-06-14 08:32:13'),
(161, 'FW__Pricing_for_OptiTap_Kits_from_Fibersource_-Prysmian.msg', 2167808, 9, 10, NULL, NULL, NULL, 425, '2022-06-14 08:32:33'),
(162, 'FW__Prysmian_new_RFQ_for_Bell_Canada_RFP.msg', 3535872, 9, 10, NULL, NULL, NULL, 425, '2022-06-14 08:35:31'),
(163, 'QO-06884_PRYSMIAN_(2022-06-13).pdf', 112295, 2, 10, NULL, NULL, NULL, 425, '2022-06-14 08:36:05'),
(164, 'Bell_Canada_-_Drop_Wire_Bidding_Workbook_NAI_Updated_2022-06-13.xlsx', 538763, 2, 10, NULL, NULL, NULL, 425, '2022-06-14 08:36:12'),
(165, 'Checklistv14.5_Corning_New_Quote_2022.05.17.xlsx', 131436, 4, 10, NULL, NULL, NULL, 418, '2022-06-14 08:38:02'),
(166, 'BOM_Download_(QO-06835).xlsx', 56520, 6, 10, NULL, NULL, NULL, 418, '2022-06-14 08:38:25'),
(167, 'BOMS.xlsx', 15813, 6, 10, NULL, NULL, NULL, 418, '2022-06-14 08:38:28'),
(168, '12F_6C_LIW_(Rev.P1).pdf', 694671, 5, 10, NULL, NULL, NULL, 418, '2022-06-14 08:38:46'),
(169, '24F_12C_LIW_(Rev.P1).pdf', 857552, 5, 10, NULL, NULL, NULL, 418, '2022-06-14 08:38:53'),
(170, 'PQR_CONFIGURATOR_QO-06835_CORNING_06-13-2022.xlsx', 655562, 1, 10, NULL, NULL, NULL, 418, '2022-06-14 08:39:46'),
(171, 'FW__Corning_LI-_Hybrid_Assemblies_RFQ_New.msg', 1837568, 9, 10, NULL, NULL, NULL, 418, '2022-06-14 08:40:27'),
(172, 'QO-06835_CORNING_(06-13-2022).pdf', 110116, 2, 10, NULL, NULL, NULL, 418, '2022-06-14 08:40:46'),
(173, 'WHITEPAPER_CUSTOMER_QO-06835_06-07-2022.xlsx', 79796, 3, 10, NULL, NULL, NULL, 418, '2022-06-14 08:40:56'),
(174, '20220607_Martha_Gomez_Plexus_BioSig_Technologies_Fiber_Jumper_RFQ_632022_RFQ_Checklist.xlsx', 118865, 4, 10, NULL, NULL, NULL, 427, '2022-06-14 14:49:15'),
(175, 'BOM_Download_(QO-06897).xlsx', 12742, 6, 10, NULL, NULL, NULL, 427, '2022-06-14 14:49:22'),
(176, '1034358145.FiberCablesDirect_FCDUS62v342_RoHS.tmp527B.pdf', 292433, 7, 10, NULL, NULL, NULL, 427, '2022-06-14 14:49:36'),
(177, 'VendorRFQ_(96).xlsx', 13304, 8, 10, NULL, NULL, NULL, 427, '2022-06-14 14:53:18'),
(178, '___NAI_INTERNAL____RE__RFQ_632022____Martha_Gomez_Plexus_BioSig_Technologies_Fiber_Jumper_RFQ_632022.msg', 2002944, 9, 10, NULL, NULL, NULL, 427, '2022-06-14 14:53:28'),
(179, 'PQR_QO-06897_PLEXUS_2022-06-10.xlsx', 1037483, 1, 10, NULL, NULL, NULL, 427, '2022-06-14 14:53:47'),
(180, 'QO-06897_PLEXUS_(06-14-2022).pdf', 106108, 2, 10, NULL, NULL, NULL, 427, '2022-06-14 14:53:55'),
(181, 'PQR_RFS_QO-06914_2022-06-14.xlsx', 48747, 1, 11, NULL, NULL, NULL, 428, '2022-06-16 09:04:34'),
(182, 'QO-06914_RFS_(06-14-2022).pdf', 434173, 2, 11, NULL, NULL, NULL, 428, '2022-06-16 09:04:48'),
(183, 'RFS_-_Rework_6x24_wavy_fiber_-_060922.xlsx', 121513, 4, 11, NULL, NULL, NULL, 428, '2022-06-16 09:04:58'),
(184, 'Checklistv14.5_H&S_Power_Jumpers_PTTA_BBurres____202205.05.xlsx', 130210, 4, 10, NULL, NULL, NULL, 422, '2022-06-17 15:58:26'),
(185, 'Datasheet_&_Requirements_Y-Power_Jumper_(Amphenol_-_Blunt_cut).pdf', 768643, 7, 10, NULL, NULL, NULL, 422, '2022-06-17 15:58:49'),
(186, 'Datasheet_&_Requirements_Y-Power_Jumper_(Amphenol_to_Amphenol).pdf', 607545, 7, 10, NULL, NULL, NULL, 422, '2022-06-17 15:58:53'),
(187, 'H+S_RFQ_information_sheet_Power_Jumper_Round_2.pdf', 559320, 7, 10, NULL, NULL, NULL, 422, '2022-06-17 16:00:14'),
(188, '2022-06-17_PQR_QO-06784-1_HUBER&SUHNER.xlsx', 604057, 1, 10, NULL, NULL, NULL, 422, '2022-06-17 16:00:31'),
(189, 'WHITEPAPER_HUBER_&_SUHNER_QO-06784-1_06-17-22_v3.xlsx', 75003, 3, 10, NULL, NULL, NULL, 422, '2022-06-17 16:00:57'),
(190, 'QO-06784-1_HUBER_&_SUHNER_06-17-2022.pdf', 106652, 2, 10, NULL, NULL, NULL, 422, '2022-06-17 16:01:11'),
(191, 'Bell_Canada_-_Drop_Wire_Bidding_Workbook_NAI_Updated_2022-06-27.xlsx', 538812, 2, 10, NULL, NULL, NULL, 425, '2022-06-28 08:13:44'),
(192, 'QO-06884_PRYSMIAN_(2022-06-27).pdf', 112239, 2, 10, NULL, NULL, NULL, 425, '2022-06-28 08:13:48'),
(193, 'QO-06884_PRYSMIAN_06-24-2022.xlsx', 871232, 1, 10, NULL, NULL, NULL, 425, '2022-06-28 08:14:01'),
(194, '2022-07-01_PQR_QO-06784-1_HUBER&SUHNER.xlsx', 601570, 1, 10, NULL, NULL, NULL, 422, '2022-07-01 09:39:56'),
(195, 'QO-06784-1_HUBER_&_SUHNER_2022-07-01.pdf', 107377, 2, 10, NULL, NULL, NULL, 422, '2022-07-01 09:40:05'),
(196, 'PQR_QO-04118-1_JABIL_08-01-2022.xlsx', 594073, 1, 11, NULL, NULL, NULL, 432, '2022-08-04 10:40:27'),
(197, 'WHITEPAPER_JABIL_QO-04118-1_08-01-2022.xlsx', 77896, 3, 11, NULL, NULL, NULL, 432, '2022-08-04 10:40:46'),
(198, 'Jabil_NETAPP_-_FIBER.xlsx', 123287, 4, 11, NULL, NULL, NULL, 432, '2022-08-04 10:41:54'),
(199, '112-00260-A0_-112-00261-A0.pdf', 161324, 5, 11, NULL, NULL, NULL, 432, '2022-08-04 10:42:31'),
(200, '112-00328-A0_-112-00331-A0.pdf', 262830, 5, 11, NULL, NULL, NULL, 432, '2022-08-04 10:42:43'),
(201, '112-00457-A0_-_112-00456-A0.pdf', 132753, 5, 11, NULL, NULL, NULL, 432, '2022-08-04 10:43:05'),
(202, '112-00608-NH_Spec.pdf', 127204, 5, 11, NULL, NULL, NULL, 432, '2022-08-04 10:43:12'),
(203, 'BOMS_COE.xlsx', 24801, 6, 11, NULL, NULL, NULL, 432, '2022-08-04 10:43:59'),
(204, 'F4M-SAS-EF-S-S-(CP2).pdf', 1226755, 7, 11, NULL, NULL, NULL, 432, '2022-08-04 10:44:16'),
(205, 'RE__Cables_NETAPP.msg', 1776128, 9, 11, NULL, NULL, NULL, 432, '2022-08-04 10:44:43'),
(206, 'QO-06884-1_PRYSMIAN_(2022-08-03).pdf', 509148, 2, 11, NULL, NULL, NULL, 434, '2022-08-08 09:16:13'),
(207, 'FW__Prysmian_NAI_HFOC_Drop_Cable_Test_Plan_____INTERNAL_USE___.msg', 1724416, 9, 11, NULL, NULL, NULL, 434, '2022-08-08 09:27:34'),
(208, 'Checklist_RFS_3x6_RWalther_20220511.xlsx', 131097, 4, 10, NULL, NULL, NULL, 416, '2022-08-09 09:32:43'),
(209, '75901915_rev_P1_50M_BOM_Cost_-cable-labor_5-11-22.xlsx', 47039, 6, 10, NULL, NULL, NULL, 416, '2022-08-09 09:33:03'),
(210, '75901915_rev_P1_50M_BOM.xlsx', 47037, 6, 10, NULL, NULL, NULL, 416, '2022-08-09 09:33:08'),
(211, 'BOM_Download_(QO-06817).xlsx', 68805, 6, 10, NULL, NULL, NULL, 416, '2022-08-09 09:33:12'),
(212, '78001411.pdf', 1257973, 5, 10, NULL, NULL, NULL, 416, '2022-08-09 09:33:26'),
(213, '78001412.pdf', 7430952, 5, 10, NULL, NULL, NULL, 416, '2022-08-09 09:33:46'),
(214, '78001413.pdf', 2033792, 5, 10, NULL, NULL, NULL, 416, '2022-08-09 09:34:04'),
(215, 'PQR_QO-06817_RFS_05-31-2022.xlsx', 621841, 1, 10, NULL, NULL, NULL, 416, '2022-08-09 09:35:23'),
(216, 'Fwd___EXTERNAL__Re__3x6_Package_for_Termination_Quotes_QTY.msg', 1653248, 9, 10, NULL, NULL, NULL, 416, '2022-08-09 09:35:36'),
(217, 'RFS__3x6_Package_for_Termination_Quote.msg', 12014080, 9, 10, NULL, NULL, NULL, 416, '2022-08-09 09:36:14'),
(218, 'QO-06817_RFS_(06-06-2022).pdf', 112335, 2, 10, NULL, NULL, NULL, 416, '2022-08-09 09:37:38'),
(219, 'Checklistv14.5_NWS_Requote_QO-06846_Rev_1_Qtys__20220629.xlsx', 131128, 4, 10, NULL, NULL, NULL, 430, '2022-08-09 10:37:12'),
(220, 'BOMs.xlsx', 56763, 6, 10, NULL, NULL, NULL, 430, '2022-08-09 10:42:46'),
(221, 'Jumpers_BOM.xlsx', 10099, 6, 10, NULL, NULL, NULL, 430, '2022-08-09 10:42:50'),
(222, 'FJ-IPLCRC-2SMA-XXM_(Rev._01)_-_CRP-NWS.pdf', 1046553, 5, 10, NULL, NULL, NULL, 430, '2022-08-09 10:43:05'),
(223, 'HT-HCSA-R24SM6-XXXM_(Rev._02)_-_CRP-NWS.pdf', 1621905, 5, 10, NULL, NULL, NULL, 430, '2022-08-09 10:43:13'),
(224, 'PQR_QO-06846-1_NWS_(2022-08-03).xlsx', 797296, 1, 10, NULL, NULL, NULL, 430, '2022-08-09 12:14:36'),
(225, 'QO-06846-1_2022-07-13.pdf', 112321, 2, 10, NULL, NULL, NULL, 430, '2022-08-09 12:14:43'),
(226, 'PQR_QO-05428-2_JABIL_CANDELA_08-10-2022.xlsx', 689483, 1, 11, NULL, NULL, NULL, 435, '2022-08-11 09:39:53'),
(227, 'QO-05428-2_JABIL_08-10-2022.pdf', 660843, 2, 11, NULL, NULL, NULL, 435, '2022-08-11 09:40:08'),
(228, '20220802-Jaibil_Shanghai-Candela_.xlsx', 126051, 4, 11, NULL, NULL, NULL, 435, '2022-08-11 09:40:19'),
(229, '7123-00-0202_rev_.0B_Multi_Level_BOM_report.xlsx', 6590, 6, 11, NULL, NULL, NULL, 435, '2022-08-11 09:40:41'),
(230, 'FW__Quote_for_Candela_Medical_Fiber_Cables.msg', 2558976, 9, 11, NULL, NULL, NULL, 435, '2022-08-11 09:41:28'),
(231, '2022-07-21_BOMS_H+S.xlsx', 13895, 6, 10, NULL, NULL, NULL, 433, '2022-08-15 07:34:29'),
(232, 'Datasheet_&_Requirements_Y-Power_Jumper_(Amphenol_to_Amphenol).pdf', 607545, 5, 10, NULL, NULL, NULL, 433, '2022-08-15 07:34:41'),
(233, 'Q-NAI-279-07R-1_(2C_6AWG+B).pdf', 98439, 7, 10, NULL, NULL, NULL, 433, '2022-08-15 07:35:44'),
(234, 'Q-NAI-315-01_(2C_8AWG+B).pdf', 64350, 7, 10, NULL, NULL, NULL, 433, '2022-08-15 07:35:49'),
(235, 'TC-224B.pdf', 476910, 7, 10, NULL, NULL, NULL, 433, '2022-08-15 07:35:55'),
(236, 'TC-225.pdf', 476072, 7, 10, NULL, NULL, NULL, 433, '2022-08-15 07:36:01'),
(237, '2022-08-10_PQR_QO-06784-2_HUBER&SUHNER.xlsx', 615840, 1, 10, NULL, NULL, NULL, 433, '2022-08-15 07:36:21'),
(238, 'FW__H+S___NAI_-_Weekly_Tech_-Review_-_22_July_2022.msg', 2397696, 9, 10, NULL, NULL, NULL, 433, '2022-08-15 07:36:40'),
(239, 'QO-06784-2_HUBER_&_SUHNER_2022-08-05_FA_PRICE.pdf', 109164, 2, 10, NULL, NULL, NULL, 433, '2022-08-15 07:37:01'),
(240, 'QO-06784-2_HUBER_&_SUHNER_2022-08-09_PRODUCTION_PRICE.pdf', 107620, 2, 10, NULL, NULL, NULL, 433, '2022-08-15 07:37:06'),
(241, '2022-08-19_QO-07112_PRYSMIAN.xlsx', 1207555, 1, 11, NULL, NULL, NULL, 436, '2022-08-22 09:32:08'),
(242, 'QO-07112_PRYSMIAN_(2022-08-19).pdf', 679720, 2, 11, NULL, NULL, NULL, 436, '2022-08-22 09:32:19'),
(243, 'Checklistv14.5_Prysmian___Flat_Drop_Cables__RFQ_20220811.xlsx', 136066, 4, 11, NULL, NULL, NULL, 436, '2022-08-22 09:32:38'),
(244, 'XPCSC02176-86_Rev2.pdf', 141425, 5, 11, NULL, NULL, NULL, 436, '2022-08-22 09:32:50'),
(245, 'XPCSC02187-89_Rev1.pdf', 216397, 5, 11, NULL, NULL, NULL, 436, '2022-08-22 09:32:55'),
(246, 'FW___EXTERNAL__Prysmian___NAI_12F_-_24F_Stub_Tail_RFQ.msg', 3356160, 9, 11, NULL, NULL, NULL, 436, '2022-08-22 09:33:31'),
(247, '2022-08-22_PQR_QO-07129_REWORK.xlsx', 563399, 1, 11, NULL, NULL, NULL, 437, '2022-08-23 16:14:46'),
(248, 'QO-07129_NWS_2022-08-23.pdf', 508213, 2, 11, NULL, NULL, NULL, 437, '2022-08-23 16:14:56'),
(249, 'RFS_-_Rework_EHCS_&_HCSA_Damaged_Load_-_081522.xlsx', 125363, 4, 11, NULL, NULL, NULL, 437, '2022-08-23 16:15:07'),
(250, 'FW__Load_2349_Damaged_Load-Quote.msg', 5106176, 9, 11, NULL, NULL, NULL, 437, '2022-08-23 16:15:30'),
(251, '2022-08-22_PQR_QO-07126_REWORK.xlsx', 562913, 1, 11, NULL, NULL, NULL, 438, '2022-08-23 16:16:08'),
(252, 'QO-07126_viaPhoton_2022-08-23.pdf', 508323, 2, 11, NULL, NULL, NULL, 438, '2022-08-23 16:16:23'),
(253, 'Viaphoton_RWK_-_Material_orientation_081822.xlsx', 128472, 4, 11, NULL, NULL, NULL, 438, '2022-08-23 16:16:35'),
(254, 'FW__ViaPhoton_Cables_Shipment_Issue.msg', 1951232, 9, 11, NULL, NULL, NULL, 438, '2022-08-23 16:16:49'),
(255, 'PQR_RFS_QO-06941_08-26-22.xlsx', 627066, 1, 10, NULL, NULL, NULL, 429, '2022-08-31 07:15:44'),
(256, 'FW__RFS_Quote_Review______INTERNAL_USE___.msg', 2274816, 9, 10, NULL, NULL, NULL, 429, '2022-08-31 07:16:30'),
(257, 'QO-06941_RFS_(08-29-2022).pdf', 519701, 2, 10, NULL, NULL, NULL, 429, '2022-08-31 07:16:41'),
(259, 'Checklistv14.5_PPC_BB_Belden_Wireless_Trunks_2022-07-22.xlsx', 130618, 4, 10, NULL, NULL, NULL, 431, '2022-08-31 08:30:06'),
(260, 'Preliminary_BOMs.xlsx', 21648, 6, 10, NULL, NULL, NULL, 431, '2022-08-31 08:30:20'),
(261, 'HC_24F_12C_(Rev.P1)_-_CRP_-_NO_ALARM.pdf', 1127588, 5, 10, NULL, NULL, NULL, 431, '2022-08-31 08:30:35'),
(262, 'HC_48F_24C_(Rev.P1)_-_CRP_-_NO_ALARM.pdf', 1614842, 5, 10, NULL, NULL, NULL, 431, '2022-08-31 08:31:15'),
(263, 'LIW_HC_24F_12C_(Rev.P1)_-_CRP_-_NO_ALARM.pdf', 1028230, 5, 10, NULL, NULL, NULL, 431, '2022-08-31 08:31:20'),
(264, 'LIW_HC_48F_24C_(Rev.P1)_-_CRP_-_NO_ALARM.pdf', 1381119, 5, 10, NULL, NULL, NULL, 431, '2022-08-31 08:31:25'),
(265, 'Cable_Specs_for_PPC.pdf', 853093, 7, 10, NULL, NULL, NULL, 431, '2022-08-31 08:32:12'),
(266, 'QO-06998_PPC_08-29-2022.xlsx', 915782, 1, 10, NULL, NULL, NULL, 431, '2022-08-31 08:32:28'),
(267, 'Labor_calculation_comparison_PPC_QO-06998.xlsx', 14407, 1, 10, NULL, NULL, NULL, 431, '2022-08-31 08:32:33'),
(268, 'FW__PPC_Broadband_Hybrid_Trunks_RFQ.msg', 6867456, 9, 10, NULL, NULL, NULL, 431, '2022-08-31 08:33:02'),
(269, 'RE__Hybrid_Trunks_NAI_QO-06998.msg', 2383872, 9, 10, NULL, NULL, NULL, 431, '2022-08-31 08:33:10'),
(270, 'RE__QO-07059_CLEARFIELD_TRANSITION_QUOTE.msg', 916992, 9, 10, NULL, NULL, NULL, 431, '2022-08-31 08:36:18'),
(271, 'QO-06998_PPC_(2022-08-29).pdf', 586030, 2, 10, NULL, NULL, NULL, 431, '2022-08-31 08:53:24'),
(272, 'PQR_RFS_QO-06941_09-02-2022.xlsx', 627197, 1, 1, NULL, NULL, NULL, 429, '2022-09-08 07:34:36'),
(273, 'QO-06941_RFS_(09-07-2022).pdf', 519211, 2, 1, NULL, NULL, NULL, 429, '2022-09-08 07:35:22'),
(274, 'PQR_RFS_QO-06941_2022-09-12.xlsx', 645990, 1, 10, NULL, NULL, NULL, 429, '2022-09-14 11:08:30'),
(275, 'RE__Quote_for_new_pallets_for_RFS___NWS___QO-06941__.msg', 2744320, 9, 10, NULL, NULL, NULL, 429, '2022-09-14 11:11:19'),
(276, 'Checklistv14.5_Clearfield_Fiber_Splice_Cassettes_20220816.xlsx', 133599, 4, 10, NULL, NULL, NULL, 419, '2022-09-22 09:19:18'),
(277, 'Cassette_Block_Ramp_Plan_8.11.22.xlsx', 21329, 4, 10, NULL, NULL, NULL, 419, '2022-09-22 09:19:23'),
(278, 'FAO-FS-LT-SPLICE_RevB.pdf', 57728, 5, 10, NULL, NULL, NULL, 419, '2022-09-22 09:19:35'),
(279, 'Bom_Detail_with_Suppliers_and_DWG_Info.xlsx', 14467, 6, 10, NULL, NULL, NULL, 419, '2022-09-22 09:19:47'),
(280, 'ERL-024-C1E_100F_BOM_7-15-22.pdf', 175300, 6, 10, NULL, NULL, NULL, 419, '2022-09-22 09:19:52'),
(281, 'ERL-144-C1E_100F_BOM_7-15-22.pdf', 175259, 6, 10, NULL, NULL, NULL, 419, '2022-09-22 09:19:56'),
(282, 'ERR-024-C1E_100F_BOM_7-15-22.pdf', 173765, 6, 10, NULL, NULL, NULL, 419, '2022-09-22 09:20:01'),
(283, 'ERR-144-C1E_100F_BOM_7-15-22.pdf', 171529, 6, 10, NULL, NULL, NULL, 419, '2022-09-22 09:20:05'),
(284, 'WIO_900.454_Contract_Manufacturer_Patch_Only_Cassettes.pdf', 5714654, 7, 10, NULL, NULL, NULL, 419, '2022-09-22 09:20:28'),
(285, 'Equipment,_Tools,_Consumables_List_for_Patch_Only_Cassette_Blocks.xlsx', 11940, 7, 10, NULL, NULL, NULL, 419, '2022-09-22 09:20:37'),
(286, 'FW__Clearfield_144F_Cassette_Block_Splice_Program_.msg', 8191488, 9, 10, NULL, NULL, NULL, 419, '2022-09-22 09:21:11'),
(287, '2022-08-23_Open_Issues.xls', 257536, 10, 10, NULL, NULL, NULL, 419, '2022-09-22 09:21:21'),
(288, 'PQR_QO-07059_CLEARFIELD_2022-09-20.xlsx', 881982, 1, 10, NULL, NULL, NULL, 419, '2022-09-22 09:21:31'),
(289, 'WHITEPAPER_CLEARFIELD_QO-07059_09-20-22_v3.xlsx', 76251, 3, 10, NULL, NULL, NULL, 419, '2022-09-22 09:21:46'),
(290, 'QO-07059_CLEARFIELD_(09-21-2022).pdf', 513322, 2, 10, NULL, NULL, NULL, 419, '2022-09-22 09:21:58'),
(291, 'QO-06998-1_PPC_09-19-2022.xlsx', 717603, 1, 11, NULL, NULL, NULL, 441, '2022-09-23 07:58:20'),
(292, 'QO-06998-1_PPC_(2022-09-22).pdf', 683145, 2, 11, NULL, NULL, NULL, 441, '2022-09-23 07:58:34'),
(293, 'FW__PPC_Belden_Hybrid_Trunks_NAI_QO-06998_-Samples_Request.msg', 1700352, 9, 11, NULL, NULL, NULL, 441, '2022-09-23 08:04:15'),
(294, 'Checklist_RFS_THHN_-_092922.xlsx', 176096, 4, 1, NULL, NULL, NULL, 442, '2022-10-11 17:44:16'),
(295, 'Checklist_RFS_THHN_v2_-_093022.xlsx', 178625, 4, 1, NULL, NULL, NULL, 442, '2022-10-11 17:44:23'),
(296, 'THHN_Material_Numbers.xlsx', 79041, 6, 1, NULL, NULL, NULL, 442, '2022-10-11 17:45:26'),
(297, '78001466_THHN_TERMINATION_BOM.xlsx', 16165, 6, 1, NULL, NULL, NULL, 442, '2022-10-11 17:45:32'),
(298, 'PQR_QO-07244_RFS_10-05-2022.xlsx', 807300, 1, 1, NULL, NULL, NULL, 442, '2022-10-11 17:47:57'),
(299, 'PQR_QO-07244_RFS_10-07-2022.xlsx', 1085446, 1, 1, NULL, NULL, NULL, 442, '2022-10-11 17:48:13'),
(300, 'PQR_QO-07244_RFS_2022-10-11.xlsx', 1093223, 1, 1, NULL, NULL, NULL, 442, '2022-10-11 17:48:21'),
(301, 'PQR_QO-07163_SPLITTER_2X32_2022-10-19.xls', 3344896, 1, 10, NULL, NULL, NULL, 439, '2022-10-24 16:00:13'),
(302, 'QO-07163_LMG_2022-10-19.pdf', 505814, 2, 10, NULL, NULL, NULL, 439, '2022-10-24 16:00:27'),
(303, '2022-10-25_RFS_QO-07244.pdf', 689245, 2, 1, NULL, NULL, NULL, 442, '2022-10-25 14:30:25'),
(304, '2022-10-25_RFS_QO-07244-LIW.pdf', 694167, 2, 1, NULL, NULL, NULL, 442, '2022-10-25 14:30:38'),
(305, 'PQR__PPC_E000000048-E000000095_(10-07-2022).xlsx', 763443, 1, 11, NULL, NULL, NULL, 443, '2022-10-26 07:56:30'),
(306, 'E000000048_PPC_(2022-10-24).pdf', 706885, 2, 11, NULL, NULL, NULL, 443, '2022-10-26 07:56:46'),
(307, 'Checklistv14.5_PPC_BB_Belden_FTTA_Trunks_20221004.xlsx', 130445, 4, 11, NULL, NULL, NULL, 443, '2022-10-26 07:56:57'),
(308, '03OSXXDLU-DLUXXXFE.pdf', 569412, 5, 11, NULL, NULL, NULL, 443, '2022-10-26 07:57:09'),
(309, '04ASXXDLU-DLUXXXFE.pdf', 569301, 5, 11, NULL, NULL, NULL, 443, '2022-10-26 07:57:15'),
(310, '6-24_Fiber_configuration_armor-nonarmor_BOMs_10-07-2022.xlsx', 43328, 6, 11, NULL, NULL, NULL, 443, '2022-10-26 07:57:26'),
(311, 'FW__RFQ_-_PPC_Belden_Trunk_Cable_Assemblies.msg', 3105280, 9, 11, NULL, NULL, NULL, 443, '2022-10-26 07:57:46'),
(313, '2022-10-27_RFS_QO-07244.pdf', 688899, 2, 1, NULL, NULL, NULL, 442, '2022-10-27 14:45:10'),
(314, 'PQR_QO-07244_RFS_2022-10-27.xlsx', 1108756, 1, 1, NULL, NULL, NULL, 442, '2022-10-27 14:45:30'),
(315, 'PQR__NWS_E000000107_(10-27-2022).xlsx', 584362, 1, 11, NULL, NULL, NULL, 444, '2022-10-31 16:25:16'),
(316, 'E000000107_NWS_(10-28-2022).pdf', 678821, 2, 11, NULL, NULL, NULL, 444, '2022-10-31 16:26:36'),
(317, 'FJ-ODCAOPC-T2SMA-XXM.pdf', 1174644, 5, 11, NULL, NULL, NULL, 444, '2022-10-31 16:27:00'),
(318, 'FJ-ODCAOPE-T2SMA-XXM.pdf', 1236044, 5, 11, NULL, NULL, NULL, 444, '2022-10-31 16:27:09'),
(319, 'FJ-ODCR2-T2SMA-XXM.pdf', 1184120, 5, 11, NULL, NULL, NULL, 444, '2022-10-31 16:27:24'),
(320, 'FW__ODC_NOKIA.msg', 2475008, 9, 11, NULL, NULL, NULL, 444, '2022-10-31 16:28:09'),
(321, 'Checklistv14.5_RFS_RFQ_Addtl_Programs_MTrombly_2022.09.01.xlsx', 131661, 4, 1, NULL, NULL, NULL, 440, '2022-12-07 10:00:14'),
(322, 'PQR_QO-07167_RFS_12-07-2022.xlsx', 704817, 1, 1, NULL, NULL, NULL, 440, '2022-12-07 11:12:27'),
(323, 'Checklistv14.5_PPC_BB_Belden_FTTA_Armored_Jumpers_rev_1_2022.12.12.xlsx', 148803, 4, 1, NULL, NULL, NULL, 446, '2022-12-14 07:11:05'),
(324, '05AS02DLU-DLUXXXFE.pdf', 338517, 5, 1, NULL, NULL, NULL, 446, '2022-12-14 07:11:19'),
(325, '06FSXXDLU-DLUXXXFE.pdf', 388589, 5, 1, NULL, NULL, NULL, 446, '2022-12-14 07:11:27'),
(326, 'RFQ-Arm-Cables.pdf', 402634, 5, 1, NULL, NULL, NULL, 446, '2022-12-14 07:11:33'),
(327, '012ZPU-T3120D2H_NAFTA_AEN.pdf', 147386, 7, 1, NULL, NULL, NULL, 446, '2022-12-14 07:11:48'),
(328, 'EXTERNAL_RE_RFQ_-_FTTA_Armored_Jumpers.msg', 145920, 9, 1, NULL, NULL, NULL, 446, '2022-12-14 07:12:11'),
(329, 'PQR__JABIL_CADENCE_E000000384_(12-22-2022).xlsx', 573866, 1, 11, NULL, NULL, NULL, 447, '2022-12-22 08:19:13'),
(330, 'E000000384_JABIL_CADENCE_(12-22-2022).pdf', 672604, 2, 11, NULL, NULL, NULL, 447, '2022-12-22 08:19:28'),
(331, 'Jabil_Cadence_12-19-22.xlsx', 122496, 4, 11, NULL, NULL, NULL, 447, '2022-12-22 08:19:39'),
(332, 'FW_EXTERNAL_Request_for_Quote_MECH-DI221213-54437-BAJA-CUTERA(DUE_20230130)_(NAI_GROUP).msg', 1142784, 9, 6, NULL, NULL, NULL, 456, '2023-01-24 14:58:35'),
(333, 'PQR_E000000346_-_3129822-E@A_01-31-2023.xlsx', 923466, 1, 1, NULL, NULL, NULL, 453, '2023-01-31 14:31:03'),
(334, 'E000000346_Formal_Quote_3129822-E@A_01-31-2023.pdf', 587673, 2, 1, NULL, NULL, NULL, 453, '2023-01-31 14:31:38'),
(335, 'Checklistv14.0_Adtran_3129822-E@A.xlsx', 118784, 4, 1, NULL, NULL, NULL, 453, '2023-01-31 14:31:58'),
(336, '3129822-E@A.pdf', 84338, 5, 1, NULL, NULL, NULL, 453, '2023-01-31 14:32:12'),
(338, '12_Pair_Trunk_Fiber_Specification.pdf', 177053, 7, 1, NULL, NULL, NULL, 458, '2023-02-09 10:55:14'),
(339, '18_Pair_Trunk_Fiber_Specification.pdf', 215867, 7, 1, NULL, NULL, NULL, 458, '2023-02-09 10:55:18'),
(340, '24_Pair_Trunk_Fiber_Specification.pdf', 154657, 7, 1, NULL, NULL, NULL, 458, '2023-02-09 10:55:22'),
(341, 'Dual_Pair_Fiber_Specifications.pdf', 158080, 7, 1, NULL, NULL, NULL, 458, '2023-02-09 10:55:26'),
(342, 'RFI_NAI.pdf', 90408, 7, 1, NULL, NULL, NULL, 458, '2023-02-09 10:55:28'),
(343, 'Single_Pair_Trunk_Fiber_Specificatiions.pdf', 113957, 7, 1, NULL, NULL, NULL, 458, '2023-02-09 10:55:35'),
(344, 'H+S_RFQ_LTE_Discrete_Trunks_Solo_BOMs.xlsx', 375772, 6, 1, NULL, NULL, NULL, 458, '2023-02-09 11:32:23'),
(345, '2023-02-10_E000000538_PQR.xlsx', 1735283, 1, 10, NULL, NULL, NULL, 455, '2023-02-13 08:06:16'),
(346, 'viaPhoton_Requote_-Cable_included_model.msg', 994304, 9, 10, NULL, NULL, NULL, 455, '2023-02-13 08:06:33'),
(347, 'E000000538_viaPhoton_(02-10-2023).pdf', 513396, 2, 10, NULL, NULL, NULL, 455, '2023-02-13 08:06:43'),
(349, 'CHECKL_1.XLS', 130935, 4, 1, NULL, NULL, NULL, 455, '2023-02-13 08:33:59'),
(350, 'CHECKL~1.XLS', 130935, 3, 10, NULL, NULL, NULL, 455, '2023-02-13 08:34:05'),
(351, 'Checklist_14.8_H&S_Discrete_fiber_jumpers_and_trunks_20230217.xlsx', 3331392, 4, 1, NULL, NULL, NULL, 458, '2023-03-01 07:14:56'),
(352, 'PQR_RFS_E000000513_03-01-2023.xlsx', 400356, 1, 7, NULL, NULL, NULL, 454, '2023-03-01 16:50:29'),
(353, '2023-03-01_RFS_E000000668.pdf', 172102, 2, 7, NULL, NULL, NULL, 454, '2023-03-01 16:51:06'),
(354, 'Checklistv14.5_RFS_RFQ_OVP_Box_LIW_&_THHN_AKofsatsis_2023.01.18.xlsx', 135302, 4, 7, NULL, NULL, NULL, 454, '2023-03-01 16:51:26'),
(355, '78001480_revP1_DWG.PDF', 3120375, 5, 7, NULL, NULL, NULL, 454, '2023-03-01 16:52:33'),
(356, 'RFS_Open_Issues_02-13-2023.xls', 258048, 10, 7, NULL, NULL, NULL, 454, '2023-03-01 16:52:53'),
(357, '78001479_revP1_DWG.PDF', 2473875, 5, 7, NULL, NULL, NULL, 454, '2023-03-01 16:53:48'),
(358, 'PQR_RFS_E000000513_03-01-2023.xlsx', 400356, 1, 7, NULL, NULL, NULL, 460, '2023-03-01 16:54:56'),
(359, 'E000000684_Charles_(03-01-2023).pdf', 148163, 2, 7, NULL, NULL, NULL, 460, '2023-03-01 16:55:24'),
(360, 'Charles_Industries_-_BOM_05-900012-0.xlsx', 19509, 6, 7, NULL, NULL, NULL, 460, '2023-03-01 16:56:03'),
(361, 'Checklistv14.5_Loose_Tube.xlsx', 121579, 4, 7, NULL, NULL, NULL, 460, '2023-03-01 16:57:32'),
(362, 'Checklist_14.8_PPC_BB_Jumper+_Trunks_samples__V.4_20230306.xlsx', 3329616, 4, 1, NULL, NULL, NULL, 461, '2023-03-06 16:02:38'),
(363, '03OSXXDLU-DLUXXXFE.pdf', 639960, 5, 1, NULL, NULL, NULL, 461, '2023-03-06 16:03:11'),
(364, '04ASXXDLU-DLUXXXFE.pdf', 640305, 5, 1, NULL, NULL, NULL, 461, '2023-03-06 16:03:18'),
(365, '05AS02DLU-DLUXXXFE.pdf', 339019, 5, 1, NULL, NULL, NULL, 461, '2023-03-06 16:03:30'),
(366, '06FSXXDLU-DLUXXXFE.pdf', 394354, 5, 1, NULL, NULL, NULL, 461, '2023-03-06 16:03:38'),
(367, 'FW__FTTA_-_First_Article_Cable_Order.msg', 2945536, 9, 1, NULL, NULL, NULL, 461, '2023-03-06 16:04:43'),
(368, 'FW__FTTA_-_First_Article_Cable_Order-PPC_Broadband_Belden.msg', 7056896, 9, 1, NULL, NULL, NULL, 461, '2023-03-06 16:05:33'),
(369, 'RF_&_Fiber_Jumpers.xlsx', 10951, 4, 1, NULL, NULL, NULL, 463, '2023-03-23 10:08:34'),
(370, 'RF_Fiber_Jumpers_Sales.xlsx', 25250, 4, 1, NULL, NULL, NULL, 463, '2023-03-23 10:08:40'),
(371, 'FW__NAI_RFS_-_Jumper_Quote_Re-Group.msg', 946176, 9, 1, NULL, NULL, NULL, 463, '2023-03-23 10:35:39'),
(372, 'Checklist_14.8__V.4_RFS_Jumpers_RFQ_2023.03.23.xlsx', 3331144, 4, 1, NULL, NULL, NULL, 463, '2023-03-31 10:09:05'),
(373, 'Checklist_14.8_V.4_RFS_Ericsson_Rework__2023.04.06.xlsx', 3329467, 4, 1, NULL, NULL, NULL, 465, '2023-04-11 10:22:16'),
(374, 'PQR_E000000984_RFS_2023-04-12.xlsx', 588660, 1, 10, NULL, NULL, NULL, 465, '2023-04-13 08:13:58'),
(375, '2023-04-12_RFS_E000000984.pdf', 512687, 2, 10, NULL, NULL, NULL, 465, '2023-04-13 08:14:33'),
(376, '77001419.pdf', 82659, 7, 1, NULL, NULL, NULL, 463, '2023-04-14 08:11:02'),
(377, '77001465.pdf', 104430, 7, 1, NULL, NULL, NULL, 463, '2023-04-14 08:11:08'),
(378, '77001473.pdf', 550161, 7, 1, NULL, NULL, NULL, 463, '2023-04-14 08:11:12'),
(379, '77001474.pdf', 516434, 7, 1, NULL, NULL, NULL, 463, '2023-04-14 08:11:16'),
(380, '78001164.pdf', 167501, 7, 1, NULL, NULL, NULL, 463, '2023-04-14 08:11:20'),
(381, '78001175.pdf', 93709, 7, 1, NULL, NULL, NULL, 463, '2023-04-14 08:11:24'),
(382, '78001248.pdf', 1147479, 7, 1, NULL, NULL, NULL, 463, '2023-04-14 08:11:28'),
(383, 'MS-369.pdf', 228656, 7, 1, NULL, NULL, NULL, 463, '2023-04-14 08:11:32'),
(384, 'Checklist_14.8__V.4_viaPhoton_72_Fiber_BAbbas_2023.04.10.xlsx', 3329523, 4, 10, NULL, NULL, NULL, 467, '2023-04-26 11:08:43'),
(385, 'BOM_-_RFQ_Indoor_Fiber_Trunks__72_Fiber_LC_to_LC.xlsx', 10566, 6, 10, NULL, NULL, NULL, 467, '2023-04-26 11:08:59'),
(386, 'viaPhoton_RFQ_Indoor_Fiber_Trunks___72_Fiber_LC_to_LC.msg', 4988928, 9, 10, NULL, NULL, NULL, 467, '2023-04-26 11:09:32'),
(387, 'PQR_E000001004_VIAPHOTON_2023-04-26.xlsx', 602222, 1, 10, NULL, NULL, NULL, 467, '2023-04-26 11:09:51'),
(388, 'WHITEPAPER_viaPhoton_E000001004__23-04-25_v3.xlsx', 75136, 3, 10, NULL, NULL, NULL, 467, '2023-04-26 11:10:02'),
(389, 'E00001004_viaPhoton_(2023-04-26).pdf', 681322, 2, 10, NULL, NULL, NULL, 467, '2023-04-26 11:10:15');

-- --------------------------------------------------------

--
-- Estructura de tabla para la tabla `cotizacion_archivo_tipo`
--

CREATE TABLE `cotizacion_archivo_tipo` (
  `idCotizacionArchivoTipo` int(11) NOT NULL,
  `tipo` varchar(100) COLLATE utf8_unicode_ci NOT NULL
) ENGINE=InnoDB DEFAULT CHARSET=utf8 COLLATE=utf8_unicode_ci;

--
-- Volcado de datos para la tabla `cotizacion_archivo_tipo`
--

INSERT INTO `cotizacion_archivo_tipo` (`idCotizacionArchivoTipo`, `tipo`) VALUES
(1, 'PQR'),
(2, 'Formal Quote'),
(3, 'Stakeholder / Whitepaper'),
(4, 'RFQ & Checklist'),
(5, 'Drawings'),
(6, 'BOMs'),
(7, 'Specs'),
(8, 'VRFQ'),
(9, 'Emails'),
(10, 'Open Issues'),
(11, 'PO');

-- --------------------------------------------------------

--
-- Estructura de tabla para la tabla `cotizacion_categoria`
--

CREATE TABLE `cotizacion_categoria` (
  `idCotizacionCategoria` int(11) NOT NULL,
  `categoria` varchar(50) COLLATE utf8_unicode_ci NOT NULL,
  `descripcion` varchar(200) COLLATE utf8_unicode_ci NOT NULL,
  `idComplejidad` int(11) NOT NULL,
  `fechaCrea` datetime NOT NULL DEFAULT CURRENT_TIMESTAMP
) ENGINE=InnoDB DEFAULT CHARSET=utf8 COLLATE=utf8_unicode_ci;

--
-- Volcado de datos para la tabla `cotizacion_categoria`
--

INSERT INTO `cotizacion_categoria` (`idCotizacionCategoria`, `categoria`, `descripcion`, `idComplejidad`, `fechaCrea`) VALUES
(1, 'QUO-1', 'Fiber Jumper', 1, '2021-05-17 22:00:57'),
(2, 'QUO-2', 'Hybrid Fiber Assembly, Transitions, Molding, MultiFiber Assy', 2, '2021-05-17 22:00:57'),
(3, 'QUO-3', 'Fiber Assembly w/Canister, Double Transition, Hybrid, Components integration (kits)\r\n', 3, '2021-05-17 22:02:15'),
(4, 'QUO-4', 'Define BOM Jumper\r\n', 1, '2021-05-17 22:02:15'),
(5, 'QUO-5', 'Define BOM Hybrid Fiber Assembly, Transitions, Molding, MultiFiber Assy\r\n', 2, '2021-05-17 22:02:15'),
(6, 'QUO-6', 'Define BOM Fiber Assembly w/Canister, Double Transition, Hybrid, Components integration (kits)\r\n', 3, '2021-05-17 22:02:15'),
(7, 'QUO-7', 'Requotes per price increases\r\n', 2, '2021-05-17 22:03:09'),
(8, 'QUO-8', 'Special Projects: Roll up/ Pricing Analysis / Info for Mgmt\r\n', 3, '2021-05-17 22:03:27');

-- --------------------------------------------------------

--
-- Estructura de tabla para la tabla `cotizacion_ensambles`
--

CREATE TABLE `cotizacion_ensambles` (
  `idCotizacionEnsamble` int(11) NOT NULL,
  `numParte` varchar(100) COLLATE utf8_unicode_ci DEFAULT NULL,
  `descripcion` varchar(200) COLLATE utf8_unicode_ci DEFAULT NULL,
  `eau` int(11) DEFAULT NULL,
  `selling_price` float NOT NULL DEFAULT '0',
  `notas` text COLLATE utf8_unicode_ci,
  `fechaCrea` datetime NOT NULL DEFAULT CURRENT_TIMESTAMP,
  `idCotizacion` int(11) NOT NULL
) ENGINE=InnoDB DEFAULT CHARSET=utf8 COLLATE=utf8_unicode_ci;

--
-- Volcado de datos para la tabla `cotizacion_ensambles`
--

INSERT INTO `cotizacion_ensambles` (`idCotizacionEnsamble`, `numParte`, `descripcion`, `eau`, `selling_price`, `notas`, `fechaCrea`, `idCotizacion`) VALUES
(1, NULL, NULL, NULL, 0, NULL, '2022-06-20 10:46:42', 427),
(2, 'MC-0000-259-14K', 'FJ OM2 LC - SC 1M', 1000, 14.49, '', '2022-06-20 10:48:58', 427),
(3, 'MC-0000-259-14K', 'FJ OM2 LC - SC 1M', 1000, 14.49, '', '2022-06-20 10:49:59', 427),
(4, 'NAI-5329', 'Y-Jumper Ampheno l- Blunt cut', 7200, 115.47, '', '2022-06-20 14:34:40', 422),
(5, 'NAI-5330', 'Y-Power Jumper Amphenol to Amphenol / 8AWG / 55A', 7200, 147.73, '', '2022-06-20 14:35:16', 422),
(6, NULL, NULL, NULL, 0, NULL, '2022-08-31 11:57:37', 426),
(7, NULL, NULL, NULL, 0, NULL, '2022-08-31 11:57:38', 426),
(8, NULL, NULL, NULL, 0, NULL, '2022-08-31 11:57:39', 426),
(9, NULL, NULL, NULL, 0, NULL, '2022-08-31 11:57:39', 426),
(10, '75901190', 'Cable Piece 78001043 132FT', 50, 0, '', '2022-09-20 11:31:57', 440),
(11, '75901193', 'Cable Piece 78001043 162FT', 50, 0, '', '2022-09-20 11:32:38', 440),
(12, '75901197', 'Cable Piece 78001043 202FT', 50, 0, '', '2022-09-20 11:32:40', 440),
(13, '75901198', 'Cable Piece 78001043 212FT', 50, 0, '', '2022-09-20 11:32:40', 440),
(14, '75901201', 'Cable Piece 78001043 242FT', 50, 0, '', '2022-09-20 11:32:41', 440),
(15, '75901206', 'Cable Piece 78001043 292FT', 50, 0, '', '2022-09-20 11:32:42', 440),
(16, '75901208', 'Cable Piece 78001043 312FT', 50, 0, '', '2022-09-20 11:32:45', 440),
(17, '75901209', 'Cable Piece 78001043 322FT', 50, 0, '', '2022-09-20 11:32:46', 440),
(18, '75901210', 'Cable Piece 78001043 332FT', 50, 0, '', '2022-09-20 11:34:15', 440),
(19, '75900963', 'Cable Piece 78000727 26FT', 35, 0, '', '2022-09-22 09:43:28', 440),
(20, '75900967', 'Cable Piece 78000753 21FT', 1063, 0, '', '2022-09-22 10:04:07', 440),
(21, '75900968', 'Cable Piece 78000753 26FT', 15, 0, '', '2022-09-22 10:04:09', 440),
(22, '75900969', 'Cable Piece 78000753 36FT', 415, 0, '', '2022-09-22 10:05:09', 440),
(23, '75900978', 'Cable Piece 78000760 26FT', 12, 0, '', '2022-09-22 10:05:09', 440),
(24, '75901338', 'Cable Piece 78001137 25ft', 102, 0, '', '2022-09-22 10:05:10', 440),
(25, '75901350', 'Cable Piece 78001137 45ft', 6, 0, '', '2022-09-22 10:05:10', 440),
(26, '75901358', 'Cable Piece 78001137 25ft', 300, 0, '', '2022-09-22 10:05:10', 440),
(27, '75901359', 'Cable Piece 78001137 35ft', 60, 0, '', '2022-09-22 10:05:11', 440),
(28, '75901438', 'Cable Piece 78001163 22ft', 6, 0, '', '2022-09-22 10:05:11', 440),
(29, '75901583', 'Cable Piece 78001137 25ft', 575, 0, '', '2022-09-22 10:05:11', 440),
(30, '75901584', 'Cable Piece 78001137 35ft', 503, 0, '', '2022-09-22 10:05:12', 440),
(31, '75901585', 'Cable Piece 78001137 45ft', 3, 0, '', '2022-09-22 10:05:12', 440),
(32, '75901586', 'Cable Piece 78001137 55ft', 3, 0, '', '2022-09-22 10:05:12', 440),
(33, '75901592', 'Cable Piece 78001163 12ft', 14, 0, '', '2022-09-22 10:05:13', 440),
(34, '75901613', 'Cable Piece 78001163 22ft', 745, 0, '', '2022-09-22 10:05:13', 440),
(35, '75901614', 'Cable Piece 78001163 32ft', 1407, 0, '', '2022-09-22 10:05:14', 440),
(36, '75901616', 'Cable Piece 78001163 52ft', 450, 0, '', '2022-09-22 10:05:14', 440),
(37, '75901622', 'Cable Piece 78001163 12ft', 420, 0, '', '2022-09-22 10:05:14', 440),
(38, '75901623', 'Cable Piece 78001163 22ft', 5, 0, '', '2022-09-22 10:05:15', 440),
(39, '75901624', 'Cable Piece 78001163 32ft', 2088, 0, '', '2022-09-22 10:05:15', 440),
(40, '75902506', 'HBK114-U6S12-10TH', 13, 0, '', '2022-10-04 07:44:48', 442),
(41, '75902509', 'HBK114-U6S12-40TH', 13, 0, '', '2022-10-04 07:45:05', 442),
(42, '75902508', 'HBK114-U6S12-30TH', 13, 0, '', '2022-10-04 07:45:05', 442),
(43, '75902507', 'HBK114-U6S12-20TH', 13, 0, '', '2022-10-04 07:45:05', 442),
(44, '75902512', 'HBK114-U6S12-70TH', 13, 0, '', '2022-10-04 07:45:06', 442),
(45, '75902511', 'HBK114-U6S12-60TH', 13, 0, '', '2022-10-04 07:45:06', 442),
(46, '75902510', 'HBK114-U6S12-50TH', 13, 0, '', '2022-10-04 07:45:06', 442),
(47, '75902515', 'HBK114-U6S12-100TH', 13, 0, '', '2022-10-04 07:45:07', 442),
(48, '75902514', 'HBK114-U6S12-90TH', 13, 0, '', '2022-10-04 07:45:07', 442),
(49, '75902513', 'HBK114-U6S12-80TH', 13, 0, '', '2022-10-04 07:45:07', 442),
(50, '75902518', 'HBK114-U6S12-130TH', 13, 0, '', '2022-10-04 07:45:08', 442),
(51, '75902517', 'HBK114-U6S12-120TH', 13, 0, '', '2022-10-04 07:45:08', 442),
(52, '75902516', 'HBK114-U6S12-110TH', 13, 0, '', '2022-10-04 07:45:08', 442),
(53, '75902521', 'HBK114-U6S12-160TH', 13, 0, '', '2022-10-04 07:45:09', 442),
(54, '75902520', 'HBK114-U6S12-150TH', 13, 0, '', '2022-10-04 07:45:09', 442),
(55, '75902519', 'HBK114-U6S12-140TH', 13, 0, '', '2022-10-04 07:45:09', 442),
(56, '75902524', 'HBK114-U6S12-190TH', 13, 0, '', '2022-10-04 07:45:10', 442),
(57, '75902523', 'HBK114-U6S12-180TH', 13, 0, '', '2022-10-04 07:45:10', 442),
(58, '75902522', 'HBK114-U6S12-170TH', 13, 0, '', '2022-10-04 07:45:10', 442),
(59, '75902527', 'HBK114-U6S12-220TH', 13, 0, '', '2022-10-04 07:45:11', 442),
(60, '75902526', 'HBK114-U6S12-210TH', 13, 0, '', '2022-10-04 07:45:11', 442),
(61, '75902525', 'HBK114-U6S12-200TH', 13, 0, '', '2022-10-04 07:45:11', 442),
(62, '75902530', 'HBK114-U6S12-250TH', 13, 0, '', '2022-10-04 07:45:12', 442),
(63, '75902529', 'HBK114-U6S12-240TH', 13, 0, '', '2022-10-04 07:45:12', 442),
(64, '75902528', 'HBK114-U6S12-230TH', 13, 0, '', '2022-10-04 07:45:12', 442),
(65, '75902533', 'HBK114-U6S12-280TH', 13, 0, '', '2022-10-04 07:45:13', 442),
(66, '75902532', 'HBK114-U6S12-270TH', 13, 0, '', '2022-10-04 07:45:13', 442),
(67, '75902531', 'HBK114-U6S12-260TH', 13, 0, '', '2022-10-04 07:45:13', 442),
(68, '75902536', 'HBK114-U6S12-310TH', 13, 0, '', '2022-10-04 07:45:14', 442),
(69, '75902535', 'HBK114-U6S12-300TH', 13, 0, '', '2022-10-04 07:45:14', 442),
(70, '75902534', 'HBK114-U6S12-290TH', 13, 0, '', '2022-10-04 07:45:14', 442),
(71, '75902539', 'HBK114-U6S12-340TH', 13, 0, '', '2022-10-04 07:45:15', 442),
(72, '75902538', 'HBK114-U6S12-330TH', 13, 0, '', '2022-10-04 07:45:15', 442),
(73, '75902537', 'HBK114-U6S12-320TH', 13, 0, '', '2022-10-04 07:45:15', 442),
(74, '75902542', 'HBK114-U6S12-370TH', 13, 0, '', '2022-10-04 07:45:16', 442),
(75, '75902541', 'HBK114-U6S12-360TH', 13, 0, '', '2022-10-04 07:45:16', 442),
(76, '75902540', 'HBK114-U6S12-350TH', 13, 0, '', '2022-10-04 07:45:16', 442),
(77, '75902544', 'HBK114-U6S12-390TH', 13, 0, '', '2022-10-04 07:45:17', 442),
(78, '75902543', 'HBK114-U6S12-380TH', 13, 0, '', '2022-10-04 07:45:17', 442),
(79, '75902546', 'HBK114-U6S12-410TH', 13, 0, '', '2022-10-04 07:45:18', 442),
(80, '75902545', 'HBK114-U6S12-400TH', 13, 0, '', '2022-10-04 07:45:18', 442),
(81, '75902548', 'HBK114-U6S12-430TH', 13, 0, '', '2022-10-04 07:45:19', 442),
(82, '75902547', 'HBK114-U6S12-420TH', 13, 0, '', '2022-10-04 07:45:19', 442),
(83, '75902550', 'HBK114-U6S12-450TH', 13, 0, '', '2022-10-04 07:45:20', 442),
(84, '75902549', 'HBK114-U6S12-440TH', 13, 0, '', '2022-10-04 07:45:20', 442),
(85, '75902553', 'HBK114-U6S12-480TH', 13, 0, '', '2022-10-04 07:45:21', 442),
(86, '75902552', 'HBK114-U6S12-470TH', 13, 0, '', '2022-10-04 07:45:21', 442),
(87, '75902551', 'HBK114-U6S12-460TH', 13, 0, '', '2022-10-04 07:45:21', 442),
(88, '75902555', 'HBK114-U6S12-500TH', 13, 0, '', '2022-10-04 07:45:22', 442),
(89, '75902554', 'HBK114-U6S12-490TH', 13, 0, '', '2022-10-04 07:45:22', 442),
(90, '75902557', 'HBK114-U6S12-520TH', 13, 0, '', '2022-10-04 07:45:23', 442),
(91, '75902556', 'HBK114-U6S12-510TH', 13, 0, '', '2022-10-04 07:45:23', 442),
(92, '75902560', 'HBK114-U6S12-550TH', 13, 0, '', '2022-10-04 07:45:24', 442),
(93, '75902559', 'HBK114-U6S12-540TH', 13, 0, '', '2022-10-04 07:45:24', 442),
(94, '75902558', 'HBK114-U6S12-530TH', 13, 0, '', '2022-10-04 07:45:24', 442),
(95, '75902562', 'HBK114-U6S12-570TH', 13, 0, '', '2022-10-04 07:45:25', 442),
(96, '75902561', 'HBK114-U6S12-560TH', 13, 0, '', '2022-10-04 07:45:25', 442),
(97, '75902564', 'HBK114-U6S12-590TH', 13, 0, '', '2022-10-04 07:45:26', 442),
(98, '75902563', 'HBK114-U6S12-580TH', 13, 0, '', '2022-10-04 07:45:26', 442),
(99, '75902566', 'HBK114-U6S12-610TH', 13, 0, '', '2022-10-04 07:45:27', 442),
(100, '75902565', 'HBK114-U6S12-600TH', 13, 0, '', '2022-10-04 07:45:27', 442),
(101, '75902570', 'HBK114-U6S12-700TH', 13, 0, '', '2022-10-04 07:45:28', 442),
(102, '75902569', 'HBK114-U6S12-670TH', 13, 0, '', '2022-10-04 07:45:28', 442),
(103, '75902568', 'HBK114-U6S12-640TH', 13, 0, '', '2022-10-04 07:45:28', 442),
(104, '75902567', 'HBK114-U6S12-620TH', 13, 0, '', '2022-10-04 07:45:28', 442),
(105, '75902573', 'HBK114-U6S12-850TH', 13, 0, '', '2022-10-04 07:45:29', 442),
(106, '75902572', 'HBK114-U6S12-800TH', 13, 0, '', '2022-10-04 07:45:29', 442),
(107, '75902571', 'HBK114-U6S12-750TH', 13, 0, '', '2022-10-04 07:45:29', 442),
(108, '75902575', 'HBK114-U6S12-950TH', 13, 0, '', '2022-10-04 07:45:30', 442),
(109, '75902574', 'HBK114-U6S12-900TH', 13, 0, '', '2022-10-04 07:45:30', 442),
(110, '75902576', 'HBK114-U6S121000TH', 13, 0, '', '2022-10-04 07:45:33', 442),
(111, '75902435', 'HB114-U6S12-10-TH', 0, 0, '', '2022-10-04 08:27:37', 442),
(112, '75902436', 'HB114-U6S12-20-TH', 0, 0, '', '2022-10-04 08:27:37', 442),
(113, '75902437', 'HB114-U6S12-30-TH', 0, 0, '', '2022-10-04 08:27:38', 442),
(114, '75902438', 'HB114-U6S12-40-TH', 0, 0, '', '2022-10-04 08:27:38', 442),
(115, '75902439', 'HB114-U6S12-50-TH', 0, 0, '', '2022-10-04 08:27:38', 442),
(116, '75902440', 'HB114-U6S12-60-TH', 0, 0, '', '2022-10-04 08:27:39', 442),
(117, '75902441', 'HB114-U6S12-70-TH', 0, 0, '', '2022-10-04 08:27:39', 442),
(118, '75902442', 'HB114-U6S12-80-TH', 0, 0, '', '2022-10-04 08:27:39', 442),
(119, '75902443', 'HB114-U6S12-90-TH', 0, 0, '', '2022-10-04 08:27:40', 442),
(120, '75902444', 'HB114-U6S12-100-TH', 0, 0, '', '2022-10-04 08:27:40', 442),
(121, '75902445', 'HB114-U6S12-110-TH', 0, 0, '', '2022-10-04 08:27:40', 442),
(122, '75902446', 'HB114-U6S12-120-TH', 0, 0, '', '2022-10-04 08:27:41', 442),
(123, '75902447', 'HB114-U6S12-130-TH', 0, 0, '', '2022-10-04 08:27:41', 442),
(124, '75902448', 'HB114-U6S12-140-TH', 0, 0, '', '2022-10-04 08:27:41', 442),
(125, '75902449', 'HB114-U6S12-150-TH', 0, 0, '', '2022-10-04 08:27:42', 442),
(126, '75902450', 'HB114-U6S12-160-TH', 0, 0, '', '2022-10-04 08:27:42', 442),
(127, '75902451', 'HB114-U6S12-170-TH', 0, 0, '', '2022-10-04 08:27:42', 442),
(128, '75902452', 'HB114-U6S12-180-TH', 0, 0, '', '2022-10-04 08:27:43', 442),
(129, '75902453', 'HB114-U6S12-190-TH', 0, 0, '', '2022-10-04 08:27:43', 442),
(130, '75902454', 'HB114-U6S12-200-TH', 0, 0, '', '2022-10-04 08:27:43', 442),
(131, '75902455', 'HB114-U6S12-210-TH', 0, 0, '', '2022-10-04 08:27:44', 442),
(132, '75902456', 'HB114-U6S12-220-TH', 0, 0, '', '2022-10-04 08:27:44', 442),
(133, '75902457', 'HB114-U6S12-230-TH', 0, 0, '', '2022-10-04 08:27:44', 442),
(134, '75902458', 'HB114-U6S12-240-TH', 0, 0, '', '2022-10-04 08:27:45', 442),
(135, '75902459', 'HB114-U6S12-250-TH', 0, 0, '', '2022-10-04 08:27:46', 442),
(136, '75902460', 'HB114-U6S12-260-TH', 0, 0, '', '2022-10-04 08:27:46', 442),
(137, '75902461', 'HB114-U6S12-270-TH', 0, 0, '', '2022-10-04 08:27:46', 442),
(138, '75902462', 'HB114-U6S12-280-TH', 0, 0, '', '2022-10-04 08:27:47', 442),
(139, '75902463', 'HB114-U6S12-290-TH', 0, 0, '', '2022-10-04 08:27:47', 442),
(140, '75902464', 'HB114-U6S12-300-TH', 0, 0, '', '2022-10-04 08:27:47', 442),
(141, '75902465', 'HB114-U6S12-310-TH', 0, 0, '', '2022-10-04 08:27:48', 442),
(142, '75902466', 'HB114-U6S12-320-TH', 0, 0, '', '2022-10-04 08:27:48', 442),
(143, '75902467', 'HB114-U6S12-330-TH', 0, 0, '', '2022-10-04 08:27:49', 442),
(144, '75902468', 'HB114-U6S12-340-TH', 0, 0, '', '2022-10-04 08:27:49', 442),
(145, '75902469', 'HB114-U6S12-350-TH', 0, 0, '', '2022-10-04 08:27:49', 442),
(146, '75902470', 'HB114-U6S12-360-TH', 0, 0, '', '2022-10-04 08:27:50', 442),
(147, '75902471', 'HB114-U6S12-370-TH', 0, 0, '', '2022-10-04 08:27:50', 442),
(148, '75902472', 'HB114-U6S12-380-TH', 0, 0, '', '2022-10-04 08:27:51', 442),
(149, '75902473', 'HB114-U6S12-390-TH', 0, 0, '', '2022-10-04 08:27:51', 442),
(150, '75902474', 'HB114-U6S12-400-TH', 0, 0, '', '2022-10-04 08:27:52', 442),
(151, '75902475', 'HB114-U6S12-410-TH', 0, 0, '', '2022-10-04 08:27:53', 442),
(152, '75902476', 'HB114-U6S12-420-TH', 0, 0, '', '2022-10-04 08:27:53', 442),
(153, '75902477', 'HB114-U6S12-430-TH', 0, 0, '', '2022-10-04 08:27:54', 442),
(154, '75902478', 'HB114-U6S12-440-TH', 0, 0, '', '2022-10-04 08:27:54', 442),
(155, '75902479', 'HB114-U6S12-450-TH', 0, 0, '', '2022-10-04 08:27:55', 442),
(156, '75902480', 'HB114-U6S12-460-TH', 0, 0, '', '2022-10-04 08:27:55', 442),
(157, '75902481', 'HB114-U6S12-470-TH', 0, 0, '', '2022-10-04 08:27:56', 442),
(158, '75902482', 'HB114-U6S12-480-TH', 0, 0, '', '2022-10-04 08:27:56', 442),
(159, '75902483', 'HB114-U6S12-490-TH', 0, 0, '', '2022-10-04 08:27:57', 442),
(160, '75902484', 'HB114-U6S12-500-TH', 0, 0, '', '2022-10-04 08:27:57', 442),
(161, '75902485', 'HB114-U6S12-510-TH', 0, 0, '', '2022-10-04 08:27:57', 442),
(162, '75902486', 'HB114-U6S12-520-TH', 0, 0, '', '2022-10-04 08:27:58', 442),
(163, '75902487', 'HB114-U6S12-530-TH', 0, 0, '', '2022-10-04 08:27:58', 442),
(164, '75902488', 'HB114-U6S12-540-TH', 0, 0, '', '2022-10-04 08:27:59', 442),
(165, '75902489', 'HB114-U6S12-550-TH', 0, 0, '', '2022-10-04 08:27:59', 442),
(166, '75902490', 'HB114-U6S12-560-TH', 0, 0, '', '2022-10-04 08:28:00', 442),
(167, '75902491', 'HB114-U6S12-570-TH', 0, 0, '', '2022-10-04 08:28:00', 442),
(168, '75902492', 'HB114-U6S12-580-TH', 0, 0, '', '2022-10-04 08:28:01', 442),
(169, '75902493', 'HB114-U6S12-590-TH', 0, 0, '', '2022-10-04 08:28:01', 442),
(170, '75902494', 'HB114-U6S12-600-TH', 0, 0, '', '2022-10-04 08:28:02', 442),
(171, '75902495', 'HB114-U6S12-610-TH', 0, 0, '', '2022-10-04 08:28:02', 442),
(172, '75902496', 'HB114-U6S12-620-TH', 0, 0, '', '2022-10-04 08:28:03', 442),
(173, '75902497', 'HB114-U6S12-640-TH', 0, 0, '', '2022-10-04 08:28:03', 442),
(174, '75902498', 'HB114-U6S12-670-TH', 0, 0, '', '2022-10-04 08:28:04', 442),
(175, '75902499', 'HB114-U6S12-700-TH', 0, 0, '', '2022-10-04 08:28:04', 442),
(176, '75902500', 'HB114-U6S12-750-TH', 0, 0, '', '2022-10-04 08:28:05', 442),
(177, '75902501', 'HB114-U6S12-800-TH', 0, 0, '', '2022-10-04 08:28:05', 442),
(178, '75902502', 'HB114-U6S12-850-TH', 0, 0, '', '2022-10-04 08:28:06', 442),
(179, '75902503', 'HB114-U6S12-900-TH', 0, 0, '', '2022-10-04 08:28:06', 442),
(180, '75902504', 'HB114-U6S12-950-TH', 0, 0, '', '2022-10-04 08:28:07', 442),
(181, '75902505', 'HB114-U6S12-1000TH', 0, 0, '', '2022-10-04 08:28:07', 442),
(182, '06FS06DLU-DLU300FE', 'LSZHSM 6FDLU-DLUARM 300F', 1, 0, '', '2022-12-12 11:05:42', 446),
(183, '06FS06DLU-DLU275FE', 'LSZHSM 6FDLU-DLUARM 275F', 1, 0, '', '2022-12-12 11:06:04', 446),
(184, '06FS06DLU-DLU200FE', 'LSZHSM 6FDLU-DLUARM 200F', 1, 0, '', '2022-12-12 11:06:05', 446),
(185, '06FS06DLU-DLU225FE', 'LSZHSM 6FDLU-DLUARM 225F', 1, 0, '', '2022-12-12 11:06:05', 446),
(186, '06FS06DLU-DLU250FE', 'LSZHSM 6FDLU-DLUARM 250F', 1, 0, '', '2022-12-12 11:06:05', 446),
(187, '06FS06DLU-DLU125FE', 'LSZHSM 6FDLU-DLUARM 125F', 1, 0, '', '2022-12-12 11:06:06', 446),
(188, '06FS06DLU-DLU150FE', 'LSZHSM 6FDLU-DLUARM 150F', 1, 0, '', '2022-12-12 11:06:06', 446),
(189, '06FS06DLU-DLU175FE', 'LSZHSM 6FDLU-DLUARM 175F', 1, 0, '', '2022-12-12 11:06:06', 446),
(190, '06FS06DLU-DLU070FE', 'LSZHSM 6FDLU-DLUARM 70F', 1, 0, '', '2022-12-12 11:06:07', 446),
(191, '06FS06DLU-DLU080FE', 'LSZHSM 6FDLU-DLUARM 80F', 1, 0, '', '2022-12-12 11:06:07', 446),
(192, '06FS06DLU-DLU090FE', 'LSZHSM 6FDLU-DLUARM 90F', 1, 0, '', '2022-12-12 11:06:07', 446),
(193, '06FS06DLU-DLU100FE', 'LSZHSM 6FDLU-DLUARM 100F', 1, 0, '', '2022-12-12 11:06:07', 446),
(194, '06FS06DLU-DLU040FE', 'LSZHSM 6FDLU-DLUARM 40F', 1, 0, '', '2022-12-12 11:06:08', 446),
(195, '06FS06DLU-DLU050FE', 'LSZHSM 6FDLU-DLUARM 50F', 1, 0, '', '2022-12-12 11:06:08', 446),
(196, '06FS06DLU-DLU060FE', 'LSZHSM 6FDLU-DLUARM 60F', 1, 0, '', '2022-12-12 11:06:08', 446),
(197, '06FS04DLU-DLU250FE', 'LSZHSM 4FDLU-DLUARM 250F', 1, 0, '', '2022-12-12 11:06:09', 446),
(198, '06FS04DLU-DLU275FE', 'LSZHSM 4FDLU-DLUARM 275F', 1, 0, '', '2022-12-12 11:06:09', 446),
(199, '06FS04DLU-DLU300FE', 'LSZHSM 4FDLU-DLUARM 300F', 1, 0, '', '2022-12-12 11:06:09', 446),
(200, '06FS06DLU-DLU030FE', 'LSZHSM 6FDLU-DLUARM 30F', 1, 0, '', '2022-12-12 11:06:09', 446),
(201, '06FS04DLU-DLU175FE', 'LSZHSM 4FDLU-DLUARM 175F', 1, 0, '', '2022-12-12 11:06:10', 446),
(202, '06FS04DLU-DLU200FE', 'LSZHSM 4FDLU-DLUARM 200F', 1, 0, '', '2022-12-12 11:06:10', 446),
(203, '06FS04DLU-DLU225FE', 'LSZHSM 4FDLU-DLUARM 225F', 1, 0, '', '2022-12-12 11:06:10', 446),
(204, '06FS04DLU-DLU100FE', 'LSZHSM 4FDLU-DLUARM 100F', 1, 0, '', '2022-12-12 11:06:11', 446),
(205, '06FS04DLU-DLU125FE', 'LSZHSM 4FDLU-DLUARM 125F', 1, 0, '', '2022-12-12 11:06:11', 446),
(206, '06FS04DLU-DLU150FE', 'LSZHSM 4FDLU-DLUARM 150F', 1, 0, '', '2022-12-12 11:06:11', 446),
(207, '06FS04DLU-DLU070FE', 'LSZHSM 4FDLU-DLUARM 70F', 1, 0, '', '2022-12-12 11:06:12', 446),
(208, '06FS04DLU-DLU080FE', 'LSZHSM 4FDLU-DLUARM 80F', 1, 0, '', '2022-12-12 11:06:12', 446),
(209, '06FS04DLU-DLU090FE', 'LSZHSM 4FDLU-DLUARM 90F', 1, 0, '', '2022-12-12 11:06:12', 446),
(210, '06FS04DLU-DLU040FE', 'LSZHSM 4FDLU-DLUARM 40F', 1, 0, '', '2022-12-12 11:06:13', 446),
(211, '06FS04DLU-DLU050FE', 'LSZHSM 4FDLU-DLUARM 50F', 1, 0, '', '2022-12-12 11:06:13', 446),
(212, '06FS04DLU-DLU060FE', 'LSZHSM 4FDLU-DLUARM 60F', 1, 0, '', '2022-12-12 11:06:13', 446),
(213, '05AS02DLU-DLU275FE', 'LSZHSM 2FDLU-DLUARM 275F', 1, 0, '', '2022-12-12 11:06:14', 446),
(214, '05AS02DLU-DLU300FE', 'LSZHSM 2FDLU-DLUARM 300F', 1, 0, '', '2022-12-12 11:06:14', 446),
(215, '06FS04DLU-DLU030FE', 'LSZHSM 4FDLU-DLUARM 30F', 1, 0, '', '2022-12-12 11:06:14', 446),
(216, '05AS02DLU-DLU200FE', 'LSZHSM 2FDLU-DLUARM 200F', 1, 0, '', '2022-12-12 11:06:15', 446),
(217, '05AS02DLU-DLU225FE', 'LSZHSM 2FDLU-DLUARM 225F', 1, 0, '', '2022-12-12 11:06:15', 446),
(218, '05AS02DLU-DLU250FE', 'LSZHSM 2FDLU-DLUARM 250F', 1, 0, '', '2022-12-12 11:06:15', 446),
(219, '05AS02DLU-DLU175FE', 'LSZHSM 2FDLU-DLUARM 175F', 1, 0, '', '2022-12-12 11:06:16', 446),
(220, '05AS02DLU-DLU100FE', 'LSZHSM 2FDLU-DLUARM 100F', 1, 0, '', '2022-12-12 11:06:17', 446),
(221, '05AS02DLU-DLU125FE', 'LSZHSM 2FDLU-DLUARM 125F', 1, 0, '', '2022-12-12 11:06:17', 446),
(222, '05AS02DLU-DLU150FE', 'LSZHSM 2FDLU-DLUARM 150F', 1, 0, '', '2022-12-12 11:06:17', 446),
(223, '05AS02DLU-DLU070FE', 'LSZHSM 2FDLU-DLUARM 70F', 1, 0, '', '2022-12-12 11:06:18', 446),
(224, '05AS02DLU-DLU080FE', 'LSZHSM 2FDLU-DLUARM 80F', 1, 0, '', '2022-12-12 11:06:18', 446),
(225, '05AS02DLU-DLU090FE', 'LSZHSM 2FDLU-DLUARM 90F', 1, 0, '', '2022-12-12 11:06:18', 446),
(226, '05AS02DLU-DLU050FE', 'LSZHSM 2FDLU-DLUARM 50F', 1, 0, '', '2022-12-12 11:06:19', 446),
(227, '05AS02DLU-DLU060FE', 'LSZHSM 2FDLU-DLUARM 60F', 1, 0, '', '2022-12-12 11:06:19', 446),
(228, '05AS02DLU-DLU030FE', 'LSZHSM 2FDLU-DLUARM 30F', 1, 0, '', '2022-12-12 11:06:20', 446),
(229, '05AS02DLU-DLU040FE', 'LSZHSM 2FDLU-DLUARM 40F', 1, 0, '', '2022-12-12 11:06:20', 446),
(230, 'PBIF001HNNN2500F', '', 10, 0, '', '2023-01-10 10:03:26', 449),
(231, 'PBIF001HNNN250F', '', 100, 0, '', '2023-01-10 10:03:35', 449),
(232, '853-A88812-011 ', '', 1, 0, '', '2023-01-13 09:51:35', 452),
(233, '853-A88819-011', '', 1, 0, '', '2023-01-13 09:51:40', 452),
(234, '05-150635-0-300FT', '', 1, 0, 'Not correct Part #', '2023-01-13 09:55:59', 450),
(235, '05-150635-0-500FT', '', 1, 0, 'Not correct Part #', '2023-01-13 09:56:28', 450),
(236, '05-150635-0-1000FT', '', 1, 0, 'Not correct Part #', '2023-01-13 09:56:39', 450),
(237, 'NAI-5354-300FT', '', 50, 0, '', '2023-01-17 12:14:20', 450),
(238, 'NAI-5354-500FT', '', 50, 0, '', '2023-01-17 12:15:05', 450),
(239, 'NAI-5354-1000FT', '', 50, 0, '', '2023-01-17 12:15:20', 450),
(240, '3129822-E@A', '', 0, 0, '', '2023-01-17 15:36:27', 453),
(241, '75902652', 'HBAS 6x6AWG LIW 12xFO 10FT NexGen OVP ', 1, 0, '', '2023-01-18 09:50:16', 454),
(242, '75902653', 'HBAS 6x6AWG LIW 12xFO 20FT NexGen OVP ', 1, 0, '', '2023-01-18 09:50:53', 454),
(243, '75902654', 'HBAS 6x6AWG LIW 12xFO 30FT NexGen OVP ', 1, 0, '', '2023-01-18 09:51:42', 454),
(244, '75902655', 'HBAS 6x6AWG LIW 12xFO 40FT NexGen OVP ', 1, 0, '', '2023-01-18 09:52:07', 454),
(245, '75902656', 'HBAS 6x6AWG LIW 12xFO 50FT NexGen OVP ', 1, 0, '', '2023-01-18 10:09:24', 454),
(246, '75902657', 'HBAS 6x6AWG LIW 12xFO 60FT NexGen OVP ', 1, 0, '', '2023-01-18 10:09:42', 454),
(247, '75902658', 'HBAS 6x6AWG LIW 12xFO 70FT NexGen OVP ', 1, 0, '', '2023-01-18 10:10:30', 454),
(248, '75902659', 'HBAS 6x6AWG LIW 12xFO 80FT NexGen OVP ', 1, 0, '', '2023-01-18 10:10:41', 454),
(249, '75902660', 'HBAS 6x6AWG LIW 12xFO 90FT NexGen OVP ', 1, 0, '', '2023-01-18 10:11:10', 454),
(250, '75902661', 'HBAS 6x6AWG LIW 12xFO 100FT NexGen OVP ', 1, 0, '', '2023-01-18 10:11:33', 454),
(251, '75902662', 'HBAS 6x6AWG LIW 12xFO 110FT NexGen OVP ', 1, 0, '', '2023-01-18 10:12:08', 454),
(252, '75902663', 'HBAS 6x6AWG LIW 12xFO 120FT NexGen OVP ', 1, 0, '', '2023-01-18 10:12:25', 454),
(253, '75902664', 'HBAS 6x6AWG LIW 12xFO 130FT NexGen OVP ', 1, 0, '', '2023-01-18 10:13:02', 454),
(254, '75902665', 'HBAS 6x6AWG LIW 12xFO 140FT NexGen OVP ', 1, 0, '', '2023-01-18 10:13:28', 454),
(255, '75902666', 'HBAS 6x6AWG LIW 12xFO 150FT NexGen OVP ', 1, 0, '', '2023-01-18 10:13:38', 454),
(256, '75902667', 'HBAS 6x6AWG LIW 12xFO 160FT NexGen OVP ', 1, 0, '', '2023-01-18 10:13:57', 454),
(257, '75902668', 'HBAS 6x6AWG LIW 12xFO 170FT NexGen OVP ', 1, 0, '', '2023-01-18 10:15:15', 454),
(258, '75902669', 'HBAS 6x6AWG LIW 12xFO 180FT NexGen OVP ', 1, 0, '', '2023-01-18 10:15:47', 454),
(259, '75902670', 'HBAS 6x6AWG LIW 12xFO 190FT NexGen OVP ', 1, 0, '', '2023-01-18 10:16:06', 454),
(260, '75902671', 'HBAS 6x6AWG LIW 12xFO 200FT NexGen OVP ', 1, 0, '', '2023-01-18 10:16:24', 454),
(261, '75902672', 'HBAS 6x6AWG LIW 12xFO 210FT NexGen OVP ', 1, 0, '', '2023-01-18 10:16:43', 454),
(262, '75902673', 'HBAS 6x6AWG LIW 12xFO 220FT NexGen OVP ', 1, 0, '', '2023-01-18 10:17:43', 454),
(263, '75902674', 'HBAS 6x6AWG LIW 12xFO 230FT NexGen OVP ', 1, 0, '', '2023-01-18 10:17:57', 454),
(264, '75902675', 'HBAS 6x6AWG LIW 12xFO 240FT NexGen OVP ', 1, 0, '', '2023-01-18 10:18:13', 454),
(265, '75902676', 'HBAS 6x6AWG LIW 12xFO 250FT NexGen OVP ', 1, 0, '', '2023-01-18 10:18:35', 454),
(266, '75902677', 'HBAS 6x6AWG LIW 12xFO 260FT NexGen OVP ', 1, 0, '', '2023-01-18 10:18:52', 454),
(267, '75902678', 'HBAS 6x6AWG LIW 12xFO 270FT NexGen OVP ', 1, 0, '', '2023-01-18 10:19:11', 454),
(268, '75902679', 'HBAS 6x6AWG LIW 12xFO 280FT NexGen OVP ', 1, 0, '', '2023-01-18 10:19:33', 454),
(269, '75902680', 'HBAS 6x6AWG LIW 12xFO 290FT NexGen OVP ', 1, 0, '', '2023-01-18 10:19:49', 454),
(270, '75902681', 'HBAS 6x6AWG LIW 12xFO 300FT NexGen OVP', 1, 0, '', '2023-01-18 10:20:04', 454),
(271, '75902682', 'HBAS 6x6AWG LIW 12xFO 310FT NexGen OVP', 1, 0, '', '2023-01-18 10:20:14', 454),
(272, '75902683', 'HBAS 6x6AWG LIW 12xFO 320FT NexGen OVP', 1, 0, '', '2023-01-18 10:20:30', 454),
(273, '75902684', 'HBAS 6x6AWG LIW 12xFO 330FT NexGen OVP', 1, 0, '', '2023-01-18 10:20:48', 454),
(274, '75902685', 'HBAS 6x6AWG LIW 12xFO 340FT NexGen OVP', 1, 0, '', '2023-01-18 10:21:05', 454),
(275, '75902686', 'HBAS 6x6AWG LIW 12xFO 350FT NexGen OVP', 1, 0, '', '2023-01-18 10:21:20', 454),
(276, '75902687', 'HBAS 6x6AWG LIW 12xFO 360FT NexGen OVP', 1, 0, '', '2023-01-18 10:25:43', 454),
(277, '75902688', 'HBAS 6x6AWG LIW 12xFO 370FT NexGen OVP', 1, 0, '', '2023-01-18 10:25:59', 454),
(278, '75902689', 'HBAS 6x6AWG LIW 12xFO 380FT NexGen OVP', 1, 0, '', '2023-01-18 10:26:17', 454),
(279, '75902690', 'HBAS 6x6AWG LIW 12xFO 390FT NexGen OVP', 1, 0, '', '2023-01-18 10:26:31', 454),
(280, '75902691', 'HBAS 6x6AWG LIW 12xFO 400FT NexGen OVP', 1, 0, '', '2023-01-18 10:26:49', 454),
(281, '75902692', 'HBAS 6x6AWG LIW 12xFO 410FT NexGen OVP', 1, 0, '', '2023-01-18 10:27:05', 454),
(282, '75902693', 'HBAS 6x6AWG LIW 12xFO 420FT NexGen OVP', 1, 0, '', '2023-01-18 10:27:32', 454),
(283, '75902694', 'HBAS 6x6AWG LIW 12xFO 440FT NexGen OVP', 1, 0, '', '2023-01-18 10:28:35', 454),
(284, '75902695', 'HBAS 6x6AWG LIW 12xFO 440FT NexGen OVP', 1, 0, '', '2023-01-18 10:29:04', 454),
(285, '75902696', 'HBAS 6x6AWG LIW 12xFO 450FT NexGen OVP', 1, 0, '', '2023-01-18 10:29:44', 454),
(286, '75902697', 'HBAS 6x6AWG LIW 12xFO 460FT NexGen OVP', 1, 0, '', '2023-01-18 10:29:56', 454),
(287, '75902698', 'HBAS 6x6AWG LIW 12xFO 470FT NexGen OVP', 1, 0, '', '2023-01-18 10:30:03', 454),
(288, '75902699', 'HBAS 6x6AWG LIW 12xFO 480FT NexGen OVP', 1, 0, '', '2023-01-18 10:30:38', 454),
(289, '75902700', 'HBAS 6x6AWG LIW 12xFO 490FT NexGen OVP', 1, 0, '', '2023-01-18 10:31:00', 454),
(290, '75902701', 'HBAS 6x6AWG LIW 12xFO 500FT NexGen OVP', 1, 0, '', '2023-01-18 10:31:18', 454),
(291, '75902702', 'HBAS 6x6AWG LIW 12xFO 510FT NexGen OVP', 1, 0, '', '2023-01-18 10:31:49', 454),
(292, '75902703', 'HBAS 6x6AWG LIW 12xFO 520FT NexGen OVP', 1, 0, '', '2023-01-18 10:32:19', 454),
(293, '75902704', 'HBAS 6x6AWG LIW 12xFO 530FT NexGen OVP', 1, 0, '', '2023-01-18 10:32:37', 454),
(294, '75902705', 'HBAS 6x6AWG LIW 12xFO 540FT NexGen OVP', 1, 0, '', '2023-01-18 10:33:06', 454),
(295, '75902706', 'HBAS 6x6AWG LIW 12xFO 550FT NexGen OVP', 1, 0, '', '2023-01-18 10:33:16', 454),
(296, '75902707', 'HBAS 6x6AWG LIW 12xFO 560FT NexGen OVP', 1, 0, '', '2023-01-18 10:33:48', 454),
(297, '75902708', 'HBAS 6x6AWG LIW 12xFO 570FT NexGen OVP', 1, 0, '', '2023-01-18 10:33:58', 454),
(298, '75902709', 'HBAS 6x6AWG LIW 12xFO 580FT NexGen OVP', 1, 0, '', '2023-01-18 10:37:16', 454),
(299, '75902710', 'HBAS 6x6AWG LIW 12xFO 590FT NexGen OVP', 1, 0, '', '2023-01-18 10:37:41', 454),
(300, '75902711', 'HBAS 6x6AWG LIW 12xFO 600FT NexGen OVP', 1, 0, '', '2023-01-18 10:37:59', 454),
(301, '75902712', 'HBAS 6x6AWG LIW 12xFO 610FT NexGen OVP', 1, 0, '', '2023-01-18 10:38:17', 454),
(302, '75902713', 'HBAS 6x6AWG LIW 12xFO 620FT NexGen OVP', 1, 0, '', '2023-01-18 10:38:37', 454),
(303, '75902714', 'HBAS 6x6AWG LIW 12xFO 640FT NexGen OVP', 1, 0, '', '2023-01-18 10:41:35', 454),
(304, '75902715', 'HBAS 6x6AWG LIW 12xFO 670FT NexGen OVP', 1, 0, '', '2023-01-18 10:42:00', 454),
(305, '75902716', 'HBAS 6x6AWG LIW 12xFO 700FT NexGen OVP', 1, 0, '', '2023-01-18 10:42:17', 454),
(306, '75902717', 'HBAS 6x6AWG LIW 12XFO 750FT NexGen OVP', 1, 0, '', '2023-01-18 10:42:37', 454),
(307, '75902718', 'HBAS 6x6AWG LIW 12xFO 800FT NexGen OVP', 1, 0, '', '2023-01-18 10:42:53', 454),
(308, '75902719', 'HBAS 6x6AWG LIW 12XFO 850FT NexGen OVP', 1, 0, '', '2023-01-18 10:43:10', 454),
(309, '75902720', 'HBAS 6x6AWG LIW 12xFO 900FT NexGen OVP', 1, 0, '', '2023-01-18 10:43:29', 454),
(310, '75902721', 'HBAS 6x6AWG LIW 12XFO 950FT NexGen OVP', 1, 0, '', '2023-01-18 10:43:50', 454),
(311, '75902722', 'HBAS 6x6AWG LIW 12xFO 1000FTNexGen OVP', 1, 0, '', '2023-01-18 10:44:07', 454),
(312, '75902581', 'HBAS 6x6AWG THHN 12xFO 10FT NexGen OVP ', 1, 0, '', '2023-01-18 10:48:44', 454),
(313, '75902582', 'HBAS 6x6AWG THHN 12xFO 20FT NexGen OVP', 1, 0, '', '2023-01-18 10:49:08', 454),
(314, '75902583', 'HBAS 6x6AWG THHN 12xFO 30FT NexGen OVP', 1, 0, '', '2023-01-18 10:49:36', 454),
(315, '75902584', 'HBAS 6x6AWG THHN 12xFO 40FT NexGen OVP', 1, 0, '', '2023-01-18 10:50:29', 454),
(316, '75902585', 'HBAS 6x6AWG THHN 12xFO 50FT NexGen OVP', 1, 0, '', '2023-01-18 10:50:47', 454),
(317, '75902586', 'HBAS 6x6AWG THHN 12xFO 60FT NexGen OVP', 1, 0, '', '2023-01-18 10:50:47', 454),
(318, '75902587', 'HBAS 6x6AWG THHN 12xFO 70FT NexGen OVP', 1, 0, '', '2023-01-18 10:51:24', 454),
(319, '75902588', 'HBAS 6x6AWG THHN 12xFO 80FT NexGen OVP', 1, 0, '', '2023-01-18 10:51:34', 454),
(320, '75902589', 'HBAS 6x6AWG THHN 12xFO 90FT NexGen OVP', 1, 0, '', '2023-01-18 10:52:01', 454),
(321, '75902590', 'HBAS 6x6AWG THHN 12xFO 100FT NexGen OVP', 1, 0, '', '2023-01-18 10:52:16', 454),
(322, '75902591', 'HBAS 6x6AWG THHN 12xFO 110FT NexGen OVP', 1, 0, '', '2023-01-18 10:52:34', 454),
(323, '75902592', 'HBAS 6x6AWG THHN 12xFO 120FT NexGen OVP', 1, 0, '', '2023-01-18 10:53:03', 454),
(324, '75902593', 'HBAS 6x6AWG THHN 12xFO 130FT NexGen OVP', 1, 0, '', '2023-01-18 10:53:21', 454),
(325, '75902594', 'HBAS 6x6AWG THHN 12xFO 140FT NexGen OVP', 1, 0, '', '2023-01-18 10:54:46', 454),
(326, '75902595', 'HBAS 6x6AWG THHN 12xFO 150FT NexGen OVP', 1, 0, '', '2023-01-18 10:55:07', 454),
(327, '75902596', 'HBAS 6x6AWG THHN 12xFO 160FT NexGen OVP', 1, 0, '', '2023-01-18 10:55:18', 454),
(328, '75902597', 'HBAS 6x6AWG THHN 12xFO 170FT NexGen OVP', 1, 0, '', '2023-01-18 10:55:42', 454),
(329, '75902598', 'HBAS 6x6AWG THHN 12xFO 180FT NexGen OVP', 1, 0, '', '2023-01-18 10:55:42', 454),
(330, '75902599', 'HBAS 6x6AWG THHN 12xFO 190FT NexGen OVP', 1, 0, '', '2023-01-18 10:55:42', 454),
(331, '75902600', 'HBAS 6x6AWG THHN 12xFO 200FT NexGen OVP', 1, 0, '', '2023-01-18 10:56:34', 454),
(332, '75902601', 'HBAS 6x6AWG THHN 12xFO 210FT NexGen OVP', 1, 0, '', '2023-01-18 10:56:58', 454),
(333, '75902602', 'HBAS 6x6AWG THHN 12xFO 220FT NexGen OVP', 1, 0, '', '2023-01-18 10:56:58', 454),
(334, '75902603', 'HBAS 6x6AWG THHN 12xFO 230FT NexGen OVP', 1, 0, '', '2023-01-18 10:56:59', 454),
(335, '75902604', 'HBAS 6x6AWG THHN 12xFO 240FT NexGen OVP', 1, 0, '', '2023-01-18 10:56:59', 454),
(336, '75902605', 'HBAS 6x6AWG THHN 12xFO 250FT NexGen OVP', 1, 0, '', '2023-01-18 10:58:01', 454),
(337, '75902606', 'HBAS 6x6AWG THHN 12xFO 260FT NexGen OVP', 1, 0, '', '2023-01-18 10:58:02', 454),
(338, '75902607', 'HBAS 6x6AWG THHN 12xFO 270FT NexGen OVP', 1, 0, '', '2023-01-18 10:58:02', 454),
(339, '75902608', 'HBAS 6x6AWG THHN 12xFO 280FT NexGen OVP', 1, 0, '', '2023-01-18 10:58:02', 454),
(340, '75902609', 'HBAS 6x6AWG THHN 12xFO 290FT NexGen OVP', 1, 0, '', '2023-01-18 11:00:42', 454),
(341, '75902610', 'HBAS 6x6AWG THHN 12xFO 300FT NexGen OVP', 1, 0, '', '2023-01-18 11:00:42', 454),
(342, '75902611', 'HBAS 6x6AWG THHN 12xFO 310FT NexGen OVP', 1, 0, '', '2023-01-18 11:00:42', 454),
(343, '75902612', 'HBAS 6x6AWG THHN 12xFO 320FT NexGen OVP', 1, 0, '', '2023-01-18 11:02:07', 454),
(344, '75902613', 'HBAS 6x6AWG THHN 12xFO 330FT NexGen OVP', 1, 0, '', '2023-01-18 11:02:07', 454),
(345, '75902614', 'HBAS 6x6AWG THHN 12xFO 340FT NexGen OVP', 1, 0, '', '2023-01-18 11:02:08', 454),
(346, '75902615', 'HBAS 6x6AWG THHN 12xFO 350FT NexGen OVP', 1, 0, '', '2023-01-18 11:02:08', 454),
(347, '75902616', 'HBAS 6x6AWG THHN 12xFO 360FT NexGen OVP', 1, 0, '', '2023-01-18 11:02:08', 454),
(348, '75902617', 'HBAS 6x6AWG THHN 12xFO 370FT NexGen OVP', 1, 0, '', '2023-01-18 11:03:34', 454),
(349, '75902618', 'HBAS 6x6AWG THHN 12xFO 380FT NexGen OVP', 1, 0, '', '2023-01-18 11:03:35', 454),
(350, '75902619', 'HBAS 6x6AWG THHN 12xFO 390FT NexGen OVP', 1, 0, '', '2023-01-18 11:03:35', 454),
(351, '75902620', 'HBAS 6x6AWG THHN 12xFO 400FT NexGen OVP', 1, 0, '', '2023-01-18 11:04:42', 454),
(352, '75902621', 'HBAS 6x6AWG THHN 12xFO 410FT NexGen OVP', 1, 0, '', '2023-01-18 11:04:42', 454),
(353, '75902622', 'HBAS 6x6AWG THHN 12xFO 420FT NexGen OVP', 1, 0, '', '2023-01-18 11:04:42', 454),
(354, '75902623', 'HBAS 6x6AWG THHN 12xFO 430FT NexGen OVP', 1, 0, '', '2023-01-18 11:05:56', 454),
(355, '75902624', 'HBAS 6x6AWG THHN 12xFO 440FT NexGen OVP', 1, 0, '', '2023-01-18 11:06:13', 454),
(356, '75902625', 'HBAS 6x6AWG THHN 12xFO 450FT NexGen OVP', 1, 0, '', '2023-01-18 11:06:30', 454),
(357, '75902626', 'HBAS 6x6AWG THHN 12xFO 460FT NexGen OVP', 1, 0, '', '2023-01-18 11:06:46', 454),
(358, '75902627', 'HBAS 6x6AWG THHN 12xFO 470FT NexGen OVP', 1, 0, '', '2023-01-18 11:07:03', 454),
(359, '75902628', 'HBAS 6x6AWG THHN 12xFO 480FT NexGen OVP', 1, 0, '', '2023-01-18 11:07:19', 454),
(360, '75902629', 'HBAS 6x6AWG THHN 12xFO 490FT NexGen OVP', 1, 0, '', '2023-01-18 11:08:30', 454),
(361, '75902630', 'HBAS 6x6AWG THHN 12xFO 500FT NexGen OVP', 1, 0, '', '2023-01-18 11:09:03', 454),
(362, '75902631', 'HBAS 6x6AWG THHN 12xFO 510FT NexGen OVP', 1, 0, '', '2023-01-18 11:09:22', 454),
(363, '75902632', 'HBAS 6x6AWG THHN 12xFO 520FT NexGen OVP', 1, 0, '', '2023-01-18 11:09:38', 454),
(364, '75902633', 'HBAS 6x6AWG THHN 12xFO 530FT NexGen OVP', 1, 0, '', '2023-01-18 11:09:54', 454),
(365, '75902634', 'HBAS 6x6AWG THHN 12xFO 540FT NexGen OVP', 1, 0, '', '2023-01-18 11:10:15', 454),
(366, '75902635', 'HBAS 6x6AWG THHN 12xFO 550FT NexGen OVP', 1, 0, '', '2023-01-18 11:10:32', 454),
(367, '75902636', 'HBAS 6x6AWG THHN 12xFO 560FT NexGen OVP', 1, 0, '', '2023-01-18 11:10:41', 454),
(368, '75902637', 'HBAS 6x6AWG THHN 12xFO 570FT NexGen OVP', 1, 0, '', '2023-01-18 11:11:53', 454),
(369, '75902638', 'HBAS 6x6AWG THHN 12xFO 580FT NexGen OVP', 1, 0, '', '2023-01-18 11:12:15', 454),
(370, '75902639', 'HBAS 6x6AWG THHN 12xFO 590FT NexGen OVP', 1, 0, '', '2023-01-18 11:12:31', 454),
(371, '75902640', 'HBAS 6x6AWG THHN 12xFO 600FT NexGen OVP', 1, 0, '', '2023-01-18 11:13:05', 454),
(372, '75902641', 'HBAS 6x6AWG THHN 12xFO 610FT NexGen OVP', 1, 0, '', '2023-01-18 11:13:24', 454),
(373, '75902642', 'HBAS 6x6AWG THHN 12xFO 620FT NexGen OVP', 1, 0, '', '2023-01-18 11:13:25', 454),
(374, '75902643', 'HBAS 6x6AWG THHN 12xFO 640FT NexGen OVP', 1, 0, '', '2023-01-18 11:14:01', 454),
(375, '75902644', 'HBAS 6x6AWG THHN 12xFO 670FT NexGen OVP', 1, 0, '', '2023-01-18 11:14:20', 454),
(376, '75902645', 'HBAS 6x6AWG THHN 12xFO 700FT NexGen OVP', 1, 0, '', '2023-01-18 11:14:38', 454),
(377, '75902646', 'HBAS 6x6AWG THHN 12XFO 750FT NexGen OVP', 1, 0, '', '2023-01-18 11:14:38', 454),
(378, '75902647', 'HBAS 6x6AWG THHN 12xFO 800FT NexGen OVP', 1, 0, '', '2023-01-18 11:15:13', 454),
(379, '75902648', 'HBAS 6x6AWG THHN 12XFO 850FT NexGen OVP', 1, 0, '', '2023-01-18 11:15:13', 454),
(380, '75902649', 'HBAS 6x6AWG THHN 12xFO 900FT NexGen OVP', 1, 0, '', '2023-01-18 11:16:04', 454),
(381, '75902650', 'HBAS 6x6AWG THHN 12XFO 950FT NexGen OVP', 1, 0, '', '2023-01-18 11:16:26', 454),
(382, '75902651', 'HBAS 6x6AWG THHN 12xFO 1000FT NexGen OVP', 1, 0, '', '2023-01-18 11:16:43', 454),
(383, '3008005', '', 2000, 0, '', '2023-01-24 10:22:47', 456),
(384, '7002815', '', 2000, 0, '', '2023-01-24 14:55:10', 456),
(386, 'OHFJ-3SM206-LCSLCS-540350-FXXX', '', 1, 0, '', '2023-02-01 11:08:01', 455),
(387, 'OHFT-24SM1806-LCULCU-240264-MXXX-P', '', 1, 0, '', '2023-02-01 11:08:13', 455),
(388, 'OHFT-24SM1804-LCULCU-240264-MXXX-P', '', 1, 0, '', '2023-02-01 11:08:25', 455),
(389, 'OHFT-24SM1808-LCULCU-240264-MXXX-P', '', 1, 0, '', '2023-02-01 11:08:32', 455),
(390, NULL, NULL, NULL, 0, NULL, '2023-02-07 15:59:46', 457),
(391, 'C895-0000052-02', 'CABLE IB MPO FM-FM 10M CROSSOVER AQUA', 18, 0, 'Quoted by Open Market to reduce Lead times', '2023-02-07 16:01:05', 457),
(392, NULL, NULL, NULL, 0, NULL, '2023-02-09 07:33:54', 454),
(393, NULL, NULL, NULL, 0, NULL, '2023-02-09 07:33:57', 454),
(394, NULL, NULL, NULL, 0, NULL, '2023-02-09 07:33:57', 454),
(395, NULL, NULL, NULL, 0, NULL, '2023-02-09 07:33:57', 454),
(396, 'TBD-JUMPER-SINGLE-5M', 'Single pair jumper 5 M', 900, 0, '', '2023-02-09 11:37:34', 458),
(397, 'TBD-JUMPER-SINGLE-10M', 'Single pair jumper 10 M', 3900, 0, '', '2023-02-09 11:37:35', 458),
(398, 'TBD-JUMPER-SINGLE-15M', 'Single pair jumper 15 M', 200, 0, '', '2023-02-09 11:37:35', 458),
(399, 'TBD-JUMPER-SINGLE-20M', 'Single pair jumper 20 M', 200, 0, '', '2023-02-09 11:37:36', 458),
(400, 'TBD-JUMPER-SINGLE-50M', 'Single pair jumper 50 M', 150, 0, '', '2023-02-09 11:37:36', 458),
(401, 'TBD-JUMPER-SINGLE-75M', 'Single pair jumper 75 M', 70, 0, '', '2023-02-09 11:37:37', 458),
(402, 'TBD-JUMPER-SINGLE-100M', 'Single pair jumper 100 M', 15, 0, '', '2023-02-09 11:37:37', 458),
(403, 'TBD-JUMPER-DUAL-5M', 'Dual pair jumper 5 M', 1250, 0, '', '2023-02-09 11:37:37', 458),
(404, 'TBD-JUMPER-DUAL-7.5M', 'Dual pair jumper 7.5 M', 1150, 0, '', '2023-02-09 11:37:38', 458),
(405, 'TBD-JUMPER-DUAL-10M', 'Dual pair jumper 10 M', 1100, 0, '', '2023-02-09 11:37:38', 458),
(406, 'TBD-JUMPER-DUAL-20M', 'Dual pair jumper 20 M', 250, 0, '', '2023-02-09 11:37:38', 458),
(407, 'TBD-TRUNK-12P-50M', '12 pair assembly 50 M', 20, 0, '', '2023-02-09 11:37:38', 458),
(408, 'TBD-TRUNK-12P-100M', '12 pair assembly 100 M', 100, 0, '', '2023-02-09 11:37:39', 458),
(409, 'TBD-TRUNK-12P-150M', '12 pair assembly 150 M', 20, 0, '', '2023-02-09 11:37:39', 458),
(410, 'TBD-TRUNK-18P-50M', '18 pair assembly 50 M', 600, 0, '', '2023-02-09 11:37:39', 458),
(411, 'TBD-TRUNK-18P-75M', '18 pair assembly 75 M', 900, 0, '', '2023-02-09 11:37:40', 458),
(412, 'TBD-TRUNK-18P-100M', '18 pair assembly 100 M', 700, 0, '', '2023-02-09 11:37:40', 458),
(413, 'TBD-TRUNK-18P-125M', '18 pair assembly 125 M', 300, 0, '', '2023-02-09 11:37:40', 458),
(414, 'TBD-TRUNK-18P-150M', '18 pair assembly 150 M', 50, 0, '', '2023-02-09 11:37:41', 458),
(415, 'TBD-TRUNK-18P-200M', '18 pair assembly 200 M', 10, 0, '', '2023-02-09 11:37:41', 458),
(416, 'TBD-TRUNK-24P-50M', '24 pair assembly 50 M', 15, 0, '', '2023-02-09 11:37:41', 458),
(417, 'TBD-TRUNK-24P-100M', '24 pair assembly 100 M', 80, 0, '', '2023-02-09 11:37:42', 458),
(418, 'TBD-TRUNK-24P-150M', '24 pair assembly 150 M', 15, 0, '', '2023-02-09 11:37:42', 458),
(419, 'ASU-WIR-9316TYP01-4-15', '15 Top JMPR 2 Fiber Pair for FRIG/FRLB', 28, 0, '', '2023-02-13 14:52:13', 459),
(420, '05AS02DLU-DLU030FE', 'LSZHSM 2FDLU-DLUARM 30F', 8, 0, '', '2023-03-06 17:10:32', 461),
(421, '06FS06DLU-DLU030FE', 'LSZHSM 6FDLU-DLUARM 30F', 8, 0, '', '2023-03-06 17:10:32', 461),
(422, '03OS12DLU-DLU030FE', 'TRUNKLSZHSM 12FDLU-DLUSTD30FFTTA', 4, 0, '', '2023-03-06 17:10:32', 461),
(423, '04AS12DLU-DLU030FE', 'TRUNKLSZHSM 12FDLU-DLUARM30FFTTA', 4, 0, '', '2023-03-06 17:10:33', 461),
(424, '75901338', 'HBAS 1 PR 8AWG DC 2 St SM F UL 20ft FULL', 5, 0, '', '2023-03-23 10:04:22', 463),
(425, '75900978', 'HBAS 058 1x8.4 1FO S UL 1A01BB-40  20ft', 5, 0, '', '2023-03-23 10:04:22', 463),
(426, '75900969', 'HBAS 058 2x8.4 1FO S UL 1AL2BY-40  30ft', 381, 0, '', '2023-03-23 10:04:23', 463),
(427, '75900968', 'HBAS 058 2x8.4 1FO S UL 1AL2BY-40 20ft', 716, 0, '', '2023-03-23 10:04:23', 463),
(428, '75900967', 'HBAS 058 2x8.4 1FO S UL 1AL2BY-40  15ft', 2320, 0, '', '2023-03-23 10:04:23', 463),
(429, '75900963', 'HBAS 058 2x8.4 2FO S UL 2AL2BY-40 20ft', 116, 0, '', '2023-03-23 10:04:23', 463),
(430, '75901350', 'HBAS 1 PR 8AWG DC 3 StrSM F UL 40ft FULL', 38, 0, '', '2023-03-23 10:05:34', 463),
(431, '75901358', 'HBAS 1 PR 8AWG DC 4 St SM F UL 20ft FULL', 337, 0, '', '2023-03-23 10:05:47', 463),
(432, '75901359', 'HBAS 1 PR 8AWG DC 4 St SM F UL 30ft FULL', 48, 0, '', '2023-03-23 10:05:54', 463),
(433, '75901438', 'F/O RISER RUGGED 2 St SM F 20FT 2 FULL', 3, 0, '', '2023-03-23 10:05:54', 463),
(434, '75901583', 'HBAS 1PR 8AWG DC 2 St SM F SAM UL 20ft', 2811, 0, '', '2023-03-23 10:05:55', 463),
(435, '75901584', 'HBAS 1PR 8AWG DC 2 St SM F SAM UL 30ft', 1222, 0, '', '2023-03-23 10:05:55', 463),
(436, '75901585', 'HBAS 1PR 8AWG DC 2 St SM F SAM UL 40ft', 14, 0, '', '2023-03-23 10:05:55', 463),
(437, '75901586', 'HBAS 1PR 8AWG DC 2 St SM F SAM UL 50ft', 4, 0, '', '2023-03-23 10:05:56', 463),
(438, '75901592', 'F/O RISER RUGGED 1PR SM FBR SAM UL 10FT', 34, 0, '', '2023-03-23 10:05:56', 463),
(439, '75901613', 'F/O RISER RUGGED 1 st SM FBR SAM UL 20FT', 1599, 0, '', '2023-03-23 10:05:56', 463),
(440, '75901614', 'F/O RISER RUGGED 1 st SM FBR SAM UL 30FT', 3869, 0, '', '2023-03-23 10:05:57', 463),
(441, '75901616', 'F/O RISER RUGGED 1 st SM FBR SAM UL 50FT', 1349, 0, '', '2023-03-23 10:05:57', 463),
(442, '75901622', 'F/O RISER RUGGED 2 st SM FBR SAM UL 10FT', 765, 0, '', '2023-03-23 10:05:57', 463),
(443, '75901623', 'F/O RISER RUGGED 2 st SM FBR SAM UL 20FT', 140, 0, '', '2023-03-23 10:05:58', 463),
(444, '75901624', 'F/O RISER RUGGED 2 st SM FBR SAM UL 30FT', 1640, 0, '', '2023-03-23 10:05:58', 463),
(446, '75902890', 'ERICSSON HBAS 158 6X4AWG 12XSM FO  70M', 200, 0, '', '2023-04-13 08:11:19', 465),
(447, '75902891', 'ERICSSON HBAS 158 6X4AWG 12XSM FO  110M', 200, 0, '', '2023-04-13 08:11:38', 465);

-- --------------------------------------------------------

--
-- Estructura de tabla para la tabla `cotizacion_notas`
--

CREATE TABLE `cotizacion_notas` (
  `idCotizacionNota` int(11) NOT NULL,
  `nota` text COLLATE utf8_unicode_ci NOT NULL,
  `idUsuario` int(11) NOT NULL,
  `idCotizacion` int(11) NOT NULL,
  `fechaCrea` datetime NOT NULL DEFAULT CURRENT_TIMESTAMP
) ENGINE=InnoDB DEFAULT CHARSET=utf8 COLLATE=utf8_unicode_ci;

--
-- Volcado de datos para la tabla `cotizacion_notas`
--

INSERT INTO `cotizacion_notas` (`idCotizacionNota`, `nota`, `idUsuario`, `idCotizacion`, `fechaCrea`) VALUES
(2, 'TEST', 10, 1, '2021-10-18 16:04:51'),
(3, 'REQUOTE PER NAI SOURCING ALL MATERIALS EXCEPT CONSIGNED HYBRID CABLE ORIGINALLY RELEASED 09/09 UPDATED REQUOTE ETC 10/14', 10, 308, '2021-10-18 16:39:39'),
(4, 'RFQ FOR FIBER JUMPERS TO CONSOLIDATE WITH IND TEAM', 10, 307, '2021-10-18 16:40:11'),
(5, 'PENDING VOLUMES TARGET PRICING AND RESPONSE TO OPEN ISSUES', 10, 309, '2021-10-18 16:45:24'),
(18, 'NEW FIBER PROJECT QUESTIONS DUE 10/21 PEND VOLUMES', 5, 315, '2021-10-21 07:42:33'),
(19, 'COE SENT INPUT TO CUSTOMER ON RFQ PENDING RESPONSE NEXT STEPS: EXPEDITE BOM DEFINITION FOR QUOTING', 5, 315, '2021-10-22 07:22:24'),
(20, 'RELEASED REQUOTE 10/21 NEW PRICE WILL BE IMPLEMENTED 11/01', 5, 308, '2021-10-22 07:33:32'),
(21, 'PQR SENT TO INDSUTRIAL TEAM 10/18 3 FGS NO BID EVALUATING POF COUPLER FROM INDUSTRIAL FIBER OPTICS', 5, 307, '2021-10-22 07:41:20'),
(22, 'WHITE PAPER MEETING DONE 10/22 QUOTE CLOSED', 5, 307, '2021-10-22 14:34:35'),
(23, 'BOMS ETC 10/25 QUOTE WILL BE RELEASED 10/25 COB', 5, 315, '2021-10-25 10:26:54'),
(24, 'COE TEAM PREPARING BOMS TO CONVERT EXISTING ASSEMBLIES TO 8 AWG', 5, 372, '2021-10-26 16:16:29'),
(26, 'UPDATED PQR 10/26 AND REVIEWED WITH OPERATIONS WHITE PAPER 10/27', 5, 315, '2021-10-26 16:20:05'),
(31, 'QUOTE RELEASED 10/27 WITH OPENING AND TARGET PRICES', 5, 315, '2021-10-28 07:24:16'),
(33, 'RE-QUOTE PENDING RELEASE UNTIL NEW INVENTORY IS RECEIVED FROM GORMAN AND SHIP FGS USING THIS COST', 5, 373, '2021-11-10 16:12:43'),
(34, 'REEL H090052 INCREASED FROM $94 TO $110.4 NOW $135.80', 5, 375, '2021-11-11 07:18:04'),
(35, 'START PRICING ACTIVITY PER PRELIMINARY BOM PEND PACKAGING', 5, 376, '2021-11-16 09:32:26'),
(36, 'POSTED ITEMS TO SOURCING 11/17', 5, 376, '2021-11-17 14:56:56'),
(37, 'REQUOTED 160M LENGTH PENDING APPROVAL TO UPDATE ALL OTHER LENGTHS IN PQR', 5, 375, '2021-11-22 07:20:06'),
(38, 'SENT PQR AND WP DOCUMENT TO CHRIS 11/22', 5, 376, '2021-11-22 14:13:12'),
(39, 'RECEIVED NEW BOM 11/22 NEED TO COMPARE WITH EXISTING TO UPDATE PQR AND WP', 5, 376, '2021-11-22 14:32:24'),
(40, 'REQUESTED MFG INFO FOR 6 NEW BOM ITEMS 11/23', 5, 376, '2021-11-23 14:55:44'),
(41, 'REQUOTE 2022 NEED ONE SINGLE FILE WITH MARGIN SUMMARY SALES DETAIL YTD AND REQUOTE PROPOSAL ', 5, 377, '2021-11-29 07:36:00'),
(42, 'REISSUED REQUOTE PER H090052 @ $146.50 PENDING FINANCE APPROVAL AND FORMAL QUOTE', 5, 375, '2021-12-01 07:43:30'),
(43, 'PQR is finished. Pending material confirmation by Sourcing and labor verification.', 10, 378, '2021-12-03 09:57:58'),
(44, 'Missing cable price. Labor validated with Francisco Felix. Waiting to post for review and release.', 10, 378, '2021-12-06 07:52:51'),
(45, 'Quote closed.', 10, 378, '2021-12-07 11:42:05'),
(49, 'PQR sent to Chris for first 58 pieces. Pending WP.', 10, 376, '2021-12-13 09:34:24'),
(50, 'Quote for 58 pieces was finished. Formal quote sent to Wanda.', 10, 376, '2021-12-15 09:29:51'),
(51, 'Pending checklist', 10, 381, '2021-12-21 16:34:44'),
(52, 'PUBLISHESD REQUOTE INTERNALLY TO FINANCE WITH ALL NWS REEL INCREASES PENDING TO DEFINE NEXT STEPS FROM FINANCE', 5, 375, '2022-01-04 10:44:44'),
(53, 'Pending Checklist. RFQ sent to Sourcing. Feedback of prices is expected by friday or monday.', 10, 381, '2022-01-05 09:30:06'),
(54, 'Items posted to sourcing', 13, 382, '2022-01-11 15:18:06'),
(55, 'Quote is finished.', 10, 381, '2022-01-12 09:37:55'),
(56, 'Labor time validated with Daniel average of 40 and 60 hours for 288 and 432 fibers.', 10, 382, '2022-01-13 08:04:30'),
(57, 'PQR sent to Olga. Question on different cable constructions pending to be answered by Sumitomo. ', 10, 382, '2022-01-17 07:06:04'),
(58, 'Waiting for Sourcing info.', 10, 382, '2022-01-17 10:45:57'),
(59, 'Quote released to Chris.', 10, 383, '2022-01-20 14:39:47'),
(60, 'Waiting for Sourcing confirmation on a couple of materials Senko connector and TLC furcation', 10, 384, '2022-01-21 07:46:53'),
(61, 'Currently doing BOM translation to NAI PNs for upload to Sourcing', 10, 385, '2022-01-21 09:26:26'),
(62, 'Uploaded materials to sourcing waiting for open issues while working on PQR', 10, 385, '2022-01-24 07:47:54'),
(63, 'PQR complete waiting to release formal quote.', 10, 384, '2022-01-26 08:08:38'),
(64, 'Labor calculation done solving open issues', 10, 385, '2022-01-26 09:18:00'),
(65, 'PQR finished. Waiting for any labor adjustments.', 10, 384, '2022-01-27 09:13:00'),
(66, 'PQR with RFS pallets was finished and quote was shared. Calculating NAI pallets.', 10, 385, '2022-01-28 09:19:46'),
(67, 'PQR & formal quote sent to Chris ', 13, 386, '2022-01-31 08:20:25'),
(68, 'Two quotes were released one with RFS indicated packaging with some costed BOM items and another one with NAI proposed packaging.', 10, 385, '2022-02-01 07:17:27'),
(70, 'No further update.', 10, 309, '2022-02-02 09:32:10'),
(72, 'Processing PQR gathering information.', 10, 390, '2022-02-09 10:05:43'),
(73, 'PQR finished. Waiting for wooden reels and cable pricing from Sourcing.', 10, 391, '2022-02-09 14:18:36'),
(74, 'Material request sent to Sourcing. Will check if dates are ok for them.', 10, 392, '2022-02-09 14:19:27'),
(75, 'PQR is finished. Still need pricing confirmation from Sourcing.', 10, 392, '2022-02-10 07:54:04'),
(76, 'Sourcing confirmed materials. PQR was sent yesterday. Formal quote will be sent today.', 10, 392, '2022-02-11 07:45:44'),
(77, 'Almost finished. Pending info from Engineerin on any tooling cost involved.', 10, 390, '2022-02-11 08:00:53'),
(78, 'PQR finished. Cable pricing late next week. Reels pricing no answer yet.', 10, 391, '2022-02-11 08:23:42'),
(79, 'Quote sent.', 10, 392, '2022-02-11 10:27:18'),
(80, 'PQR done with last purchased price. Waiting for Sourcing prices.', 10, 393, '2022-02-14 09:37:36'),
(81, 'Waiting for approval to send quote.', 10, 393, '2022-02-15 09:25:43'),
(82, 'Defining BOMs. Waiting for information for some materials from customer.', 10, 394, '2022-02-15 09:33:02'),
(83, 'Done.', 10, 393, '2022-02-15 10:28:41'),
(84, 'BOMs sent to Sourcing.Will probably require more information.', 10, 394, '2022-02-16 14:17:21'),
(85, 'Loctites sent to Sourcing. Pending review from Engineering. Will send open issues today. PQR materials side is done.', 10, 394, '2022-02-17 07:54:30'),
(86, 'Sent open issues of materials and tooling. Working on labor.', 10, 394, '2022-02-17 15:20:31'),
(87, 'Pending checklist to start quote.', 10, 395, '2022-02-21 09:36:56'),
(88, 'Building PQR. Will only quote labor and consumables box and pallet for material.', 10, 396, '2022-02-21 16:27:32'),
(103, 'Received cable pricing. Processing PQR.', 10, 391, '2022-02-22 07:25:43'),
(104, 'PQR sent to Chris & Fernando. No response will include on H090018 increase.', 10, 390, '2022-02-22 08:04:37'),
(105, 'PQR sent. Pending correct description of cable. Cable LT 6-9 weeks.', 10, 391, '2022-02-22 08:08:24'),
(106, 'Received another request. 2 new configurations. Cable request went to Sourcing.', 10, 395, '2022-02-22 08:31:16'),
(107, 'No response from customer. Waiting for info. Due date moved to 03/04 with help of Kylar.', 10, 394, '2022-02-23 07:45:51'),
(108, 'PQR is being finished. Waitiing for Sourcing information especially regarding cable.', 10, 395, '2022-02-24 07:14:21'),
(109, 'Waiting for feedback.', 10, 391, '2022-02-24 07:28:38'),
(110, 'Quote sent to BDM with estimated cable pricing.', 10, 395, '2022-02-25 15:57:05'),
(111, 'Received specs from customerforwarded to Sourcing. Still need supplier info for one material.', 10, 394, '2022-02-28 08:22:42'),
(112, 'Quote sent with estimated cable prices and LT.', 10, 395, '2022-02-28 08:24:30'),
(113, 'Customer placed the quote on hold. I have just been informed that the fiber optic parts we can’t have another source.  Please disregard sorry for the inconvenience.', 10, 394, '2022-02-28 11:25:29'),
(114, 'Sent PQR with requested changes. 23% GM and 19.26% GM.', 10, 391, '2022-03-01 16:53:07'),
(115, 'Waiting for BOM and prints.', 10, 398, '2022-03-02 08:13:11'),
(116, 'Información compartida a Sourcing. En proceso de desarrollo de labor.', 10, 398, '2022-03-03 07:27:45'),
(117, 'Building PQR', 11, 399, '2022-03-03 16:10:16'),
(118, 'PQR completed. Will send for approval.', 10, 398, '2022-03-04 08:42:14'),
(119, 'BOM is being uploaded to Sourcing. Will not meet request date.', 10, 399, '2022-03-04 08:42:47'),
(121, 'Chris will arrange meeting to discuss increment with Eric Kyle etc.', 10, 390, '2022-03-07 07:12:30'),
(122, 'Quote sent to Chris & Fernando.', 10, 398, '2022-03-07 07:40:28'),
(123, 'Waiting for Sourcing information.', 10, 399, '2022-03-07 07:43:04'),
(124, 'Will be placed on hold.', 10, 396, '2022-03-07 07:53:52'),
(125, 'Material prices are updated labor was verified with Engineering. Waiting on the price of a polishing kit.', 10, 399, '2022-03-08 07:08:22'),
(126, 'Quote sent. Looking for possible LT reduction for Heat Shrinks.', 10, 399, '2022-03-09 08:22:35'),
(127, 'Revised formal quote sent. Quote released.', 10, 399, '2022-03-11 07:33:51'),
(128, 'BOM provided 03/14', 5, 400, '2022-03-14 16:40:48'),
(129, 'BOMs uploaded. Building PQR.', 10, 400, '2022-03-15 09:22:46'),
(130, 'PQR was sent an analysis was made by BDMs and management. Quote will be closed until further updates.', 10, 391, '2022-03-17 14:04:52'),
(131, 'PQR is finished. Waiting for sourcing comments on material pricing to release quote.', 10, 401, '2022-03-23 09:00:13'),
(132, 'Quote was released to meet requested date. Will report any materials cost issue when Sourcing is done.', 10, 401, '2022-03-24 08:02:19'),
(133, '03-28 UPDATING PQR', 11, 403, '2022-03-28 09:35:54'),
(134, '03-28 Updating PQR', 11, 403, '2022-03-28 09:36:10'),
(135, 'Engineering working on BOMs.', 10, 402, '2022-03-28 10:01:00'),
(136, 'Quote sent 03/29.', 10, 403, '2022-03-30 10:08:59'),
(137, 'PQR finished. Checking labor waiting for cable pricing.', 10, 402, '2022-03-31 08:58:52'),
(138, '04-05-22 Engineering release BOM.', 11, 404, '2022-04-06 09:03:16'),
(139, '04-06-22 BOMs were posted to sourcing', 11, 404, '2022-04-06 09:04:04'),
(140, 'PQR is being processed. Waiting for material pricing.', 10, 404, '2022-04-07 09:32:17'),
(141, 'No response for open issues yet.', 10, 405, '2022-04-11 07:21:39'),
(142, 'Inspection of reels costed. Waiting for master reel information.', 10, 407, '2022-04-19 16:40:11'),
(143, 'Waiting for BOM and any labor considerations.', 10, 406, '2022-04-19 16:40:24'),
(144, 'NO NEW INFO CANCELLED DUE TO LACK OF FOLLOWUP', 10, 373, '2022-04-19 17:12:32'),
(145, 'BOM uploaded to Sourcing. PQR in process.', 10, 409, '2022-04-22 08:17:38'),
(146, 'Sourcing in process. Open issue on connector cap. PQR almost finished.', 10, 409, '2022-04-25 08:32:02'),
(147, 'BOM provided by Kylar.', 11, 408, '2022-04-25 08:55:26'),
(148, 'All information needed is complete. Finishing PQR.', 10, 407, '2022-04-26 08:00:00'),
(149, 'Meeting today to release the quote.', 10, 407, '2022-04-27 10:54:35'),
(150, 'PQR was reviewed and a quote was prepared for samples.', 10, 384, '2022-04-29 08:30:12'),
(151, 'Need two more material prices.', 10, 409, '2022-04-29 09:54:51'),
(152, 'Received response from AFL. Currently processing this information.', 10, 405, '2022-05-03 09:16:19'),
(153, 'Olga forwarded material questions to Opsens.', 10, 409, '2022-05-03 09:16:46'),
(154, 'PQR in process.', 10, 410, '2022-05-04 09:28:59'),
(155, 'File is being handled in Finance department.', 10, 390, '2022-05-04 09:29:50'),
(156, 'PQR finished.', 10, 410, '2022-05-04 15:18:51'),
(157, 'PQR finished. Waiting for Sourcing information.', 10, 410, '2022-05-04 16:05:20'),
(158, 'MIssing a power cable price.', 10, 410, '2022-05-06 08:09:54'),
(159, 'Waiting for response on both material issues.', 10, 409, '2022-05-06 08:09:57'),
(160, 'Sourcing requested specs for some materials. Bill will check with AFL.', 10, 405, '2022-05-06 14:38:25'),
(161, 'Waiting for BOM.', 10, 411, '2022-05-06 14:38:38'),
(162, 'Formal quote sent on 05/06.', 10, 410, '2022-05-09 07:21:12'),
(163, 'Waiting for LOA. Agreement on price for MBI molded material.', 10, 409, '2022-05-09 09:20:39'),
(164, 'Waiting for ECN in order to requote.', 10, 413, '2022-05-09 11:16:02'),
(165, 'PQR being worked on. BOM and labor available. Some material issues regarding cost will be reported.', 10, 415, '2022-05-10 08:14:05'),
(166, 'PQR sent along with formal quote.', 10, 415, '2022-05-10 16:57:31'),
(167, 'PQR is almost finished. Waiting for feedback regarding cable from Sourcing.', 10, 414, '2022-05-10 17:00:20'),
(168, 'LOA sent to supplier. Waiting for quote in order to close quote.', 10, 409, '2022-05-10 17:01:08'),
(169, 'Engineering received ECO from RFS. Waiting for ECN to start requote.', 10, 413, '2022-05-11 07:33:32'),
(170, 'Waiting for Sourcing feedback. Working on labor.', 10, 411, '2022-05-11 07:36:35'),
(171, 'Under internal approval. Ready to send to prepare WP.', 10, 409, '2022-05-11 16:39:13'),
(172, 'Validating calculated labor with Engineering. Looking into missing material info from Sourcing.', 10, 411, '2022-05-12 08:08:26'),
(173, 'WP PQR sent. Waiting for meeting.', 10, 409, '2022-05-13 08:11:12'),
(174, 'PQR finished. Waiting for Sourcing information', 10, 414, '2022-05-13 09:26:28'),
(175, 'Paperwork for WP sent.', 10, 409, '2022-05-13 14:34:26'),
(176, 'Checking with Sourcing if its necesarry to post materials again.', 10, 413, '2022-05-13 15:03:31'),
(177, 'Pending response from AFL to Bills inquiries.', 10, 405, '2022-05-16 07:23:52'),
(178, 'Sourcing missing information on reels / cradle and cable.', 10, 414, '2022-05-16 07:28:01'),
(179, 'Formal quote ready to be sent.', 10, 409, '2022-05-16 09:24:02'),
(180, 'Posted all materials.', 10, 413, '2022-05-16 14:27:31'),
(181, 'Uploading BOMs to Sourcing. Building PQR.', 10, 416, '2022-05-17 09:31:15'),
(182, 'Kyle/Javier working on Prysmian cable quote. Pending packaging quotes also.', 10, 414, '2022-05-17 09:52:30'),
(183, 'Pending labor calculation and material information from Sourcing.', 10, 416, '2022-05-18 08:02:32'),
(184, '05/18: Pending labor calculation and material information from Sourcing.	', 10, 416, '2022-05-18 08:03:25'),
(185, '05/18: Still missing cable reel and cradle information from Sourcing.', 10, 414, '2022-05-18 08:08:23'),
(186, '05/18 Formal quote with priced connectors sent. Waiting for update to rel-release.', 10, 411, '2022-05-18 08:09:51'),
(187, '5/19: Material Posted partially', 11, 418, '2022-05-19 11:57:24'),
(188, '05/20: PQR sent checking implementaton date to send formal quote today.', 10, 413, '2022-05-20 08:33:28'),
(189, '05/20: BOMs parcialmente compartidos con Sourcing. Se completan hoy. Se trabaja en labor.', 10, 417, '2022-05-20 08:40:13'),
(190, 'Formal quote sent.', 10, 413, '2022-05-20 11:54:15'),
(191, '05/23: Pending material quotes from Sourcing.', 10, 405, '2022-05-23 07:19:34'),
(192, '05/23: Focus changed to assembly COC-5331A-XXXM 12F Pair 3X4AWG. Need BOM confirmation. Will release today. Asembly COC-5307A-XXXM will follow.', 10, 414, '2022-05-23 08:13:38'),
(193, '05/23: Pending labor calculation. Will finish today.', 10, 416, '2022-05-23 09:20:05'),
(194, 'PQR in process.', 10, 420, '2022-05-23 14:15:39'),
(195, '05/24: PQR finished. Need clarifications on material prices to be used.', 10, 420, '2022-05-24 09:30:38'),
(196, '05/23: Sent formal quote.', 10, 414, '2022-05-24 09:57:23'),
(197, '05/24: Sent PQR for review.', 10, 420, '2022-05-24 11:53:26'),
(198, '05/25: No update from Sourcing. Asked again today.', 10, 405, '2022-05-25 09:31:37'),
(199, '05/25: PQR and formal quote sent', 10, 420, '2022-05-25 15:07:20'),
(200, 'PQR finished. Will send for discussion', 10, 416, '2022-05-25 16:24:43'),
(201, '05/25: PQR finished to send for discussion.', 10, 416, '2022-05-25 16:25:04'),
(202, '05/26: PQR sent for internal approval', 10, 416, '2022-05-26 07:27:37'),
(203, '05/26: No update yet. Sourcing chasing 2 vendors.', 10, 405, '2022-05-26 07:30:26'),
(204, '05/26: PQR sent to Olga. Waiting for feedback to send WP.', 10, 416, '2022-05-26 14:15:59'),
(205, '05/27: BOM uploaded to Sourcing. PQR in process.', 10, 423, '2022-05-27 07:22:34'),
(206, '05/30: BOM and labor completed by Eng. PQR sent for revision.', 10, 421, '2022-05-30 08:12:42'),
(207, '05/30: Sent reminder to Olga about open questions: Assemblies needed BOM/AVLs OD restrictions', 10, 419, '2022-05-30 09:19:17'),
(208, '05/30: Refreshed material pricing with latest quotes from Amphenol. Sent to Olga waiting for response to send formal quote.', 10, 422, '2022-05-30 10:29:10'),
(209, '05/30: Sourcing asked ETC to 06/02. US Holiday. Solved material qty issues.', 10, 423, '2022-05-30 14:24:05'),
(210, '05/30: One material pending price. Will publish PQR.', 10, 418, '2022-05-30 15:02:02'),
(211, '05/30: Quote sent to team.', 10, 421, '2022-05-30 15:02:44'),
(212, '05/30: Materials are now priced. Will confirm PQR is ok and send for revision.', 10, 405, '2022-05-30 15:07:32'),
(213, '05/30: Need one more material price. Will publish PQR to check con GM.', 10, 418, '2022-05-30 15:54:41'),
(214, '05/31: Working on PQR Waiting on pricing.', 10, 423, '2022-05-31 08:41:50'),
(215, '05/31: Received BOMs working on uploading.', 10, 424, '2022-05-31 08:42:08'),
(216, '05/31: Sent PQR for internal review', 10, 405, '2022-05-31 10:16:57'),
(217, '5/31: PQR sent for review to Jose', 11, 417, '2022-05-31 10:28:17'),
(218, '06/02: Sent PQR to Bill', 10, 405, '2022-06-02 16:40:32'),
(219, '06/02: Quote sent prices are updated in VE.', 10, 390, '2022-06-03 07:45:12'),
(220, '06/02: Meeting today @11am.', 10, 405, '2022-06-03 07:45:32'),
(222, '06/02: will publish today considering molded boot @ NAI', 10, 418, '2022-06-03 08:17:01'),
(223, '06/02:  PQR and WP sent. Bill will setup WP meeting.', 10, 405, '2022-06-03 11:51:06'),
(224, '06/02: Waiting on material prices from Prysmian.', 10, 423, '2022-06-03 11:55:05'),
(225, '6/06: Waiting for Ops answers to WP 3nd tab. WP on Thursday.', 10, 405, '2022-06-06 07:51:30'),
(226, '06/06: Sent reminder to Olga on 06/02 no answer received.', 10, 416, '2022-06-06 07:52:27'),
(227, '06/06: Meeting @ 10am. LI boot issue.', 10, 418, '2022-06-06 07:53:19'),
(228, 'Material and operations shared by Eng. PQR sent to Jose.', 10, 426, '2022-06-06 15:13:43'),
(229, '06/06: Sent formal quote to Olga.', 10, 416, '2022-06-06 16:52:39'),
(230, '06/06: Sent BOMs to Sourcing. Pricing for connectors and cable is already available.', 10, 425, '2022-06-06 16:53:32'),
(231, '06/07: BOM uploaded to Sourcing. Will complete PQR on 06/08.', 10, 427, '2022-06-07 14:34:53'),
(232, '06/07: WP on 06/09.', 10, 405, '2022-06-07 14:42:37'),
(233, '06/08: WP sent to Olga pending meeting.', 10, 418, '2022-06-07 16:20:49'),
(234, '06/09: Sent PQR and formal quote to Olga. Waiting for release.', 10, 426, '2022-06-08 07:22:02'),
(235, '06/07: Review PQR internally ', 11, 425, '2022-06-08 09:37:25'),
(236, '06/09: Checking with Bill if formal quote is needed or if were waiting for pricing info.', 10, 405, '2022-06-09 08:31:05'),
(237, '06/09: SH meeting today. Quote to be published pending any additional info.', 10, 418, '2022-06-09 09:28:36'),
(238, '06/09: Quote sent.', 10, 426, '2022-06-09 09:29:05'),
(239, '06/09: PQR finished.', 10, 425, '2022-06-09 09:29:40'),
(240, '06/10: PQR sent to Jason. Will discuss Monday.', 10, 427, '2022-06-10 08:20:41'),
(241, '06/10: Sent Bill formal quote.', 10, 405, '2022-06-10 16:22:37'),
(242, '06/13: Waiting on copper info to publish quote.', 10, 418, '2022-06-13 08:13:18'),
(243, '06/13: Quote sent to Olga.', 10, 425, '2022-06-14 08:30:29'),
(244, '06/14: Quote sent @ 32% GM.', 10, 427, '2022-06-14 14:33:51'),
(245, '06/14: Release formal quote to Fernando and Olga', 11, 428, '2022-06-16 09:04:08'),
(246, '06/15: Refreshing price with new connector prices and calculated cable prices. Will send PQR and WP today.', 10, 422, '2022-06-16 09:29:48'),
(247, '06/17: WP held quote sent.', 10, 422, '2022-06-17 15:57:48'),
(248, 'PQRs to be consolidated and sent today.', 10, 429, '2022-06-27 07:58:01'),
(249, 'Uploaded materials to Sourcing for tomorrow. Will finished PQR structure today.', 10, 430, '2022-06-28 08:14:33'),
(250, '07/01: Sent formal quote and PQR.', 10, 430, '2022-07-04 07:30:51'),
(252, '07/04: No new info placed on hold.', 10, 423, '2022-07-04 10:28:36'),
(253, '07/04: Shared PQR to Jose\n', 10, 429, '2022-07-04 10:28:55'),
(254, '07/04: No new information. Placed on hold.', 10, 419, '2022-07-04 10:29:13'),
(255, '07/05: Shared PQR to Jose', 10, 429, '2022-07-06 09:31:27'),
(256, 'Retrieveing boms from previous quote.', 10, 432, '2022-07-12 08:49:54'),
(257, 'Waiting for cable specs and volumes to send BOMs to Sourcing.', 10, 431, '2022-07-12 08:50:07'),
(258, 'Waiting for Sourcing material. PQR almost finished.', 10, 432, '2022-07-14 09:31:47'),
(259, '07/14: Cable specs received. BOMs will be shared to Sourcing.', 10, 431, '2022-07-14 09:32:13'),
(260, '07/18: Waiting for information from Olga regarding volumes and lengths. Sourcing in process for cable.', 10, 431, '2022-07-18 09:38:25'),
(261, '07/18: PQR finished. Waiting for Sourcing info on cables.', 10, 432, '2022-07-18 09:38:51'),
(262, '07/25: PQR will be sent today. Neet to check what to do with assemblies that are missing cable price.', 10, 432, '2022-07-25 07:37:39'),
(263, '07/25: No volumes or lengths shared. Will upload BOMs as is with 10 pcs per assembly. Breakout boots required.', 10, 431, '2022-07-25 09:30:19'),
(264, '07/27: Still pending with cable info. BOM has been updated with additional info but were still waiting for prices and availability. of materials.', 10, 433, '2022-07-27 10:35:05'),
(265, '07/27: Waiting for cable info. Question from Hitachi was answered.', 10, 431, '2022-07-28 09:57:21'),
(266, '07/29: PQR and WP sent to Daniel. Exception for MINI SAS connectors.', 10, 432, '2022-08-01 07:48:04'),
(267, '08/01: Still waiting for information on cable prices / LT / FA info.', 10, 433, '2022-08-01 08:04:26'),
(268, '08/02: Waiting for cable shipping cost to add to quote. Reqirements pending.', 10, 433, '2022-08-02 11:41:53'),
(269, 'Released valiadtion quote to Olga 08/03', 5, 434, '2022-08-04 07:34:58'),
(270, '08/04: Preparing formal quote to be sent today.', 10, 433, '2022-08-04 09:29:13'),
(271, '08/04: Sent update PQR and sales report.', 10, 429, '2022-08-04 09:29:31'),
(272, '08/04: Waiting for information regarding MFG info for BOMs.', 10, 419, '2022-08-04 09:29:53'),
(273, '08/04: received specs and quote from Hitachi. Checking specs.', 10, 431, '2022-08-05 09:14:50'),
(274, '08/08: Quote sent to Jose on Friday along with updated production quote.', 10, 433, '2022-08-08 08:12:17'),
(275, '08/05: Updated PQR sent.', 10, 429, '2022-08-08 08:15:16'),
(276, '08/05: Post Items to sourcing', 11, 435, '2022-08-08 09:32:07'),
(277, '08/15: Need to check validation and material matrix.', 10, 433, '2022-08-15 07:38:06'),
(278, '08/15: Will start BOM upload with no volumes.', 10, 419, '2022-08-15 08:04:45'),
(279, '08/15: BOM uploaded. Will work on PQR.', 10, 419, '2022-08-15 09:19:15'),
(280, '8/15 create BOM', 11, 436, '2022-08-15 09:27:19'),
(281, '08/16: Missing labor validation and confirmation of reels / cradle cost.', 10, 431, '2022-08-16 15:13:27'),
(282, '08/17: Missing labor validation.', 10, 431, '2022-08-17 09:29:25'),
(283, '8/18 working on PQR', 11, 436, '2022-08-19 09:33:31'),
(284, '08/19: Quote and PQR released to Olga.', 10, 431, '2022-08-19 10:47:11'),
(285, 'Finishing labor estimates. Checking material prices.', 10, 419, '2022-08-22 08:49:14'),
(286, '08/23: Waiting for confirmation of epoxis and extra material.', 10, 419, '2022-08-23 08:31:15'),
(287, '08/27: Quote was cancelled from H+S.', 10, 433, '2022-08-29 08:27:42'),
(288, '08/29: Quote to be released today.', 10, 429, '2022-08-29 09:22:06'),
(289, '08/29: Will release today.', 10, 431, '2022-08-29 09:24:39'),
(290, '08/29: Waiting for confirmation of cable LTs to send WP documents.', 10, 419, '2022-08-29 09:35:57'),
(291, '08/29: Quote is released pending implementation date.', 10, 429, '2022-08-31 07:18:38'),
(292, '08/30: Olga will check with Jim for additional information on current process.', 10, 419, '2022-08-31 08:58:55'),
(293, '08/31: Will check impact of cost with new pallets.', 10, 429, '2022-08-31 08:59:26'),
(294, '09/01: Will meet tomorrow to discuss new PQR.', 10, 419, '2022-09-02 07:28:24'),
(295, '09/02: Need to verifiy std. time.', 10, 419, '2022-09-02 09:26:55'),
(296, '09/02: PQR with the new pallets of the involved assemblies on the requote was shared. After this the rest of the assemblies will be analyzed.', 10, 429, '2022-09-05 09:16:52'),
(297, '09/06: Need to secure material prices.', 10, 439, '2022-09-06 08:49:46'),
(298, '09/07: Pending labor confirmation w/ visit.', 10, 419, '2022-09-07 09:17:07'),
(299, '09/07: Shared initial PQR to Ivan.', 10, 439, '2022-09-07 09:31:19'),
(300, '09/12: Will share PQR today.', 10, 429, '2022-09-12 09:29:53'),
(301, '09/12: Calculating new labor time. Will share today.', 10, 419, '2022-09-12 09:30:08'),
(302, '09/12: Waiting for information to start quoting.', 10, 440, '2022-09-12 09:30:24'),
(303, '09/12: PQR shared.', 10, 429, '2022-09-12 14:18:29'),
(304, '09/13: Was put on hold by Eric. Will do the rest of the PQRs for pallet impact and will suspend this quote.', 10, 429, '2022-09-13 08:59:57'),
(305, '09/13: Calculating new labor time.', 10, 419, '2022-09-13 09:00:10'),
(306, '09/13: Received information. Reviewing.', 10, 440, '2022-09-13 09:00:26'),
(307, '09/14: Finished initial BOMs. Will send issues for materials.', 10, 440, '2022-09-14 08:31:35'),
(308, '09/14: Quote is being closed do to ongoing negotiations with RFS.', 10, 429, '2022-09-14 11:11:35'),
(309, '09/15: Reviseed PQR was sent to Olga.', 10, 419, '2022-09-19 09:20:24'),
(310, '09/15: issues were sent to Andrew. Uploading existing materials.', 10, 440, '2022-09-19 09:21:11'),
(311, '9/19: Checking Request and creating quote', 11, 441, '2022-09-19 09:24:02'),
(312, '9/20: Reviewing PQR', 11, 441, '2022-09-20 08:19:48'),
(313, '9/19: Materials posted to sourcing. 3 pending for specs', 1, 440, '2022-09-20 09:30:00'),
(314, '09/21: WP meeting was held. 25%GM opening price. Quote submitted.', 10, 419, '2022-09-22 09:18:51'),
(315, '9/22: Added 21 new Part numbers working on posting materials to sourcing', 1, 440, '2022-09-22 09:27:33'),
(316, '9/23: Consolidated materials posted to sourcing. New open issues shared to Customer.', 1, 440, '2022-09-23 08:27:44'),
(317, '09/23: Meeting request to Jason for approval.', 10, 439, '2022-09-26 09:12:10'),
(318, '10/03: Checking Commscope Opterna FS.COM as competitors. Need to check for pricing.', 10, 439, '2022-10-03 07:41:38'),
(319, '09/28: Andrew from RFS forwarded questions to RFS internally.', 10, 440, '2022-10-03 07:42:25'),
(320, '10/03: Sent open issues to Olga.', 10, 442, '2022-10-03 09:30:01'),
(321, '10/03: Added Materials for sourcing in SyteLine with E000000005', 1, 442, '2022-10-03 15:57:33'),
(322, '10/05: Creating PQR', 11, 443, '2022-10-05 09:48:01'),
(323, '10/11: Will send pricing findings to Jason and check for instructions to quote.', 10, 439, '2022-10-11 09:28:43'),
(324, '10/11: Operations BOM uploaded to sourcing', 11, 443, '2022-10-11 09:29:45'),
(325, '10/11: Fixed Standard Hours to PQR per Engineering notes.', 1, 442, '2022-10-11 17:41:21'),
(326, '10/11: Labor charged on Syteline', 1, 442, '2022-10-11 18:27:05'),
(327, '10/12: Waiting prices for new cables', 11, 443, '2022-10-12 09:29:35'),
(328, '10/14: Sent to Olga. Had meeting with Eric.', 10, 442, '2022-10-14 07:23:11'),
(329, '10/14: BOMs finished. Operations in process to configure by early next week.', 10, 443, '2022-10-14 07:23:49'),
(330, '10/19: Will send PQR and formal quote keeping margins the same and negotiate from there.', 10, 439, '2022-10-19 08:37:59'),
(331, '10/19: Quote sent. Will close Quote for now.', 10, 439, '2022-10-21 09:20:47'),
(332, '10/21: Asked for update to Olga no response. Assume there is no new information.', 10, 440, '2022-10-21 09:21:26'),
(333, '10/20: Olga received push back. Making file with increments.', 10, 442, '2022-10-21 09:21:51'),
(334, '10/20: PQR was send to Olga were waiting on response', 11, 443, '2022-10-21 09:25:12'),
(335, '10/21/: Post material to sourcing', 11, 444, '2022-10-21 09:28:42'),
(336, '10/21: Quote information was sent to Olga', 1, 442, '2022-10-24 07:50:12'),
(337, '10/24: Waiting for prices for connectors working on std. time', 11, 444, '2022-10-24 09:33:16'),
(338, '10/26: Reviewing PQR ', 11, 444, '2022-10-26 07:58:51'),
(339, '10/27: PQR was send to Olga', 11, 444, '2022-10-27 09:22:26'),
(340, '10/27: Fixed THHN selling price per packaging level. ', 1, 442, '2022-10-27 14:30:31'),
(341, '11/03: Uploaded FGs to SyteLine.', 1, 442, '2022-11-04 07:34:20'),
(342, '11/04: Send notification to Konnie for a RollUp Cost in SyteLine.', 1, 442, '2022-11-04 07:34:56'),
(343, '11/04: Data received from RFS doesnt correspond to needed one. Asked Olga if there is a need to forward the issues to another contact.', 1, 440, '2022-11-04 07:40:41'),
(344, '11/04: NAI team notified and project changed to awarded.', 1, 442, '2022-11-04 09:26:36'),
(345, '11/16: Feedback from RFS to open issues.', 1, 440, '2022-11-17 15:42:01'),
(346, '11/17: Added new open issues to file.', 1, 440, '2022-11-17 15:42:10'),
(347, '11/17: Generated estimate in SyteLine and materials uploaded E000000268 -  EJ00000273', 1, 440, '2022-11-17 15:42:56'),
(348, '11/17: Posted materials to sourcing team.', 1, 440, '2022-11-17 15:43:29'),
(349, '11/18: Estimate E000000274 created and uploaded materials due to lack of U/M.', 1, 440, '2022-11-25 07:55:26'),
(350, '12/12: Working on BOMs', 1, 446, '2022-12-12 10:58:06'),
(351, '12/13: I:\\Cotizaciones\\OPTICAL DATACOM\\Cotizaciones por Cliente\\N\\NWS\\QO-06090 Samsung DC Jumper for Feeder Installation\\QO-06090-1 Samsung DC Jumper for Feeder Installation', 1, 383, '2022-12-13 11:36:58'),
(352, '12/13: I:\\Cotizaciones\\OPTICAL DATACOM\\Cotizaciones por Cliente\\P\\PPC Broadband\\2022\\2022-12-12 E000000359 PPC FTTA Armored Jumpers', 1, 446, '2022-12-13 14:48:27'),
(353, '12/19: Posted materials to sourcing EJ00000399', 1, 446, '2022-12-19 08:38:12'),
(354, '12/21: Added operation data to estimate.', 1, 446, '2022-12-21 11:23:25'),
(355, '12/29: PQR sent to Olga and Ivan for review still pending cable info from Corning.', 1, 446, '2022-12-30 07:10:10'),
(356, '01/04: Added Cable A021302 to estimate. Estimate Job Changed to EJ00000428.', 1, 446, '2023-01-04 16:37:11'),
(357, '10/05: Added Quoting proposal to PQR with GM 28%. and send to Olga.', 1, 446, '2023-01-05 11:10:31'),
(358, '01/10: I:\\Cotizaciones\\OPTICAL DATACOM\\Cotizaciones por Cliente\\P\\Prysmian\\2023\\E000000461 - 2023-01-10 - Drop Cables', 1, 449, '2023-01-10 11:26:37'),
(359, '01/10: Added materials to estimate.', 1, 449, '2023-01-10 14:47:49'),
(360, '01/11: Shared PQR and Formal Quote with Dry and Gel Cable Configuration.', 1, 446, '2023-01-11 16:00:23'),
(361, '01/10: Posted materials to sourcing.', 1, 449, '2023-01-12 07:27:38'),
(362, '01/12: I:\\Cotizaciones\\OPTICAL DATACOM\\Cotizaciones por Cliente\\R\\RFS\\2022-09-02 QO-07167 RFS 12X24 Trunks', 1, 440, '2023-01-12 11:24:31'),
(363, '01/12: PQR and Formal Quote Sent to Olga.', 1, 449, '2023-01-13 07:35:35'),
(364, '01/13: Olga asked to increase GM to min 20% to 2500FT FG.', 1, 449, '2023-01-13 10:31:53'),
(365, '01/13: Final PQR and Formal Quote sent to Olga.', 1, 449, '2023-01-13 14:33:43'),
(366, '1/16: Added materials to estimate in EJ00000520', 1, 452, '2023-01-16 17:34:26'),
(367, '01/16: Posted materials to sourcing pending packaging.', 1, 452, '2023-01-17 07:44:01'),
(370, 'EJ00000527', 7, 450, '2023-01-17 16:09:39'),
(371, 'Materiales Posteados a Sourcing', 7, 450, '2023-01-17 16:15:56'),
(372, 'Open Issue enviado a Kylar Beierlein ', 7, 450, '2023-01-17 16:27:05'),
(373, '01/17: updated PQR with new rates and sourced materials cost.', 1, 453, '2023-01-17 16:27:11'),
(374, '01/17: Posted Operations to Estimate.', 1, 452, '2023-01-17 16:32:37'),
(375, '01/18: Estimate Job changed to EJ00000365 & EJ00000366.', 1, 453, '2023-01-18 10:07:44'),
(376, '01/18: RFQ sent to Olga.', 1, 453, '2023-01-18 10:47:06'),
(377, '01/18: Added packaging material and posted to sourcing team.', 1, 452, '2023-01-18 16:20:58'),
(378, 'Open Issues resuelto no llevara bonding kit y se envio red line de dibujo con una pierna de 12 fibras escalonada y el cliente acepto.', 7, 450, '2023-01-18 16:29:41'),
(379, '01/18: Posted to sourcing new cable from Prysmian due high LT.', 1, 453, '2023-01-18 16:39:24'),
(380, 'No Bid al cable cotizado se requiere otro cable', 7, 450, '2023-01-19 07:42:24'),
(381, '01/23: PQR sent to copper quoting team.', 1, 452, '2023-01-23 10:39:06'),
(382, '01/23: Added operations to syteline.', 1, 450, '2023-01-23 16:05:39'),
(383, '01/23: Configuration complete in syteline.', 1, 450, '2023-01-23 16:05:59'),
(384, '01/23: BOM defined.', 1, 454, '2023-01-23 16:06:21'),
(385, 'Estimate E000000548 created for testing purposes', 6, 454, '2023-01-24 07:39:16'),
(386, '01/24: Open issues sent to Olga.', 1, 454, '2023-01-24 11:12:10'),
(387, '01/24: Uploaded materials to Estimate.', 1, 454, '2023-01-24 11:44:26'),
(388, 'Canceled because is not a viable option. Email in files tab', 6, 456, '2023-01-24 14:56:35'),
(389, '01/24: PQR updated with MOQ charges and LT to 12 weeks.', 1, 452, '2023-01-24 15:19:50'),
(390, '01/24: En espera de spec del cable alternativo.', 1, 450, '2023-01-24 16:14:16'),
(391, '01/24: Created new estimate and job numbers: E000000560 / EJ00000571 due lack of U/M AND POSTED TO SOURCING.', 1, 454, '2023-01-25 07:05:22'),
(392, '01/25: --- E000000005 ---', 1, 442, '2023-01-25 10:51:12'),
(393, '01/25: Added operations to estimate E000000560.', 1, 454, '2023-01-25 15:44:44'),
(394, '01/31: PQR and Formal Quote sent to Olga.', 1, 453, '2023-01-31 14:30:10'),
(395, '02/01: Added to connection.', 1, 450, '2023-02-01 10:56:05'),
(396, '02/01: Added to connection.', 1, 453, '2023-02-01 10:56:31'),
(397, '01/27: Materials posted to sourcing', 1, 455, '2023-02-01 11:03:01'),
(398, '02/01: Added quote to connection.', 1, 455, '2023-02-01 11:07:30'),
(399, '02/07 Items Posted to Sourcing as Open Market. ', 7, 457, '2023-02-07 16:02:37'),
(400, 'EJ00000666', 7, 457, '2023-02-07 16:02:54'),
(401, '02/09: Added materials to Syteline', 1, 458, '2023-02-09 11:32:05'),
(402, '02/09: Generated EJ00000716', 1, 458, '2023-02-09 11:43:06'),
(403, '02/09: Materials posted to Sourcing team', 1, 458, '2023-02-09 11:50:01'),
(404, '02/09 Formal quote released and sent. ', 7, 457, '2023-02-10 07:46:30'),
(405, '02/02: Finished sourcing.', 10, 455, '2023-02-13 08:03:11'),
(406, '02/10: Approved form Ex. team and quote sent.', 10, 455, '2023-02-13 08:04:07'),
(407, '02/13: EJ00000734', 7, 459, '2023-02-13 14:52:09'),
(408, '02/10: Customer sent feedback of the Open Issues  ', 7, 454, '2023-02-14 07:32:38'),
(409, '02/13: Feedback was not enough we sent back the Open Issues file. ', 7, 454, '2023-02-14 07:33:43'),
(411, '02/14: Generated new estimate to load materials E000000685 / EJ00000735', 1, 458, '2023-02-14 11:38:23'),
(412, 'Approved Fiber Optic Network cable  ', 7, 450, '2023-02-15 10:24:06'),
(413, 'PQR under revision waiting for its approved. ', 7, 450, '2023-02-15 10:25:20'),
(414, '02/14: Updated FG in Syteline with info from PQR waiting for QA Approval.\n', 1, 453, '2023-02-15 10:55:43'),
(415, '02/15: PQR and Formal Quote sent to Olga waiting for approval. ', 7, 459, '2023-02-15 16:22:12'),
(416, '02/16: PQR sent to Kylar with two cable options: Corning and Fiber Optic Network ', 7, 450, '2023-02-16 07:47:40'),
(418, '02/16: FG active in Syteline ', 7, 459, '2023-02-16 11:36:29'),
(419, 'BOM in revision with DE', 7, 460, '2023-02-16 11:52:16'),
(420, '02/15 Customer sent us the spec requested on the Open Issues File', 7, 454, '2023-02-16 11:53:17'),
(421, '02/17: New Estimate E000000714 and Job EJ00000763', 7, 454, '2023-02-17 11:42:21'),
(422, 'New Estimate E000000718 and Job EJ00000766', 7, 454, '2023-02-20 08:38:06'),
(423, '2/20: PQR and Formal quote sent to Kylar only with the Corning Price', 7, 450, '2023-02-21 07:20:18'),
(424, '02/22: Items posted to sourcing E000000684/ EJ00000796', 7, 460, '2023-02-22 07:37:56'),
(425, '02/23: Changed reel to H090011 in SyteLine.\n\n', 1, 458, '2023-02-23 08:21:12'),
(426, '02/24: PQR under revision with Guillermo ', 7, 460, '2023-02-24 14:58:01'),
(427, '03/01: Checklist Received.', 1, 458, '2023-03-01 07:13:36'),
(428, '03/01: Formal Quote released. ', 7, 460, '2023-03-01 14:51:05'),
(429, '03/03: Formal quote sent to Olga.', 1, 458, '2023-03-06 07:27:35'),
(430, '03/06: Formal Quote sent with 3 scenarios.', 1, 458, '2023-03-06 09:35:42'),
(431, '03/06: Added current materials to estimate. in EJ00000862', 1, 461, '2023-03-06 16:57:42'),
(432, '03/06: Materials post to sourcing.', 1, 461, '2023-03-06 17:10:10'),
(433, '03/10: TESTING ESTIMATE TRN - E000000601', 1, 461, '2023-03-10 08:32:02'),
(434, '03/22: Formal quote sent to Alejandra an Olga.', 1, 462, '2023-03-22 10:13:56'),
(435, 'E000000899/ EJ00000955', 7, 464, '2023-03-23 10:51:10'),
(436, '03/23 Posted to Sourcing', 7, 464, '2023-03-23 10:51:25'),
(437, '03/23: Open issues sent to Olga.', 1, 463, '2023-03-23 11:59:37'),
(438, '03/27 PQR under revision ', 7, 464, '2023-03-27 11:36:54'),
(439, '03/31: EJ00001009', 1, 463, '2023-03-31 09:59:25'),
(440, '03/31: Materials posted to sourcing.', 1, 463, '2023-03-31 10:09:48'),
(441, '03/31: Reminder sent to RFS regarding open issues.', 1, 463, '2023-03-31 10:16:30'),
(442, '27/03 Formal quote sent to Daniel Durazo', 7, 464, '2023-04-03 08:34:56'),
(443, '04/13: Got response from RFS regarding open issues.', 1, 463, '2023-04-13 15:42:35'),
(444, '04/14: Created new Estimate to include open issues - E000001022 / EJ00001088', 1, 463, '2023-04-14 07:51:02'),
(445, '04/14: Full list of materials posted sourcing team.', 1, 463, '2023-04-14 08:08:27'),
(446, '04/14: EJ00001092', 7, 466, '2023-04-14 10:41:10'),
(447, '04/18 PQR ready just waiting to have answer of two items that are included in the open issues file', 7, 466, '2023-04-18 10:32:57'),
(448, '04/17: Sent PQR to Olga. Waiting for duration confirmation.', 10, 467, '2023-04-19 14:49:58'),
(449, '04/26: Had SH meeting with approval.', 10, 467, '2023-04-26 11:07:41');

-- --------------------------------------------------------

--
-- Estructura de tabla para la tabla `cotizacion_volumen`
--

CREATE TABLE `cotizacion_volumen` (
  `idCotizacionVolumen` int(11) NOT NULL,
  `nombre` varchar(50) COLLATE utf8_unicode_ci NOT NULL,
  `fechaCrea` datetime NOT NULL DEFAULT CURRENT_TIMESTAMP
) ENGINE=InnoDB DEFAULT CHARSET=utf8 COLLATE=utf8_unicode_ci;

--
-- Volcado de datos para la tabla `cotizacion_volumen`
--

INSERT INTO `cotizacion_volumen` (`idCotizacionVolumen`, `nombre`, `fechaCrea`) VALUES
(1, 'Quoting Volume:  1 - 5 FG', '2021-05-17 22:11:41'),
(2, 'Quoting Volume:  5-20 FG', '2021-05-17 22:11:41'),
(3, 'Quoting Volume:   20+ FG', '2021-05-17 22:11:41');

-- --------------------------------------------------------

--
-- Estructura de tabla para la tabla `cuenta`
--

CREATE TABLE `cuenta` (
  `idCuenta` int(11) NOT NULL,
  `idCarrier` int(11) NOT NULL,
  `cuenta` varchar(50) NOT NULL,
  `idCliente` int(11) NOT NULL,
  `fechaCrea` datetime NOT NULL DEFAULT CURRENT_TIMESTAMP
) ENGINE=InnoDB DEFAULT CHARSET=utf8mb4;

--
-- Volcado de datos para la tabla `cuenta`
--

INSERT INTO `cuenta` (`idCuenta`, `idCarrier`, `cuenta`, `idCliente`, `fechaCrea`) VALUES
(1, 2, 'NWS ACCT', 1, '2021-09-08 11:01:51');

-- --------------------------------------------------------

--
-- Estructura de tabla para la tabla `departamento`
--

CREATE TABLE `departamento` (
  `idDepartamento` int(11) NOT NULL,
  `nombre` varchar(50) COLLATE utf8_unicode_ci NOT NULL,
  `descripcion` text COLLATE utf8_unicode_ci NOT NULL,
  `fechaCrea` datetime NOT NULL DEFAULT CURRENT_TIMESTAMP
) ENGINE=InnoDB DEFAULT CHARSET=utf8 COLLATE=utf8_unicode_ci;

--
-- Volcado de datos para la tabla `departamento`
--

INSERT INTO `departamento` (`idDepartamento`, `nombre`, `descripcion`, `fechaCrea`) VALUES
(1, 'COE - Diseño', '', '2021-05-17 14:49:08'),
(2, 'COE - Manufactura', 'N/A', '2021-05-17 17:14:13'),
(3, 'COE - Cotizaciones', 'N/A', '2021-05-17 17:14:34'),
(4, 'Representante de Ventas', 'N/A', '2021-05-17 23:22:20'),
(5, 'COE - Administration', 'N/A', '2021-07-15 10:34:15'),
(6, 'COE - Quality', '', '2021-08-17 16:03:13'),
(7, 'COE - Technician', 'N/A', '2022-01-26 09:26:59'),
(8, 'COE - Documentation', 'N/A\r\n', '2022-01-26 09:27:24'),
(9, 'Applications', 'N/A', '2023-01-26 10:28:21'),
(10, 'NPI- Design', 'N/A', '2023-03-28 08:10:03'),
(11, 'Design and Application Supervisor', 'N/A', '2023-04-10 15:35:29'),
(12, 'Current Operations', 'N/A', '2023-05-17 09:47:18'),
(13, 'Customer Service', 'N/A', '2023-05-17 10:01:50'),
(14, 'Sourcing', 'N/A', '2023-05-17 10:14:13'),
(15, 'Quoting', 'N/A', '2023-05-17 10:24:12'),
(16, 'NPI', 'N/A', '2023-05-17 10:24:51'),
(17, 'Planning', 'N/A', '2023-05-17 10:25:31'),
(18, 'Buyer', 'N/A', '2023-05-17 10:26:43'),
(19, 'Gaylord Operations', 'N/A', '2023-05-17 11:31:44'),
(20, 'Materials', 'N/A', '2023-05-17 11:34:56');

-- --------------------------------------------------------

--
-- Estructura de tabla para la tabla `empleado`
--

CREATE TABLE `empleado` (
  `idEmpleado` int(11) NOT NULL,
  `numEmpleado` varchar(10) NOT NULL,
  `nombre` varchar(50) NOT NULL,
  `fechaCrea` datetime NOT NULL DEFAULT CURRENT_TIMESTAMP,
  `correo` varchar(30) NOT NULL,
  `celular` varchar(10) DEFAULT NULL,
  `activo` tinyint(1) NOT NULL,
  `notas` text,
  `idPuesto` int(11) NOT NULL,
  `idDepartamento` int(11) NOT NULL,
  `asignableAct` tinyint(1) DEFAULT NULL,
  `asignableAsResp` tinyint(4) DEFAULT NULL
) ENGINE=InnoDB DEFAULT CHARSET=utf8mb4;

--
-- Volcado de datos para la tabla `empleado`
--

INSERT INTO `empleado` (`idEmpleado`, `numEmpleado`, `nombre`, `fechaCrea`, `correo`, `celular`, `activo`, `notas`, `idPuesto`, `idDepartamento`, `asignableAct`, `asignableAsResp`) VALUES
(1, '15179', 'Kain Abdala', '2021-05-05 19:06:12', 'kabdala@nai-group.com', '6622689700', 0, NULL, 14, 10, 0, 0),
(4, '1685', 'Lizeth Denice Amparano Ballesteros', '2021-05-05 19:38:10', 'lamparano@nai-group.com', '', 0, NULL, 3, 7, 0, NULL),
(5, '10098', 'Adriana Dinorah Fuentes Rios', '2021-05-05 19:38:10', 'afuentes@nai-group.com', '', 0, NULL, 3, 8, 0, NULL),
(8, '15385', 'Maria Fernanda Sosa Sandoval', '2021-05-05 19:39:32', '', '', 0, NULL, 3, 7, 0, NULL),
(9, '15784', 'Cecilia Guadalupe Leyva Lugo', '2021-05-05 19:39:32', '', '', 0, NULL, 2, 7, 0, NULL),
(10, '16023', 'Brenda Alejandra Cruz Amaya', '2021-05-05 19:40:32', '', '', 0, NULL, 2, 7, 0, NULL),
(11, '16999', 'William Marroquin Hernandez', '2021-05-05 19:40:32', '', '', 0, NULL, 2, 7, 0, NULL),
(12, '5998', 'Jorge Adrian San Martín Martinez', '2021-05-05 20:19:05', 'asanmartin@nai-group.com', '6623381464', 0, NULL, 5, 7, 0, NULL),
(13, '18817', 'Guillermo Tobin', '2021-05-17 23:01:48', 'gtobin@nai-group.com', NULL, 1, '', 6, 3, NULL, NULL),
(14, 'SLS001', 'Olga Reyes', '2021-05-17 23:22:40', '', NULL, 1, '', 1, 4, NULL, NULL),
(15, 'SLS002', 'Chris', '2021-05-18 16:11:55', '', '', 1, '', 1, 4, NULL, NULL),
(16, 'SLS003', 'Kim', '2021-05-18 19:01:12', '', '', 1, '', 1, 4, NULL, NULL),
(17, '20802', 'Sara Franco', '2021-05-18 20:35:48', 'sfranco@nai-group.com', '', 0, '', 7, 3, 0, NULL),
(18, '20803', 'Andrea Guadalupe Salas Navarro', '2021-05-18 20:38:22', 'asalas@nai-group.com', '', 1, '', 4, 1, 1, NULL),
(19, '13049', 'Francisco Felix', '2021-05-19 19:32:20', 'ffelix@nai-group.com', '', 1, '', 4, 2, 1, NULL),
(20, '17682', 'Felix Norzagaray', '2021-05-19 19:39:05', 'fnorzagaray@nai-group.com', '', 1, '', 16, 9, 1, 1),
(21, '15356', 'Daniel Herrejon', '2021-05-19 19:40:06', 'dherrejon@nai-group.com', '', 0, '', 4, 1, 0, NULL),
(26, 'TBD003', 'Diana Garcia', '2021-06-17 17:49:28', 'asd@hotmail.com', 'asdasdadas', 0, '', 7, 3, NULL, NULL),
(27, '2079', 'Jose Castillo', '2021-07-15 10:38:16', 'jcastillo@nai-group.com', '', 0, '', 9, 5, 0, NULL),
(28, '13399', 'Gabriela Alcantar', '2021-08-17 11:02:43', 'galcantar@nai-group.com', '', 1, '', 10, 5, 0, NULL),
(29, '9520', 'Rogelio Encinas Garcia', '2021-09-02 08:52:40', 'rencinas@nai-group.com', '', 1, '', 11, 6, NULL, NULL),
(30, '22275', 'Javier Acuña', '2021-10-15 13:23:03', 'jacuna@nai-group.com', '', 0, '', 7, 3, 0, NULL),
(31, 'SLS004', 'Kylar Beierlein', '2021-10-15 14:19:22', 'KBeierlein@nai-group.com', '248-561-38', 1, '', 1, 4, 0, NULL),
(32, 'SLS005', 'House', '2021-10-15 14:19:46', '', '', 1, '', 1, 4, NULL, NULL),
(33, 'SLS006', 'Mariana', '2021-10-15 14:20:16', '', '', 0, '', 1, 4, 0, NULL),
(34, 'SLS007', 'China', '2021-10-15 14:20:40', '', '', 1, '', 1, 4, NULL, NULL),
(35, 'SLS008', 'Brigitte', '2021-10-15 14:21:18', '', '', 1, '', 1, 4, NULL, NULL),
(36, 'SLS009', 'Lingchun Lim', '2021-10-15 14:21:40', '', '', 1, '', 1, 4, NULL, NULL),
(37, 'SLS010', 'Sara', '2021-10-15 14:22:08', '', '', 1, '', 1, 4, NULL, NULL),
(38, 'SLS011', 'Jason F', '2021-10-15 14:22:30', '', '', 1, '', 1, 4, NULL, NULL),
(39, '15910', 'Maria Elena Rojas Durazo', '2021-10-19 15:21:51', 'erojas@nai-group.com', '', 0, '', 5, 8, 0, NULL),
(40, '12444', 'Ivan Casillas', '2021-12-15 12:25:12', 'icasillas@nai-group.com', '', 1, '', 12, 5, 0, 0),
(41, '15416', 'Maria Lizbeth Rodriguez Monge', '2022-01-25 09:01:40', 'calidadrfs@nai-group.com', '', 0, '', 13, 6, 0, NULL),
(42, 'SLS012', 'Bill Miller', '2022-04-08 11:05:52', '', '', 0, '', 1, 4, 0, NULL),
(43, 'EA0001', 'Roberto Guzman', '2023-01-26 10:32:34', 'rguzman@nai-group.com', '', 0, '', 14, 10, 0, NULL),
(44, 'EA0002', 'Heriberto Huerta', '2023-01-26 10:35:00', 'hhuerta@nai-group.com', '', 0, '', 14, 9, 0, NULL),
(45, 'EA0003', 'Manuel Tolano', '2023-01-31 07:53:07', 'mtolano@nai-group.com', '', 1, '', 15, 9, 1, NULL),
(46, 'EA0004', 'Jose Luis Quijada', '2023-01-31 07:54:06', 'jquijada@nai-group.com', '', 1, '', 15, 9, 1, NULL),
(47, 'EA0005', 'Abigail Hernández', '2023-01-31 07:55:37', 'ahernandez@nai-group.com', '', 1, '', 5, 10, 1, NULL),
(48, 'EA0006', 'Juan Antonio Medina', '2023-01-31 07:56:55', 'jamedina@nai-group.com', '', 0, '', 5, 10, 0, NULL),
(49, 'EA0007', 'Juan Luis Ruiz', '2023-01-31 07:58:26', 'jlruiz@nai-group.com', '', 0, '', 5, 10, 0, NULL),
(51, 'EA0008', 'Eric Castelo', '2023-04-24 10:42:11', 'ecastelo@nai-group.com', '', 1, '', 17, 9, 1, 1),
(52, 'EA0009', 'Julian Moroyoqui', '2023-05-11 07:45:04', 'jmoroyoqui@nai-group.com', '', 1, '', 17, 9, 1, 0),
(53, 'EA0010', 'Marcela Gomes', '2023-05-17 10:06:09', 'mgomes@nai-group.com', '', 1, '', 18, 13, 0, 0),
(54, 'EA0011', 'Alex Payne', '2023-05-17 10:10:57', 'apayne@nai-group.com', '', 1, '', 19, 12, 0, 0),
(55, 'EA0012', 'Misahel Lopez', '2023-05-17 10:17:26', 'mlopez@nai-group.com', '', 0, '', 20, 14, 0, 0),
(56, 'EA0013', 'Jose Antonio Urias', '2023-05-17 10:34:45', 'jurias@nai-group.com', '', 1, '', 9, 16, 0, 0),
(57, 'EA0014', 'Magdalena Rodelo', '2023-05-17 10:38:26', 'mrodelo@nai-group.com', '', 1, '', 6, 15, 0, 0),
(58, 'EA0015', 'Adriel Martinez', '2023-05-17 10:40:33', 'adrielm@nai-group.com', '', 1, '', 21, 15, 0, 0),
(59, 'EA0016', 'Antonio Armenta', '2023-05-17 10:42:21', 'aarmenta@nai-group.com', '', 1, '', 6, 15, 0, 0),
(60, 'EA0017', 'Luisa Zendejas', '2023-05-17 10:44:39', 'lzendejas@nai-group.com', '', 1, '', 21, 15, 0, 0),
(61, 'EA0018', 'Mayra Alcaraz', '2023-05-17 10:45:57', 'malcaraz@nai-group.com', '', 1, '', 21, 15, 0, 0),
(62, 'EA0019', 'Virginia Molina', '2023-05-17 10:47:47', 'vmolina@nai-group.com', '', 1, '', 21, 15, 0, 0),
(63, 'EA0020', 'Sergio Vazquez', '2023-05-17 10:49:30', 'svazquez@nai-group.com', '', 1, '', 21, 15, 0, 0),
(64, 'EA0021', 'Yamileth Morales', '2023-05-17 10:52:16', 'ymorales@nai-group.com', '', 1, '', 21, 15, 0, 0),
(65, 'EA0022', 'Mariana Cervantes', '2023-05-17 10:57:39', 'mcervantes@nai-group.com', '', 1, '', 21, 15, 0, 0),
(66, 'EA0023', 'Carlos Andres Garcia', '2023-05-17 10:59:53', 'cgarcia@nai-group.com', '', 1, '', 6, 15, 0, 0),
(67, 'EA0024', 'Asente Monge', '2023-05-17 11:01:22', 'amonge@nai-group.com', '', 1, '', 21, 15, 0, 0),
(68, 'EA0025', 'Sandra Tadeo', '2023-05-17 11:03:31', 'stadeo@nai-group.com', '', 1, '', 24, 15, 0, 0),
(69, 'EA0026', 'Tadeo de Jesus Borboa', '2023-05-17 11:08:22', 'tborboa@nai-group.com', '', 1, '', 6, 15, 0, 0),
(70, 'EA0027', 'Daniel Durazo', '2023-05-17 11:16:17', 'ddurazo@nai-group.com', '', 1, '', 25, 12, 0, 0),
(71, 'EA0028', 'Linette Hernandez', '2023-05-17 11:19:11', 'lhernandez@nai-group.com', '', 1, '', 26, 18, 0, 0),
(72, 'EA0029', 'David Valenzuela ', '2023-05-17 11:22:51', 'dvalenzuela@nai-group.com', '', 1, '', 22, 13, 0, 0),
(73, 'EA0030', 'Ricardo Beltran', '2023-05-17 11:24:51', 'rbeltran@nai-group.com', '', 1, '', 26, 18, 0, 0),
(74, 'EA0031', 'Heber Renteria', '2023-05-17 11:26:12', 'hrenteria@nai-group.com', '', 1, '', 22, 13, 0, 0),
(75, 'EA0032', 'Miguel Medina', '2023-05-17 11:27:57', 'mmedina@nai-group.com', '', 0, '', 22, 13, 0, 0),
(76, 'EA0033', 'Beth Butler', '2023-05-17 11:30:51', 'bbutler@nai-group.com', '', 1, '', 27, 19, 0, 0),
(77, 'EA0034', 'Carlos Chairez', '2023-05-17 11:36:01', 'cchairez@nai-group.com', '', 1, '', 28, 20, 0, 0),
(78, 'EA0035', 'Fernando Estrada', '2023-05-17 11:37:30', 'festrada@nai-group.com', '', 1, '', 23, 20, 0, 0),
(79, 'EA0036', 'Fernando Martinez', '2023-05-17 11:39:58', 'fmartinez@nai-group.com', '', 1, '', 9, 12, 0, 0),
(80, 'EA0037', 'Jesus A. Othon', '2023-05-17 11:42:39', 'jaothon@nai-group.com', '', 1, '', 23, 20, 0, 0),
(81, 'EA0038', 'Lorena Duarte', '2023-05-17 11:46:07', 'lduarte@nai-group.com', '', 1, '', 23, 20, 0, 0),
(82, 'EA0039', 'Araceli Galaviz', '2023-05-17 11:47:33', 'araceli.galaviz@nai-group.com', '', 1, '', 23, 20, 0, 0),
(83, 'EA0040', 'Gabriela Dingfelder', '2023-05-17 11:52:54', 'gdingfelder@nai-group.com', '', 0, '', 23, 20, 0, 0),
(84, 'EA0041', 'German Fontes', '2023-05-17 11:54:17', 'gfontes@nai-group.com', '', 1, '', 27, 20, 0, 0),
(85, 'EA0042', 'Melva Pazos', '2023-05-17 11:56:18', 'mpazos@nai-group.com', '', 0, '', 10, 16, 0, 0),
(86, 'EA0043', 'Abraham Hernandez', '2023-05-17 11:58:19', 'abraham.hernandez@nai-group.co', '', 0, '', 10, 16, 0, 0),
(87, 'EA0044', 'Carlos del Villar', '2023-05-17 11:59:36', 'cdelvillar@nai-group.com', '', 0, '', 10, 16, 0, 0),
(88, 'EA0045', 'Juan Carlos Rodriguez', '2023-05-17 12:00:50', 'jcrodriguez@nai-group.com', '', 1, '', 10, 16, 0, 0),
(89, 'EA0046', 'Unknown', '2023-05-17 16:31:38', 'unknown@nai-group.com', '', 0, '', 21, 15, 0, 0),
(90, 'EA0047', 'Felix Palomares', '2023-07-11 07:46:10', 'fpalomares@nai-group.com', '', 1, '', 17, 9, 1, 1);

-- --------------------------------------------------------

--
-- Estructura de tabla para la tabla `ensambles`
--

CREATE TABLE `ensambles` (
  `idEnsamble` int(11) NOT NULL,
  `numParte` varchar(100) NOT NULL,
  `workorder` varchar(30) DEFAULT NULL,
  `cantReq` int(11) NOT NULL,
  `cantTerm` int(11) NOT NULL,
  `notas` text,
  `fechaCrea` datetime NOT NULL DEFAULT CURRENT_TIMESTAMP,
  `idProyecto` int(11) NOT NULL
) ENGINE=InnoDB DEFAULT CHARSET=utf8mb4;

--
-- Volcado de datos para la tabla `ensambles`
--

INSERT INTO `ensambles` (`idEnsamble`, `numParte`, `workorder`, `cantReq`, `cantTerm`, `notas`, `fechaCrea`, `idProyecto`) VALUES
(3, 'NWS-5273-180FT', 'WO-1422305', 1, 1, '', '2021-07-22 10:53:23', 34),
(4, 'NWS-5273-55FT', 'WO-1422306', 1, 1, '', '2021-07-22 10:53:32', 34),
(8, 'P104890', 'WO-1424625', 15, 15, '', '2021-08-05 10:53:09', 56),
(9, 'P104891', 'WO-1424626', 30, 30, '', '2021-08-05 10:53:27', 56),
(10, 'P104892', 'WO-1424627', 30, 30, '', '2021-08-05 10:53:48', 56),
(11, 'NAI-5272A-10M-COE', 'WO-1432720', 3, 3, 'WAITING FOR SHORTAGES', '2021-08-17 14:35:32', 77),
(12, 'LFS-2ALS3D162150G ', 'WO-1441233', 2, 1, '', '2021-08-26 15:43:26', 79),
(15, 'NWS-5273-120FT', 'WO-1422304', 1, 1, '', '2021-09-08 10:42:46', 34),
(16, 'HT-LCULCU-D24SM4-40FT-COE', 'WO-1433690', 1, 1, '', '2021-09-27 07:36:43', 88),
(17, 'Epoxy ADH-119MT-2 ', '', 1, 0, '', '2021-10-04 09:56:06', 89),
(18, 'J010087', '', 1, 0, '', '2021-10-06 08:38:29', 90),
(19, 'J010122', '', 1, 0, '', '2021-10-07 14:58:59', 91),
(20, '75901632-COE', 'WO-1437579', 1, 0, '', '2021-10-20 08:14:11', 92),
(30, 'J010112', '', 1, 0, 'EXPOXY POTTING COMPOUND-RESIN - HT-EHCS-48SM4-XXM', '2021-10-26 16:16:29', 93),
(31, 'J010113', '', 1, 0, 'EPOXY POTTING COMPOUND-HARDNER  - CABLE-HCSA-XXAWG XXM', '2021-10-26 16:17:05', 93),
(32, 'G010113', '', 1, 0, 'TECHNOMELT PA 646 BLACK- ALL NWS\r\nALTERNATIVES: Technomelt PA-514-44B\r\nTechnomelt PA-512-20B ', '2021-10-26 16:18:37', 93),
(33, 'J010122', '', 1, 0, 'TEROSON MS 939NA BLK 290ml IDH --HT-HCS2-HC6-XX \r\n HT-HCS2-HC4-XX', '2021-10-26 16:19:51', 93),
(34, 'J010135', '', 1, 0, 'EPOXY 2.5 GRAM PACKET EPO-TEK 353ND--ALL--ALTERNATIVE:ADH-119FO-A/B', '2021-10-26 16:20:43', 93),
(35, 'M010049', '', 1, 0, '462X3 MICRON 3 MIL 5 IN BY 1/4 H.D. --ALL', '2021-10-26 16:21:16', 93),
(36, 'M010050', '', 1, 0, '3UM DIAMOND POLISHING FILM 20PC/SET--ALL', '2021-10-26 16:21:59', 93),
(37, 'M010048', '', 1, 0, 'SEQUOIA 1UM DIAMOND FILM--ALL', '2021-10-26 16:22:23', 93),
(38, 'M010040', '', 1, 0, 'POLISHING FILM 100PC/SET--ALL', '2021-10-26 16:22:46', 93),
(39, 'NWS-5295-5M', 'WO-1437602', 1, 1, 'ODC-AOPC 5M', '2021-10-28 15:41:48', 94),
(40, 'NWS-5296-5M', 'WO-1437603', 1, 1, 'ODC-NOKIA BOOT 5M ', '2021-10-28 15:42:18', 94),
(41, 'NWS-5297-5M ', 'WO-1437604', 1, 1, 'ODC-AOPE 5M ', '2021-10-28 15:42:43', 94),
(42, ' NWS-5298-5M', 'WO-1437605', 1, 1, 'ODC-AOPA 5M', '2021-10-28 15:43:09', 94),
(43, '75901167', '', 3, 3, '', '2021-11-09 08:43:48', 96),
(44, 'HJ-HCS2-4SM6-5FT-COE', '', 9, 9, '', '2021-11-09 08:45:21', 97),
(45, 'ASU-WIR-9325TYP01-5FT-COE', '', 0, 0, '', '2021-11-09 08:48:04', 97),
(46, 'FIBER-JUMPER-2F-SM-LCD-5FT-COE', '', 0, 0, '', '2021-11-09 08:49:42', 97),
(47, 'NWS-2879-5FT-COE', '', 0, 0, '', '2021-11-09 08:49:53', 97),
(48, 'NWS-HJ08-LCLC-2P-RRH-5FT-COE', '', 0, 0, '', '2021-11-09 08:50:01', 97),
(49, 'HFT410-4SNOK4-15FT', '', 5, 5, '', '2021-11-09 08:50:35', 98),
(50, 'HFE212-4SET-5M/HFE212-4SEB-5M', '', 6, 6, '', '2021-11-09 08:53:19', 99),
(51, 'TA11728RRYXMMUCZ-CC00125MNN-LT', '', 12, 12, '', '2021-11-09 08:53:55', 100),
(52, 'HFT410-4SNOK2-15-60-COE', '', 10, 10, '', '2021-11-09 08:54:27', 101),
(53, 'HFT410-4SNOK2-15-90-COE', '', 0, 0, '', '2021-11-09 08:54:36', 101),
(54, 'HFT410-4SNOK2-15-150-COE', '', 0, 0, '', '2021-11-09 08:54:58', 101),
(55, 'HFT410-4SNOK4-15-60-COE', '', 0, 0, '', '2021-11-09 08:55:27', 101),
(56, 'HFT410-4SNOK4-15-90-COE', '', 0, 0, '', '2021-11-09 08:55:33', 101),
(57, 'HFT410-4SNOK4-15-150-COE', '', 0, 0, '', '2021-11-09 08:55:37', 101),
(58, 'HJ-HCS2-4SMP6-30FT ', '', 11, 11, 'SKU33922', '2021-11-09 08:56:48', 102),
(59, 'HJ-HCS2-4SMP10-15FT', '', 15, 15, 'SKU 33921', '2021-11-09 08:57:03', 102),
(60, 'NWS-5017-15FT', '', 4, 4, '', '2021-11-09 08:57:55', 103),
(61, 'NWS-5018-15FT', '', 0, 0, '', '2021-11-09 08:58:03', 103),
(62, 'FD21206-48S55-10', '', 2, 2, '', '2021-11-09 08:58:26', 104),
(63, 'HJ-HCS2-4SMP10-XXFT', '', 195, 195, '', '2021-11-09 08:59:14', 105),
(64, 'HJ-HCS2-4SMP6-XXFT', '', 0, 0, '', '2021-11-09 08:59:17', 105),
(65, '75901187', '', 2, 2, '', '2021-11-09 08:59:49', 108),
(66, 'NWS-5017-15FT', '', 8, 8, '', '2021-11-09 09:00:13', 109),
(67, 'NWS-5018-15FT', '', 0, 0, '', '2021-11-09 09:00:20', 109),
(68, 'HFT410-4SNOK2-60', '', 1, 1, '', '2021-11-09 09:00:44', 110),
(69, 'HFT410-4SNOK2-90', '', 1, 1, '', '2021-11-09 09:00:50', 110),
(70, 'HFT410-4SNOK2-150', '', 1, 1, '', '2021-11-09 09:00:58', 110),
(71, 'F144-LP-M001-COE', '', 4, 4, '', '2021-11-09 09:01:44', 111),
(72, 'F144R-LP-M003-COE', '', 0, 0, '', '2021-11-09 09:01:49', 111),
(73, 'F188-LP-M003-COE', '', 0, 0, '', '2021-11-09 09:01:57', 111),
(74, 'F144R-M003-COE', '', 1, 1, '', '2021-11-09 09:02:19', 112),
(75, 'F188-LP-M003-COE', '', 1, 1, '', '2021-11-09 09:02:25', 112),
(76, 'AP206MPOX / AP206MPA4', '', 1, 1, '', '2021-11-09 09:03:25', 113),
(77, 'CABLE-HCSA-6AWG-5M-COE', '', 1, 1, 'HELKAMA ALTERNATIVE', '2021-11-09 09:03:53', 114),
(78, 'TOJ-SM-4.6M-NSN2', '', 20, 20, '', '2021-11-09 09:04:26', 115),
(79, 'TOJ-SM-4.6M-ER', '', 0, 0, '', '2021-11-09 09:04:31', 115),
(80, '028533-2010', '', 15, 15, '', '2021-11-09 09:04:47', 116),
(81, 'P107683', '', 30, 30, '', '2021-11-09 09:05:02', 117),
(82, 'HFT410-4SNOK5-15FT-COE', '', 6, 6, '', '2021-11-09 09:05:20', 118),
(83, 'F144S-LP-M010-STPT-00', '', 3, 3, '', '2021-11-09 09:05:43', 119),
(84, 'FP-MM32-LCPLCP-2M-FLIPPED-COE', '', 6, 6, '', '2021-11-09 09:06:11', 120),
(85, 'FP-SM2-LCPLCP-2M-FLIPPED-COE', '', 0, 0, '', '2021-11-09 09:06:17', 120),
(86, ' FP-MM32-LCPLCP-2M-COE', '', 0, 0, '', '2021-11-09 09:06:23', 120),
(87, 'FP-SM2-LCPLCP-2M-COE', '', 0, 0, '', '2021-11-09 09:06:28', 120),
(88, 'HJ-HCS20C-ADC-6SM6-15FT-COE', '', 1, 1, '', '2021-11-09 09:07:42', 122),
(89, 'NWS-2987-10FT', '', 1, 1, '', '2021-11-09 09:08:28', 123),
(90, 'NWS-3016-10FT', '', 1, 1, '', '2021-11-09 09:08:38', 123),
(91, 'NWS-5075-10FT', '', 1, 1, '', '2021-11-09 09:08:44', 123),
(92, 'TA1288MRYLMMUCL-4Y00010FNN-COE', '', 22, 22, '', '2021-11-09 09:09:10', 124),
(93, 'TA1192MRYLLBUCC-4C00010FNN-COE', '', 0, 0, '', '2021-11-09 09:09:15', 124),
(94, 'AA1012NPYZMFLUL-1Y4Y008FNN-COE', '', 0, 0, '', '2021-11-09 09:09:21', 124),
(95, 'AA1008NPYZ8FLUL-1Y4Y008FNN-COE', '', 0, 0, '', '2021-11-09 09:09:26', 124),
(96, 'AM4012NPQZMFLUL-1Q4Q008FNN-COE', '', 0, 0, '', '2021-11-09 09:09:32', 124),
(97, 'AM4008NPQZ8FLUL-1Q4Q008FNN-COE', '', 0, 0, '', '2021-11-09 09:09:39', 124),
(98, 'TA11728RRYLMMUCN-CC00010FNN-1', '', 0, 0, '', '2021-11-09 09:09:45', 124),
(99, 'TA11728RRYLMMUCN-CC00010FNN-2', '', 0, 0, '', '2021-11-09 09:09:50', 124),
(100, 'PA1K12BGTLB018I-COE', '', 0, 0, '', '2021-11-09 09:09:56', 124),
(101, 'SEVERAL', '', 14, 14, '', '2021-11-09 09:10:47', 125),
(102, 'SEVERAL', '', 8, 8, '', '2021-11-09 09:11:10', 121),
(103, 'SMW-P108101.0', '', 50, 50, '', '2021-11-09 09:11:40', 126),
(104, 'C.95-0000052-02', '', 15, 15, '', '2021-11-09 09:15:56', 127),
(105, 'C.95-0000074-01-02', '', 0, 0, '', '2021-11-09 09:16:02', 127),
(106, 'C.95-0000075-01-02', '', 0, 0, '', '2021-11-09 09:16:08', 127),
(107, 'NWS-5076-15FT-COE', '', 1, 1, '', '2021-11-09 09:16:40', 128),
(108, 'NWS-5076-20FT-COE', '', 1, 1, '', '2021-11-09 09:16:48', 128),
(109, 'P104890', '', 31, 31, '', '2021-11-09 09:17:36', 129),
(110, 'P104891', '', 31, 31, '', '2021-11-09 09:17:42', 129),
(111, 'P104892', '', 31, 31, '', '2021-11-09 09:17:48', 129),
(112, 'C.95-0000074-01NAI', '', 10, 10, '', '2021-11-09 09:19:23', 130),
(113, 'C.95-0000075-01NAI', '', 0, 0, '', '2021-11-09 09:19:28', 130),
(114, 'HJ-HCS2R2-4SM6-15FT-COE', '', 1, 1, '', '2021-11-09 09:19:42', 131),
(115, ' HJ-HCS1R2-4SM6-15FT-COE', '', 1, 1, '', '2021-11-09 09:19:54', 132),
(116, '3129812-E-15M@C', '', 10, 10, '', '2021-11-09 09:20:12', 133),
(117, '3129812-E-30M@C', '', 0, 0, '', '2021-11-09 09:20:17', 133),
(118, 'NWS-5193-15-COE', '', 1, 1, '', '2021-11-09 09:20:32', 134),
(119, 'FD3-AE288J2TDGBP4-P ', '', 8, 8, '', '2021-11-09 09:20:49', 135),
(120, 'PLC-132-1U-SCA', '', 32, 32, '', '2021-11-09 09:21:15', 136),
(121, 'NWS-5069-XXX', '', 1, 1, '', '2021-11-09 09:21:43', 137),
(122, 'Fiber Assembly 10FT LC- SM Plug', '', 1, 1, '', '2021-11-09 09:22:14', 138),
(123, 'HJ-HCS1R2-APF-4SM10-15FT-COE', '', 13, 13, '', '2021-11-09 09:22:56', 139),
(124, 'HJ-HCS2R2-APF-4SM10-15FT-COE', '', 0, 0, '', '2021-11-09 09:23:02', 139),
(125, 'HJ-HCS2OC-ADC-8SM6-15FT-COE ', '', 3, 3, '', '2021-11-09 09:23:29', 140),
(126, 'COR-5155-COE-1-C ', '', 21, 21, '', '2021-11-09 09:23:43', 141),
(127, 'COR-5156-COE-1-C ', '', 0, 0, '', '2021-11-09 09:23:49', 141),
(128, 'COR-5165-COE-5-C', '', 0, 0, '', '2021-11-09 09:23:52', 141),
(129, '75901632-COE', 'WO-1437579', 2, 2, '', '2021-11-09 09:24:37', 95),
(130, 'JB-6R-T4', '', 3, 3, '', '2021-11-09 09:24:57', 142),
(131, 'HFBR-ENS003Z', '', 8, 8, '', '2021-11-09 09:25:14', 143),
(132, 'HFBR-ENS020Z', '', 4, 4, '', '2021-11-09 09:25:21', 143),
(133, 'NWS-5210-5M', '', 1, 1, '', '2021-11-09 09:25:39', 144),
(134, 'NWS-5211-5M', '', 1, 1, '', '2021-11-09 09:25:46', 144),
(135, 'HJ-HCS2OC-ADC-8SM6-15FT', '', 6, 6, '', '2021-11-09 09:26:15', 145),
(136, 'HJ-HCS2OC-ADC-8SM6-30FT', '', 0, 0, '', '2021-11-09 09:26:19', 145),
(137, 'HJ-HCS2OC-ADC-8SM6-60FT', '', 3, 3, '', '2021-11-09 09:26:34', 146),
(138, 'HJ-HCS2OC-ADC-8SM6-90FT', '', 0, 0, '', '2021-11-09 09:26:40', 146),
(139, '3129817-10-E@A-COE', '', 5, 5, '', '2021-11-09 09:27:03', 147),
(140, '3129815-E@A', '', 21, 21, '', '2021-11-09 09:28:52', 148),
(141, 'NWS-5039-15FT-COE ', '', 8, 8, '', '2021-11-09 09:29:39', 149),
(142, 'NWS-5040-10FT-COE ', '', 0, 0, '', '2021-11-09 09:29:48', 149),
(143, 'NWS-5041-10FT-COE', '', 0, 0, '', '2021-11-09 09:29:55', 149),
(144, 'NWS-5069-10FT-COE', '', 0, 0, '', '2021-11-09 09:30:01', 149),
(145, 'NWS-5074-2FT-COE', '', 0, 0, '', '2021-11-09 09:30:09', 149),
(146, 'NWS-5197-5M-COE ', '', 1, 1, '', '2021-11-09 09:30:49', 150),
(147, 'NWS-5197-005M-COE', '', 5, 5, '', '2021-11-09 09:31:15', 151),
(148, 'HJ-HCS2OC-ADC-8SM6-15FT', '', 17, 17, '', '2021-11-09 09:31:52', 152),
(149, 'HJ-HCS2OC-ADC-8SM6-30FT', '', 0, 0, '', '2021-11-09 09:31:59', 152),
(150, 'HJ-HCS2OC-ADC-8SM6-60FT', '', 0, 0, '', '2021-11-09 09:32:04', 152),
(151, 'HJ-HCS2OC-ADC-8SM6-90FT', '', 0, 0, '', '2021-11-09 09:32:10', 152),
(152, 'HJ-HCS2OC-ADC-8SM6-120 FT', '', 0, 0, '', '2021-11-09 09:32:16', 152),
(153, 'HJ-HCS2OC-ADC-8SM6-180FT', '', 0, 0, '', '2021-11-09 09:32:26', 152),
(154, '3129817-30-E@B', '', 31, 31, '', '2021-11-09 09:32:50', 153),
(155, 'LFS-2ALS3D002150G ', '', 2, 2, '', '2021-11-09 09:33:26', 154),
(156, 'JB-6R-T4', '', 6, 6, '', '2021-11-09 09:34:05', 155),
(157, 'HJ-HCS2OC-ADC-8SM4-210FT', '', 6, 6, '', '2021-11-09 09:34:21', 156),
(158, 'HJ-HCS2OC-ADC-8SM4-270FT', '', 0, 0, '', '2021-11-09 09:34:27', 156),
(159, 'NWS-5252-006FT', '', 1, 1, '', '2021-11-09 09:34:44', 157),
(160, 'LFS-2ALS3D002150G', '', 3, 3, '', '2021-11-09 09:34:58', 158),
(161, 'OSM-G1132SCA-COE', '', 15, 15, '', '2021-11-09 09:35:11', 159),
(162, 'P104890', '', 90, 90, '', '2021-11-09 09:35:27', 160),
(163, 'P104891', '', 0, 0, '', '2021-11-09 09:35:31', 160),
(164, 'P104892', '', 0, 0, '', '2021-11-09 09:35:36', 160),
(165, 'JB-6R-T4', '', 22, 22, '', '2021-11-09 09:35:49', 161),
(166, 'NWS-5256A', '', 0, 0, '', '2021-11-09 09:36:24', 162),
(167, 'NWS-5256B', '', 0, 0, '', '2021-11-09 09:36:30', 162),
(168, 'NWS-5255', '', 0, 0, '', '2021-11-09 09:36:51', 163),
(169, '3129821-E@A ', '', 1, 1, '', '2021-11-09 09:37:08', 164),
(170, 'NWS-5197-5M-COE', '', 1, 1, '', '2021-11-09 09:37:20', 165),
(171, 'OCTIS OVERMOLD', '', 1, 1, '', '2021-11-09 09:37:47', 166),
(172, 'HT-HCS2-HC4-3-COE', '', 12, 12, '', '2021-11-09 09:38:16', 167),
(173, 'HT-HCS2-HC6-3-COE', '', 0, 0, '', '2021-11-09 09:38:21', 167),
(174, 'NWS-5257', '', 8, 8, '', '2021-11-09 09:38:51', 168),
(175, 'NWS-5258', '', 0, 0, '', '2021-11-09 09:38:56', 168),
(176, 'NWS-5259', '', 0, 0, '', '2021-11-09 09:39:02', 168),
(177, 'NWS-5259', '', 0, 0, '', '2021-11-09 09:39:06', 168),
(178, 'SMW-P110657.3', '', 8, 8, '', '2021-11-09 09:39:54', 169),
(179, 'NWS-5261-10M', '', 36, 36, '', '2021-11-09 09:40:10', 170),
(180, 'NWS-5261-15M', '', 0, 0, '', '2021-11-09 09:40:15', 170),
(181, 'HJ-HCS2OC-ADC-4SM6-10FT-COE', '', 1, 1, '', '2021-11-09 09:40:29', 171),
(182, 'HJ-HCS2OC-ADC-4SM6-8FT-COE', '', 6, 6, '', '2021-11-09 09:40:42', 172),
(183, 'HJ-HCS2OC-ADC-4SM6-10FT-COE', '', 0, 0, '', '2021-11-09 09:40:47', 172),
(184, 'HJ-HCS2OC-ADC-4SM6-15FT-COE', '', 0, 0, '', '2021-11-09 09:40:53', 172),
(185, 'LFS-2ALS3D002150G', '', 10, 10, '', '2021-11-09 09:41:09', 173),
(186, 'SMW-P110657.4', '', 25, 25, '', '2021-11-09 09:41:32', 174),
(187, 'CST24M4NMFS4LQNLL-COE', '', 1, 1, '', '2021-11-09 09:41:48', 175),
(188, 'CST24A1NMFSXLCNLL-COE', '', 1, 1, '', '2021-11-09 09:41:56', 175),
(189, 'CST24A1NMFSXLCNLL', '', 1, 1, '', '2021-11-09 09:42:13', 176),
(190, 'OSM-G1132SCA', '', 1, 1, '', '2021-11-09 09:42:30', 176),
(191, '24F 6C LIW', '', 2, 2, '', '2021-11-09 09:42:52', 177),
(192, '56-0000188-01', '', 10, 10, '', '2021-11-09 09:43:08', 178),
(193, 'HJ-HCS2LCU-M25-4SM6', '', 33, 33, '', '2021-11-09 09:43:25', 179),
(194, 'HJ-HCS2R2-M32-4SM6', '', 0, 0, '', '2021-11-09 09:43:34', 179),
(195, 'FJ-ODCLCU-2SMA', '', 0, 0, '', '2021-11-09 09:43:40', 179),
(197, 'FJ-ODCR2-2SMA 15FT/30FT', '', 0, 0, '', '2021-11-09 09:44:03', 179),
(198, 'HJ-HCS2RC-RDC-4SM6', '', 0, 0, '', '2021-11-09 09:44:14', 179),
(199, 'P104890', '', 75, 75, '', '2021-11-09 09:44:39', 180),
(200, 'P104891', '', 0, 0, '', '2021-11-09 09:44:43', 180),
(201, 'P104892', '', 0, 0, '', '2021-11-09 09:44:47', 180),
(202, '56-1000188-01', '', 27, 27, '', '2021-11-09 09:45:01', 181),
(203, '56-1000188-01', '', 10, 10, '', '2021-11-09 09:45:14', 182),
(204, 'HJ-HCS2R2-APF-4SM6-10FT-COE', '', 1, 1, '', '2021-11-09 09:45:30', 183),
(205, 'HJ-HCS2R2-APF-4SM10-10FT-COE', '', 1, 1, '', '2021-11-09 09:45:41', 183),
(206, 'HJ-HCS2R2-APF-4SM6-210FT', '', 1, 1, '', '2021-11-09 09:46:02', 184),
(207, 'HJ-HCS2R2-APF-4SM6-270F', '', 1, 1, '', '2021-11-09 09:46:08', 184),
(208, 'NWS-5276-100FT', '', 4, 4, '', '2021-11-09 09:46:24', 185),
(209, 'NWS-5276-140FT', '', 2, 2, '', '2021-11-09 09:46:29', 185),
(210, 'NWS-5276', '', 3, 3, '', '2021-11-09 09:46:45', 186),
(211, 'NWS-5275', '', 0, 0, '', '2021-11-09 09:46:49', 186),
(212, 'HT-LCULCU-D24SM4-40FT-COE', '', 1, 1, '', '2021-11-09 09:47:01', 187),
(213, 'NAI-5272A-10M-COE   ', '', 3, 3, '', '2021-11-09 09:47:13', 188),
(214, 'LFS-2ALS3D002150G', '', 10, 10, '', '2021-11-09 09:47:26', 189),
(216, 'COC-5312A-60M', 'WO-1439693', 9, 0, '', '2021-11-10 17:12:56', 202),
(217, 'COC-5312A-120M', 'WO-1439694', 3, 0, '', '2021-11-10 17:13:45', 202),
(218, 'COC-5312A-80M', 'WO-1439695', 3, 0, '', '2021-11-10 17:14:09', 202),
(219, 'COC-5312A-90M', 'WO-1439696', 2, 0, '', '2021-11-10 17:14:44', 202),
(220, 'S020000', '', 1, 0, '', '2021-11-22 10:35:46', 217),
(222, 'HJ-H2AOPC-APG-6SM6-5FT-COE ', 'WO-1441245', 1, 1, '', '2021-11-23 10:03:16', 220),
(223, 'NWS-5274-20M', 'WO-1442509', 12, 0, '', '2021-12-10 10:50:12', 221),
(224, 'COC-5312A-90M', 'WO-1442683', 1, 0, '', '2022-01-04 15:22:43', 202),
(225, ' NAI-5179  NAI-5180 ', '', 0, 0, '', '2022-01-13 08:57:21', 223),
(226, 'S011931', '', 1, 0, '', '2022-01-17 09:06:52', 224),
(227, 'NAI-5303-30FT-COE', 'WO-1462103', 35, 35, '', '2022-01-17 09:10:33', 222),
(228, 'NWS-5295-5M-COE', 'WO-1447208', 2, 0, '1 with WO and 1 S5', '2022-01-21 08:28:15', 225),
(229, 'NWS-5296-5M-COE', 'WO-1447209', 2, 0, '1 with WO and 1 S5', '2022-01-21 08:28:44', 225),
(230, 'NWS-5297-5M-COE', 'WO-1447210', 2, 0, '1 with WO and 1 S5', '2022-01-21 08:29:16', 225),
(231, 'NWS-5298-5M-COE', 'WO-1447211', 2, 0, '1 with WO and 1 S5', '2022-01-21 08:30:05', 225),
(232, 'SMW-P113819.2', '', 5, 0, '', '2022-01-26 08:09:08', 226),
(233, 'NWS-5307-6FT-COE', 'WO-1449210', 1, 1, '', '2022-02-08 08:59:12', 227),
(234, 'S020000', '', 1, 0, '', '2022-02-09 09:11:54', 228),
(237, 'FJ-ODCAOPE-T2SMA-5M-COE', 'WO-1450336', 2, 2, 'Se renombro al ensamble NWS-5297-5M con este nuevo nombre', '2022-02-17 14:04:24', 94),
(238, 'Customized Part', '', 6, 0, '', '2022-02-22 13:53:01', 230),
(239, 'Customized Part', '', 14, 0, '', '2022-02-24 12:00:39', 231),
(242, 'HJ-H1AOPC-APG-6SM6-15FT-COE', 'WO-1452437', 1, 1, '', '2022-03-07 07:20:09', 232),
(243, 'HJ-H1AOPC-APC-4SM6-15FT-COE', 'WO-1452438', 1, 1, '', '2022-03-07 07:20:24', 232),
(244, 'NWS-5310-10FT-COE', 'WO-1452684', 2, 2, '', '2022-03-08 09:27:21', 233),
(245, 'NWS-5195-20M', 'WO-1453392', 10, 10, 'PO 000446C  3/17', '2022-03-11 11:17:24', 234),
(246, 'HT-EHCS-48SM4-15FT', '', 1, 0, '', '2022-03-24 16:37:03', 235),
(247, 'C081499 / G100048', '', 0, 0, '', '2022-03-31 08:22:15', 236),
(248, 'Customized Part', '', 1, 0, '', '2022-04-04 08:33:18', 236),
(249, 'FJ-ODCAOPC-T2SMA-5M-COE', 'WO-1456396', 1, 1, '', '2022-04-04 10:54:36', 237),
(250, 'FJ-ODCLC-T2SMA-5M-COE', 'WO-1456397', 1, 1, '', '2022-04-04 10:55:21', 237),
(251, 'FJ-ODCAOPE-T2SMA-5M-COE', 'WO-1456398', 1, 1, '', '2022-04-04 10:55:36', 237),
(252, 'FJ-ODCAOPA-T2SMA-5M-COE', 'WO-1456399', 1, 1, '', '2022-04-04 10:55:46', 237),
(253, 'FJ-ODCR2-T2SMA-5M-COE', 'WO-1456400', 1, 1, '', '2022-04-04 10:55:59', 237),
(254, 'HJ-HCS2R2-ADC-4SM6-15FT', 'WO-1456740', 1, 1, '', '2022-04-05 16:40:10', 238),
(255, 'HJ-HCS2R2-ADC-4SM6-30FT', 'WO-1456741', 2, 2, '', '2022-04-05 16:40:19', 238),
(256, '31-100026 Rev.C', '', 1, 1, 'Lulu', '2022-04-07 10:22:46', 239),
(257, '31-100027_B', '', 1, 1, 'Kain', '2022-04-07 10:23:02', 239),
(258, '31-100075_A', '', 1, 1, 'Kain', '2022-04-07 10:23:06', 239),
(259, '31-100079_D', '', 1, 1, 'Kain', '2022-04-07 10:23:11', 239),
(260, '31-100080_D', '', 1, 1, 'Kain', '2022-04-07 10:23:17', 239),
(261, '31-100083_B', '', 1, 1, 'Kain', '2022-04-07 10:23:23', 239),
(262, '31-100098_B', '', 1, 1, 'Lulu', '2022-04-07 10:23:27', 239),
(263, '31-100120_A', '', 1, 1, 'Kain', '2022-04-07 10:23:31', 239),
(264, '31-100123_B', '', 1, 1, 'Kain', '2022-04-07 10:23:36', 239),
(265, '31-100124_A', '', 1, 1, 'Lulu', '2022-04-07 10:23:40', 239),
(266, '31-100129_A', '', 1, 1, 'Kain', '2022-04-07 10:23:47', 239),
(267, '31-100139_A', '', 1, 1, 'Lulu', '2022-04-07 10:23:53', 239),
(268, '31-100156_B', '', 1, 1, 'Lulu', '2022-04-07 10:24:00', 239),
(269, '31-100158_C', '', 1, 1, 'Lulu', '2022-04-07 10:24:04', 239),
(270, '31-100159_C', '', 1, 1, 'Lulu', '2022-04-07 10:24:09', 239),
(271, '31-100162_A', '', 1, 1, 'Kain', '2022-04-07 10:24:14', 239),
(272, '31-100167_A', '', 1, 1, 'Kain', '2022-04-07 10:24:18', 239),
(273, '31-100170_A', '', 1, 1, 'Kain', '2022-04-07 10:24:28', 239),
(274, '31-100172_A', '', 1, 1, 'Lulu', '2022-04-07 10:24:33', 239),
(275, '31-100175_A', '', 1, 1, 'Kain', '2022-04-07 10:24:38', 239),
(276, '31-100176_A', '', 1, 1, 'Lulu', '2022-04-07 10:24:43', 239),
(277, '31-100178_A', '', 1, 1, 'Lulu', '2022-04-07 10:24:50', 239),
(278, '31-100180_A', '', 1, 1, 'Kain', '2022-04-07 10:24:55', 239),
(279, '31-100182_B', '', 1, 1, 'Lulu', '2022-04-07 10:24:59', 239),
(280, '31-100183_A', '', 1, 1, 'Kain', '2022-04-07 10:25:06', 239),
(281, '31-100185_A', '', 1, 1, 'Lulu', '2022-04-07 10:25:11', 239),
(282, '21-100014 Rev.E', '', 1, 1, 'Drawing by NAI FN', '2022-04-07 10:25:16', 239),
(283, '21-100015 Rev.F', '', 1, 1, 'Drawing by NAI FN', '2022-04-07 10:25:21', 239),
(284, '21-100019 Rev.B', '', 1, 1, 'Drawing by NAI FN', '2022-04-07 10:25:25', 239),
(285, '21-100020 Rev.C', '', 1, 1, 'Drawing by NAI FN', '2022-04-07 10:25:30', 239),
(286, '22-100001_B', '', 1, 1, 'Kain', '2022-04-07 10:25:37', 239),
(287, '31-100025_B', '', 1, 1, 'Kain', '2022-04-07 10:25:41', 239),
(288, '31-100028_B', '', 1, 1, 'Kain', '2022-04-07 10:25:46', 239),
(289, '31-100076_B', '', 1, 1, 'Kain', '2022-04-07 10:25:51', 239),
(290, '31-100115_B', '', 1, 1, 'Kain', '2022-04-07 10:26:08', 239),
(291, '31-100116_B', '', 1, 1, 'Kain', '2022-04-07 10:26:16', 239),
(292, '31-100126_A', '', 1, 1, 'Kain', '2022-04-07 10:26:20', 239),
(293, '31-100127_A', '', 1, 1, 'Kain', '2022-04-07 10:26:25', 239),
(294, '31-100128_P3', '', 1, 1, 'Kain', '2022-04-07 10:26:33', 239),
(295, '31-100136_A', '', 1, 1, 'Kain', '2022-04-07 10:26:38', 239),
(296, '31-100152_A', '', 1, 1, 'Kain', '2022-04-07 10:26:43', 239),
(297, '31-100153_A', '', 1, 1, 'Kain', '2022-04-07 10:26:48', 239),
(298, '31-100154_A', '', 1, 1, 'Kain', '2022-04-07 10:26:52', 239),
(299, '31-100155_A', '', 1, 1, 'Kain', '2022-04-07 10:26:57', 239),
(300, '31-100157_A', '', 1, 1, 'Kain', '2022-04-07 10:27:02', 239),
(301, '31-100160_A', '', 1, 1, 'Kain', '2022-04-07 10:27:08', 239),
(302, '31-100161_A', '', 1, 1, 'Kain', '2022-04-07 10:27:12', 239),
(303, '31-100163_A', '', 1, 1, 'Kain', '2022-04-07 10:27:17', 239),
(304, '31-100164_B', '', 1, 1, 'Kain', '2022-04-07 10:27:21', 239),
(305, '31-100165_C', '', 1, 1, 'Kain', '2022-04-07 10:27:26', 239),
(306, '31-100166_A', '', 1, 1, 'Kain', '2022-04-07 10:27:30', 239),
(307, '31-100166_A_FAI', '', 1, 1, 'Kain', '2022-04-07 10:27:35', 239),
(308, '31-100168_A', '', 1, 1, 'Kain', '2022-04-07 10:27:41', 239),
(309, '31-100169_A', '', 1, 1, 'Kain', '2022-04-07 10:27:45', 239),
(310, '31-100171_A', '', 1, 1, 'Kain', '2022-04-07 10:27:49', 239),
(311, '31-100174', '', 1, 1, 'Kain', '2022-04-07 10:27:53', 239),
(312, '31-100179_A', '', 1, 1, 'Kain', '2022-04-07 10:27:58', 239),
(313, '95-100002 REV C', '', 1, 1, 'Not Drawing Installation Guide', '2022-04-07 10:28:03', 239),
(314, 'NWS-5311-10FT-COE', 'WO-1460119', 2, 2, '', '2022-04-20 07:36:37', 240),
(315, 'HCS2-COE', 'WO-1460739', 1, 1, '', '2022-04-27 07:20:24', 242),
(316, 'Customized Part', '', 12, 0, '', '2022-04-27 07:39:05', 243),
(317, 'HJ-NWS-BOOTH-SAMPLE', 'WO-1460738', 2, 0, '', '2022-04-28 07:44:30', 244),
(318, 'S011948', '', 1, 1, '', '2022-05-04 10:33:36', 245),
(319, 'Customized Part', '', 1, 0, '', '2022-05-10 08:48:59', 246),
(320, 'HT-EHCS-48SM6-10M-COE', 'WO-1462785', 1, 0, '', '2022-05-12 07:17:45', 247),
(321, 'NWS-5274-1M-COE', 'WO-1463378', 3, 3, '', '2022-05-18 14:21:44', 248),
(322, 'HT-EHCS-48SM4-15FT-COE', 'WO-1465335', 1, 1, '', '2022-06-07 07:46:54', 249),
(324, 'SPS-2010-19', 'WO-1466193', 24, 24, '', '2022-06-08 08:09:42', 250),
(326, '75901632-COE', '', 2, 0, '', '2022-06-27 10:15:27', 252),
(327, 'HJ-H2AOPC-APG-6SM6-5FT-COE ', '', 1, 1, '', '2022-07-06 07:37:14', 253),
(328, 'HT-HCSA-R24SM6-010M-COE', 'WO-1468646', 3, 0, '', '2022-07-11 08:10:43', 251),
(329, 'FJ-IPLCRC-R2SMA-05M-COE', 'WO-1469058', 15, 0, '', '2022-07-18 07:30:29', 254),
(330, 'NWS-5305-5M', 'WO-1469417', 2, 2, '', '2022-07-19 15:10:34', 255),
(331, 'Customized Part', '', 6, 0, '', '2022-07-29 15:59:01', 256),
(332, 'Customized Part', '', 1, 0, '', '2022-08-02 09:16:02', 257),
(333, 'Samples 24F', '', 4, 0, '', '2022-08-05 07:16:23', 258),
(334, 'Customized Part', '', 1, 0, '', '2022-08-05 07:27:59', 259),
(335, 'Customized Part', '', 1, 0, '', '2022-08-18 15:22:34', 260),
(336, 'Customized Part', '', 1, 0, '', '2022-08-23 07:31:17', 261),
(337, 'Customized Part', '', 1, 0, '', '2022-08-23 07:32:13', 262),
(338, 'Customized Part', '', 1, 0, '', '2022-08-23 16:32:36', 263),
(339, 'NWS-5195-20M', 'WO-1473518', 5, 0, 'PO 000512C  8/31', '2022-08-31 08:50:16', 234),
(340, 'HT-HCSA-R24SM8-010M-COE ', 'WO-1474517', 1, 1, '', '2022-09-07 08:44:09', 264),
(341, 'NAI-5348-COE', 'WO-1475200', 1, 1, '', '2022-09-12 07:14:03', 265),
(342, 'NAI-5342-15FT-COE', 'J000000025', 7, 7, '', '2022-09-26 07:56:50', 266),
(343, 'HT-HCSA-R24SM8-010M-COE ', '', 1, 0, '', '2022-09-28 07:35:48', 267),
(344, 'NAI-5350-30FT-COE', 'J000000072', 42, 42, '', '2022-10-10 08:13:18', 268),
(345, 'FJ-ODCAOPC-T2SMA-5M-COE', 'J000000571', 2, 2, '', '2022-10-14 07:31:06', 269),
(346, 'FJ-ODCLC-T2SMA-5M-COE', 'J000000572', 2, 2, '', '2022-10-14 07:31:21', 269),
(347, 'FJ-ODCAOPE-T2SMA-5M-COE', 'J000000573', 2, 2, '', '2022-10-14 07:31:31', 269),
(348, 'FJ-ODCAOPA-T2SMA-5M-COE', 'J000000574', 2, 2, '', '2022-10-14 07:31:42', 269),
(349, 'FJ-ODCR2-T2SMA-5M-COE', 'J000000575', 2, 2, '', '2022-10-14 07:31:52', 269),
(350, 'ERL-144-C1E 100F', 'J000000922', 3, 3, '', '2022-10-19 08:59:32', 270),
(351, 'ERR-144-C1E 100F', 'J000000924', 3, 3, '', '2022-10-19 08:59:45', 270),
(352, 'ERL-024-C1E 100F', 'J000000921', 3, 3, '', '2022-10-19 08:59:55', 270),
(353, 'ERR-024-C1E 100F', 'J000000923', 3, 3, '', '2022-10-19 09:00:06', 270),
(355, 'OSM-G1232SCA-COE', '', 1, 1, '', '2022-10-24 16:10:47', 271),
(356, 'HT-HCSA-R24SM8-010M-COE ', '', 1, 0, '', '2022-10-27 10:31:01', 272),
(357, 'NWS-5305-5M', 'J000001454', 9, 9, '', '2022-11-14 14:07:34', 273),
(358, 'Tolling', '', 10, 0, '', '2023-02-09 07:34:52', 274),
(359, 'K000311', '', 1, 0, '', '2023-02-10 09:44:16', 299),
(360, 'Update Drawings', '', 3, 0, '', '2023-02-10 16:12:57', 277),
(361, 'Drawings', '', 3, 0, '', '2023-02-10 16:17:56', 300),
(362, 'Molding', '', 1, 0, '', '2023-02-13 10:56:14', 308),
(363, 'A070264', '', 1, 0, '', '2023-02-13 11:50:03', 321),
(365, 'Tooling', '', 1, 0, '', '2023-02-13 16:06:39', 329),
(366, 'Alternative', '', 3, 0, 'Alternatives not found', '2023-02-14 11:16:11', 330),
(367, 'Drawing', '', 2, 0, '', '2023-02-15 07:46:08', 331),
(368, 'Alternative', '', 1, 0, '', '2023-02-20 08:34:51', 344),
(369, 'Labels', '', 3, 0, '', '2023-02-21 08:06:18', 346),
(370, 'Tooling', '', 1, 0, '', '2023-02-21 08:28:11', 348),
(371, '10089044', '', 1, 0, '', '2023-02-21 10:16:41', 349),
(372, 'Flow Chart', '', 1, 1, '', '2023-02-21 10:17:17', 347),
(373, 'Translate Procedure', '', 1, 0, '', '2023-02-21 10:17:36', 347),
(374, 'E010361', '', 1, 0, '', '2023-02-21 14:22:15', 351),
(375, '115-00506-000', '', 1, 0, '', '2023-02-21 15:04:07', 298),
(376, '115-00507-000', '', 1, 0, '', '2023-02-21 15:04:28', 298),
(377, '115-00508-000', '', 1, 0, '', '2023-02-21 15:04:54', 298),
(378, '115-00509-000', '', 1, 0, '', '2023-02-21 15:05:05', 298),
(379, '115-00510-000', '', 1, 0, '', '2023-02-21 15:05:19', 298),
(380, '115-00511-000', '', 1, 0, '', '2023-02-21 15:05:31', 298),
(381, '115-00512-000', '', 1, 0, '', '2023-02-21 15:05:45', 298),
(382, 'Customized Part', '', 1, 0, '', '2023-02-21 15:48:32', 352),
(383, 'Customized Part', '', 1, 0, '', '2023-02-21 16:03:47', 353),
(385, '3129822-E@A', 'J000005715', 1, 1, '', '2023-02-22 10:28:44', 356),
(386, 'Tooling Request', '', 2, 0, '', '2023-02-22 11:35:35', 357),
(387, 'Tooling Request', '', 10, 0, '', '2023-02-22 14:28:23', 355),
(388, 'Tooling Request', '', 5, 0, '', '2023-02-22 14:29:29', 358),
(389, 'L040097', '', 1, 0, '', '2023-02-23 09:38:22', 359),
(390, '42RGLLF001', '', 1, 0, '', '2023-02-23 10:22:59', 360),
(391, '70RZTLF001', '', 1, 0, '', '2023-02-23 10:37:18', 360),
(392, 'Drawings', '', 2, 2, '', '2023-02-23 14:55:49', 361),
(393, ' 10089044', '', 1, 1, '', '2023-02-23 15:04:52', 362),
(394, 'NAI-2472-XXX', '', 1, 1, '', '2023-02-23 15:08:10', 363),
(395, 'A060549', '', 1, 0, '', '2023-02-23 15:56:07', 364),
(396, '19-80035', '', 1, 1, '', '2023-02-23 16:05:35', 365),
(397, '550-5197-036', '', 1, 1, '', '2023-02-24 07:56:05', 366),
(398, '550-5196-036', '', 1, 1, '', '2023-02-24 07:56:17', 366),
(399, 'Tooling Request', '', 9, 0, '', '2023-02-24 09:53:07', 368),
(400, 'Tooling Request', '', 9, 0, '', '2023-02-24 09:54:54', 368),
(401, 'Tooling Request', '', 1, 0, '', '2023-02-24 10:01:44', 369),
(420, 'Tooling request', '', 66, 66, '', '2023-02-27 11:50:10', 371),
(421, 'A060534', '', 1, 1, '', '2023-02-27 11:58:59', 372),
(422, 'A070397', '', 1, 1, '', '2023-02-27 16:38:07', 373),
(423, 'Tooling', '', 32, 32, '', '2023-02-28 13:56:13', 374),
(424, 'Tooling Request', '', 5, 5, '', '2023-03-01 07:23:05', 375),
(425, 'Tooling Request', '', 22, 22, '', '2023-03-02 08:08:47', 376),
(426, 'Alternative', '', 5, 0, '', '2023-03-02 10:39:22', 377),
(427, 'Tooling Request', '', 6, 6, '', '2023-03-02 11:12:24', 378),
(428, 'Tooling Request', '', 6, 6, '', '2023-03-02 15:38:12', 379),
(429, 'Tooling Request', '', 8, 8, '', '2023-03-02 15:41:55', 380),
(430, 'Tooling Request', '', 24, 24, '', '2023-03-03 14:30:27', 382),
(431, 'Items', '', 20, 0, '', '2023-03-06 08:03:32', 381),
(432, 'Tooling Request', '', 5, 5, '', '2023-03-06 11:18:45', 383),
(433, '19-80004', '', 1, 1, '', '2023-03-06 13:43:42', 384),
(434, 'Tooling Request', '', 27, 27, '', '2023-03-07 07:24:18', 385),
(435, 'NAI-1963-XXXM', '', 1, 1, '', '2023-03-07 09:49:46', 386),
(436, 'Drawing', '', 1, 0, '', '2023-03-07 10:14:37', 387),
(437, 'TOP', '', 1, 0, '', '2023-03-07 11:07:28', 388),
(438, 'SIDE1', '', 1, 0, '', '2023-03-07 11:07:39', 388),
(439, 'SIDE1_OVERMOLD', '', 1, 0, '', '2023-03-07 11:07:50', 388),
(440, 'SIDE2', '', 1, 0, '', '2023-03-07 11:08:05', 388),
(441, 'SIDE2_OVERNMOLD', '', 1, 0, '', '2023-03-07 11:08:17', 388),
(442, 'Tooling Request', '', 2, 0, '', '2023-03-08 08:05:11', 389),
(443, 'Alternative', '', 5, 5, '', '2023-03-08 08:09:37', 390),
(444, 'Tooling Request', '', 3, 3, '', '2023-03-08 08:17:17', 391),
(445, 'H031081', '', 1, 1, 'PTL-34-427-BL', '2023-03-08 12:06:12', 392),
(446, 'Tooling Request', '', 1, 1, '', '2023-03-09 07:53:20', 393),
(447, 'N030460', '', 1, 0, '', '2023-03-09 08:15:36', 394),
(448, 'Tooling Request', '', 11, 11, '', '2023-03-09 09:05:21', 395),
(449, 'N030962', '', 1, 1, 'Altermative not founded', '2023-03-09 09:50:49', 396),
(450, 'Tooling Request', '', 16, 16, '', '2023-03-09 10:20:37', 397),
(451, 'A070048', '', 1, 1, '', '2023-03-09 10:33:25', 398),
(452, 'A080068', '', 1, 1, '', '2023-03-09 10:33:37', 398),
(453, 'B060068', '', 1, 1, '', '2023-03-09 10:33:53', 398),
(454, 'Tooling Request', '', 52, 52, '', '2023-03-13 10:58:24', 399),
(455, 'Tooling Request', '', 3, 3, '', '2023-03-13 11:55:21', 400),
(456, 'G050023', '', 1, 1, '', '2023-03-13 14:07:54', 398),
(457, 'Tooling Request', '', 10, 0, '', '2023-03-14 10:35:39', 408),
(459, 'NAI-1963-XXXM', '', 1, 1, '', '2023-03-15 07:24:36', 410),
(461, 'Tooling Request', '', 16, 16, '', '2023-03-15 09:27:09', 411),
(462, 'USW-555-XXX ', '', 1, 1, '', '2023-03-21 10:51:56', 413),
(463, 'USW-556-XXX ', '', 1, 1, '', '2023-03-21 10:52:10', 413),
(464, 'L040197', '', 1, 1, '', '2023-03-22 10:16:19', 414),
(465, 'L040198', '', 1, 1, '', '2023-03-22 10:16:36', 414),
(466, 'Alternatives', '', 7, 7, '', '2023-03-22 10:21:53', 415),
(467, 'Alternative', '', 7, 7, '', '2023-03-22 10:25:08', 416),
(468, 'E010630', '', 1, 1, '', '2023-03-22 10:27:15', 417),
(469, 'USW-308-XXX ', '', 1, 0, '', '2023-03-22 10:58:23', 418),
(470, 'USW-308-XXX ', '', 1, 0, '', '2023-03-22 10:58:31', 418),
(471, 'Drawings', '', 19, 19, '', '2023-03-23 11:12:27', 419),
(472, 'Redline', '', 9, 0, '', '2023-03-23 15:51:31', 420),
(473, 'Drawings', '', 7, 0, '', '2023-03-23 15:51:54', 420),
(474, 'Tooling Request', '', 24, 24, '', '2023-03-27 12:28:45', 422),
(475, 'Wires', '', 8, 8, '', '2023-03-28 11:06:25', 423),
(476, 'Tooling', '', 5, 5, '', '2023-03-28 11:10:38', 424),
(477, 'Tooling Request', '', 25, 25, '', '2023-03-28 11:12:57', 425),
(478, 'Alternative', '', 2, 0, '', '2023-03-28 11:19:14', 426),
(479, 'Drawings', '', 19, 19, '', '2023-03-28 11:28:26', 427),
(480, 'Tooling Request', '', 4, 4, '', '2023-03-28 14:01:26', 428),
(481, 'Tooling Request', '', 4, 4, '', '2023-03-28 14:04:49', 429),
(482, 'NAI-5351', '', 1, 1, '', '2023-03-30 13:53:53', 430),
(483, 'NAI-5352', '', 1, 1, '', '2023-03-30 13:54:02', 430),
(484, 'NAI-5353', '', 1, 1, '', '2023-03-30 13:54:12', 430),
(485, 'Tooling Request', '', 2, 2, '', '2023-03-30 15:46:44', 431),
(486, 'Alternative', '', 3, 3, '', '2023-03-30 16:20:39', 432),
(487, 'Tooling Request', '', 3, 0, '', '2023-03-31 14:04:17', 433),
(488, 'Assembly', '', 1, 1, '', '2023-04-03 07:34:03', 434),
(489, 'Tooling Request', '', 2, 2, '', '2023-04-03 10:22:08', 435),
(490, 'NAI-2472-XXX', '', 1, 1, '', '2023-04-03 11:55:39', 436),
(491, 'USW-308-XXX ', '', 1, 1, '', '2023-04-03 11:55:54', 436),
(492, 'USW-334-XXX', '', 1, 1, '', '2023-04-03 11:56:07', 436),
(493, 'USW-527-XXX', '', 1, 1, '', '2023-04-03 11:56:15', 436),
(494, 'USW-573-XXX', '', 1, 1, '', '2023-04-03 11:56:25', 436),
(495, 'Alternative', '', 2, 2, '', '2023-04-03 14:38:31', 437),
(496, 'Alternative', '', 2, 2, '', '2023-04-04 07:29:31', 439),
(497, 'J010012', '', 1, 0, '', '2023-04-04 08:29:42', 440),
(498, 'Tooling Request', '', 12, 12, '', '2023-04-04 13:47:19', 441),
(499, 'Alternative', '', 11, 11, '', '2023-04-04 13:47:47', 441),
(500, 'Alternative', '', 2, 2, '', '2023-04-05 16:09:36', 442),
(501, 'Alternative', '', 2, 0, '', '2023-04-05 16:24:58', 443),
(502, 'NAI-2380-XXX', '', 1, 1, '', '2023-04-10 10:04:28', 436),
(503, 'NAI-2499-XXX', '', 1, 1, '', '2023-04-10 10:04:38', 436),
(504, 'NAI-2501-XXX', '', 1, 1, '', '2023-04-10 10:04:48', 436),
(505, 'Tooling Request', '', 2, 2, '', '2023-04-10 16:08:19', 444),
(506, 'E030216 ', '', 1, 1, '', '2023-04-10 16:51:37', 445),
(507, 'Alternative', '', 5, 5, '', '2023-04-11 10:24:56', 446),
(508, 'Tooling Request', '', 1, 1, '', '2023-04-11 10:30:13', 447),
(509, 'Alternative', '', 5, 5, '', '2023-04-11 15:32:27', 448),
(510, 'Tooling Request', '', 4, 4, '', '2023-04-12 09:41:20', 449),
(511, 'Alternative', '', 2, 2, '', '2023-04-12 11:42:20', 450),
(512, 'Tooling Request', '', 2, 2, '', '2023-04-12 11:44:35', 451),
(513, 'Alternative', '', 2, 2, '', '2023-04-12 11:50:26', 452),
(514, 'Tooling Request', '', 15, 15, '', '2023-04-12 13:04:22', 453),
(515, 'NAI-5351', '', 1, 1, '', '2023-04-12 14:44:34', 454),
(516, 'NAI-5352', '', 1, 1, '', '2023-04-12 14:44:47', 454),
(517, 'NAI-5351', '', 1, 1, '', '2023-04-12 14:45:02', 454),
(518, 'Alternative', '', 40, 40, '', '2023-04-13 10:14:27', 455),
(519, 'Alternative', '', 8, 8, '', '2023-04-13 16:13:18', 456),
(520, 'Tooling Request', '', 19, 19, '', '2023-04-14 10:24:07', 457),
(521, 'Tooling Request', '', 11, 11, '', '2023-04-17 07:40:50', 458),
(522, 'Drawings', '', 4, 0, '', '2023-04-17 08:31:41', 459),
(523, 'Tooling Request', '', 3, 3, '', '2023-04-17 14:41:02', 460),
(524, 'E010213', '', 1, 1, '', '2023-04-17 14:43:22', 461),
(525, 'Alternative', '', 8, 8, '', '2023-04-17 15:29:05', 462),
(526, 'Tooling Request', '', 1, 1, '', '2023-04-17 15:31:34', 463),
(527, '0W1004', '', 1, 1, '', '2023-04-19 07:50:54', 464),
(528, 'Alternative', '', 1, 1, '', '2023-04-19 11:06:56', 465),
(529, 'Tooling Request', '', 3, 3, '', '2023-04-19 11:09:40', 466),
(530, 'Tooling Request', '', 3, 3, '', '2023-04-19 11:11:46', 467),
(531, 'Tooling Request', '', 12, 12, '', '2023-04-19 11:14:24', 468),
(532, 'Alternative', '', 7, 7, '', '2023-04-19 11:17:07', 469),
(533, 'Alternative', '', 7, 7, '', '2023-04-19 11:21:01', 470),
(534, 'Tooling Request', '', 2, 2, '', '2023-04-19 11:23:33', 471),
(535, 'Tooling Request', '', 11, 11, '', '2023-04-19 12:24:01', 472),
(536, 'Alternatives', '', 23, 23, '', '2023-04-21 11:11:56', 474),
(537, 'Assembly', '', 1, 1, '', '2023-04-24 10:22:40', 473),
(538, 'Assembly', '', 1, 0, '', '2023-04-25 07:33:05', 488),
(539, 'Assembly', '', 1, 0, '', '2023-04-25 07:33:33', 489),
(540, 'CJ-N10MBN10MB-S14P-2F', '', 1, 1, 'Pending for Validation', '2023-04-25 07:51:23', 490),
(541, 'NAI-5350-30FT-COE', 'J000007619', 8, 8, '', '2023-05-02 07:25:01', 496),
(542, 'USW-308-XXX', '', 1, 0, '', '2023-05-02 08:42:30', 504),
(543, 'Drawing', '', 3, 0, 'Update Drawings 350-800181 350-800230 y 350-800240 to reflect new label', '2023-05-02 10:22:32', 511),
(544, 'Molding material', '', 1, 0, '', '2023-05-03 11:29:34', 526),
(545, '5174681', '', 1, 0, '', '2023-05-03 11:36:35', 527),
(546, '19-80004', '', 1, 1, '', '2023-05-03 15:32:31', 529),
(547, 'Assembly', '', 10, 0, '', '2023-05-03 15:51:17', 531),
(548, '3129822-E@A', 'J000005716', 12, 0, '', '2023-05-11 15:09:19', 356),
(549, 'HFOC Latch Design', '', 1, 1, '', '2023-05-12 07:51:49', 559),
(550, 'NAI-5350-30FT-COE', 'J000007904', 4, 4, '', '2023-05-17 09:09:54', 568),
(551, 'NAI-5364-30FT-COE', 'J000007905', 4, 4, '', '2023-05-17 09:10:07', 568),
(552, '19-80035', '', 0, 0, '', '2023-05-17 14:16:35', 572),
(553, 'USW-556-XXX', '', 0, 0, '', '2023-05-17 14:25:51', 574),
(554, '115-00522-000', '', 0, 0, '', '2023-05-17 15:49:35', 581),
(555, 'NAI-3039-XXX', '', 0, 0, '', '2023-05-18 16:46:27', 595),
(556, 'TK-12443', '', 22, 0, '', '2023-05-22 07:31:16', 598),
(557, 'NAI-P3157', '', 0, 0, '', '2023-05-22 09:04:16', 599),
(558, 'Drawings', '', 1, 0, '', '2023-05-22 11:24:18', 603),
(559, 'Mold', '', 3, 0, '', '2023-05-23 08:45:32', 605),
(560, 'P3162', '', 0, 0, '', '2023-05-26 07:54:49', 616),
(561, 'P3166', '', 0, 0, '', '2023-05-26 07:55:02', 616),
(562, 'P3256', '', 0, 0, '', '2023-05-26 07:55:12', 616),
(563, 'P3410', '', 0, 0, '', '2023-05-26 07:55:20', 616),
(564, 'P3411', '', 0, 0, '', '2023-05-26 07:55:25', 616),
(565, 'P3413', '', 0, 0, '', '2023-05-26 07:55:32', 616),
(566, 'P3524', '', 0, 0, '', '2023-05-26 07:55:40', 616),
(567, 'P3149', '', 0, 0, '', '2023-05-26 07:55:46', 616),
(568, 'P3150', '', 0, 0, '', '2023-05-26 07:55:50', 616),
(569, 'P3151', '', 0, 0, '', '2023-05-26 07:55:56', 616),
(570, 'P3152', '', 0, 0, '', '2023-05-26 07:56:01', 616),
(571, 'P3153', '', 0, 0, '', '2023-05-26 07:56:08', 616),
(572, 'P3154', '', 0, 0, '', '2023-05-26 07:56:14', 616),
(573, 'P3155', '', 0, 0, '', '2023-05-26 07:56:25', 616),
(574, 'P3156', '', 0, 0, '', '2023-05-26 07:56:29', 616),
(575, 'P3157', '', 0, 0, '', '2023-05-26 07:56:34', 616),
(576, '19-80261', '', 0, 0, '', '2023-06-01 08:49:42', 630),
(577, '19-80262', '', 0, 0, '', '2023-06-01 08:49:47', 630),
(578, '19-80267', '', 0, 0, '', '2023-06-01 08:49:52', 630),
(579, '19-80268', '', 0, 0, '', '2023-06-01 08:49:57', 630),
(580, 'P3150', '', 0, 0, '', '2023-06-01 10:48:29', 631),
(581, 'P3151', '', 0, 0, '', '2023-06-01 10:48:33', 631),
(582, 'P3153', '', 0, 0, '', '2023-06-01 10:48:42', 631),
(583, 'P3149', '', 0, 0, '', '2023-06-06 09:04:28', 643),
(584, 'P3151', '', 0, 0, '', '2023-06-06 09:04:39', 643),
(585, 'NAI-5364-30FT-COE', 'J000009165', 36, 0, '', '2023-06-21 14:45:47', 682),
(586, 'NAI-5365-30FT-COE', 'J000009166', 36, 0, '', '2023-06-21 14:46:07', 682),
(588, 'ERR-216-C2M 150F ', 'J000009200', 2, 0, '', '2023-06-22 09:16:13', 686),
(589, 'ERR-048-C2E 150F', 'J000009199', 3, 0, '', '2023-06-22 09:16:55', 686),
(590, '454W4205G016', '', 1, 0, '', '2023-06-28 17:05:15', 698),
(591, '454W4205G017', '', 1, 0, '', '2023-06-28 17:05:26', 698),
(592, '454W7804G011', '', 1, 0, '', '2023-06-28 17:06:03', 698),
(593, '454W7804G012', '', 1, 0, '', '2023-06-28 17:06:29', 698),
(594, '454W7804G013', '', 1, 0, '', '2023-06-28 17:06:44', 698),
(595, '454W7804G014', '', 1, 0, '', '2023-06-28 17:07:32', 698),
(596, '454W7804G015', '', 1, 0, '', '2023-06-28 17:07:44', 698),
(597, '454W7804G016', '', 1, 0, '', '2023-06-28 17:07:55', 698),
(598, '454W7804G017', '', 1, 0, '', '2023-06-28 17:08:06', 698),
(599, '454W7804G018', '', 1, 0, '', '2023-06-28 17:08:22', 698),
(600, '454W7804G019', '', 1, 0, '', '2023-06-28 17:08:49', 698),
(601, '454W7804G020', '', 1, 0, '', '2023-06-28 17:09:05', 698),
(602, 'P3151', '', 0, 0, '', '2023-06-29 16:01:47', 700),
(603, 'P3152', '', 0, 0, '', '2023-06-29 16:01:57', 700),
(604, 'P3154', '', 0, 0, '', '2023-06-29 16:02:02', 700),
(605, 'P3156', '', 0, 0, '', '2023-06-29 16:02:08', 700),
(606, 'P3157', '', 0, 0, '', '2023-06-29 16:02:19', 700),
(607, 'P3149', '', 0, 0, '', '2023-06-29 16:02:32', 700),
(608, 'P3153', '', 0, 0, '', '2023-06-29 16:02:43', 700),
(609, 'P3155', '', 0, 0, '', '2023-06-29 16:02:52', 700),
(610, '941b0579', '', 0, 0, '', '2023-06-30 10:57:06', 712),
(611, '6131822', '', 0, 0, '', '2023-07-03 14:54:30', 716),
(612, '115-00664-001 ', '', 0, 0, '', '2023-07-05 15:07:46', 721),
(613, '115-00664-002', '', 0, 0, '', '2023-07-05 15:07:52', 721),
(614, '115-00677-000', '', 0, 0, '', '2023-07-05 15:07:59', 721),
(615, '115-00699-001 ', '', 0, 0, '', '2023-07-05 15:08:06', 721),
(616, '115-00702-000', '', 0, 0, '', '2023-07-05 15:08:12', 721),
(617, 'P3162', '', 0, 0, '', '2023-07-11 08:10:47', 735);

-- --------------------------------------------------------

--
-- Estructura de tabla para la tabla `etapa`
--

CREATE TABLE `etapa` (
  `idEtapa` int(11) NOT NULL,
  `nombre` varchar(50) NOT NULL,
  `descripcion` text,
  `fechaCrea` datetime NOT NULL DEFAULT CURRENT_TIMESTAMP
) ENGINE=InnoDB DEFAULT CHARSET=utf8mb4;

--
-- Volcado de datos para la tabla `etapa`
--

INSERT INTO `etapa` (`idEtapa`, `nombre`, `descripcion`, `fechaCrea`) VALUES
(1, 'Stage 1', 'PDP Planning Stage', '2021-03-26 17:36:31'),
(2, 'Stage 2', 'Design & Development Stage', '2021-03-26 17:37:12'),
(3, 'Stage 3', 'Validation Stage', '2021-03-26 17:37:16'),
(4, 'Stage 4', 'Launch Stage', '2021-03-26 17:37:19');

-- --------------------------------------------------------

--
-- Estructura de tabla para la tabla `historial`
--

CREATE TABLE `historial` (
  `idHistorial` int(11) NOT NULL,
  `descCambio` mediumtext NOT NULL,
  `fechaCrea` datetime NOT NULL,
  `idProyecto` int(11) NOT NULL,
  `idUsuario` int(11) NOT NULL
) ENGINE=InnoDB DEFAULT CHARSET=utf8mb4;

-- --------------------------------------------------------

--
-- Estructura de tabla para la tabla `manufacturador`
--

CREATE TABLE `manufacturador` (
  `idManufacturador` int(11) NOT NULL,
  `nombre` varchar(100) COLLATE utf8_unicode_ci NOT NULL,
  `fechaCrea` datetime NOT NULL DEFAULT CURRENT_TIMESTAMP,
  `creadoPor` int(11) NOT NULL
) ENGINE=InnoDB DEFAULT CHARSET=utf8 COLLATE=utf8_unicode_ci;

--
-- Volcado de datos para la tabla `manufacturador`
--

INSERT INTO `manufacturador` (`idManufacturador`, `nombre`, `fechaCrea`, `creadoPor`) VALUES
(527, 'EAO', '2023-05-16 08:19:23', 1),
(528, 'Hirose Electric Co Ltd', '2023-05-16 08:19:23', 1),
(529, 'Orion Fans', '2023-05-16 08:19:23', 1),
(530, 'SAGER ELECTRONICS', '2023-05-16 08:19:23', 1),
(531, 'Sanyo Denki America Inc.', '2023-05-16 08:19:23', 1),
(532, 'MASTER ELECTRONICS', '2023-05-16 08:19:23', 1),
(533, 'AMPHENOL', '2023-05-16 08:19:23', 1),
(534, 'PANDUIT', '2023-05-16 08:19:23', 1),
(535, '3M', '2023-05-16 08:19:23', 1),
(536, 'ABB', '2023-05-16 08:19:23', 1),
(537, 'ADC', '2023-05-16 08:19:23', 1),
(538, 'ADDA', '2023-05-16 08:19:23', 1),
(539, 'AGILINK MICROWIRES', '2023-05-16 08:19:23', 1),
(540, 'ALLIED ELECTRONICS, INC.', '2023-05-16 08:19:23', 1),
(541, 'ALLIED WIRE & CABLE', '2023-05-16 08:19:23', 1),
(542, 'ALPHA WIRE', '2023-05-16 08:19:23', 1),
(543, 'ALTECH CORPORATION', '2023-05-16 08:19:23', 1),
(544, 'AMETHERM', '2023-05-16 08:19:23', 1),
(545, 'Amphenol', '2023-05-16 08:19:23', 1),
(546, 'ANIXTER INC.', '2023-05-16 08:19:23', 1),
(547, 'ASSMANN WSW', '2023-05-16 08:19:23', 1),
(548, 'BALLUFF INC', '2023-05-16 08:19:23', 1),
(549, 'BELDEN', '2023-05-16 08:19:23', 1),
(550, 'BENTLEY-HARRIS', '2023-05-16 08:19:23', 1),
(551, 'Binder', '2023-05-16 08:19:23', 1),
(552, 'BRADY', '2023-05-16 08:19:23', 1),
(553, 'BURNDY', '2023-05-16 08:19:23', 1),
(554, 'CABLOSWISS S.P.A', '2023-05-16 08:19:23', 1),
(555, 'CLEVELAND ELECTRIC LABORATORIES', '2023-05-16 08:19:23', 1),
(556, 'COMMSCOPE', '2023-05-16 08:19:23', 1),
(557, 'CONEC', '2023-05-16 08:19:23', 1),
(558, 'CONTINENTAL CORDAGE CORPORATION', '2023-05-16 08:19:23', 1),
(559, 'CVILUX', '2023-05-16 08:19:23', 1),
(560, 'DELTA ELECTRONICS', '2023-05-16 08:19:23', 1),
(561, 'EAO SWITCH', '2023-05-16 08:19:23', 1),
(562, 'EATON', '2023-05-16 08:19:23', 1),
(563, 'EBM-PAPST', '2023-05-16 08:19:23', 1),
(564, 'ELECTRIC MOTION', '2023-05-16 08:19:23', 1),
(565, 'Electronic Concepts', '2023-05-16 08:19:23', 1),
(566, 'ENTEGRIS', '2023-05-16 08:19:23', 1),
(567, 'EUCHNER', '2023-05-16 08:19:23', 1),
(568, 'FAIR RITE', '2023-05-16 08:19:23', 1),
(569, 'FCI', '2023-05-16 08:19:23', 1),
(570, 'FREELIN WADE', '2023-05-16 08:19:23', 1),
(571, 'GE Renewable Energy', '2023-05-16 08:19:23', 1),
(572, 'GEMS SENSORS & CONTROL', '2023-05-16 08:19:23', 1),
(573, 'GENERAL CABLE', '2023-05-16 08:19:23', 1),
(574, 'GENERIC', '2023-05-16 08:19:23', 1),
(575, 'Harting', '2023-05-16 08:19:23', 1),
(576, 'HEILIND ELECTRONICS', '2023-05-16 08:19:23', 1),
(577, 'HEYCO', '2023-05-16 08:19:23', 1),
(578, 'HIROSE', '2023-05-16 08:19:23', 1),
(579, 'Hirose Connector', '2023-05-16 08:19:23', 1),
(580, 'Hirose Electric Co Ltd', '2023-05-16 08:19:23', 1),
(581, 'Honeywell', '2023-05-16 08:19:23', 1),
(582, 'HTP CONNECTIVITY LLC', '2023-05-16 08:19:23', 1),
(583, 'HUYA', '2023-05-16 08:19:23', 1),
(584, 'IGUS', '2023-05-16 08:19:23', 1),
(585, 'INDUSTRIAL ELECTRIC WIRE AND CABLE', '2023-05-16 08:19:23', 1),
(586, 'ITT CANNON', '2023-05-16 08:19:23', 1),
(587, 'JIFF METAL COMPANY', '2023-05-16 08:19:23', 1),
(588, 'JING QUAN HUA', '2023-05-16 08:19:23', 1),
(589, 'JOWLE TECHNOLOGY', '2023-05-16 08:19:23', 1),
(590, 'JST', '2023-05-16 08:19:23', 1),
(591, 'KOBICONN', '2023-05-16 08:19:23', 1),
(592, 'KOOLANCE', '2023-05-16 08:19:23', 1),
(593, 'LAIRD TECHNOLOGIES', '2023-05-16 08:19:23', 1),
(594, 'LANPAR TECHNOLOGIES, INC.', '2023-05-16 08:19:23', 1),
(595, 'LAPP TANNEHILL', '2023-05-16 08:19:23', 1),
(596, 'L-COM', '2023-05-16 08:19:23', 1),
(597, 'LEMO', '2023-05-16 08:19:23', 1),
(598, 'LITTELFUSE', '2023-05-16 08:19:23', 1),
(599, 'MARINCO', '2023-05-16 08:19:23', 1),
(600, 'MASTER ELECTRONICS', '2023-05-16 08:19:23', 1),
(601, 'MC MASTER-CARR SUPPLY CO.', '2023-05-16 08:19:23', 1),
(602, 'Mode Electronics Ltd', '2023-05-16 08:19:23', 1),
(603, 'MOLEX', '2023-05-16 08:19:23', 1),
(604, 'MOUSER ELECTRONICS, INC.', '2023-05-16 08:19:23', 1),
(605, 'MULTICOMP', '2023-05-16 08:19:23', 1),
(606, 'NANTONG HWATEK WIRES AND CABLE CO.,LTD', '2023-05-16 08:19:23', 1),
(607, 'NEW ENGLAND', '2023-05-16 08:19:23', 1),
(608, 'NMB technologies', '2023-05-16 08:19:23', 1),
(609, 'Northern Technologies Corp.', '2023-05-16 08:19:23', 1),
(610, 'Nte Electronics', '2023-05-16 08:19:23', 1),
(611, 'NYCOIL', '2023-05-16 08:19:23', 1),
(612, 'ODU', '2023-05-16 08:19:23', 1),
(613, 'OETIKER', '2023-05-16 08:19:23', 1),
(614, 'Ohmite', '2023-05-16 08:19:23', 1),
(615, 'OLFLEX', '2023-05-16 08:19:23', 1),
(616, 'PacTech', '2023-05-16 08:19:23', 1),
(617, 'Panasonic', '2023-05-16 08:19:23', 1),
(618, 'PANCON', '2023-05-16 08:19:23', 1),
(619, 'Panduit', '2023-05-16 08:19:23', 1),
(620, 'PEI-GENESIS, INC.', '2023-05-16 08:19:23', 1),
(621, 'PER DESCRIPTION', '2023-05-16 08:19:23', 1),
(622, 'PHOENIX CONTACT INC.', '2023-05-16 08:19:23', 1),
(623, 'PLIO', '2023-05-16 08:19:23', 1),
(624, 'POSITRONICS', '2023-05-16 08:19:23', 1),
(625, 'PROVERTHA Connectors, Cables & Solutions GmbH', '2023-05-16 08:19:23', 1),
(626, 'RAF Electronic Hardware', '2023-05-16 08:19:23', 1),
(627, 'RyanHerco', '2023-05-16 08:19:23', 1),
(628, 'SAB', '2023-05-16 08:19:23', 1),
(629, 'SAB North America', '2023-05-16 08:19:23', 1),
(630, 'Samsung Semiconductor, Inc.', '2023-05-16 08:19:23', 1),
(631, 'SAMTEC', '2023-05-16 08:19:23', 1),
(632, 'Sanyo', '2023-05-16 08:19:23', 1),
(633, 'SANYO DENKI', '2023-05-16 08:19:23', 1),
(634, 'Sargent', '2023-05-16 08:19:23', 1),
(635, 'SCHURTER', '2023-05-16 08:19:23', 1),
(636, 'SMC', '2023-05-16 08:19:23', 1),
(637, 'Souriau', '2023-05-16 08:19:23', 1),
(638, 'SOUTHWIRE', '2023-05-16 08:19:23', 1),
(639, 'SPC', '2023-05-16 08:19:23', 1),
(640, 'SPI CONNECT', '2023-05-16 08:19:23', 1),
(641, 'SST SENSING', '2023-05-16 08:19:23', 1),
(642, 'STAUBLI', '2023-05-16 08:19:23', 1),
(643, 'Storm', '2023-05-16 08:19:23', 1),
(644, 'SUNON', '2023-05-16 08:19:23', 1),
(645, 'SUPERIOR ESSEX', '2023-05-16 08:19:23', 1),
(646, 'TE CONNECTIVITY', '2023-05-16 08:19:23', 1),
(647, 'Teledyne', '2023-05-16 08:19:23', 1),
(648, 'Teraokata', '2023-05-16 08:19:23', 1),
(649, 'THOMAS & BETTS', '2023-05-16 08:19:23', 1),
(650, 'Turck', '2023-05-16 08:19:23', 1),
(651, 'TYCO', '2023-05-16 08:19:23', 1),
(652, 'VCC', '2023-05-16 08:19:23', 1),
(653, 'VIIP', '2023-05-16 08:19:23', 1),
(654, 'WAGO CORP', '2023-05-16 08:19:23', 1),
(655, 'WELL SHIN TECHNOLOGY CO. LTD', '2023-05-16 08:19:23', 1),
(656, 'WIELAND-BAMBERG', '2023-05-16 08:19:23', 1);

-- --------------------------------------------------------

--
-- Estructura de tabla para la tabla `permiso`
--

CREATE TABLE `permiso` (
  `idPermiso` int(11) NOT NULL,
  `nombre` varchar(50) NOT NULL,
  `descripcion` text,
  `fechaCrea` datetime NOT NULL DEFAULT CURRENT_TIMESTAMP
) ENGINE=InnoDB DEFAULT CHARSET=utf8mb4;

--
-- Volcado de datos para la tabla `permiso`
--

INSERT INTO `permiso` (`idPermiso`, `nombre`, `descripcion`, `fechaCrea`) VALUES
(1, 'Puestos Alta', '', '2021-03-29 17:15:18'),
(2, 'Puestos Lectura', '', '2021-03-29 17:18:17'),
(3, 'Capacidades Alta', '', '2021-03-29 17:18:17'),
(4, 'Capacidades Lectura', '', '2021-03-29 17:18:17'),
(5, 'Actividades Alta', '', '2021-03-29 17:18:17'),
(6, 'Actividades Lectura', '', '2021-03-29 17:18:17'),
(7, 'Proyectos Alta', '', '2021-03-29 17:20:28'),
(8, 'Proyectos Lectura', '', '2021-03-29 17:20:28'),
(9, 'Cuentas Alta', '', '2021-03-29 17:20:28'),
(10, 'Cuentas Lectura', '', '2021-03-29 17:20:28'),
(11, 'Complejidades Alta', '', '2021-03-29 17:20:28'),
(12, 'Complejidades Lectura', '', '2021-03-29 17:22:11'),
(13, 'Status Alta', '', '2021-03-29 17:22:17'),
(14, 'Status Lectura', '', '2021-03-29 17:22:40'),
(15, 'Clientes Alta', '', '2021-03-29 17:22:40'),
(16, 'Clientes Lectura', '', '2021-03-29 17:22:40'),
(17, 'Proyecto Categoria Alta', '', '2021-03-29 17:22:40'),
(18, 'Proyecto Categoria Lectura', '', '2021-03-29 17:22:40'),
(19, 'Empleados Alta', '', '2021-03-29 17:22:40'),
(20, 'Empleados Lectura', '', '2021-03-29 17:22:40'),
(21, 'Etapas Alta', '', '2021-03-29 17:22:40'),
(22, 'Etapas Lectura', '', '2021-03-29 17:22:40'),
(23, 'Usuarios Alta', '', '2021-03-29 17:22:40'),
(24, 'Usuarios Lectura', '', '2021-03-29 17:22:40'),
(25, 'Carrier Alta', '', '2021-03-29 17:22:40'),
(26, 'Carrier Lectura', '', '2021-03-29 17:22:40'),
(27, 'Dashboard', NULL, '2021-04-19 16:59:08'),
(28, 'Proyecto Open', NULL, '2021-04-19 17:00:08'),
(29, 'Departamentos Alta', NULL, '2021-05-17 17:05:47'),
(30, 'Departamentos Lectura', NULL, '2021-05-17 17:05:47'),
(31, 'Cotizaciones Alta', NULL, '2021-05-17 19:28:13'),
(32, 'Cotizaciones Lectura', NULL, '2021-05-17 19:28:13'),
(33, 'Cotizaciones Open', NULL, '2021-06-25 14:36:20'),
(34, 'Ventas', NULL, '2021-06-25 14:36:20'),
(35, 'Actividades por Ingeniero', NULL, '2021-11-22 10:15:32'),
(36, 'Ticket Read', 'Can read tickets but not modify.', '2023-03-31 10:25:24'),
(37, 'Ticket Admin', 'Only assign to System Developer.', '2023-03-31 10:25:24'),
(38, 'Proyecto Aplicattions Soporte Alta', 'Can Create Application Support Projects', '2023-04-24 08:13:24'),
(39, 'Alternativos Lectura', 'Puede ver el historico de Alternativos y solicitar nuevos.', '2023-05-16 15:59:40'),
(40, 'Alternativos Alta', 'Administra y resuelve las solicitudes de alternativos que se hayan generado.', '2023-05-16 15:59:40');

-- --------------------------------------------------------

--
-- Estructura de tabla para la tabla `privilegios`
--

CREATE TABLE `privilegios` (
  `idPrivilegios` int(11) NOT NULL,
  `idUsuario` int(11) NOT NULL,
  `idPermiso` int(11) NOT NULL
) ENGINE=InnoDB DEFAULT CHARSET=utf8mb4;

--
-- Volcado de datos para la tabla `privilegios`
--

INSERT INTO `privilegios` (`idPrivilegios`, `idUsuario`, `idPermiso`) VALUES
(710, 1, 1),
(711, 1, 2),
(451, 1, 3),
(452, 1, 4),
(453, 1, 5),
(454, 1, 6),
(772, 1, 7),
(456, 1, 8),
(457, 1, 9),
(458, 1, 10),
(459, 1, 11),
(460, 1, 12),
(461, 1, 13),
(462, 1, 14),
(699, 1, 15),
(700, 1, 16),
(465, 1, 17),
(466, 1, 18),
(467, 1, 19),
(468, 1, 20),
(469, 1, 21),
(470, 1, 22),
(471, 1, 23),
(472, 1, 24),
(473, 1, 25),
(474, 1, 26),
(475, 1, 27),
(586, 1, 28),
(477, 1, 29),
(478, 1, 30),
(658, 1, 31),
(480, 1, 32),
(596, 1, 33),
(602, 1, 34),
(611, 1, 35),
(746, 1, 36),
(743, 1, 37),
(763, 1, 38),
(790, 1, 39),
(791, 1, 40),
(490, 2, 8),
(660, 2, 27),
(696, 2, 28),
(508, 2, 30),
(617, 2, 35),
(747, 2, 36),
(577, 3, 3),
(578, 3, 4),
(775, 3, 5),
(579, 3, 6),
(758, 3, 7),
(580, 3, 8),
(757, 3, 17),
(756, 3, 18),
(780, 3, 27),
(698, 3, 28),
(616, 3, 35),
(748, 3, 36),
(382, 4, 1),
(383, 4, 2),
(384, 4, 3),
(385, 4, 4),
(386, 4, 5),
(387, 4, 6),
(388, 4, 7),
(389, 4, 8),
(390, 4, 9),
(391, 4, 10),
(392, 4, 11),
(393, 4, 12),
(394, 4, 13),
(395, 4, 14),
(396, 4, 15),
(397, 4, 16),
(398, 4, 17),
(399, 4, 18),
(400, 4, 19),
(401, 4, 20),
(402, 4, 21),
(403, 4, 22),
(404, 4, 23),
(405, 4, 24),
(406, 4, 25),
(407, 4, 26),
(408, 4, 27),
(409, 4, 28),
(410, 4, 29),
(411, 4, 30),
(412, 4, 31),
(413, 4, 32),
(511, 5, 1),
(512, 5, 2),
(539, 5, 3),
(540, 5, 4),
(513, 5, 5),
(514, 5, 6),
(515, 5, 7),
(542, 5, 8),
(517, 5, 9),
(518, 5, 10),
(519, 5, 11),
(520, 5, 12),
(521, 5, 13),
(522, 5, 14),
(523, 5, 15),
(524, 5, 16),
(525, 5, 17),
(526, 5, 18),
(527, 5, 19),
(528, 5, 20),
(541, 5, 21),
(529, 5, 22),
(537, 5, 23),
(538, 5, 24),
(530, 5, 25),
(531, 5, 26),
(532, 5, 27),
(598, 5, 28),
(533, 5, 29),
(534, 5, 30),
(535, 5, 31),
(536, 5, 32),
(599, 5, 33),
(612, 5, 35),
(543, 6, 1),
(544, 6, 2),
(545, 6, 5),
(546, 6, 6),
(547, 6, 7),
(548, 6, 8),
(549, 6, 9),
(550, 6, 10),
(551, 6, 11),
(552, 6, 12),
(553, 6, 13),
(554, 6, 14),
(555, 6, 15),
(556, 6, 16),
(557, 6, 17),
(558, 6, 18),
(559, 6, 19),
(560, 6, 20),
(561, 6, 22),
(587, 6, 23),
(588, 6, 24),
(562, 6, 25),
(563, 6, 26),
(564, 6, 27),
(585, 6, 28),
(565, 6, 29),
(566, 6, 30),
(705, 6, 31),
(568, 6, 32),
(600, 6, 33),
(614, 6, 35),
(745, 6, 36),
(794, 6, 38),
(569, 7, 3),
(570, 7, 4),
(571, 7, 6),
(572, 7, 8),
(659, 7, 27),
(697, 7, 28),
(703, 7, 31),
(702, 7, 32),
(704, 7, 33),
(615, 7, 35),
(749, 7, 36),
(573, 8, 3),
(574, 8, 4),
(575, 8, 6),
(576, 8, 8),
(618, 8, 35),
(581, 9, 3),
(582, 9, 4),
(583, 9, 6),
(584, 9, 8),
(701, 9, 27),
(695, 9, 28),
(692, 9, 35),
(750, 9, 36),
(591, 10, 9),
(592, 10, 10),
(593, 10, 15),
(594, 10, 16),
(601, 10, 27),
(694, 10, 28),
(589, 10, 31),
(590, 10, 32),
(597, 10, 33),
(603, 10, 34),
(751, 10, 36),
(693, 11, 27),
(613, 11, 31),
(604, 11, 32),
(606, 11, 33),
(605, 11, 34),
(661, 12, 1),
(662, 12, 2),
(607, 12, 3),
(608, 12, 4),
(663, 12, 5),
(609, 12, 6),
(664, 12, 7),
(610, 12, 8),
(665, 12, 9),
(666, 12, 10),
(667, 12, 11),
(668, 12, 12),
(669, 12, 13),
(670, 12, 14),
(671, 12, 15),
(672, 12, 16),
(673, 12, 17),
(674, 12, 18),
(675, 12, 19),
(676, 12, 20),
(677, 12, 21),
(678, 12, 22),
(679, 12, 23),
(680, 12, 24),
(681, 12, 25),
(682, 12, 26),
(683, 12, 27),
(684, 12, 28),
(685, 12, 29),
(686, 12, 30),
(687, 12, 31),
(688, 12, 32),
(689, 12, 33),
(690, 12, 34),
(691, 12, 35),
(619, 13, 32),
(620, 13, 33),
(621, 13, 34),
(623, 14, 1),
(624, 14, 2),
(625, 14, 3),
(626, 14, 4),
(627, 14, 5),
(628, 14, 6),
(629, 14, 7),
(630, 14, 8),
(631, 14, 9),
(632, 14, 10),
(633, 14, 11),
(634, 14, 12),
(635, 14, 13),
(636, 14, 14),
(637, 14, 15),
(638, 14, 16),
(639, 14, 17),
(640, 14, 18),
(641, 14, 19),
(642, 14, 20),
(643, 14, 21),
(644, 14, 22),
(645, 14, 23),
(646, 14, 24),
(647, 14, 25),
(648, 14, 26),
(649, 14, 27),
(650, 14, 28),
(651, 14, 29),
(652, 14, 30),
(653, 14, 31),
(654, 14, 32),
(655, 14, 33),
(656, 14, 34),
(657, 14, 35),
(752, 14, 36),
(720, 15, 8),
(719, 15, 28),
(722, 16, 8),
(721, 16, 28),
(723, 17, 8),
(724, 17, 28),
(726, 18, 8),
(725, 18, 28),
(740, 19, 5),
(741, 19, 6),
(778, 19, 7),
(727, 19, 8),
(728, 19, 28),
(753, 19, 36),
(764, 19, 38),
(759, 20, 5),
(776, 20, 7),
(729, 20, 8),
(730, 20, 28),
(754, 20, 36),
(765, 20, 38),
(760, 21, 5),
(777, 21, 7),
(731, 21, 8),
(732, 21, 28),
(755, 21, 36),
(766, 21, 38),
(773, 23, 5),
(767, 23, 6),
(774, 23, 7),
(770, 23, 8),
(768, 23, 28),
(771, 23, 35),
(769, 23, 36),
(779, 23, 38),
(787, 24, 5),
(789, 24, 6),
(784, 24, 8),
(783, 24, 28),
(786, 24, 36),
(785, 24, 38),
(795, 62, 5),
(796, 62, 6),
(800, 62, 22),
(799, 62, 27),
(798, 62, 28),
(797, 62, 38);

-- --------------------------------------------------------

--
-- Estructura de tabla para la tabla `productos`
--

CREATE TABLE `productos` (
  `idProducto` int(11) NOT NULL,
  `nombre` varchar(30) COLLATE utf8_unicode_ci NOT NULL,
  `descripcion` varchar(50) COLLATE utf8_unicode_ci NOT NULL,
  `modelo` varchar(30) COLLATE utf8_unicode_ci NOT NULL,
  `talla` varchar(30) COLLATE utf8_unicode_ci NOT NULL,
  `color` varchar(30) COLLATE utf8_unicode_ci NOT NULL,
  `descontinuado` tinyint(1) NOT NULL,
  `precioCompra` decimal(10,0) NOT NULL,
  `precioVenta` decimal(10,0) NOT NULL
) ENGINE=InnoDB DEFAULT CHARSET=utf8 COLLATE=utf8_unicode_ci;

--
-- Volcado de datos para la tabla `productos`
--

INSERT INTO `productos` (`idProducto`, `nombre`, `descripcion`, `modelo`, `talla`, `color`, `descontinuado`, `precioCompra`, `precioVenta`) VALUES
(1, 'Pantalon', 'Marca Patito', 'PAN-123', 'M', 'Blanco', 0, '250', '350'),
(2, 'Pantalon', 'Marca Nueva', 'PANNUEVA-1516', 'XXL', 'Negro', 1, '351', '548'),
(4, 'Zapato', 'zapato negro', 'Nuevo modelo', 'M', 'Negro', 1, '350', '500');

-- --------------------------------------------------------

--
-- Estructura de tabla para la tabla `proyecto`
--

CREATE TABLE `proyecto` (
  `idProyecto` int(11) NOT NULL,
  `projectID` varchar(30) NOT NULL,
  `idCliente` int(11) NOT NULL,
  `nombre` varchar(50) DEFAULT NULL,
  `descripcion` text,
  `cobrarA` varchar(30) NOT NULL,
  `ventasPotenciales` decimal(10,2) DEFAULT NULL,
  `PO` varchar(30) DEFAULT NULL,
  `qtoNumber` varchar(30) DEFAULT NULL,
  `idCuenta` int(11) DEFAULT NULL,
  `tracking` varchar(30) DEFAULT NULL,
  `idRespDiseno` int(11) DEFAULT NULL,
  `idRespManu` int(11) DEFAULT NULL,
  `sobreCarga` decimal(10,3) DEFAULT NULL,
  `fechaReqCliente` datetime DEFAULT NULL,
  `fechaPromesa` datetime DEFAULT NULL,
  `fechaTentativa` datetime DEFAULT NULL,
  `fechaEmbarque` datetime DEFAULT NULL,
  `fechaInicio` datetime DEFAULT NULL,
  `fechaTermino` datetime DEFAULT NULL,
  `tiempoVida` decimal(10,0) DEFAULT NULL,
  `notas` text,
  `currentStage` int(11) NOT NULL,
  `idStatus` int(11) NOT NULL,
  `idUsuario` int(11) NOT NULL,
  `appTrackID` varchar(30) DEFAULT NULL,
  `fechaCrea` datetime NOT NULL DEFAULT CURRENT_TIMESTAMP,
  `longestMaterial` varchar(50) DEFAULT NULL,
  `longestETA` datetime DEFAULT NULL,
  `prioridad` tinyint(2) NOT NULL DEFAULT '0',
  `idTipoProyecto` int(11) NOT NULL,
  `overallComplet` decimal(10,3) NOT NULL DEFAULT '0.000',
  `idRepreVentas` int(11) DEFAULT NULL,
  `awarded` tinyint(1) DEFAULT NULL,
  `dateAwarded` datetime DEFAULT NULL,
  `consTA` tinyint(1) DEFAULT NULL,
  `idLiderProyecto` int(11) DEFAULT NULL,
  `idGerenteProyecto` int(11) DEFAULT NULL,
  `idCoordinadorProyecto` int(11) DEFAULT NULL,
  `idIngenieroQA` int(11) DEFAULT NULL,
  `isApplication` tinyint(1) DEFAULT '0',
  `idProyectoRequester` int(11) DEFAULT NULL
) ENGINE=InnoDB DEFAULT CHARSET=utf8mb4;

--
-- Volcado de datos para la tabla `proyecto`
--

INSERT INTO `proyecto` (`idProyecto`, `projectID`, `idCliente`, `nombre`, `descripcion`, `cobrarA`, `ventasPotenciales`, `PO`, `qtoNumber`, `idCuenta`, `tracking`, `idRespDiseno`, `idRespManu`, `sobreCarga`, `fechaReqCliente`, `fechaPromesa`, `fechaTentativa`, `fechaEmbarque`, `fechaInicio`, `fechaTermino`, `tiempoVida`, `notas`, `currentStage`, `idStatus`, `idUsuario`, `appTrackID`, `fechaCrea`, `longestMaterial`, `longestETA`, `prioridad`, `idTipoProyecto`, `overallComplet`, `idRepreVentas`, `awarded`, `dateAwarded`, `consTA`, `idLiderProyecto`, `idGerenteProyecto`, `idCoordinadorProyecto`, `idIngenieroQA`, `isApplication`, `idProyectoRequester`) VALUES
(34, 'DS-TBD-150', 1, 'PROJECT QT', 'FIBER ASSEMBLY 12F OM3 LC-LC\r\n', 'CUSTOMER', '0.00', '00004314', '', 1, ' 1Z0E39140140065587', 20, 18, '0.000', '2021-08-02 00:00:00', '2021-07-27 00:00:00', NULL, '2021-07-27 00:00:00', '2021-07-13 00:00:00', NULL, '0', 'SHIPPED', 3, 7, 5, NULL, '2021-07-15 11:06:45', NULL, NULL, 3, 5, '0.000', 15, NULL, NULL, 0, NULL, NULL, NULL, NULL, 0, NULL),
(56, 'DS-TBD-151', 4, 'PROJECT SMART WIRES', 'ASSY HARNESS\r\n\r\n', 'CUSTOMER', '0.00', 'SGi7920', '', NULL, '', 21, 18, '0.000', NULL, '2021-08-05 00:00:00', NULL, '2021-08-05 00:00:00', '2021-08-02 00:00:00', NULL, NULL, 'PO# SGi7920 WOs 08/02 SHORT G060207 ETA 08/04', 3, 7, 1, NULL, '2021-08-05 10:51:04', 'G060207', '2021-08-04 00:00:00', 3, 19, '0.000', 32, 1, '2021-09-28 10:16:26', 0, NULL, NULL, NULL, NULL, 0, NULL),
(75, 'DS-MEDIUM-1', 1, 'HYBRID JUMPER AOPC', 'HYBRID JUMPER', 'NAI', '0.00', '', '', NULL, '', 20, 18, '0.000', '2021-08-18 00:00:00', NULL, NULL, NULL, '2021-08-12 00:00:00', NULL, NULL, 'RFQ ON HOLD', 1, 5, 1, NULL, '2021-08-17 10:11:16', 'TBD', '2021-08-25 00:00:00', 3, 5, '0.000', 15, NULL, NULL, 0, NULL, NULL, NULL, NULL, 0, NULL),
(77, 'DS-MEDIUM-69', 3, 'PROJECT CORNING-ERICSSON', 'HYBRID FIBER ASSEMBLIES', 'CUSTOMER', '0.00', '4501484481', 'QO-04281-3', NULL, '82620530-1', 20, 18, '0.000', '2021-10-29 00:00:00', '2021-10-29 00:00:00', NULL, '2021-10-29 00:00:00', '2021-08-13 00:00:00', NULL, NULL, '', 1, 7, 6, NULL, '2021-08-17 14:24:15', 'A021639', '2021-10-25 00:00:00', 3, 5, '0.000', 14, 1, '2021-11-04 10:11:41', 0, NULL, NULL, NULL, NULL, 0, NULL),
(78, 'DS-HIGH-1', 10, 'PROJECT GENESIS REV B +', 'CABINET REV B+ REWORK', 'NAI', '0.00', '', '', NULL, '', 21, 19, '0.000', NULL, NULL, NULL, NULL, '2021-08-03 00:00:00', NULL, NULL, 'CABINET REV B+ REWORK', 1, 5, 6, NULL, '2021-08-26 10:03:42', NULL, NULL, 3, 6, '0.000', 32, NULL, NULL, 0, NULL, NULL, NULL, NULL, 0, NULL),
(79, 'DS-HIGH-30', 10, 'PROJECT GENESIS REV C', 'CABINET REV C', 'CUSTOMER', '0.00', 'PO12032021', '', NULL, '', 18, 19, '0.000', NULL, NULL, NULL, NULL, '2021-06-01 00:00:00', NULL, NULL, 'CABINET REV C', 1, 7, 6, NULL, '2021-08-26 10:08:56', 'F020087', '2021-10-22 00:00:00', 2, 6, '0.000', 32, 1, '2022-08-08 10:18:48', 0, NULL, NULL, NULL, NULL, 0, NULL),
(80, 'VT-LOW-1', 1, 'HT-EHCS-48SM4-70M', 'Validation Test', 'CUSTOMER', '0.00', '', '', NULL, '', 20, 19, '0.000', '2021-09-03 00:00:00', NULL, NULL, NULL, '2021-09-03 00:00:00', NULL, NULL, 'Superior Ecex Cable', 1, 7, 6, NULL, '2021-09-06 11:03:28', NULL, NULL, 3, 22, '0.000', 15, 1, '2021-11-02 10:42:13', 0, NULL, NULL, NULL, NULL, 0, NULL),
(88, 'DS-MEDIUM-4', 1, 'HT-LCULCU-D24SM4-40FT-COE', 'HYBRID CABLE 6X12 4AWG 40FT', 'CUSTOMER', '0.00', '00004686', '', NULL, '565857821', 20, 18, '0.000', '2021-10-06 00:00:00', NULL, NULL, '2021-10-06 00:00:00', '2021-09-27 00:00:00', NULL, NULL, '', 1, 7, 6, NULL, '2021-09-27 07:25:27', NULL, NULL, 3, 5, '0.000', 15, 1, '2021-11-03 15:50:26', 0, NULL, NULL, NULL, NULL, 0, NULL),
(89, 'VT-LOW-2', 1, 'ADH-119MT-2', 'EPOXY VALIDATION ', 'NAI', '0.00', '', '', NULL, '', NULL, 19, '0.000', NULL, NULL, NULL, NULL, '2021-09-30 00:00:00', NULL, NULL, 'Alternative for J010135 EPO-TEK 353ND ', 1, 7, 6, NULL, '2021-10-04 09:53:31', NULL, NULL, 3, 22, '0.000', 15, NULL, NULL, 0, NULL, NULL, NULL, NULL, 0, NULL),
(90, 'VT-LOW-3', 1, 'J010087 383ND', 'EPOXY VALIDATION', 'NAI', '0.00', '', '', NULL, '', 20, 19, '0.000', NULL, NULL, NULL, NULL, '2021-10-08 00:00:00', NULL, NULL, 'Alternative for J010135 EPO-TEK 353ND', 1, 6, 6, NULL, '2021-10-06 08:35:18', NULL, NULL, 3, 22, '0.000', 15, NULL, NULL, 0, NULL, NULL, NULL, NULL, 0, NULL),
(91, 'VT-LOW-4', 1, 'Teroson ms 939NA ', 'Epoxy Teroson ms 939NA Blk 290ml  Validation', 'NAI', '0.00', '', '', NULL, '', 20, 19, '0.000', NULL, NULL, NULL, NULL, '2021-10-07 00:00:00', NULL, NULL, 'Validate expired Epoxy ', 1, 7, 6, NULL, '2021-10-07 14:58:27', NULL, NULL, 3, 22, '0.000', 15, NULL, NULL, 0, NULL, NULL, NULL, NULL, 0, NULL),
(92, 'VT-LOW-5', 2, 'RFS ALTERNATIVE', 'RFS ALTERNATIVE CABLE', 'NAI', '0.00', '', '', NULL, '', 20, 19, '0.000', NULL, NULL, NULL, NULL, '2021-10-20 00:00:00', NULL, NULL, 'Alternative Cable', 1, 7, 6, NULL, '2021-10-20 08:12:12', NULL, NULL, 3, 22, '0.000', 15, NULL, NULL, 0, NULL, NULL, NULL, NULL, 0, NULL),
(93, 'VT-LOW-6', 38, 'SUBSTITUTE MATERIALS MATRIX', 'Substitute Materials', 'NAI', '0.00', '', '', NULL, '', 20, 18, '0.000', NULL, NULL, NULL, NULL, '2021-10-25 00:00:00', NULL, NULL, '', 1, 6, 6, NULL, '2021-10-25 09:16:54', NULL, NULL, 3, 22, '0.000', 15, NULL, NULL, 0, NULL, NULL, NULL, NULL, 0, NULL),
(94, 'DS-MEDIUM-5', 1, 'ODC SAMPLES', '', 'CUSTOMER', '0.00', '00004879', 'QO-06224', NULL, '1Z6W16300733633959', 20, 19, '0.000', '2021-10-29 00:00:00', NULL, NULL, '2021-10-30 00:00:00', '2021-10-29 00:00:00', NULL, NULL, 'Samples shipped 10/30/2021', 1, 7, 6, NULL, '2021-10-28 15:40:52', NULL, NULL, 3, 5, '0.000', 15, 1, '2021-11-04 10:34:40', 0, NULL, NULL, NULL, NULL, 0, NULL),
(95, 'DS-MEDIUM-6', 2, '6 X 12 MOCK UP', 'HYBRID CABLE ASSEMBLY', 'CUSTOMER', '0.00', 'N/A', 'N/A', NULL, 'UPS AIR FREIGHT 400 795 6370', 20, 19, '0.000', '2021-11-10 00:00:00', '2021-11-11 00:00:00', NULL, '2021-11-11 00:00:00', '2021-11-05 00:00:00', NULL, NULL, '', 1, 7, 6, NULL, '2021-11-04 15:54:17', NULL, NULL, 3, 5, '0.000', 15, NULL, NULL, 0, NULL, NULL, NULL, NULL, 0, NULL),
(96, 'DS-TBD-044-1', 2, 'RFS  OVERMOLDING FOR 3FOP ', 'FJ/MM 3PR/LCD W IP-LC-LCD/R2CT/10FT', 'CUSTOMER', '0.00', '', '', NULL, '', 20, 19, '0.000', NULL, NULL, NULL, '2019-01-11 00:00:00', '2019-01-08 00:00:00', NULL, NULL, 'Overmolding solution for 3FOP PO#80079628 WO-1334156 shipped 01/11 Pending customer feedback', 1, 7, 1, NULL, '0000-00-00 00:00:00', NULL, NULL, 3, 5, '1.000', 15, 1, NULL, 0, NULL, NULL, NULL, NULL, 0, NULL),
(97, 'DS-TBD-045', 1, 'NATE SAMPLES FOR TRADE SHOW', 'Fiber Cable Assemblies', 'CUSTOMER', '0.00', '', '', NULL, '', 20, 19, '0.000', NULL, NULL, NULL, '2019-01-22 00:00:00', '2019-01-16 00:00:00', NULL, NULL, 'PO#00001909 Received 01/16 BOM entry in progress WOs pending will ship 01/22  HMO', 1, 7, 1, NULL, '0000-00-00 00:00:00', NULL, NULL, 3, 5, '1.000', 15, -1, NULL, 0, NULL, NULL, NULL, NULL, 0, NULL),
(98, 'DS-TBD-043-1', 23, 'COMMSCOPE JUMPER 12 RRU', 'Hybrid Jumper ', 'CUSTOMER', '0.00', '', '', NULL, '', 20, 19, '0.000', NULL, NULL, NULL, '2019-01-30 00:00:00', '2019-01-15 00:00:00', NULL, NULL, 'Preliminary documentation uploaded to Cfolder for review and design input 01/15 customer indicated they want project launched in production by mid Feb published RM status 01/16 recds 3 RM shortages under FedEx T#708470125059 ETA 01/24 HMOPO#8002811430 recd 01/30 WO-1336012/1 samples delivered to customer 02/01 under FedEx#746958986917', 1, 7, 1, NULL, '0000-00-00 00:00:00', NULL, NULL, 3, 5, '1.000', 14, 1, NULL, 0, NULL, NULL, NULL, NULL, 0, NULL),
(99, 'DS-TBD-044', 23, 'COMMSCOPE EEUK', 'HYBRID CABLE ASSEMBLY', 'CUSTOMER', '0.00', '', '', NULL, '', 20, 19, '0.000', NULL, NULL, NULL, '2019-01-23 00:00:00', '2019-01-03 00:00:00', NULL, NULL, 'Recd PO# 8002773103 Recd 01/03 Requested BOM Entry 01/03 Sent reminder 01/09 - BOM Completed 01/10 per Gerald: Claremont/ David is planning on running 10k ft x 760242414 next week so pls issue p/o for 10K FT FA will ship to Joliet Ordered cable under PO-173439 10490 FT ETA 01/21  velcro tie p/n: S011260 1 roll FAs WO-1334257/1 and WO-1335049/1 customer reported FA Failure for HFE212-4SEB 01/25 COE provided correcitve action RMA issued and replacement parts shipped', 1, 7, 1, NULL, '0000-00-00 00:00:00', NULL, NULL, 3, 5, '1.000', 14, 1, NULL, 0, NULL, NULL, NULL, NULL, 0, NULL),
(100, 'DS-TBD-042', 10, 'CSD- Telect 1728 Fiber Assemblies', 'CSD- Telect 1728 Fiber Assemblies', 'NAI', '0.00', '', '', NULL, '', 20, 19, '0.000', NULL, NULL, NULL, '2019-01-21 00:00:00', '2018-10-23 00:00:00', NULL, NULL, 'PO#10232018-V4 136.5K provided preliminary AWIs P1 completed/shipped order', 1, 7, 1, NULL, '0000-00-00 00:00:00', NULL, NULL, 3, 6, '1.000', 32, 1, NULL, 0, NULL, NULL, NULL, NULL, 0, NULL),
(101, 'DS-TBD-046', 23, 'COMMSCOPE TMO TRIALS', 'Hybrid Jumper ', 'CUSTOMER', '0.00', '', '', NULL, '', 20, 19, '0.000', NULL, NULL, NULL, '2019-02-13 00:00:00', '2019-01-24 00:00:00', NULL, NULL, 'Prototypes samples for customer trial purposes requested prototype BOMs-COE 01/24 completed RM status for HFT410-4SNOK2 01/28 confirmed with customer cable construction choice for SNOK2 released updated FA quote for SNOK2 02/05 Recd FA orders PO#8002822132 SNOK2 PO#8002824126 SNOK4 Will ship partial 02/11 and balance 02/13', 1, 7, 1, NULL, '0000-00-00 00:00:00', NULL, NULL, 3, 5, '1.000', 14, 1, NULL, 0, NULL, NULL, NULL, NULL, 0, NULL),
(102, 'DS-TBD-050', 1, 'NWS HCS2.0 LEGACY JUMPERS', 'Legacy Jumpers Expedite', 'CUSTOMER', '0.00', '', '', NULL, '', 20, 19, '0.000', NULL, NULL, NULL, '2019-03-01 00:00:00', '2019-02-21 00:00:00', NULL, NULL, 'Expedite request 26 Jumpers Engineering drawings signed 02/21 quote released 02/21 RM is complete PO#00002018 received 02/26 shipped 02/28 under T#1Z0E39140153569670 Delivered 03/04', 1, 7, 1, NULL, '0000-00-00 00:00:00', NULL, NULL, 3, 5, '1.000', 15, 1, NULL, 0, NULL, NULL, NULL, NULL, 0, NULL),
(103, 'DS-TBD-049', 1, 'NWS RESOLUTE', 'Hybrid Jumper IP25-SCA 4F+2/6 AWG 15FT', 'CUSTOMER', '0.00', '', '', NULL, '', 20, 19, '0.000', NULL, NULL, NULL, '2019-03-05 00:00:00', '2019-02-21 00:00:00', NULL, NULL, 'PO#00002006/111362 Recd 02/21 drawing signed 02/22 BOMs completed 02/21 WOs completed 02/21 delivered 03/08 undet UPS T#Tracking Number 1Z0E39140150917718', 1, 7, 1, NULL, '0000-00-00 00:00:00', NULL, NULL, 3, 5, '1.000', 15, 1, NULL, 0, NULL, NULL, NULL, NULL, 0, NULL),
(104, 'DS-TBD-040', 23, 'COMMSCOPE PENDANT 12RRU', 'Pendant 12RRU', 'CUSTOMER', '0.00', '', '', NULL, '', 20, 19, '0.000', NULL, NULL, NULL, NULL, '2018-12-13 00:00:00', NULL, NULL, 'PO#8002696038 2 Pendant units CommScope material shortages received 01/03 BOM entry completed 01/04: FD21206-48S55-10-COE and HFT1206-48S61-10-COE Senko connector C020447 300pcs recd 01/08 requested PO 01/10 estimate to finalize Trunks build 01/11 Pendant WO-1329056/1 Virtual shipment validation report published 01/24 included IL/RL results leak test and IP 67 also included our comments to update their dwg to next rev F production team P1 working on validation pcs 6pcs Issued deviation to Senko & CommScope to approve NAI crimping method to improve pull force and meet IPC-620 signed Senko provided updated assembly procedure per NAIs crimping method 02/11', 1, 7, 1, NULL, '0000-00-00 00:00:00', NULL, NULL, 3, 6, '1.000', 14, -1, NULL, 0, NULL, NULL, NULL, NULL, 0, NULL),
(105, 'DS-TBD-054', 23, 'COMMSCOPE TRUNK ONE END MECHANICAL SAMPLE', 'Trunk mechanical sample', 'CUSTOMER', '0.00', '', '', NULL, '', 20, 19, '0.000', NULL, NULL, NULL, '2019-03-21 00:00:00', '2019-03-19 00:00:00', NULL, NULL, 'Trunk one end mechanical sample', 1, 7, 1, NULL, '0000-00-00 00:00:00', NULL, NULL, 3, 5, '1.000', 14, -1, NULL, 0, NULL, NULL, NULL, NULL, 0, NULL),
(106, 'DS-TBD-053', 1, 'NWS VT AIRSCALE NOKIA JUMPERS', 'Hybrid Jumper 2C/10 AWG 2F SM', 'CUSTOMER', '0.00', '', '', NULL, '', 20, 19, '0.000', NULL, NULL, NULL, '2019-03-28 00:00:00', '2019-03-19 00:00:00', NULL, NULL, ' Requested BOMs 03/19 transition mold completedrecd customer PO #000112C 03/28 WO-1341145 & 146 shipped 03/29 from NDC will deliver 04/01 to Canada', 1, 7, 1, NULL, '0000-00-00 00:00:00', NULL, NULL, 3, 5, '1.000', 15, -1, NULL, 0, NULL, NULL, NULL, NULL, 0, NULL),
(107, 'DS-TBD-052', 1, 'HJ-HCS2-4SMP10-XXFT/HJ-HCS2-4SMP6-XXFT', 'Legacy Jumpers', 'CUSTOMER', '0.00', '', '', NULL, '', 20, 19, '0.000', NULL, NULL, NULL, '2019-03-22 00:00:00', '2019-03-02 00:00:00', NULL, NULL, 'Production PO#NAI-4500469167 total 95 pc sin combined lengths 51.6K COE will support production on this build AWIs completed CRSD: 04/15 AWIs published 03/14 to production team project book completed 03/22 production team completing order', 1, 7, 1, NULL, '0000-00-00 00:00:00', NULL, NULL, 3, 6, '1.000', 15, 1, NULL, 0, NULL, NULL, NULL, NULL, 0, NULL),
(108, 'DS-TBD-057', 2, 'Project Geneva', '3FOP OVERMOLD SOLUTION', 'CUSTOMER', '0.00', '', '', NULL, '', 20, 19, '0.000', NULL, NULL, NULL, '2019-04-15 00:00:00', '2019-04-09 00:00:00', NULL, NULL, 'PO#80082821 Recd 04/08 WO-1342063 shipped under UPS T#1Z0E39140153287055', 1, 7, 1, NULL, '0000-00-00 00:00:00', NULL, NULL, 3, 5, '1.000', 15, 1, NULL, 0, NULL, NULL, NULL, NULL, 0, NULL),
(109, 'DS-TBD-056', 1, 'NWS RESOLUTE', 'RESOLUTE JUMPERS', 'CUSTOMER', '0.00', '', '', NULL, '', 20, 19, '0.000', NULL, NULL, NULL, '2019-04-17 00:00:00', '2019-04-04 00:00:00', NULL, NULL, 'PO#00002127 received 04/04 WO-1341792 WO-1341793 shortage C020245 ordered 100 pcs PO-177262 ETA 04/16 Senko did not ship next day air samples completed will ship 04/17', 1, 7, 1, NULL, '0000-00-00 00:00:00', NULL, NULL, 3, 5, '1.000', 15, 1, NULL, 0, NULL, NULL, NULL, NULL, 0, NULL),
(110, 'DS-TBD-058', 23, 'COMMSCOPE 12RRU JUMPERS', 'FIBERFEED HFFD2 HYBRID JUMPER', 'CUSTOMER', '0.00', '', '', NULL, '', 20, 19, '0.000', NULL, NULL, NULL, '2019-04-23 00:00:00', '2019-04-12 00:00:00', NULL, NULL, 'Under preliminary dwg Rev J Material kitting completed started FA build pending customer PO to generate WOs and ship samples', 1, 7, 1, NULL, '0000-00-00 00:00:00', NULL, NULL, 3, 5, '1.000', 14, 1, NULL, 0, NULL, NULL, NULL, NULL, 0, NULL),
(111, 'DS-TBD-059', 10, 'CSD TELECT', 'FO ASSEMBLIES 144F & 288F', 'NAI', '0.00', '', '', NULL, '', 20, 19, '0.000', NULL, NULL, NULL, '2019-05-03 00:00:00', '2019-04-25 00:00:00', NULL, NULL, 'PO Recd 04/25 Mechanical and visual aid samples ship date 05/03', 1, 7, 1, NULL, '0000-00-00 00:00:00', NULL, NULL, 3, 5, '1.000', 32, 1, NULL, 0, NULL, NULL, NULL, NULL, 0, NULL),
(112, 'DS-TBD-063', 10, 'CSD TELECT', 'MECHANICAL SAMPLES 144F and 288F 3 MT TO STUB', 'NAI', '0.00', '', '', NULL, '', 20, 19, '0.000', NULL, NULL, NULL, '2019-05-27 00:00:00', '2019-05-22 00:00:00', NULL, NULL, 'PO#052119 Recd 05/22 Requested BOM entry WO-1346158/1346159 Shipped 05/27 UPS Red T#1Z0E39140154952164', 1, 7, 1, NULL, '0000-00-00 00:00:00', NULL, NULL, 3, 5, '1.000', 32, 1, NULL, 0, NULL, NULL, NULL, NULL, 0, NULL),
(113, 'DS-TBD-021', 10, 'CSD GECKO PROJECT', 'Base 12 MPO Pass-thru MPO', 'NAI', '0.00', '', '', NULL, '', 20, 19, '0.000', NULL, NULL, NULL, '2019-12-20 00:00:00', '2019-02-01 00:00:00', NULL, NULL, 'Published final Top assembly drawing to customer for approval 11/09 Drawing # is AP206P Rev# 03 received customer feedback 11/28 Drawing updated and approved 11/29 packaging provided 12/13 quote released 12/20 project completed no production demand', 1, 7, 1, NULL, '0000-00-00 00:00:00', NULL, NULL, 3, 6, '1.000', 32, -1, NULL, 0, NULL, NULL, NULL, NULL, 0, NULL),
(114, 'DS-TBD-060', 1, 'Project Helkama', 'HCSA ALTERNATIVE CABLE VALIDATION', 'CUSTOMER', '0.00', '', '', NULL, '', 20, 19, '0.000', NULL, NULL, NULL, NULL, '2019-04-30 00:00:00', NULL, NULL, 'Completed validation and published final report to customer', 1, 7, 1, NULL, '0000-00-00 00:00:00', NULL, NULL, 3, 6, '1.000', 15, 1, NULL, 0, NULL, NULL, NULL, NULL, 0, NULL),
(115, 'DS-TBD-061', 8, 'PROJECT RAYCAP', 'LCU DUPLEX 4.6M FIBER CABLE AXS to LCU 4.6M FIBER CABLE', 'CUSTOMER', '0.00', '', '', NULL, '', 20, 19, '0.000', NULL, NULL, NULL, '2019-06-12 00:00:00', '2019-05-08 00:00:00', NULL, NULL, 'PO#4900024719 Recd 05/08 BOMs uploaded to Visual WO-1345714/1345715   A021570 FIS 500FT C020930 Connector kit LC 100 pcs PO-178871 Recd  05/31 in HMO will start samples build  20 pcs ship date 06/12 FedEx T# 409066746871 scheduled for delivery 06/17 COB', 1, 7, 1, NULL, '0000-00-00 00:00:00', NULL, NULL, 3, 5, '1.000', 15, -1, NULL, 0, NULL, NULL, NULL, NULL, 0, NULL),
(116, 'DS-TBD-069', 40, 'PROJECT SMITHS ', 'SMITHS FIBER', 'CUSTOMER', '0.00', '', '', NULL, '', 20, 19, '0.000', NULL, NULL, NULL, '2019-07-09 00:00:00', '2019-06-17 00:00:00', NULL, NULL, 'Working on RM importation for sample PO Fiber Jumpers Recd material 06/19 HMO customer PO-123695 requested BOM entry to visual 06/17- Entered 06/19 WO-1348393. 9 pcs completed balance of material received 07/03 in HMO pending clarification on product marking 15 pcs ready to ship', 1, 7, 1, NULL, '0000-00-00 00:00:00', NULL, NULL, 3, 5, '1.000', 15, -1, NULL, 0, NULL, NULL, NULL, NULL, 0, NULL),
(117, 'DS-TBD-070', 5, 'PROJECT JABIL SMART WIRES', 'LC-LC DUPLEX ETHERNET FIBER', 'CUSTOMER', '0.00', '', '', NULL, '', 20, 19, '0.000', NULL, NULL, NULL, '2019-07-11 00:00:00', '2019-07-01 00:00:00', NULL, NULL, 'FA request for 30pcs PO# i4527R BOM P107683 WO-1349246 expediting p/n: C020261 LC DUPLX Senko #912-251-2C1 300 pcs received 07/04 completed FA build 30 pcs 07/08 FAIR 07/11', 1, 7, 1, NULL, '0000-00-00 00:00:00', NULL, NULL, 3, 4, '1.000', 16, 1, NULL, 0, NULL, NULL, NULL, NULL, 0, NULL),
(118, 'DS-TBD-067-1', 1, 'HFT410-4SNOK5-15FT-COE', 'FIBER ASSEMBLY  NSN 4SM DLC to HQLC', 'CUSTOMER', '0.00', '', '', NULL, '', 20, 19, '0.000', NULL, NULL, NULL, NULL, '2019-06-03 00:00:00', NULL, NULL, 'Prototype build request for 6 pcs Similar to SNOK2 but with legacy power connector on END 1 requested 50 pcs ea for MolexS011490 192050006/ Panduit S011491 PSCBLU-L. COE to build 3 pcs to develop project book. ETA for S011490 06/20 HMO P1 working on PO for 32 pcs to validate production 07/05 COE team completed project book for production team', 1, 7, 1, NULL, '0000-00-00 00:00:00', NULL, NULL, 3, 5, '1.000', 15, 1, NULL, 0, NULL, NULL, NULL, NULL, 0, NULL),
(119, 'DS-TBD-076-1', 39, 'Project Telect ', '144 FIBER RISER SM 8/125um YELLOW LC/UPC WITH STANDARD 20 BREAKOUT to PIGTAIL 10 METERS', 'NAI', '0.00', '', '', NULL, '', 20, 19, '0.000', NULL, NULL, NULL, '2019-08-23 00:00:00', '2019-08-13 00:00:00', NULL, NULL, 'Mechanical samples request 3pcs PO#080919 Recd 08/13 BOM defined by COE  RM Status completed PO-182617 to Berk-Tek Cable A021535 FedEx T#776007872205 Recd 08/20 HMO WO-1352757', 1, 7, 1, NULL, '0000-00-00 00:00:00', NULL, NULL, 3, 6, '1.000', 32, -1, NULL, 0, NULL, NULL, NULL, NULL, 0, NULL),
(120, 'DS-TBD-075', 1, 'FIBER SAMPLES INDOOR DUPLEX', 'MM/SM LC-LC NON-FUNCTIONAL SAMPLES', 'CUSTOMER', '0.00', '', '', NULL, '', 20, 19, '0.000', NULL, NULL, NULL, '2019-08-12 00:00:00', '2019-08-08 00:00:00', NULL, NULL, 'Non-Functional samples for photo shoot for our catalogue FP-SM2 and FP-MM32 samples completed 08/12 published pictures to customer samples are not required for shipment', 1, 7, 1, NULL, '0000-00-00 00:00:00', NULL, NULL, 3, 5, '1.000', 15, -1, NULL, 0, NULL, NULL, NULL, NULL, 0, NULL),
(121, 'DS-TBD-068-1', 1, 'Project Norton', 'FTTA SOLUTIONS 5G DEPLOYMENT', 'CUSTOMER', '0.00', '', '', NULL, '', 20, 19, '0.000', NULL, NULL, NULL, NULL, '2019-06-14 00:00:00', NULL, NULL, 'RFQ Recd 06/14 Team developed initial analysis and proposals for FTTA solutions 06/16 provided file to customer for evaluation  Team created Engineering drawings/BOMs for all project proposals pricing completed and released to customer recd customer input pricing comments 07/05 Team provided updated quote for all design solutions 8 total ', 1, 7, 1, NULL, '0000-00-00 00:00:00', NULL, NULL, 3, 6, '1.000', 15, -1, NULL, 0, NULL, NULL, NULL, NULL, 0, NULL),
(122, 'DS-TBD-066', 1, 'Project Manassas - SPECIAL 6 AWG', 'SPECIAL HCS2.0 HYBRID JUMPER 6 AWG', 'CUSTOMER', '0.00', '', '', NULL, '', 20, 19, '0.000', NULL, NULL, NULL, '2019-09-11 00:00:00', '2019-05-31 00:00:00', NULL, NULL, 'COE team created Engineering drawings and is now under preliminary Rev P3 Pending customer design approval materials being ordered for initial volume 1500 assemblies 15 pcs sample Octis Connector p/n: C020532 Recd 06/19 in HMO customer requested cable delivery improvement date A021573 - 30KFT scheduled for delivery 07/17  Recd cable 200FT 07/12 built FA and set to thermal chamber test ETC 07/17 Recd FA PO 07/17 FAs completed shipping 07/19 FedEx T#491362852755 delivered 07/25. Customer requested connector change Octis 10 sample pcs  recd 08/20 underFedEx T#469950523935 Pending Radial spec for ne Octis Kit with grommet size #9 C020538. 09/03: Building 1 new FA with new Octis connector Need customer PO for shipping purposes Updating Engineering drawing FA ready PO#00002368 T#1Z0E39141276456059 - Pablo provided 09/11 Engineering dwg Rev 2 released 10/11 Approved 10/24 Pending FOA Requirements from customer', 1, 7, 1, NULL, '0000-00-00 00:00:00', NULL, NULL, 3, 6, '1.000', 15, 1, NULL, 0, NULL, NULL, NULL, NULL, 0, NULL),
(123, 'DS-TBD-076', 1, 'Project SPT', 'SAMPLE SET FOR SPT', 'CUSTOMER', '0.00', '', '', NULL, '', 20, 19, '0.000', NULL, NULL, NULL, '2019-09-12 00:00:00', '2019-09-10 00:00:00', NULL, NULL, 'Recd PO#000002369 building FAs BOMs completed 09/11 T#1Z0E39144453660427 Delivered 09/18', 1, 7, 1, NULL, '0000-00-00 00:00:00', NULL, NULL, 3, 5, '1.000', 15, -1, NULL, 0, NULL, NULL, NULL, NULL, 0, NULL),
(124, 'DS-TBD-077', 10, 'Project BICSI', 'BICSI MECHANICAL SAMPLES', 'NAI', '0.00', '', '', NULL, '', 20, 19, '0.000', NULL, NULL, NULL, '2019-09-12 00:00:00', '2019-09-10 00:00:00', NULL, NULL, 'Samples for BICSI Displaytheya re due to customer by 09/18 Will be shipped to Joe Livingston All are mechanical samples except Pigtail kits. BOM Defined 09/09 BOMs and WOs in visual.  RM from NDC in transit plus  Cable Berktek/Nexans consigned form customer S011508: 3268FT recd update d PO #090419.R1 1Z0E39141353077830/1Z0E39141353591444', 1, 7, 1, NULL, '0000-00-00 00:00:00', NULL, NULL, 3, 6, '1.000', 32, -1, NULL, 0, NULL, NULL, NULL, NULL, 0, NULL),
(125, 'DS-TBD-080-1', 3, '14 FIBER ASSEMBLIES', 'HYBRID CABLES BID ', 'CUSTOMER', '0.00', '', '', NULL, '', 20, 19, '0.000', NULL, NULL, NULL, '2019-10-09 00:00:00', '2019-09-18 00:00:00', NULL, NULL, 'NEW Project COE defined Comparison matrix BOMs and cable specifications published open issues/questions list to each design 09/25 quote due date internally 10/04', 1, 7, 1, NULL, '0000-00-00 00:00:00', NULL, NULL, 3, 6, '1.000', 14, -1, NULL, 0, NULL, NULL, NULL, NULL, 0, NULL),
(126, 'DS-TBD-081', 5, 'SMW-P108101.0', 'ASSEMBLY HARNESS LC-LC DUPLEX', 'NAI', '0.00', '', '', NULL, '', 20, 19, '0.000', NULL, NULL, NULL, '2019-10-21 00:00:00', '2019-09-30 00:00:00', NULL, NULL, 'Recd PO# 121427237 50 jumperes Requested BOM entry 09/30 PO Due date 11/04 BOM entered 09/30 RM Complete Requested WO 10/04  WO-1356772 created 10/08 50 pcs sent to P4 for PO consolidation', 1, 7, 1, NULL, '0000-00-00 00:00:00', NULL, NULL, 3, 4, '1.000', 16, 1, NULL, 0, NULL, NULL, NULL, NULL, 0, NULL),
(127, 'DS-TBD-079', 5, 'Project Cadence', 'FIBER ASSEMBLY SAMPLES', 'CUSTOMER', '0.00', '', '', NULL, '', 20, 19, '0.000', NULL, NULL, NULL, '2019-11-11 00:00:00', '2019-09-25 00:00:00', NULL, NULL, 'Customer PO#151643984 cancelled NEW PO#151643997 10/07 Completed RM Status published 09/30  Requested shortages to purchasing 09/30 requested shortages ETAs 10/04 completed WOsRM for sample C.95-0000052-02NAI WO-1356456 completed 10/21 For Samples C.95-0000074-01NAI & C.950000075-01NAI Cable p/n: S011514 3280FT ETA 10/23. Shortages: S011513 MOD PLUG SHIELDED - 100 pcs Recd HMO4 & S011515 BOOT -90 pcs Recd HMO4. Copper Subs for Assys 74 & 75 will be ready 10/30 from P4', 1, 7, 1, NULL, '0000-00-00 00:00:00', NULL, NULL, 3, 5, '1.000', 16, 1, NULL, 0, NULL, NULL, NULL, NULL, 0, NULL),
(128, 'DS-TBD-082', 1, 'Project SPT-96F MM', '96F OM3 MULTIMODE IPLC-LC', 'CUSTOMER', '0.00', '', '', NULL, '', 20, 19, '0.000', NULL, NULL, NULL, '2019-12-04 00:00:00', '2019-10-14 00:00:00', NULL, NULL, 'Published drawing for approval 10/11  FA PO00002480 recd 10/25  NWS-5076-15FT-COE & NWS-5076-20FT-COE BOMs entered in visual Consigned cable A021588 1838 FT recd at HMO 11/15  C020954G060205 ETA 10/19 HMO N030918 Furcation tube FIS - ETA 11/18 HMO Requested WOs 11/15 Team to expedite FA build Shipped 12/04 under UPS T#1Z0E39141249415340', 1, 7, 1, NULL, '0000-00-00 00:00:00', NULL, NULL, 3, 6, '1.000', 15, -1, NULL, 0, NULL, NULL, NULL, NULL, 0, NULL),
(129, 'DS-TBD-080', 36, 'Project Smart Wires', 'SMART WIRES PLC', 'NAI', '0.00', '', '', NULL, '', 20, 19, '0.000', NULL, NULL, NULL, '2019-12-06 00:00:00', '2019-10-28 00:00:00', NULL, NULL, 'Smart WiresPLC Project PO# SWG i4888 Requested BOMs entry 10/28 Sent reminder 11/04 BOMs released 11/06 Requested shortages POs 11/06: A021594 1640 FT per MOQ G060207 120pcs J020111 5pcs Materials will arrive HMO 11/28 sent WOs and RM status to team 11/25 Shipped 12/06 from P3', 1, 7, 1, NULL, '0000-00-00 00:00:00', NULL, NULL, 3, 4, '1.000', 16, 1, NULL, 0, NULL, NULL, NULL, NULL, 0, NULL),
(130, 'DS-TBD-084', 5, 'Project Cadence', 'CABLE ASSEMBLY POD 5 & 30M', 'CUSTOMER', '0.00', '', '', NULL, '', 20, 19, '0.000', NULL, NULL, NULL, '2020-01-15 00:00:00', '2020-01-09 00:00:00', NULL, NULL, 'NEW PO#151651247 Recd 01/09 P4 to deliver RJ45 sub 01/14 COE to expedite build per 3MM Fiber Jumper Assy Cable A021277 & Connector C020535 Shipped 8 FAs 01/15 Balance 2pcs ship date 01/16 ', 1, 7, 1, NULL, '0000-00-00 00:00:00', NULL, NULL, 3, 5, '1.000', 16, 1, NULL, 0, NULL, NULL, NULL, NULL, 0, NULL),
(131, 'DS-TBD-072', 1, 'Project TMO Airscale', 'Fiber Jumper Airscale', 'CUSTOMER', '0.00', '', '', NULL, '', 20, 19, '0.000', NULL, NULL, NULL, '2020-01-30 00:00:00', '2020-01-15 00:00:00', NULL, NULL, 'Preliminary drawing completed and sent to customer sent 2FT cable piece  A021103 10/28/19 UPDATE 01/16: Recd PO#00002592 BOM entered 01/16 WO-1364481/1. UPS Tracking #1Z0E39140352178082', 1, 7, 1, NULL, '0000-00-00 00:00:00', NULL, NULL, 3, 5, '1.000', 15, 1, NULL, 0, NULL, NULL, NULL, NULL, 0, NULL),
(132, 'DS-TBD-085', 1, 'Project TMO Airscale Legacy', 'Fiber Jumper Airscale Legacy', 'CUSTOMER', '0.00', '', '', NULL, '', 20, 19, '0.000', NULL, NULL, NULL, '2020-01-30 00:00:00', '2020-01-15 00:00:00', NULL, NULL, 'Recd PO#00002598Tom confirmed no Nokia boot on HCS1 side Drawing approved 01/27 WO-1365011/1 UPS Tracking #1Z0E39140352178082', 1, 7, 1, NULL, '0000-00-00 00:00:00', NULL, NULL, 3, 5, '1.000', 15, 1, NULL, 0, NULL, NULL, NULL, NULL, 0, NULL),
(133, 'DS-TBD-086-1', 6, 'Fiber Jumpers EZ-Bend', 'Fiber Jumpers EZ-Bend', 'CUSTOMER', '0.00', '', '', NULL, '', 20, 19, '0.000', NULL, NULL, NULL, '2020-02-14 00:00:00', '2020-02-11 00:00:00', NULL, NULL, 'PO#526820 Recd partial connectors shipment 02/10 balance ETA 02/12 under FedExt#390278373460 Use A021081 OFS EZ Bend delivered 02/18 under Fedex T#409066750028 Customer Acc#225212368', 1, 7, 1, NULL, '0000-00-00 00:00:00', NULL, NULL, 3, 4, '1.000', 14, 1, NULL, 0, NULL, NULL, NULL, NULL, 0, NULL),
(134, 'DS-TBD-087', 1, 'AAHF JUMPER OCTIS TO LC', 'AAHF JUMPER OCTIS TO LC', 'CUSTOMER', '0.00', '', '', NULL, '', 20, 19, '0.000', NULL, NULL, NULL, '2020-03-17 00:00:00', '2020-03-04 00:00:00', NULL, NULL, '03/04: Recd PO#00002667 Requested BOM Pending WO and ship to address. 03/06: WO-1368679 for 1pc created. 03/10 WP meeting was held and formal quote was released to customer. 03/17: shipped sample UPS GROUND 1Z0E39140353288774. 03/23: Sample delivered 03/23', 1, 7, 1, NULL, '0000-00-00 00:00:00', NULL, NULL, 3, 4, '1.000', 15, -1, NULL, 0, NULL, NULL, NULL, NULL, 0, NULL),
(135, 'DS-TBD-010', 10, 'Cabinet FD3-AE288J2TDGBP4-P', 'CSD GENESIS-CABINET PROJECT LFSLOCAL FLEXIBILITY SITE', 'CUSTOMER', '0.00', '', '', NULL, '', 20, 19, '0.000', NULL, NULL, NULL, '2020-03-04 00:00:00', '2018-02-01 00:00:00', NULL, NULL, 'UPDATE 12/09: Procuring materials for FA build 8 Cabinets 32 Splitters Great Lakes estimated delivery for 8 cabinets 12/19 recd Corning 24F & 144F cables 12/09 pending Senko delivery date for SCA connectors 2800 pcs Metcam metal parts ETA 12/13 Senko adapters 1450pcs SD 12/11. Pending: Update drawings Feeder + Distribution Cabiner Packaging evaluation per dwg 31-100091 Define mounting hardware. UPDATED 02/07: Shipped 2 cabinet units under UPS T#3943384115. UPDATE 03/04: EST delivery for cabinet/splitter sample for Brian 03/04 Pending PO for invoice purposes cabinet installation set for 03/16 Distribution and Feeder Assembly dwgs completed as Rev A and Top level Eng Dwg. UPDATE: Discussed RM status with CSD on call 03/26 pending POs Installation and demand on hold per COV-19 working with Felix on packaging. Recd PO 03/27 for last cabinet shipped completed invoice/shipping in visual requested Cabinets EAU to BB Response:Develop MOQ Posted Top 20 items to sourcing Published updated PQRs 04/17 Pending approval. Cabinets/Splitter under proce review volume 500 and 1K RE-quote in process', 1, 7, 1, NULL, '0000-00-00 00:00:00', NULL, NULL, 3, 6, '1.000', 32, 1, NULL, 0, NULL, NULL, NULL, NULL, 0, NULL),
(136, 'DS-TBD-011', 10, 'Splitter PLC-132-1U-SCA', 'CSD PRISM PROJECT SPLITTER', 'NAI', '0.00', '', '', NULL, '', 20, 19, '0.000', NULL, NULL, NULL, '2020-03-04 00:00:00', '2018-02-01 00:00:00', NULL, NULL, 'UPDATE 12/09: Procuring materials for FA build 8 Cabinets 32 Splitters Great Lakes estimated delivery for 8 cabinets 12/19 recd Corning 24F & 144F cables 12/09 pending Senko delivery date for SCA connectors 2800 pcs Metcam metal parts ETA 12/13 Senko adapters 1450pcs SD 12/11. Pending: Update drawings Feeder + Distribution Cabinet Packaging evaluation per dwg 31-100091 Define mounting hardware. UPDATE 02/11: Shipped 8 spplitters under UPS T#3943384115. UPDATE: Discussed RM status with CSD Pending orders Published PQR 04/17. Cabinet/Splitter under price review volume 500 and 1K', 1, 7, 1, NULL, '0000-00-00 00:00:00', NULL, NULL, 3, 6, '1.000', 32, 1, NULL, 0, NULL, NULL, NULL, NULL, 0, NULL),
(137, 'DS-TBD-086', 1, 'ROGERS SAMPLES FOR TRADE SHOW NWS-5069-XXX', 'IPRC-MPO 12 FIBER', 'CUSTOMER', '0.00', '', '', NULL, '', 20, 19, '0.000', NULL, NULL, NULL, '2020-03-09 00:00:00', '2020-03-04 00:00:00', NULL, NULL, '03/04: Non-Functional sample requested for trade show purposes Ship outside visual If no customer PO', 1, 7, 1, NULL, '0000-00-00 00:00:00', NULL, NULL, 3, 4, '1.000', 15, -1, NULL, 0, NULL, NULL, NULL, NULL, 0, NULL),
(138, 'DS-TBD-055', 1, 'ALTERNATIVE SOLUTION TO DC CONNECTOR', 'HCSA ALTERNATIVE SOLUTION TO ODC CONNECTOR', 'CUSTOMER', '0.00', '', '', NULL, '', 20, 19, '0.000', NULL, NULL, NULL, '2019-12-02 00:00:00', '2020-10-04 00:00:00', NULL, NULL, 'Team documented design proposal Senko/NAI Kit solution reviewed internally 07/18 next steps:  1. Create NAI# for crimp neck/crimp ring D040875/E030782  2. Sample PO to Top Electronics 450 USD set up per pc X2 = 900USD at least 200 each PO released to vendor 3. Senko price for customized kit Recd week of 08/19 Per Senko: Connector redesign will continue and will have samples for evaluation in October 4. Re-calculate savings estimation 5. Validation Environmental & Mechanical Tests  6. IP Review.  UPDATE 12/09: Recd Top electronics components to complete custom kit built 2 samples 10FT for Senko evaluation shipped 12/02 under UPS T#1Z0E39140354242570 UPDATE 03/23: Pending feedback from Senko on samples built using custom DC KIT NAI or Senko will not assume liability on this project', 1, 7, 1, NULL, '0000-00-00 00:00:00', NULL, NULL, 3, 6, '1.000', 15, 1, NULL, 0, NULL, NULL, NULL, NULL, 0, NULL),
(139, 'DS-TBD-101', 1, 'Project APF', 'APF Project', 'CUSTOMER', '0.00', '', '', NULL, '', 20, 19, '0.000', NULL, NULL, NULL, '2020-06-11 00:00:00', '2020-05-11 00:00:00', NULL, NULL, 'PO#00002795 WO-1374999 and 1375000 and PO#00002796 WO-1375001 and 1375002 Total 13 FAs PRIORITY PO#2796 2 PCS BY 05/29 NEED 8 ADDITIONAL APF CONN S011617 TO COMPLETE PO #2795.  SHIP LAB PO 05/29 DELIVERED 2 PCS 06/01  9:46 AMFEDEXT#491362853762 RECD AMPHENOL CONNECTORS S011617/C020990 944 PCS@NDC ETA HMO 06/05. PO#00002795 FOA WO-1374999 and 1375000 SHIP 06/11 CLARIFY QTY 11 vs 9PCS', 1, 7, 1, NULL, '0000-00-00 00:00:00', NULL, NULL, 3, 5, '1.000', 15, 1, NULL, 0, NULL, NULL, NULL, NULL, 0, NULL),
(140, 'DS-TBD-093', 1, 'Project AEHC', 'AEHC Project', 'CUSTOMER', '0.00', '', '', NULL, '', 20, 19, '0.000', NULL, NULL, NULL, '2020-06-23 00:00:00', '2020-04-30 00:00:00', NULL, NULL, 'PO#00002772: UPDATED TO 3 PCS - REQUESTED WO-1375608 RECD 8 PCS C020981= C10-761631-Z-2S= APPG 12 PCS C020979=OCTI127310=OCTIS HITACHI CABLE A021610 70FT SHIPPED GROUND ETA 06/16 NDC - JAVIER REQUESTED 50FT ETA NDC 06/12 COMPLETED MOLD DESIGN AND PLACED PO MOLD ETA 06/12. E170033 20 PCS- OK RECD 05/27  AND N030767 FLEX ARMORED FURCATION TUBE -  NEED 15 FT FROM FLOOR LOCATION OK SECURED IN COE. CONFIRM ADDRESS BEFORE SHIPPING!', 1, 7, 1, NULL, '0000-00-00 00:00:00', NULL, NULL, 3, 5, '1.000', 15, 1, NULL, 0, NULL, NULL, NULL, NULL, 0, NULL),
(141, 'DS-TBD-094', 3, 'CORNING ATT ', 'CORNING 48F 5 Meters 4F 1 Meter 2F 1 Meter', 'CUSTOMER', '0.00', '', '', NULL, '', 20, 19, '0.000', NULL, NULL, NULL, '2020-06-26 00:00:00', '2020-05-26 00:00:00', NULL, NULL, 'Customer confirmed samples requirement 04/21: NAI-5165 48F NAI-5155 2F NAI-5156 4F BOMs entered in visual Completed FA quote Recd 48F consigned cable at HMO S011614 All other materials are received. PENDING CUSTOMER FA PO 4F cable S011615 Qty 328FT ETA HMO 05/22 FAs: NAI-5165-COE-5-C NAI-5155-COE-1-C AND NAI-5156-COE-1-C 2 PCS EACH. DRAWINGS RELEASED FOR CUSTOMER APPROVAL 05/26 GATHERING MATERIALS TO START CONSTRUCTIONS 05/26. CUSTOMER TO ISSUE PO FOR 7PCSSHORTAGES FOR 5 NEXT PCS E120025/E120026/L070039 ETA 06/08.  FA PO 2PCS EACH PO#45011323000  WO-1377257/1377258 &1377259 SHIPPED 06/12. PTF COMPLETED WITH PROCESS AND PICTURES. 3 ADDITIONAL FAs WILL SHIP 06/19 WO-1377923/24/25', 1, 7, 1, NULL, '0000-00-00 00:00:00', NULL, NULL, 3, 6, '1.000', 14, -1, NULL, 0, NULL, NULL, NULL, NULL, 0, NULL),
(142, 'DS-TBD-107-1', 1, 'Project Junction Box', 'JUNCTION BOX', 'CUSTOMER', '0.00', '', '', NULL, '', 20, 19, '0.000', NULL, NULL, NULL, '2020-07-03 00:00:00', '2020-06-20 00:00:00', NULL, NULL, '3 NEW JUNCTION BOXES CREATING BOM AND REWORKED BOXED RECEIVED 06/26 ITEM E050353 MT FERRULE ETA 06/30 HMO\r\n    ', 1, 7, 1, NULL, '0000-00-00 00:00:00', NULL, NULL, 3, 5, '1.000', 15, 1, NULL, 0, NULL, NULL, NULL, NULL, 0, NULL),
(143, 'DS-TBD-106', 32, 'Project Thales', 'Project Thales', 'CUSTOMER', '0.00', '', '', NULL, '', 20, 19, '0.000', NULL, NULL, NULL, '2020-07-01 00:00:00', '2020-06-07 00:00:00', NULL, NULL, '06/09 RECD PO#4500092823 BOMs ENTERED IN VISUAL ETAs A021613 06/17 HMO  C020991 06/22  C020992 06/22M020077 06/17 EQUIPMENT PO 1.7K ETA 06/24 HMO REQUESTED PO ENTRY AND WO 06/16. WO-1378915 AND 1378916', 1, 7, 1, NULL, '0000-00-00 00:00:00', NULL, NULL, 3, 5, '1.000', 16, 1, NULL, 0, NULL, NULL, NULL, NULL, 0, NULL),
(144, 'DS-TBD-108', 1, 'Project Samsung', 'SAMSUNG JUMPERS', 'CUSTOMER', '0.00', '', '', NULL, '', 20, 19, '0.000', NULL, NULL, NULL, '2020-07-22 00:00:00', '2020-07-10 00:00:00', NULL, NULL, 'PO#000258C RED 07/10BOMs ENTERED 07/10- NWS SENT CONNECTORS: QTY 10: C020994  CPRI connector QTY 5: C020995 LSPWRCH01VL 40A DC connector QTY 5: C020996. LSPWRCH02VL 60A DC connector. ETA HMO 07/15.WO-1379940 WO-1379942', 1, 7, 1, NULL, '0000-00-00 00:00:00', NULL, NULL, 3, 5, '1.000', 15, 1, NULL, 0, NULL, NULL, NULL, NULL, 0, NULL),
(145, 'DS-TBD-111', 1, 'Project AEHC', 'HCS 2.0 TOP JUMPER', 'CUSTOMER', '0.00', '', '', NULL, '', 20, 19, '0.000', NULL, NULL, NULL, '2020-07-22 00:00:00', '2020-07-14 00:00:00', NULL, NULL, 'PO# 00002915 RECEIVED 07/16 WO-1380182 1380183', 1, 7, 1, NULL, '0000-00-00 00:00:00', NULL, NULL, 3, 5, '1.000', 15, 1, NULL, 0, NULL, NULL, NULL, NULL, 0, NULL),
(146, 'DS-TBD-109', 1, 'Project AEHC', 'HCS 2.0 TOP JUMPER', 'CUSTOMER', '0.00', '', '', NULL, '', 20, 19, '0.000', NULL, NULL, NULL, '2020-07-28 00:00:00', '2020-07-14 00:00:00', NULL, NULL, 'PO#00002906 RECEIVED 07/14 WO-1379965 1379966', 1, 7, 1, NULL, '0000-00-00 00:00:00', NULL, NULL, 3, 5, '1.000', 15, 1, NULL, 0, NULL, NULL, NULL, NULL, 0, NULL),
(147, 'DS-TBD-092', 6, 'Project Adtran Fiber', 'ADTRAN FIBER', 'CUSTOMER', '0.00', '', '', NULL, '', 20, 19, '0.000', NULL, NULL, NULL, '2020-07-31 00:00:00', '2020-03-30 00:00:00', NULL, NULL, 'FA PO#526928 Recd 03/30  BOM uploaded to visual 03/31 RM status published 04/01 requested shortages 04/01 to Alejandro WO-1371292 Prysmian cable delivery 05/18 also requested pricing for OFS drop cable alternative : AT-3BE12TT-012 OFS unresponsive A021606 0.16x 3280FT 525 USD Cable recd in HMO 05/11 FURCATIONS ETA 06/24 NDC 06/25 HMO. Ordered additional cable MOQ 3280FT  A021606', 1, 7, 1, NULL, '0000-00-00 00:00:00', NULL, NULL, 3, 4, '1.000', 14, 1, NULL, 0, NULL, NULL, NULL, NULL, 0, NULL),
(148, 'DS-TBD-103', 6, 'Project Adtran Fiber', 'ADTRAN FIBER', 'CUSTOMER', '0.00', '', '', NULL, '', 20, 19, '0.000', NULL, NULL, NULL, '2020-07-31 00:00:00', '2020-05-18 00:00:00', NULL, NULL, 'PO#125365 FA 1pc WO-1374881 20 pcs WO-1374882 A021611-1640FTCABLE ETA 06/18  C020263-100 pcs Recd. FAs shipment 07/03', 1, 7, 1, NULL, '0000-00-00 00:00:00', NULL, NULL, 3, 4, '1.000', 14, 1, NULL, 0, NULL, NULL, NULL, NULL, 0, NULL),
(149, 'DS-TBD-068', 1, 'Project FTTA ', 'FTTA SOLUTIONS 5G DEPLOYMENT', 'CUSTOMER', '0.00', '', '', NULL, '', 20, 19, '0.000', NULL, NULL, NULL, '2019-09-06 00:00:00', '2019-01-15 00:00:00', NULL, NULL, ' 09/02: Customer feedback: We are in project round 2 and have sample build request due to end customer no later than 09/12 team working on BOMs/Drawings/RM status expedite local shop building sleeve ETA 09/04 power cable in transit p/n: S011507 ETA 09/04 PO#000150C FAsTracking #1ZT28MM76700005819 Delivered 09/12 to customer UPDATE 12/09: Quoting per new EAUs Assys NWS-5069/5074/5040 will include price impact on NWS-5069 Geyida vs new Prysmian 2 versions for NWS-5074 and Lead Time for 400-450 pcs creating COE BOMs for materials review and quoting 2 new cables per spec. UPDATE  03/25: Recd sample PO#000166C NWS-5069-10FT-COE Qty 2pcs using Prysmian cable Cable Prysmian A021598 recd 03/24 Qty: 1KFT WO-1364484/1 Update: Ship date/via not provided by customer they requested sample pictures. Compare cable construction and document Geyida vs Prysmian NON-FUNCTIONAL Fco  Daniel provided PTF document to Ivan Samples after HCSA or Manhattan Published PTF 04/21', 1, 7, 1, NULL, '0000-00-00 00:00:00', NULL, NULL, 3, 6, '1.000', 15, -1, NULL, 0, NULL, NULL, NULL, NULL, 0, NULL),
(150, 'DS-TBD-067', 1, 'Project Norton', 'HCSA SLEEVE SOLUTION B 6 AWG', 'CUSTOMER', '0.00', '', '', NULL, '', 20, 19, '0.000', NULL, NULL, NULL, '2020-04-22 00:00:00', '2020-03-23 00:00:00', NULL, NULL, 'UPDATE Mold design finalized  Building 5 power jumpers copper only and 1 Functional trunk for Thermal cycle and Hi-Pot Testing Final validation test report ETC 04/24. Mold tool received 03/26  Cirris tester available in COE team to work on set up harness set and tester learning _ OK. Eng Dwg pending update upon solution approval. Project ON-GOING ETC 04/24 Initial PTF published 03/31 BOMs and dwgs completed and approved for Quoting 3 04/01. Customer approved design. Team to quote 3 molds with local shop - ETC 04/08. Develop rain test per IEC-60068-2-18 Ivan requested PO for JET-03 Spray test kit PO sent 04/08 to supplier Veroch 1115USD Lead tIme 10-15 days Estimated ETA 05/14 @NDC  Water pump arrived 04/30. Validation report DUE 04/17. Molds LT 7-10 days EST 04/22. Evaluate LC High Density Connector change per NWS request 04/14 Felix/Quoting. Receive PO# 002730 NWS-5197-5M-COE Qty 2 pcs BOM entered 04/15 WO-1372064 Ship date 04/22. Published updated PTF 04/16 Validation report completed and published 04/17.FAs shipped 04/23 from NDC 1 Pallet delivered to TMO and 2nd delivered 04/28 to NWS WHS Mold tools PO placed 04/27 Lead Time 2 wks- ETA 05/12 - 3pcs. ECN completed 04/27. Team to update PTF and complete work instruction for spray test draft ready pending document# Molds 4AWG Received. Built  sample for spray test. Validating molds to release to production Formally ETA 05/26. Will proceed with ECN next week 05/25. Drawing updated and approved. SPRAY TEST  ETC 06/18 PRODUCTION PCS IN PROCESS 2 PCS RECD FROM PRODUCTION FIRST TEST COMPLETED WILL COMPLETE REPORT 2ND PC ETC 06/23 - TEAM TO REVIEW WATER INGRESS ON SAMPLE #2 DOCUMENTING RESULTS 3RD PC RECD', 1, 7, 1, NULL, '0000-00-00 00:00:00', NULL, NULL, 3, 6, '1.000', 15, -1, NULL, 0, NULL, NULL, NULL, NULL, 0, NULL),
(151, 'DS-TBD-107', 1, 'Project Norton', ' Cable HCSA 48F 4 AWG 5MTS ', 'CUSTOMER', '0.00', '', '', NULL, '', 20, 19, '0.000', NULL, NULL, NULL, '2020-07-14 00:00:00', '2020-06-10 00:00:00', NULL, NULL, 'URGENT FA SAMPLE CANISTER REDESIGNED RECD QUOTE FOR SLEEVE PLACING PR ETC 06/24. RECD ONE PIECE REVIEW FOR PROCESS 9 ADDITIONAL CANISTER -- ETA NLT 06/25. UDPATED DWGS WORKING IN FA SAMPLES  10 ADDITIONAL PCS CANISTER RECD. 1st FA ETC 07/03. 06/30 REQUESTING FA PO FG P/N: NWS-5197-005M-COE DESCRIPTION: Cable HCSA 48F 4 AWG 5MTS QTY: 1PC PO#2889. FOLLOWING UP ON METAL GLAND W/MISAHEL ETA HMO 07/13 S011625 METAL GLAND  S011626 LOCKNUT - ETA BOTH 07/14 PO#00002889 WO-1379889 SHIP DATE 07/14\r\n\r\n', 1, 7, 1, NULL, '0000-00-00 00:00:00', NULL, NULL, 3, 6, '1.000', 15, -1, NULL, 0, NULL, NULL, NULL, NULL, 0, NULL),
(152, 'DS-TBD-112', 1, 'Project AEHC', 'HCS 2.0 TOP JUMPER', 'CUSTOMER', '0.00', '', '', NULL, '', 20, 19, '0.000', NULL, NULL, NULL, '2020-08-14 00:00:00', '2020-07-14 00:00:00', NULL, NULL, 'PO# 00002916 RECEIVED 07/16 WO-1380184 138018513801861380187 1380188 1380189. 08/13: TOM REQUESTED 2 ADDITIONAL FAs 30 FT LONG', 1, 7, 1, NULL, '0000-00-00 00:00:00', NULL, NULL, 3, 5, '1.000', 15, 1, NULL, 0, NULL, NULL, NULL, NULL, 0, NULL),
(153, 'DS-TBD-095', 6, 'Project Adtran Fiber', 'CBLASSY 12 FIBER DROP R-OLT-30M', 'CUSTOMER', '0.00', '', '', NULL, '', 20, 19, '0.000', NULL, NULL, NULL, '2020-08-14 00:00:00', '2020-04-21 00:00:00', NULL, NULL, 'NEW FA PO#123621 3129817-30-E@B-COE Qty 31 pcs 1 FA PO recd 04/21 BOM uploaded to Visual  Ship FA first for approval then 30 pcs to follow as second release WO-1372569 and WO-1372570 A021606 Cable ship date 05/11 Recd in HMO 05/11. ETAs C020970/C020971 100 pcs each ETA 05/12 FURCATIONS ETA 06/24 NDC 06/25 HMO. Ordered additional cable MOQ 3280FT  A021606', 1, 7, 1, NULL, '0000-00-00 00:00:00', NULL, NULL, 3, 4, '1.000', 14, 1, NULL, 0, NULL, NULL, NULL, NULL, 0, NULL),
(154, 'DS-TBD-114-1', 10, 'Project Genesis', 'CABINET LFS ARMORED LT 24F AND 2-144F 150FT STUBS', 'CUSTOMER', '0.00', '', '', NULL, '', 20, 19, '0.000', NULL, NULL, NULL, '2020-08-21 00:00:00', '2020-07-15 00:00:00', NULL, NULL, 'PO# 07152020 RECD 07/15 REQUESTED BOM 07/16 RM STATUS PUBLISHED 07/16. WORKING ON DISTRIBUTION AND FEEDER. REQUESTED WO 07/23. 2 DISTRIBUTION & 1 FEEDER ETC 07/27', 1, 7, 1, NULL, '0000-00-00 00:00:00', NULL, NULL, 3, 6, '1.000', 32, -1, NULL, 0, NULL, NULL, NULL, NULL, 0, NULL),
(155, 'DS-TBD-120', 1, 'Project Junction Box', 'Junction Box', 'CUSTOMER', '0.00', '', '', NULL, '', 20, 19, '0.000', NULL, NULL, NULL, '2020-09-25 00:00:00', '2020-09-09 00:00:00', NULL, NULL, 'PO#000287C WO-1385585/1 LOCAL SHOP TO REWORK 6 JUNCTION BOXES AND INTEGRATE REVIEW AND PUBLISHED RM STATUS 09/10.  BOX P/N: E170046 23 PCS -HMO MAINCONSIGNED ITEMS RECDSHORTAGES ETA 09/18 MODIFIED ENCLOSURE F020075 & MODIFIED INNER PANEL L030283 ETA 09/19.  PREPARE PROJECT BOOK TO TRANSFER TO PRODUCTION TEAM ETA 09/28', 1, 7, 1, NULL, '0000-00-00 00:00:00', NULL, NULL, 3, 5, '1.000', 15, 1, NULL, 0, NULL, NULL, NULL, NULL, 0, NULL),
(156, 'DS-TBD-121', 1, 'Project AEHC', 'TOP JMPR 4AWG 4FP AEHC', 'CUSTOMER', '0.00', '', '', NULL, '', 20, 19, '0.000', NULL, NULL, NULL, '2020-09-25 00:00:00', '2020-09-10 00:00:00', NULL, NULL, 'PO#NAI-4900790786 RECD 09/10 WO-1386505/1386506  CABLE A021617 Hitachi #63254-10 FedEx Freight: 526809406-4 ETA 09/17 HMO', 1, 7, 1, NULL, '0000-00-00 00:00:00', NULL, NULL, 3, 5, '1.000', 15, 1, NULL, 0, NULL, NULL, NULL, NULL, 0, NULL),
(157, 'DS-TBD-122', 1, 'Project DISH', 'HYBRID TRUNK 24F LC-LC 12C 4AWG', 'CUSTOMER', '0.00', '', '', NULL, '', 20, 19, '0.000', NULL, NULL, NULL, '2020-09-28 00:00:00', '2020-09-17 00:00:00', NULL, NULL, 'PO#00003129 BOM ENTERED 09/21 WO-1387458WILL USE A021043 PER NWS NEED TO SHIP OUT BY 10/01 PENDING HOISTING GRIP DEFINITION GMO TO REVIEW WITH STEVE -  DEVELOP ENGINEERING DWG FOR APPROVAL FELIX 09/25', 1, 7, 1, NULL, '0000-00-00 00:00:00', NULL, NULL, 3, 5, '1.000', 15, -1, NULL, 0, NULL, NULL, NULL, NULL, 0, NULL),
(158, 'DS-TBD-115', 10, 'Project Genesis - CSD/LMG', 'CABINET LFS ARMORED LT 24F AND 2-144F 150FT STUBS', 'CUSTOMER', '0.00', '', '', NULL, '', 20, 19, '0.000', NULL, NULL, NULL, '2020-10-02 00:00:00', '2020-08-25 00:00:00', NULL, NULL, 'RM STATUS PUBLISHED 08/10 RECD PO 08/25 PO#08252020 SHORTAGE: F020061 Qty 1 PO-196194  LABEL H031762 58PCS --- RECD 09/30  CABINETS SHIPPED 10/02 Track# 4090 6676 0371 Fedex 3 day Freight ', 1, 7, 1, NULL, '0000-00-00 00:00:00', NULL, NULL, 3, 6, '1.000', 32, -1, NULL, 0, NULL, NULL, NULL, NULL, 0, NULL),
(159, 'DS-TBD-125-1', 10, 'Project Genesis', 'SPLITTER', 'NAI', '0.00', '', '', NULL, '', 20, 19, '0.000', NULL, NULL, NULL, '2020-10-09 00:00:00', '2020-10-06 00:00:00', NULL, NULL, 'NEW REQUIREMENT PENDING PO#  WO-1388391/1 FEDEX 2ND DAY T#491362854254 WILL BE DELIVERED 10/13 PM', 1, 7, 1, NULL, '0000-00-00 00:00:00', NULL, NULL, 3, 5, '1.000', 32, -1, NULL, 0, NULL, NULL, NULL, NULL, 0, NULL),
(160, 'DS-TBD-123', 36, 'Project Smart Wires', 'ASSEMBLY HARNESS', 'CUSTOMER', '0.00', '', '', NULL, '', 20, 19, '0.000', NULL, NULL, NULL, '2020-10-14 00:00:00', '2020-09-24 00:00:00', NULL, NULL, 'PO# SWG i6484 REQUESTED WOS 09/24 SHORTAGE: G060207 200 pcs RECD AT P2 WO-13877331/1387332/1387333', 1, 7, 1, NULL, '0000-00-00 00:00:00', NULL, NULL, 3, 5, '1.000', 16, 1, NULL, 0, NULL, NULL, NULL, NULL, 0, NULL),
(161, 'DS-TBD-124', 1, 'Project Junction Box', 'JUNCTION BOX', 'CUSTOMER', '0.00', '', '', NULL, '', 20, 19, '0.000', NULL, NULL, NULL, '2020-10-28 00:00:00', '2020-09-30 00:00:00', NULL, NULL, 'PO#000308C 8 pcs due 10/05 WO-1387724/1 PO#000309C 12 pcs due 10/19 WO-1387731/1 NWS-2877-3M Production team to build. Recd items D090043-300 pcs E030681-100pcs E060258-100pcs G080069-100 pcs ETA for consigned items - 10/14  Must include F020048   C010223 shortage for Fiber subs. 10/20 STEVE APPROVED ENCLOSURE CHANGES AND PROVIDED DWGS PENDING INNER PANEL DWG', 1, 7, 1, NULL, '0000-00-00 00:00:00', NULL, NULL, 3, 6, '1.000', 15, 1, NULL, 0, NULL, NULL, NULL, NULL, 0, NULL),
(162, 'DS-TBD-125-2', 1, 'REWORK REQUEST TO CONVERT EXISTING HYBRID ASSYS T', 'Trunk rework for 942-98888-1FXXX', 'CUSTOMER', '0.00', '', '', NULL, '', 20, 19, '0.000', NULL, NULL, NULL, '2020-10-30 00:00:00', '2020-10-13 00:00:00', NULL, NULL, 'TEAM PROVIDED INITIAL PROJECT REVIEW/COMMENTS TO CUSTOMER VOLUME 290 PCS  2 SCENARIOS? 1 CUT AND REWORK TOP POWER SIDE  2 CUT AND REWORK BOTH ENDS. PENDING TO DEFINE BOMS FOR REWORK SCENARIOS. BOM DELIVERED 10/22', 1, 7, 1, NULL, '0000-00-00 00:00:00', NULL, NULL, 3, 6, '1.000', 15, -1, NULL, 0, NULL, NULL, NULL, NULL, 0, NULL),
(163, 'DS-TBD-127', 1, 'Project Dish', 'DISCRETE FIBER TRUNK 8F  LC-LC', 'CUSTOMER', '0.00', '', '', NULL, '', 20, 19, '0.000', NULL, NULL, NULL, '2020-11-27 00:00:00', '2020-11-24 00:00:00', NULL, NULL, 'DWG/BOM PUBLISHED 11/24  MOLD DEFINITION NEW MOLD -ETA 11/27  ETC FOR PROJECT BOOK 11/27 DWG APPROVED BY NWS', 1, 7, 1, NULL, '0000-00-00 00:00:00', NULL, NULL, 3, 5, '1.000', 15, -1, NULL, 0, NULL, NULL, NULL, NULL, 0, NULL),
(164, 'DS-TBD-126', 6, 'Project Adtran Fiber', 'ADTRAN FIBER', 'CUSTOMER', '0.00', '', '', NULL, '', 20, 19, '0.000', NULL, NULL, NULL, '2020-12-10 00:00:00', '2020-11-24 00:00:00', NULL, NULL, ' PO#132508  Qty 31 pcs 1 FA WO-1393765 FA 1 WO-1393766 30  MATERIALS ETA 12/05 SUPERIOR ESSEX CABLE  RECD  CABLE @ HMOA021622- QTY: 6.3K FT AWI.  MOLD ETA 12/07', 1, 7, 1, NULL, '0000-00-00 00:00:00', NULL, NULL, 3, 5, '1.000', 14, -1, NULL, 0, NULL, NULL, NULL, NULL, 0, NULL),
(165, 'DS-TBD-118', 1, 'Project Norton', 'VALIDATION PROJECT', 'CUSTOMER', '0.00', '', '', NULL, '', 20, 19, '0.000', NULL, NULL, NULL, '2020-10-07 00:00:00', '2020-08-25 00:00:00', NULL, NULL, 'RECD SLEEVES FROM GAYLORD TEAM BUILDING SAMPLES FOR VALIDATION. RECD PO #00003056 WO-1384434 BUILD IN PROGRESS 6PCS.   PCS IN PROCESS WITH MODIFIED CHURIKEN WILL APPLY POTTING 09/04 5 PCS READY CANISTER ON REVIEW - 3PCS SAMPLES ON THERMOCHAMBER TEST REVIEWING HIGH IL AND COMPLETED SPRAY TEST FOR 2 PCS - OK. SUPERIOR ESSEX CABLE REVIEW FOR TC VARIATIONS . DRAFT TEST REPORT PUBLISHED 10/02 TC HUMIDITY IP6 UPDATED TEST REPORT PUBLISHED 10/06 PROJECT BOOK DUE 10/13 .  FLEX TEST W/STEP DOWN PUBLISHED INFO 10/12. INTERNAL 8D PENDING ETC?. WAITING FOR CONDITIONAL APPROVAL FOR P6 DWG FINAL APPROVAL WILL BE AFTER TMO RECEIVED NEW SAMPLE 10/22: RECD PO# 00003221 FOR HT-EHCS-48SM4-5FT-COE BOM UPLOADED TO VISUAL 10/23 WO-1390778', 1, 7, 1, NULL, '0000-00-00 00:00:00', NULL, NULL, 3, 6, '1.000', 15, 1, NULL, 0, NULL, NULL, NULL, NULL, 0, NULL),
(166, 'DS-TBD-125', 1, 'Project Octis', 'OCTIS OVERMOLD', 'CUSTOMER', '0.00', '', '', NULL, '', 20, 19, '0.000', NULL, NULL, NULL, NULL, '2020-10-27 00:00:00', NULL, NULL, 'DELIVER OVERMOLD SOLUTION TO OPERATONS', 1, 7, 1, NULL, '0000-00-00 00:00:00', NULL, NULL, 3, 5, '1.000', 15, 1, NULL, 0, NULL, NULL, NULL, NULL, 0, NULL);
INSERT INTO `proyecto` (`idProyecto`, `projectID`, `idCliente`, `nombre`, `descripcion`, `cobrarA`, `ventasPotenciales`, `PO`, `qtoNumber`, `idCuenta`, `tracking`, `idRespDiseno`, `idRespManu`, `sobreCarga`, `fechaReqCliente`, `fechaPromesa`, `fechaTentativa`, `fechaEmbarque`, `fechaInicio`, `fechaTermino`, `tiempoVida`, `notas`, `currentStage`, `idStatus`, `idUsuario`, `appTrackID`, `fechaCrea`, `longestMaterial`, `longestETA`, `prioridad`, `idTipoProyecto`, `overallComplet`, `idRepreVentas`, `awarded`, `dateAwarded`, `consTA`, `idLiderProyecto`, `idGerenteProyecto`, `idCoordinadorProyecto`, `idIngenieroQA`, `isApplication`, `idProyectoRequester`) VALUES
(167, 'DS-TBD-113', 1, 'PROJECT HCS2.0', 'HCS2.0 SAMPLES FOR LIGHTLING TEST', 'CUSTOMER', '0.00', '', '', NULL, '', 20, 19, '0.000', NULL, NULL, NULL, '2021-01-20 00:00:00', '2020-12-01 00:00:00', NULL, NULL, 'BUILD PLAN FOR SAMPLES 12 THESE WILL BE USED FOR LIGHT TEST RECD PO#00003336 12/03 BOMs ENTERED WO-1395026/WO-1395027 SHIPPED 01/19 - UPS GROUND 304USD. SHIPPED  12 TEST JUMPERS  01/21', 1, 7, 1, NULL, '0000-00-00 00:00:00', NULL, NULL, 3, 6, '1.000', 15, -1, NULL, 0, NULL, NULL, NULL, NULL, 0, NULL),
(168, 'DS-TBD-099', 1, 'INTERNAL PROJECT', 'Validation CD Senko ', 'CUSTOMER', '0.00', '', '', NULL, '', 20, 19, '0.000', NULL, NULL, NULL, '2020-12-04 00:00:00', '2020-10-07 00:00:00', NULL, NULL, 'C021006 PLUG RECD 50PCS @COE PENDING VALIDATION C021007 RECEPTACLE  RECD 50 PCS @ COE VALIDATION PROGRESS ISSUE WITH TUBING REPORTED 10/21- HS LENGTH MUST BE 35MM. SAMPLES ASSEMBLED PENDING TOOLING- TRACKING # ASSY INSTRUCTION - PEND TORQUE VALUES. PULL TEST WITH SENKO METHOD 78 POUNDS. PUBLISHED PTF 12/07. ENGINEERING DRAWINGS PUBLISHED FOR APPROVAL 12/07 OFFICIALLY APPROVED 12/15. TOOLING PRS APPROVED LEAD TIME EST # 3 WKS TOOLING RECD IN STOCK SENKO SHIPPED CORRECT TOOLING', 1, 7, 1, NULL, '0000-00-00 00:00:00', NULL, NULL, 3, 5, '1.000', 15, -1, NULL, 0, NULL, NULL, NULL, NULL, 0, NULL),
(169, 'DS-TBD-129', 5, 'LC-LC DUPLEX ETHERNET i-SERIES 16.4FT', 'ETHERNET CABLE LC', 'CUSTOMER', '0.00', '', '', NULL, '', 20, 19, '0.000', NULL, NULL, NULL, '2021-01-25 00:00:00', '2021-01-19 00:00:00', NULL, NULL, 'PENDING PO FAs 8PCS SHIP DATE 01/25 8PCS 02/02 9 PCS 02/08 . RM A021627 1KFT EAT 01/22 N030997 575FT-OK RECD C021010 200PCS ETA 01/22. PENDING PROJECT BOOK', 1, 7, 1, NULL, '0000-00-00 00:00:00', NULL, NULL, 3, 4, '1.000', 16, 1, NULL, 0, NULL, NULL, NULL, NULL, 0, NULL),
(170, 'DS-TBD-131', 1, 'Project NWS-5261', 'HYBRID JUMPER LC-LC 2 SM x2/10 DC', 'CUSTOMER', '0.00', '', '', NULL, '', 20, 19, '0.000', NULL, NULL, NULL, '2021-03-06 00:00:00', '2021-02-24 00:00:00', NULL, NULL, 'PO#00003659 WO-1404390/91 SHIPPED FAs 03/06', 1, 7, 1, NULL, '0000-00-00 00:00:00', NULL, NULL, 3, 5, '1.000', 15, 1, NULL, 0, NULL, NULL, NULL, NULL, 0, NULL),
(171, 'DS-TBD-132', 1, 'NWS -NOKIA TOP JUMPER', 'NWS- NOKIA TOP JUMPER 10FT. 6 AWG HYBRID JUMPER', 'CUSTOMER', '0.00', '', '', NULL, '', 20, 19, '0.000', NULL, NULL, NULL, '2021-03-09 00:00:00', '2021-02-26 00:00:00', NULL, NULL, 'PO#00003696 DWG APPROVED 03/03 WO-1405218/1 WILL BE DELIVERED 03/12', 1, 7, 1, NULL, '0000-00-00 00:00:00', NULL, NULL, 3, 5, '1.000', 15, -1, NULL, 0, NULL, NULL, NULL, NULL, 0, NULL),
(172, 'DS-TBD-136', 1, 'PROJECT JUMPERS', 'NOKIA JUMPERS', 'NAI', '0.00', '', '', NULL, '', 20, 19, '0.000', NULL, NULL, NULL, '2021-04-12 00:00:00', '2021-04-07 00:00:00', NULL, NULL, 'PO#00003864 RECD 04/07 WO-1409156/157/158 WILL SHIP DIRECT FROM HMO TO CARROLTON TRACKING #PROVIDED 04/12', 1, 7, 1, NULL, '0000-00-00 00:00:00', NULL, NULL, 3, 5, '1.000', 16, 1, NULL, 0, NULL, NULL, NULL, NULL, 0, NULL),
(173, 'DS-TBD-117', 41, 'GENESIS PROJECT', 'CABINET RIBBON', 'CUSTOMER', '0.00', '', '', NULL, '', 20, 19, '0.000', NULL, NULL, NULL, '2020-04-09 00:00:00', '2020-08-25 00:00:00', NULL, NULL, 'RIBBON CABLE 144F RECD 12/09 24F RIBBON CABLE  RECD 12/11 CABINET ETA 12/17 FA SHIP DATE 01/07/21. MOLD FOR DISTRIBUTION ETA 12/14 VALIDATION IN PROCESS. PENDING ACTION ITEM BULKHEAD FITTING ISSUE G090222 CORD GRIP HUBBEL - OK  COST 10X2 TEMPORARY SOLUTION! . COVER PLATE REQUIRES REWORK WITH LOCAL SHOP. PROJECT BOOK IN PROGRESS W/INTEGRATION - ETC 02/26 . SOLEMSA  SPLITTER PACKAGING REDESIGN - COST MOLD 150 USD + 8% PACKAGING - OK RUNNING CHANGE. LABEL ETA 03/29. COMPLETE BUILD BY APRIL 04/09', 1, 7, 1, NULL, '0000-00-00 00:00:00', NULL, NULL, 3, 6, '1.000', 32, 1, NULL, 0, NULL, NULL, NULL, NULL, 0, NULL),
(174, 'DS-TBD-138', 5, 'PROJECT JABILSMART WIRES', 'ASSY HARNESS LC-LC DUPLEX ETHERNET. 16.4FT', 'CUSTOMER', '0.00', '', '', NULL, '', 20, 19, '0.000', NULL, NULL, NULL, '2021-04-23 00:00:00', '2021-04-20 00:00:00', NULL, NULL, 'PO#121430282 URGENT! LINE DOWN 04/26 SLEEVE ETA 04/22  TRACKING PROVIDED TO CUSTOMER', 1, 7, 1, NULL, '0000-00-00 00:00:00', NULL, NULL, 3, 4, '1.000', 16, 1, NULL, 0, NULL, NULL, NULL, NULL, 0, NULL),
(175, 'DS-TBD-134', 10, 'Project N+1', 'N+1 CASSETTES', 'CUSTOMER', '0.00', '', '', NULL, '', 20, 19, '0.000', NULL, NULL, NULL, '2021-04-29 00:00:00', '2021-03-19 00:00:00', NULL, NULL, 'AMERICA ILSINTECH SAMPLE REQUEST FOR 1 PROTOTYPE OF EACH WORKING ON SHORTAGES ETAs & EST SHIP DATE RECD PO#03222021 WOS CREATED 03/24. PENDING ETA LABELS TOOLING CHARGE 660USD LABEL ETA 04/28 NORWORK', 1, 7, 1, NULL, '0000-00-00 00:00:00', NULL, NULL, 3, 5, '1.000', 32, -1, NULL, 0, NULL, NULL, NULL, NULL, 0, NULL),
(176, 'DS-TBD-135', 10, 'CSD PROJECT', 'CST AND SPLITTER SAMPLE', 'CUSTOMER', '0.00', '', '', NULL, '', 20, 19, '0.000', NULL, NULL, NULL, '2021-03-26 00:00:00', '2021-03-24 00:00:00', NULL, NULL, 'SAMPLE REQUEST ONE OF EACH FOR IP REVIEW WO-1407470 & 1407622 FCO/PEDRO SHIPPED 03/26 FEDEX GROUND', 1, 7, 1, NULL, '0000-00-00 00:00:00', NULL, NULL, 3, 5, '1.000', 32, -1, NULL, 0, NULL, NULL, NULL, NULL, 0, NULL),
(177, 'DS-TBD-130', 27, 'PROJECT BARCELONA', '24F LIW 6x12 & 48F LIW 12X24', 'CUSTOMER', '0.00', '', '', NULL, '', 20, 19, '0.000', NULL, NULL, NULL, '2021-03-05 00:00:00', '2021-01-27 00:00:00', NULL, NULL, 'COE TO PROVIDE DWG AND BOM FOR CUSTOMER APPROVAL PRELIMINARY DESIGN PUBLISHED INTERNALLY 01/29.  QUOTE DUE 02/05 CABLES WILL BE CONSIGNED MOCK UP SAMPLES REQUIRED IN 3 WKS EST 02/17. RECD CABLE SAMPLE 10 FT OC-0008355 02/08 @ HMO INITIAL PRICING RELEASED 02/05 PENDING FEEDBACK/NEXT STEPS- WORKING IN MOCK UP SAMPLE DESIGNING MOLD/QUOTING MOLD MOCK UP SAMPLE SHIPPED 03/05 FEDEX 2ND DAY', 1, 7, 1, NULL, '0000-00-00 00:00:00', NULL, NULL, 3, 5, '1.000', 15, -1, NULL, 0, NULL, NULL, NULL, NULL, 0, NULL),
(178, 'DS-TBD-133', 5, 'PROJECT JABIL', 'CABLE ASSY POD 10M', 'CUSTOMER', '0.00', '', '', NULL, '', 20, 19, '0.000', NULL, NULL, NULL, '2021-03-11 00:00:00', '2021-03-01 00:00:00', NULL, NULL, 'PO# 151696162 FA QTY: 10 PCS WO-1404151/1  PROJECT BOOK COMPLETED 03/18', 1, 7, 1, NULL, '0000-00-00 00:00:00', NULL, NULL, 3, 5, '1.000', 31, 1, NULL, 0, NULL, NULL, NULL, NULL, 0, NULL),
(179, 'DS-TBD-128', 1, 'PROJECT JUMPERS SOLUTIONS', 'NEW JUMPERS SOLUTION', 'CUSTOMER', '0.00', '', '', NULL, '', 20, 19, '0.000', NULL, NULL, NULL, '2021-02-22 00:00:00', '2021-01-25 00:00:00', NULL, NULL, 'NEW CABLE SOLUTION RM STATUS CONFIRMED 01/25 SEALCON ACCESSORIES ETA 02/03 HMORECD CUSTOMER PO# 0003563 02/04 RECD APPROVED CUSTOMER DRAWINGS 02/04 WOs CREATED 02/05. PUBLISHED SAMPLES PICTURES MORE CHANGES REQUESTED ON GOING NEW GLAND -  FELIX SENT SPECS FOR REVIEW TO NWS HEYCO ITEMS KIT ACCESORIES ETA FOR CONSOLIDATION PEDRO/MISAHELPLACED POS PENDING ETAs. . TEAM POSTED UPDATED DRAWINGS 03/25. CUSTOMER APPROVED 3 DWGS PROJECT BOOKS COMPLETED AND POSTED 03/31 PENDING APPROVAL FOR 2 DESIGNS. NO IMPACT ON SELLING PRICE. 2 DWGS PUBLISHED & APPROVED 04/09. PROJECT BOOK 5 CONFIGURATIONS APPROVED/ AWIs COMPLETED!', 1, 7, 1, NULL, '0000-00-00 00:00:00', NULL, NULL, 3, 5, '1.000', 15, 1, NULL, 0, NULL, NULL, NULL, NULL, 0, NULL),
(180, 'DS-TBD-139', 36, 'PROJECT SMART WIRES', 'ASSY HARNESS GPS/RF/BOARD', 'CUSTOMER', '0.00', '', '', NULL, '', 20, 19, '0.000', NULL, NULL, NULL, '2021-05-07 00:00:00', '2021-04-28 00:00:00', NULL, NULL, 'PO# SWG i7386 RECD 04/28 RMs COMPLETE WO-1412498/499/500 FORWARD SHIPMENT TO INDUSTRIAL FOR CONSOLIDATION', 1, 7, 1, NULL, '0000-00-00 00:00:00', NULL, NULL, 3, 5, '1.000', 16, 1, NULL, 0, NULL, NULL, NULL, NULL, 0, NULL),
(181, 'DS-TBD-137', 5, 'JABIL', 'FIBER ASSEMBLY', 'CUSTOMER', '0.00', '', '', NULL, '', 20, 19, '0.000', NULL, NULL, NULL, '2021-05-17 00:00:00', '2021-04-21 00:00:00', NULL, NULL, 'SHIPPED 3 PCS 04/21 WILL BUILD PO BALANCE PO#151696162 WO-1404151/1 UPS T#1Z0E39140345677654  PEND PO FOR 3 ADDITIONAL PCS', 1, 7, 1, NULL, '0000-00-00 00:00:00', NULL, NULL, 3, 5, '1.000', 16, 1, NULL, 0, NULL, NULL, NULL, NULL, 0, NULL),
(182, 'DS-TBD-140', 5, 'JABIL', 'FIBER ASSEMBLY', 'CUSTOMER', '0.00', '', '', NULL, '', 20, 19, '0.000', NULL, NULL, NULL, '2021-05-25 00:00:00', '2021-05-20 00:00:00', NULL, NULL, 'NEW PO#151707006 WO-1414932/1 POR RECD 05/20 CUSTOMER REQUESTED SHIP DATE FOR FIRST BATCH', 1, 7, 1, NULL, '0000-00-00 00:00:00', NULL, NULL, 3, 5, '1.000', 16, 1, NULL, 0, NULL, NULL, NULL, NULL, 0, NULL),
(183, 'DS-TBD-142', 1, 'FIBER JUMPERS', 'HCS 2.0 TOP JMPR 6 AWG 2P AEWB/EU', 'CUSTOMER', '0.00', '', '', NULL, '', 20, 19, '0.000', NULL, NULL, NULL, '2021-06-07 00:00:00', '2021-06-03 00:00:00', NULL, NULL, 'PER TOM REQUEST 06/02: ONE SAMPLE BUILT WITH 10 AWG & SECOND SAMPLE WITH  6 AWG SPLICED TO 10 AWG FOR CONNECTOR TERMINATION RECD PO#00004134 06/03 SHIPPING 06/07 FROM NDC UPS NEXT DAY AIR', 1, 7, 1, NULL, '0000-00-00 00:00:00', NULL, NULL, 3, 4, '1.000', 15, -1, NULL, 0, NULL, NULL, NULL, NULL, 0, NULL),
(184, 'DS-TBD-141', 1, 'NWS JUMPERS', 'JUMPER 6 AWG AEWB/AEUB', 'CUSTOMER', '0.00', '', '', NULL, '', 20, 19, '0.000', NULL, NULL, NULL, '2021-06-21 00:00:00', '2021-05-27 00:00:00', NULL, NULL, 'RECD ENGINEERING DWG 05/27 REQUESTED PO FOR 2 PCS BUILD? PO-4901352447 WOs 1415677 1415892 TEAM REVIEWING FITTING ISSUE ON CONSIGNED CONNECTOR  EST REWORK TIMING 3 WKDs', 1, 7, 1, NULL, '0000-00-00 00:00:00', NULL, NULL, 3, 4, '1.000', 15, -1, NULL, 0, NULL, NULL, NULL, NULL, 0, NULL),
(185, 'DS-TBD-147', 1, 'PROJECT VIDEOTRON', 'VT JUMPERS', 'CUSTOMER', '0.00', '', '', NULL, '', 20, 19, '0.000', NULL, NULL, NULL, '2021-06-24 00:00:00', '2021-06-18 00:00:00', NULL, NULL, 'PO-00004191? WO-1419138 4 PCS? WO-1419139 2 PCS', 1, 7, 1, NULL, '0000-00-00 00:00:00', NULL, NULL, 3, 5, '1.000', 15, 1, NULL, 0, NULL, NULL, NULL, NULL, 0, NULL),
(186, 'DS-TBD-149', 1, 'PROJECT VIDEOTRON', 'VT JUMPERS', 'CUSTOMER', '0.00', '', '', NULL, '', 20, 19, '0.000', NULL, NULL, NULL, '2021-07-13 00:00:00', '2021-07-07 00:00:00', NULL, NULL, 'PO#004284 SHIP DATE 07/13 PEND ECN REEL? BOM WOs 07/07 DWG ANDREA TO COORDINATE', 1, 7, 1, NULL, '0000-00-00 00:00:00', NULL, NULL, 3, 5, '1.000', 15, -1, NULL, 0, NULL, NULL, NULL, NULL, 0, NULL),
(187, 'DS-TBD-153', 1, 'PROJECT HT', '24F ASSY', 'CUSTOMER', '0.00', '', '', NULL, '', 20, 19, '0.000', NULL, NULL, NULL, '2021-10-05 00:00:00', '2021-09-24 00:00:00', NULL, NULL, 'PO#00004686 RECD 09/24 24F WO-1433690 CUSTOMER REQUESTED EXPEDITED SHIPMENT', 1, 7, 1, NULL, '0000-00-00 00:00:00', NULL, NULL, 3, 5, '1.000', 15, 1, NULL, 0, NULL, NULL, NULL, NULL, 0, NULL),
(188, 'DS-TBD-148', 3, 'PROJECT CORNING-ERICSSON', 'HYBRID FIBER ASSEMBLIES', 'CUSTOMER', '0.00', '', '', NULL, '', 20, 19, '0.000', NULL, NULL, NULL, '2021-10-29 00:00:00', '2021-08-13 00:00:00', NULL, NULL, 'PENDING CUSTOMER PO - P/Ns AND QTYS FOR SAMPLES?  HYBRID 9F PAIR 3X6 ODC-2 80M NEED TO CONFIRM LEAD TIME QO-04281-2  DRAWINGS CONVERTED TO COMMERCIAL VERSION RELEASED 07/12. PO WILL BE FOR 3 PCS 2 PCS FOR ERICSSON 1 PC FOR CORNING. RECD PO#4501484481 08/13 BOM ENTERED PRYSMIAN CABLE LT 12 WKS CABLE ARRIVAL AROUND 11/15 - FIBER CABLE 1640 FT POWER 1K FT 4 ADDITIONAL SHORTAGES 08/27. REVISED PO #4501484481 RECD 09/16', 1, 7, 1, NULL, '0000-00-00 00:00:00', NULL, NULL, 3, 5, '1.000', 14, -1, NULL, 0, NULL, NULL, NULL, NULL, 0, NULL),
(189, 'DS-TBD-116', 10, 'PROJECT GENESIS', 'CABINET  REV B LFS ARMORED LT 24F AND 2-144F 150FT STUBS', 'NAI', '0.00', '', '', NULL, '', 20, 19, '0.000', NULL, NULL, NULL, '2021-01-28 00:00:00', '2020-08-25 00:00:00', NULL, NULL, '', 1, 7, 1, NULL, '0000-00-00 00:00:00', NULL, NULL, 3, 6, '1.000', 32, -1, NULL, 0, NULL, NULL, NULL, NULL, 0, NULL),
(202, 'DS-HIGH-33', 3, 'HYBRID TRUNKS ODC-LC', 'HYBRID CABLE ASSEMBLY ODC-LC', 'CUSTOMER', '1493530.00', '4501520490', 'QO-04281-6', NULL, '', 20, 18, '0.000', '2100-10-10 00:00:00', NULL, NULL, NULL, '2021-11-10 00:00:00', NULL, NULL, 'PO#4501520490 TOTAL 17 PCS PO AMOUNT 60374.71', 1, 5, 5, NULL, '2021-11-10 17:12:06', 'A021643', '2021-12-29 00:00:00', 1, 6, '0.000', 14, 1, '2021-11-10 17:15:06', 0, NULL, NULL, NULL, NULL, 0, NULL),
(214, 'DS-MEDIUM-62', 42, 'PPC BROADBAND DESIGN RFQ', 'PPC BROADBAND DESIGN RFQ', 'NAI', '0.00', '', '', NULL, '', 20, 19, '0.000', '2021-11-26 00:00:00', NULL, NULL, NULL, NULL, NULL, NULL, 'CUSTOMER REQUEST TO DEVELOP EQUIVALENT SOLUTIONS TO COMMSCOPE CONFIGURATIONS HFT1206-24SV2 & HFT2406-48SV3', 1, 7, 5, NULL, '2021-11-17 07:52:10', NULL, NULL, 3, 5, '0.000', 15, NULL, NULL, 0, NULL, NULL, NULL, NULL, 0, NULL),
(215, 'DS-MEDIUM-63', 6, 'ODC Jumpers Project', 'ODC', 'NAI', '1493530.60', '4501520490', '', NULL, '', 20, 19, '0.000', '2021-11-17 00:00:00', NULL, NULL, NULL, NULL, NULL, NULL, '', 1, 5, 5, NULL, '2021-11-17 16:36:47', NULL, NULL, 1, 5, '0.000', 14, NULL, NULL, 0, NULL, NULL, NULL, NULL, 0, NULL),
(217, 'VT-LOW-7', 1, 'HELKAMA CABLE', 'CABLE VALIDATION', 'CUSTOMER', '0.00', '', '', NULL, '', 20, 19, '0.000', NULL, NULL, NULL, NULL, NULL, NULL, NULL, '', 1, 7, 6, NULL, '2021-11-22 08:05:30', NULL, NULL, 3, 22, '0.000', 15, NULL, NULL, 0, NULL, NULL, NULL, NULL, 0, NULL),
(220, 'DS-MEDIUM-64', 1, 'HYBRID JUMPER  H2AOPC', 'Hybrid Jumper Solution ', 'CUSTOMER', '0.00', 'PO-00005047', 'QO-06337', NULL, '1Z6W16301223850170', 20, 19, '0.000', '2021-12-09 00:00:00', '2021-12-09 00:00:00', NULL, '2021-12-09 00:00:00', '2021-11-23 00:00:00', NULL, NULL, '', 1, 7, 6, NULL, '2021-11-23 10:00:28', NULL, NULL, 3, 5, '0.000', 15, NULL, NULL, 0, NULL, NULL, NULL, NULL, 0, NULL),
(221, 'DS-MEDIUM-65', 1, 'SAMSUNG RRU', 'FIBER OPTIC JUMPER SAMSUNG RRU 20M', 'CUSTOMER', '0.00', ' PO-000433C', 'QO-05729', 1, '756-920001-6 YRC ', 20, 18, '0.000', '2021-12-31 00:00:00', NULL, NULL, '2021-12-29 00:00:00', NULL, NULL, NULL, '', 1, 7, 6, NULL, '2021-12-10 10:47:31', NULL, NULL, 3, 5, '0.000', 15, NULL, NULL, 0, NULL, NULL, NULL, NULL, 0, NULL),
(222, 'BTP-LOW-5', 30, 'CASALINK SOLUTION', 'Prysmian Flat Drop Cable', 'CUSTOMER', '0.00', '', '', NULL, '', 20, 19, '0.000', '2023-01-05 00:00:00', NULL, NULL, NULL, NULL, NULL, NULL, '', 1, 7, 6, NULL, '2022-01-04 14:00:27', NULL, NULL, 1, 19, '0.000', 14, NULL, NULL, 0, NULL, NULL, NULL, NULL, 0, NULL),
(223, 'VT-LOW-9', 1, 'MANHATTAN', 'Project Revision', 'CUSTOMER', '0.00', '', '', NULL, '', 20, 19, '0.000', NULL, NULL, NULL, NULL, NULL, NULL, NULL, '', 1, 5, 6, NULL, '2022-01-13 08:56:44', NULL, NULL, 3, 22, '0.000', 32, NULL, NULL, 0, NULL, NULL, NULL, NULL, 0, NULL),
(224, 'VT-LOW-10', 1, 'EHCS', 'Aluminum shielding cable sample', 'CUSTOMER', '0.00', '', '', NULL, '', 20, 19, '0.000', NULL, NULL, NULL, NULL, '2022-01-17 00:00:00', NULL, NULL, '', 1, 7, 6, NULL, '2022-01-17 09:06:09', NULL, NULL, 3, 22, '0.000', 15, NULL, NULL, 0, 14, 5, 6, 9, 0, NULL),
(225, 'VT-LOW-11', 1, 'ODC SAMPLES REPLACEMENT', 'ASSEMBLIES REPLACEMENT', 'NAI', '0.00', '', '', NULL, '', 20, 19, '0.000', NULL, NULL, NULL, NULL, NULL, NULL, NULL, '', 1, 5, 6, NULL, '2022-01-21 08:26:35', NULL, NULL, 3, 22, '0.000', 15, NULL, NULL, NULL, NULL, NULL, NULL, NULL, 0, NULL),
(226, 'DS-MEDIUM-67', 36, 'SMART WIRES JUMPERS', 'Fiber Jumper FO cable', 'NAI', '0.00', '121430879', '', NULL, '', 21, 18, '0.000', NULL, NULL, NULL, NULL, NULL, NULL, NULL, '', 1, 5, 6, NULL, '2022-01-26 08:06:27', 'G160203 G160204', '2022-03-15 00:00:00', 3, 5, '0.000', NULL, NULL, NULL, NULL, NULL, NULL, NULL, NULL, 0, NULL),
(227, 'VT-MEDIUM-3', 1, 'EHCS  breakout sample', 'HYBRID TRUNK 6X4AWG/24FP BOTTOM PART 6FT', 'CUSTOMER', '0.00', ' PO-00005414', '', NULL, 'UPS 1Z6W16300325860726', 20, 19, '0.000', '2022-02-03 00:00:00', NULL, NULL, '2022-02-10 00:00:00', '2022-02-04 00:00:00', NULL, NULL, '', 1, 7, 6, NULL, '2022-02-08 08:58:10', NULL, NULL, 3, 23, '0.000', NULL, NULL, NULL, NULL, 14, 5, 6, 9, 0, NULL),
(228, 'VT-LOW-12', 1, 'HELKAMA  2 ', 'CABLE VALIDATION', 'CUSTOMER', '0.00', '', '', NULL, '', 20, 19, '0.000', NULL, NULL, NULL, NULL, NULL, NULL, NULL, '', 1, 7, 6, NULL, '2022-02-09 09:11:27', NULL, NULL, 3, 22, '0.000', NULL, NULL, NULL, NULL, NULL, NULL, NULL, NULL, 0, NULL),
(230, 'VT-LOW-13', 1, 'SENKO REDESIGN', 'Modificacion de Terminaciones', 'CUSTOMER', '0.00', '', '', NULL, '', 20, 19, '0.000', NULL, NULL, NULL, NULL, '2022-02-22 00:00:00', NULL, NULL, '', 1, 7, 6, NULL, '2022-02-22 13:51:32', NULL, NULL, 3, 22, '0.000', NULL, NULL, NULL, NULL, 14, 5, 6, 9, 0, NULL),
(231, 'VT-LOW-16', 1, 'SNKO CD2', 'Senko CD2 Connector Validation', 'CUSTOMER', '0.00', '', '', NULL, '', 20, 19, '0.000', NULL, NULL, NULL, NULL, '2022-02-25 00:00:00', NULL, NULL, '', 1, 7, 6, NULL, '2022-02-24 11:49:59', NULL, NULL, 3, 22, '0.000', NULL, NULL, NULL, NULL, 14, 5, 6, 9, 0, NULL),
(232, 'DS-LOW-14', 1, 'H1AOPC JUMPERS', '15 H1AOPC TOP JUMPER 6AWG 3 FIBER PR_AHFI', 'CUSTOMER', '0.00', 'PO-00005550', 'QO-06575', NULL, 'FEDEX 4090 6677 0567 ', 20, 19, '0.000', NULL, NULL, NULL, '2022-03-22 00:00:00', NULL, NULL, NULL, '', 1, 7, 6, NULL, '2022-02-28 09:18:09', NULL, NULL, 3, 4, '0.000', NULL, NULL, NULL, NULL, NULL, NULL, NULL, NULL, 0, NULL),
(233, 'DS-LOW-17', 1, 'SAMPLE 6X24', 'bottom sample for 6x24', 'CUSTOMER', '0.00', 'PO-00005616', '', NULL, 'FEDEX 4090 6677 0589', 20, 19, '0.000', NULL, NULL, NULL, '2022-03-22 00:00:00', NULL, NULL, NULL, '', 1, 7, 6, NULL, '2022-03-08 09:26:40', NULL, NULL, 3, 4, '0.000', NULL, NULL, NULL, NULL, NULL, NULL, NULL, NULL, 0, NULL),
(234, 'BTP-LOW-3', 1, 'IP-21 Fiber Assembly', 'IP-21 Loopback 20 Mts NWS-5195-20M', 'NAI', '0.00', 'PO-000446C', '', 1, 'UPS 1Z6W16300419525287/ UPS TR', 20, 19, '0.000', '2022-03-24 00:00:00', NULL, NULL, NULL, '2022-03-11 00:00:00', NULL, NULL, '', 1, 7, 5, NULL, '2022-03-11 11:15:25', NULL, NULL, 1, 19, '0.000', 15, NULL, NULL, NULL, 14, 5, 6, 9, 0, NULL),
(235, 'VT-HIGH-2', 1, 'EHCS CONDUMEX', 'CONDUMEX CABLE VALIDATION', 'CUSTOMER', '0.00', '', '', NULL, '', 20, 19, '0.000', '2022-04-08 00:00:00', NULL, NULL, NULL, NULL, NULL, NULL, '', 1, 7, 6, NULL, '2022-03-24 08:23:19', NULL, NULL, 3, 24, '0.000', NULL, NULL, NULL, NULL, NULL, NULL, NULL, NULL, 0, NULL),
(236, 'VT-MEDIUM-5', 1, 'AFOP SAMPLES', 'AFOP SAMPLES VALIDATION', 'NAI', '0.00', '', '', NULL, '', 20, 18, '0.000', '2022-04-11 00:00:00', NULL, NULL, NULL, NULL, NULL, NULL, '', 1, 6, 6, NULL, '2022-03-31 08:21:17', NULL, NULL, 3, 23, '0.000', NULL, NULL, NULL, NULL, NULL, NULL, NULL, NULL, 0, NULL),
(237, 'DS-MEDIUM-70', 1, 'NEW ODC NOKIA JMPRS', '2F SM NOKIA ODC', 'CUSTOMER', '0.00', '00005795', '', NULL, '1Z6W16300228130912', 20, 19, '0.000', '2022-04-06 00:00:00', NULL, NULL, '2022-04-07 00:00:00', NULL, NULL, NULL, '', 1, 7, 6, NULL, '2022-04-04 10:53:20', NULL, NULL, 3, 5, '0.000', NULL, NULL, NULL, NULL, NULL, NULL, NULL, NULL, 0, NULL),
(238, 'DS-MEDIUM-71', 1, 'HSC2.0 HJ SAMPLES', '2P FIBER WITH R2TCA AND DC APPC', 'CUSTOMER', '0.00', '00005835', '', NULL, '1Z6W16300310045331', 20, 19, '0.000', '2022-04-08 00:00:00', NULL, NULL, '2022-04-11 00:00:00', '2022-04-06 00:00:00', NULL, NULL, '', 1, 7, 6, NULL, '2022-04-05 16:39:46', NULL, NULL, 3, 5, '0.000', NULL, NULL, NULL, NULL, 14, 5, 6, 9, 0, NULL),
(239, 'DD-HIGH-1', 10, 'CABINET PRINTS ', '', 'NAI', '0.00', '', '', NULL, '', 1, 1, '0.000', '2022-05-12 00:00:00', NULL, NULL, NULL, NULL, NULL, NULL, '', 1, 7, 6, NULL, '2022-04-07 09:24:40', NULL, NULL, 3, 18, '0.000', NULL, NULL, NULL, NULL, NULL, NULL, NULL, NULL, 0, NULL),
(240, 'DS-LOW-16', 1, 'EHCS 6X24', 'EHCS 6 X 24 Full Bottom Breakout', 'CUSTOMER', '0.00', 'PO-005616A', '', NULL, '376-964011 XPO', 20, 19, '0.000', '2022-04-22 00:00:00', NULL, NULL, '2022-04-22 00:00:00', '2022-04-21 00:00:00', NULL, NULL, '', 1, 7, 6, NULL, '2022-04-20 07:06:01', NULL, NULL, 3, 4, '0.000', NULL, NULL, NULL, NULL, 14, 5, 6, 9, 0, NULL),
(241, 'DS-MEDIUM-72', 44, 'NODE FLEX CABLE ASSEMBLY', '12 Fibers Canle Assembly', 'CUSTOMER', '0.00', '', '', NULL, '', 20, 19, '0.000', NULL, NULL, NULL, NULL, NULL, NULL, NULL, '', 1, 5, 6, NULL, '2022-04-20 07:20:26', NULL, NULL, 3, 5, '0.000', NULL, NULL, NULL, NULL, NULL, NULL, NULL, NULL, 0, NULL),
(242, 'BTP-LOW-4', 1, 'HCS2 BOX SAMPLE', 'Break out feature box', 'CUSTOMER', '0.00', ' PO00005995', '', NULL, '1Z6W16300300965384', 20, 19, '0.000', '2022-05-02 00:00:00', '2022-04-28 00:00:00', NULL, '2022-04-28 00:00:00', '2022-04-27 00:00:00', NULL, NULL, '', 1, 7, 6, NULL, '2022-04-27 07:19:11', NULL, NULL, 3, 19, '0.000', NULL, NULL, NULL, NULL, 14, 5, 6, 9, 0, NULL),
(243, 'VT-MEDIUM-9', 2, 'JONHON CONNECTORS', '', 'NAI', '0.00', '', '', NULL, '', 20, 18, '0.000', '2022-05-06 00:00:00', NULL, NULL, NULL, '2022-05-03 00:00:00', NULL, NULL, '', 1, 7, 6, NULL, '2022-04-27 07:22:53', NULL, NULL, 2, 23, '0.000', NULL, NULL, NULL, NULL, 14, 5, 6, 9, 0, NULL),
(244, 'BTP-LOW-6', 1, 'CONNECT X JUMPER', '', 'CUSTOMER', '0.00', ' PO00005995', '', NULL, '1Z0E39140149035861', 20, 19, '0.000', '2022-05-02 00:00:00', '2022-05-02 00:00:00', NULL, '2022-04-29 00:00:00', '2022-04-28 00:00:00', NULL, NULL, '', 1, 7, 6, NULL, '2022-04-28 07:43:30', NULL, NULL, 3, 19, '0.000', NULL, NULL, NULL, NULL, 14, 5, 6, 9, 0, NULL),
(245, 'VT-MEDIUM-6', 1, 'PARAGON CABLE', 'Paragon Navigator Single Armored ', 'CUSTOMER', '0.00', '', '', NULL, '', 20, 19, '0.000', NULL, NULL, NULL, NULL, '2022-05-04 00:00:00', NULL, NULL, '', 1, 6, 6, NULL, '2022-05-04 10:32:18', NULL, NULL, 3, 23, '0.000', NULL, NULL, NULL, NULL, NULL, NULL, NULL, NULL, 0, NULL),
(246, 'VT-MEDIUM-7', 1, 'EPOXY  ADH-119MT', 'Alternative for 353NDT', 'NAI', '0.00', '', '', NULL, '', 20, 19, '0.000', '2022-05-26 00:00:00', NULL, NULL, NULL, '2022-05-09 00:00:00', NULL, NULL, '', 1, 7, 6, NULL, '2022-05-09 11:49:03', NULL, NULL, 1, 23, '0.000', NULL, NULL, NULL, NULL, 14, 5, 6, 9, 0, NULL),
(247, 'VT-HIGH-3', 1, 'CONDUMEX', 'Cable Validation', 'CUSTOMER', '0.00', 'PO-00006092', '', NULL, '', 20, 19, '0.000', '2022-06-02 00:00:00', '2022-05-25 00:00:00', NULL, NULL, '2022-05-12 00:00:00', NULL, NULL, '', 1, 7, 6, NULL, '2022-05-12 07:16:56', NULL, NULL, 1, 24, '0.000', NULL, NULL, NULL, NULL, 14, 5, 6, 9, 0, NULL),
(248, 'BTP-LOW-7', 1, 'SAMSUNG 1M', 'FIBER JUMPER2FSMDLC-SMSNG DLC 1M', 'CUSTOMER', '0.00', 'PO00006122', '', NULL, '1Z6W16300112797494', 20, 18, '0.000', '2022-05-23 00:00:00', NULL, NULL, '2022-05-23 00:00:00', '2022-05-19 00:00:00', NULL, NULL, '', 1, 7, 6, NULL, '2022-05-18 14:21:00', NULL, NULL, 3, 19, '0.000', NULL, NULL, NULL, NULL, 14, 5, 6, 9, 0, NULL),
(249, 'VT-HIGH-4', 1, 'CONDUMEX 4AWG ', 'Cable Validation', 'CUSTOMER', '0.00', '00006257', '', NULL, '', 20, 19, '0.000', '2022-06-17 00:00:00', NULL, NULL, NULL, '2022-06-01 00:00:00', NULL, NULL, '', 1, 7, 6, NULL, '2022-06-07 07:46:13', NULL, NULL, 1, 24, '0.000', NULL, NULL, NULL, NULL, 14, 5, 6, 9, 0, NULL),
(250, 'BTP-LOW-8', 45, 'OPSENS SUB ASSY', 'FOIC cable sub assembly', 'CUSTOMER', '0.00', 'Q000004059', 'QO-06748', NULL, '1ST 1Z0E39146840938447 / 2ND 1', 20, 18, '0.000', '2022-06-21 00:00:00', '2022-07-05 00:00:00', NULL, NULL, '2022-06-15 00:00:00', NULL, NULL, '', 1, 7, 6, NULL, '2022-06-08 08:08:57', NULL, NULL, 3, 19, '0.000', 14, NULL, NULL, NULL, 14, 5, 6, 9, 0, NULL),
(251, 'DS-HIGH-32', 1, 'NWS MODIFIED HCSA TRUNK', 'Prints Update', 'CUSTOMER', '0.00', 'PO00006458', 'QO-06846', NULL, '', 20, 19, '0.000', '2022-07-29 00:00:00', NULL, NULL, NULL, NULL, NULL, NULL, '', 1, 7, 6, NULL, '2022-06-14 09:23:20', NULL, NULL, 1, 6, '0.000', NULL, NULL, NULL, NULL, 14, 5, 6, 9, 0, NULL),
(252, 'DS-HIGH-34', 2, 'RFS 6X24', '', 'NAI', '0.00', '', '', NULL, '', 20, 19, '0.000', '2022-07-14 00:00:00', '2022-07-07 00:00:00', NULL, NULL, '2022-06-23 00:00:00', NULL, NULL, '', 1, 5, 6, NULL, '2022-06-23 10:20:23', NULL, NULL, 3, 6, '0.000', NULL, NULL, NULL, NULL, NULL, NULL, NULL, NULL, 0, NULL),
(253, 'VT-MEDIUM-10', 1, 'H2AOPC JUMPER', 'Jumper validation', 'NAI', '0.00', '', '', NULL, '', 20, 19, '0.000', '2022-07-11 00:00:00', NULL, NULL, NULL, '2022-07-06 00:00:00', NULL, NULL, '', 1, 7, 6, NULL, '2022-07-06 07:34:40', NULL, NULL, 3, 23, '0.000', NULL, NULL, NULL, NULL, NULL, NULL, NULL, NULL, 0, NULL),
(254, 'DS-LOW-19', 1, 'JUMPERS R2SMA', 'Top Jumper Fiber ', 'CUSTOMER', '0.00', 'PO00006508', '', NULL, '', 20, 19, '0.000', '2022-07-29 00:00:00', NULL, NULL, NULL, '2022-07-15 00:00:00', NULL, NULL, '', 1, 7, 6, NULL, '2022-07-18 07:29:13', NULL, NULL, 3, 4, '0.000', NULL, NULL, NULL, NULL, 14, 5, 6, 9, 0, NULL),
(255, 'DS-MEDIUM-73', 1, 'HYBRID JUMPER 5305', 'Hybrid Jumper 2F 2X8 AWG', 'CUSTOMER', '0.00', 'PO 000497C', 'QO-06090-1', NULL, 'UPS 1Z6W16306808605734', 20, 19, '0.000', '2022-07-25 00:00:00', '2022-07-25 00:00:00', NULL, '2022-07-25 00:00:00', '2022-07-20 00:00:00', NULL, NULL, '', 1, 7, 6, NULL, '2022-07-19 15:10:01', NULL, NULL, 3, 5, '0.000', NULL, NULL, NULL, NULL, 14, 5, 6, 9, 0, NULL),
(256, 'VT-MEDIUM-8', 1, 'EPOXY AB9001MT', 'Alternative for EPOTEK 353 ND-T  ', 'NAI', '0.00', '', '', NULL, '', 20, 19, '0.000', '2022-08-05 00:00:00', NULL, NULL, NULL, '2022-07-25 00:00:00', NULL, NULL, '', 1, 7, 6, NULL, '2022-07-25 09:22:49', NULL, NULL, 3, 23, '0.000', NULL, NULL, NULL, NULL, 14, NULL, 6, 9, 0, NULL),
(257, 'VT-MEDIUM-11', 38, 'ADH-153-T', 'Alternative Validation', 'NAI', '0.00', '', '', NULL, '', 20, 19, '0.000', '2022-08-09 00:00:00', NULL, NULL, NULL, '2022-08-02 00:00:00', NULL, NULL, '', 1, 7, 6, NULL, '2022-08-02 08:00:50', NULL, NULL, 3, 23, '0.000', NULL, NULL, NULL, NULL, 14, 5, 6, 9, 0, NULL),
(258, 'VT-MEDIUM-12', 38, 'EPOXY INFINITY BOND', 'Alternative for J010134', 'NAI', '0.00', '', '', NULL, '', 20, 19, '0.000', '2022-08-12 00:00:00', NULL, NULL, NULL, '2022-08-05 00:00:00', NULL, NULL, '', 1, 7, 6, NULL, '2022-08-05 07:09:26', NULL, NULL, 1, 23, '0.000', NULL, NULL, NULL, NULL, 14, 5, 6, 9, 0, NULL),
(259, 'VT-MEDIUM-13', 38, 'EPOXY J010144 353ND SUBSTITUTE', 'Epoxy Validation', 'NAI', '0.00', '', '', NULL, '', 20, 19, '0.000', NULL, NULL, NULL, NULL, '2022-08-04 00:00:00', NULL, NULL, '', 1, 6, 6, NULL, '2022-08-05 07:27:02', NULL, NULL, 3, 23, '0.000', NULL, NULL, NULL, NULL, 14, 5, 6, 9, 0, NULL),
(260, 'VT-LOW-14', 1, 'CONDUMEX POWER CABLE A040116', 'Cable Validation', 'NAI', '0.00', '', '', NULL, '', 20, 19, '0.000', NULL, NULL, NULL, NULL, '2022-08-18 00:00:00', NULL, NULL, '', 1, 7, 6, NULL, '2022-08-18 15:20:34', NULL, NULL, 3, 22, '0.000', NULL, NULL, NULL, NULL, 14, 5, 6, 9, 0, NULL),
(261, 'VT-LOW-15', 38, 'INFINITY BOND ASSY', 'Sample with Infinity Bond Epoxy', 'NAI', '0.00', '', '', NULL, '', 20, 19, '0.000', NULL, NULL, NULL, NULL, '2022-08-23 00:00:00', NULL, NULL, '', 1, 7, 6, NULL, '2022-08-23 07:24:34', NULL, NULL, 2, 22, '0.000', NULL, NULL, NULL, NULL, 14, 5, 6, 9, 0, NULL),
(262, 'VT-LOW-17', 38, 'EPOTEK 353NDT ASSY', 'Sample with 353NDT Epoxy', 'NAI', '0.00', '', '', NULL, '', 20, 19, '0.000', NULL, NULL, NULL, NULL, '2022-08-23 00:00:00', NULL, NULL, '', 1, 7, 6, NULL, '2022-08-23 07:28:31', NULL, NULL, 2, 22, '0.000', NULL, NULL, NULL, NULL, 14, 5, 6, 9, 0, NULL),
(263, 'VT-LOW-18', 38, 'CONDUMEX A021654 HCS2', 'CABLE CONDUMEX A021654 HCS2 TRUNKS 6 AWG', 'NAI', '0.00', '', '', NULL, '', 20, 19, '0.000', NULL, NULL, NULL, NULL, '2022-08-23 00:00:00', NULL, NULL, '', 1, 7, 6, NULL, '2022-08-23 16:32:00', NULL, NULL, 2, 22, '0.000', NULL, NULL, NULL, NULL, 14, 5, 6, 9, 0, NULL),
(264, 'VT-HIGH-5', 1, 'MODIFIED HCSA TRUNK W/ CONDUMEX HYBRID CABLE', 'New Condumex Hybrid Cable Validation', 'CUSTOMER', '0.00', 'PO 000514C', '', NULL, '', 20, 19, '0.000', '2022-09-22 00:00:00', NULL, NULL, NULL, '2022-09-08 00:00:00', NULL, NULL, '', 1, 7, 6, NULL, '2022-09-07 08:42:52', NULL, NULL, 1, 24, '0.000', NULL, NULL, NULL, NULL, 14, NULL, 6, 9, 0, NULL),
(265, 'DS-HIGH-35', 2, 'RFS-EHCS', '', 'NAI', '0.00', 'PO-SAMPLE', '', NULL, 'FEDEX FREIGHT 843025331-1', 20, 19, '0.000', '2022-09-20 00:00:00', NULL, NULL, '2022-09-21 00:00:00', '2022-09-12 00:00:00', NULL, NULL, '', 1, 7, 6, NULL, '2022-09-07 16:21:44', NULL, NULL, 2, 6, '0.000', NULL, NULL, NULL, NULL, 14, NULL, 6, 9, 0, NULL),
(266, 'DS-MEDIUM-74', 42, 'PPC BELDEN HYBRID TRUNKS', 'Hybrid 6X6 AWG 24SM', 'NAI', '0.00', '10233395', 'QO-06998-1', NULL, 'FEDEX 7469 5899 4536 & 7469 58', 20, 19, '0.000', '2022-10-17 00:00:00', NULL, NULL, '2022-10-14 00:00:00', '2022-10-05 00:00:00', NULL, NULL, '', 1, 7, 6, NULL, '2022-09-26 07:53:45', NULL, NULL, 3, 5, '0.000', NULL, NULL, NULL, NULL, 14, NULL, 6, 9, 0, NULL),
(267, 'DS-HIGH-36', 1, 'MODIFIED HCSA TRUNK 8AWG', 'HCSA 8 AWG', 'CUSTOMER', '0.00', '', '', NULL, '', 20, 18, '0.000', NULL, NULL, NULL, NULL, NULL, NULL, NULL, '', 1, 5, 6, NULL, '2022-09-28 07:34:59', NULL, NULL, 3, 6, '0.000', NULL, NULL, NULL, NULL, 14, NULL, 6, 9, 0, NULL),
(268, 'BTP-LOW-9', 30, 'PRYSMIAN HFOC DROP CABLE ', 'Validation', 'NAI', '0.00', '4501697343', 'QO-06884-1', NULL, '', 20, 19, '0.000', '2022-12-19 00:00:00', NULL, NULL, NULL, '2022-10-10 00:00:00', NULL, NULL, '', 1, 7, 6, NULL, '2022-10-05 09:09:27', NULL, NULL, 3, 19, '0.000', NULL, NULL, NULL, NULL, 14, 6, 6, 9, 0, NULL),
(269, 'BTP-MEDIUM-1', 1, 'ODC NOKIA JMPRS', '', 'CUSTOMER', '0.00', '00007151', '', NULL, '1Z0E39140350054638', 20, 18, '0.000', '2022-10-21 00:00:00', NULL, NULL, NULL, NULL, NULL, NULL, '', 1, 7, 6, NULL, '2022-10-14 07:30:36', NULL, NULL, 1, 20, '0.000', NULL, NULL, NULL, NULL, 14, NULL, 6, 9, 0, NULL),
(270, 'BTP-MEDIUM-2', 16, 'CLEARFIELD CASSETTES', 'Patch Only Cassettes Block', 'NAI', '0.00', 'PO105331', 'QO-07059', NULL, '843025348-4 FEDEX FREIGHT ECON', 20, 18, '0.000', NULL, NULL, NULL, '2022-11-25 00:00:00', '2022-11-07 00:00:00', NULL, NULL, '', 1, 7, 6, NULL, '2022-10-19 08:57:07', NULL, NULL, 3, 20, '0.000', NULL, 1, '2022-12-07 15:40:49', NULL, 14, NULL, 6, 9, 0, NULL),
(271, 'BTP-LOW-10', 10, 'SPLITTER 2X32', 'SPLITTER', 'NAI', '0.00', '', 'QO-07163', NULL, 'FEDEX 4090 6677 9689 ', 20, 18, '0.000', NULL, '2022-10-27 00:00:00', NULL, NULL, '2022-10-22 00:00:00', NULL, NULL, '', 1, 7, 6, NULL, '2022-10-24 11:48:30', NULL, NULL, 3, 19, '0.000', NULL, NULL, NULL, NULL, 14, NULL, 6, 9, 0, NULL),
(272, 'VT-HIGH-6', 1, 'CABLE VALIDATION', 'Cable alternative for A021655', 'NAI', '0.00', '', '', NULL, '', 20, 18, '0.000', NULL, NULL, NULL, NULL, NULL, NULL, NULL, '', 1, 7, 6, NULL, '2022-10-27 10:30:27', NULL, NULL, 3, 24, '0.000', NULL, NULL, NULL, NULL, 14, NULL, 6, 9, 0, NULL),
(273, 'BTP-MEDIUM-3', 1, 'HYBRID JMPR 5305', 'Hybrid Jumper 2F 2x8AWG 63A 5M', 'CUSTOMER', '0.00', '000541C', '', NULL, '', 20, 19, '0.000', NULL, NULL, NULL, '2022-12-01 00:00:00', '2022-11-23 00:00:00', NULL, NULL, '', 1, 7, 6, NULL, '2022-11-14 14:06:56', NULL, NULL, 3, 20, '0.000', NULL, 1, '2023-01-11 08:10:38', NULL, 14, NULL, 6, 9, 0, NULL),
(274, 'AE-LOW-1', 47, 'Application - 46', 'Reverse Engineering', 'NAI', '0.00', '', '', NULL, '', NULL, NULL, '0.000', '2023-01-26 00:00:00', NULL, NULL, NULL, '2023-01-26 00:00:00', NULL, NULL, '', 1, 5, 6, NULL, '2023-02-03 14:57:15', NULL, NULL, 3, 25, '0.000', NULL, NULL, NULL, NULL, 16, NULL, NULL, NULL, 1, 2),
(275, 'AE-LOW-5', 47, 'Application - 41', 'Tooling request', '', NULL, '', 'E000000558', NULL, NULL, 45, NULL, NULL, '2023-02-01 00:00:00', NULL, NULL, '2023-02-01 00:00:00', '2023-01-27 00:00:00', NULL, NULL, '', 1, 7, 6, NULL, '2023-02-03 15:22:24', NULL, NULL, 3, 43, '0.000', NULL, NULL, NULL, NULL, 15, NULL, NULL, NULL, 1, 1),
(276, 'AE-LOW-24', 5, 'Application - 32', 'Tooling request', '', NULL, '', 'E000000575', NULL, NULL, 45, NULL, NULL, '2023-01-31 00:00:00', NULL, NULL, '2023-01-31 00:00:00', '2023-01-31 00:00:00', NULL, NULL, 'List of 23 items', 1, 7, 6, NULL, '2023-02-03 15:36:00', NULL, NULL, 3, 43, '0.000', NULL, NULL, NULL, NULL, 15, NULL, NULL, NULL, 1, 1),
(277, 'DD-MEDIUM-2', 48, 'Application - 38', 'Dwg Redline', '', NULL, 'PO00449', 'E000000233', NULL, NULL, 49, NULL, NULL, '2023-01-31 00:00:00', NULL, NULL, '2023-01-31 00:00:00', '2023-01-30 00:00:00', NULL, NULL, '', 1, 7, 6, NULL, '2023-02-07 09:58:27', NULL, NULL, 0, 56, '0.000', NULL, NULL, NULL, NULL, 16, NULL, NULL, NULL, 1, 2),
(278, 'DD-MEDIUM-4', 49, 'Application - 47', 'Update Drawings 2', '', NULL, '', '', NULL, NULL, 48, NULL, NULL, '2023-01-31 00:00:00', NULL, NULL, '2023-01-31 00:00:00', '2023-01-26 00:00:00', NULL, NULL, '', 1, 7, 6, NULL, '2023-02-07 10:06:19', NULL, NULL, 3, 47, '0.000', NULL, NULL, NULL, NULL, 16, NULL, NULL, NULL, 1, 3),
(279, 'DD-MEDIUM-3', 43, 'Application - 42', 'Update drawing 41', '', NULL, '', '', NULL, NULL, 49, NULL, NULL, '2023-01-30 00:00:00', NULL, NULL, '2023-01-30 00:00:00', '2023-01-27 00:00:00', NULL, NULL, 'Requested by Quoting -- Change customer drawings format ', 1, 7, 6, NULL, '2023-02-07 10:16:32', NULL, NULL, 3, 47, '0.000', NULL, NULL, NULL, NULL, 16, NULL, NULL, NULL, 1, 1),
(280, 'AE-HIGH-2', 43, 'Application - 43', 'Tooling request - 220 components to review', '', NULL, '', 'E000000595/ E000000559', NULL, NULL, 45, NULL, NULL, '2023-02-01 00:00:00', NULL, NULL, '2023-01-31 00:00:00', '2023-01-27 00:00:00', NULL, NULL, '', 1, 7, 6, NULL, '2023-02-07 10:37:46', NULL, NULL, 3, 45, '0.000', NULL, NULL, NULL, NULL, 15, NULL, NULL, NULL, 1, 1),
(281, 'AE-LOW-8', 50, 'Application - 48', 'Tooling Request ', '', NULL, '', 'E000000535', NULL, NULL, 45, NULL, NULL, '2023-02-01 00:00:00', NULL, NULL, '2023-02-01 00:00:00', '2023-01-26 00:00:00', NULL, NULL, '', 1, 7, 6, NULL, '2023-02-07 11:01:27', NULL, NULL, 3, 43, '0.000', NULL, NULL, NULL, NULL, 15, NULL, NULL, NULL, 1, 1),
(282, 'AE-LOW-7', 51, 'Application - 18', 'Applicators', '', NULL, '', 'E000000501', NULL, NULL, 46, NULL, NULL, '2023-02-01 00:00:00', NULL, NULL, '2023-02-01 00:00:00', '2023-02-01 00:00:00', NULL, NULL, '', 1, 7, 6, NULL, '2023-02-07 11:04:42', NULL, NULL, 3, 43, '0.000', NULL, NULL, NULL, NULL, 15, NULL, NULL, NULL, 1, 1),
(283, 'AE-MEDIUM-2', 5, 'Application - 39', 'Alternatives- List of 16', '', NULL, '', 'E000000526', NULL, NULL, 46, NULL, NULL, '2023-01-31 00:00:00', NULL, NULL, '2023-01-31 00:00:00', '2023-01-30 00:00:00', NULL, NULL, '', 1, 7, 6, NULL, '2023-02-07 11:06:59', NULL, NULL, 3, 26, '0.000', NULL, NULL, NULL, NULL, 15, NULL, NULL, NULL, 1, 1),
(284, 'AE-LOW-13', 5, 'Application - 40', 'Tooling request- List of 3', '', NULL, '', 'E000000552', NULL, NULL, 45, NULL, NULL, '2023-01-30 00:00:00', NULL, NULL, '2023-01-30 00:00:00', '2023-01-30 00:00:00', NULL, NULL, '', 1, 7, 6, NULL, '2023-02-07 11:10:02', NULL, NULL, 3, 43, '0.000', NULL, NULL, NULL, NULL, 15, NULL, NULL, NULL, 1, 1),
(285, 'AE-LOW-12', 5, 'Application - 44', 'Alternatives- Side by side comparison of already proposed alternative.', '', NULL, '', '', NULL, NULL, 45, NULL, NULL, '2023-01-30 00:00:00', NULL, NULL, '2023-01-30 00:00:00', '2023-01-27 00:00:00', NULL, NULL, '', 1, 7, 6, NULL, '2023-02-07 11:13:40', NULL, NULL, 3, 25, '0.000', NULL, NULL, NULL, NULL, 15, NULL, NULL, NULL, 1, 3),
(286, 'AE-LOW-9', 5, 'Application - 33', 'Alternative for PN D041215 853-186372-422', '', NULL, '', '', NULL, NULL, 45, NULL, NULL, '2023-01-31 00:00:00', NULL, NULL, '2023-01-31 00:00:00', '2023-01-31 00:00:00', NULL, NULL, 'Requested by Quoting', 1, 7, 6, NULL, '2023-02-07 11:15:55', NULL, NULL, 3, 25, '0.000', NULL, NULL, NULL, NULL, 15, NULL, NULL, NULL, 1, 1),
(287, 'AE-LOW-10', 47, 'Application - 34', 'Alternative  34-386636-00', '', NULL, '', 'E000000545', NULL, NULL, 45, NULL, NULL, '2023-01-31 00:00:00', NULL, NULL, '2023-01-31 00:00:00', '2023-01-31 00:00:00', NULL, NULL, '', 1, 7, 6, NULL, '2023-02-07 11:19:15', NULL, NULL, 3, 25, '0.000', NULL, NULL, NULL, NULL, 15, NULL, NULL, NULL, 1, 1),
(298, 'DS-MEDIUM-2', 52, 'Application - 15', 'Drawings Update', '', NULL, '', '', NULL, NULL, 43, NULL, NULL, '2023-02-24 00:00:00', NULL, NULL, '2023-02-24 00:00:00', '2023-02-03 00:00:00', NULL, NULL, '', 1, 7, 6, NULL, '2023-02-09 10:06:51', NULL, NULL, 0, 68, '0.000', NULL, NULL, NULL, NULL, 16, NULL, NULL, NULL, 1, 2),
(299, 'AE-LOW-11', 46, 'Application - 7', 'Alternative for PN K000311', '', NULL, '', '', NULL, NULL, 45, NULL, NULL, '2023-02-10 00:00:00', NULL, NULL, '2023-02-10 00:00:00', '2023-02-09 00:00:00', NULL, NULL, '', 1, 7, 6, NULL, '2023-02-10 07:58:18', NULL, NULL, 0, 25, '0.000', NULL, NULL, NULL, NULL, 15, NULL, NULL, NULL, 1, 1),
(300, 'DD-MEDIUM-5', 53, 'Application - 6', 'Update Drawings', '', NULL, '', '', NULL, NULL, 47, NULL, NULL, '2023-02-13 00:00:00', NULL, NULL, '2023-02-13 00:00:00', '2023-02-10 00:00:00', NULL, NULL, '', 1, 7, 6, NULL, '2023-02-10 16:12:27', NULL, NULL, 0, 56, '0.000', NULL, NULL, NULL, NULL, 16, NULL, NULL, NULL, 1, 2),
(301, 'AE-LOW-6', 51, 'Application - 45', 'Tooling request', 'NAI', NULL, '', 'E000000501', NULL, NULL, 45, NULL, NULL, '2023-01-30 00:00:00', NULL, NULL, '2023-01-30 00:00:00', '2023-01-27 00:00:00', NULL, NULL, '', 1, 7, 6, NULL, '2023-02-13 09:35:33', NULL, NULL, 0, 43, '0.000', NULL, NULL, NULL, NULL, 15, NULL, NULL, NULL, 1, 1),
(302, 'AE-HIGH-3', 5, 'Application - 35', 'Tooling Request', 'NAI', NULL, '', 'E000000575', NULL, NULL, 45, NULL, NULL, '2023-01-31 00:00:00', NULL, NULL, '2023-01-31 00:00:00', '2023-01-31 00:00:00', NULL, NULL, 'List of 23 items', 1, 7, 6, NULL, '2023-02-13 09:45:13', NULL, NULL, 0, 45, '0.000', NULL, NULL, NULL, NULL, 15, NULL, NULL, NULL, 1, 1),
(303, 'AE-MEDIUM-1', 5, 'Application - 36', 'Tooling Request', 'NAI', NULL, '', 'E000000615', NULL, NULL, 46, NULL, NULL, '2023-02-02 00:00:00', NULL, NULL, '2023-02-01 00:00:00', '2023-01-31 00:00:00', NULL, NULL, '', 1, 7, 6, NULL, '2023-02-13 09:49:31', NULL, NULL, 0, 44, '0.000', NULL, NULL, NULL, NULL, 15, NULL, NULL, NULL, 1, 1),
(304, 'AE-MEDIUM-3', 43, 'Application - 37', 'Tooling Request', 'NAI', NULL, '', 'E000000559', NULL, NULL, 45, NULL, NULL, '2023-02-01 00:00:00', NULL, NULL, '2023-02-01 00:00:00', '2023-01-31 00:00:00', NULL, NULL, 'Tooling for terminals', 1, 7, 6, NULL, '2023-02-13 09:52:57', NULL, NULL, 0, 44, '0.000', NULL, NULL, NULL, NULL, 15, NULL, NULL, NULL, 1, 1),
(305, 'AE-MEDIUM-4', 46, 'Application - 19', 'Alternatives', 'NAI', NULL, '', '', NULL, NULL, 46, NULL, NULL, '2023-02-02 00:00:00', NULL, NULL, '2023-02-02 00:00:00', '2023-02-01 00:00:00', NULL, NULL, 'Alpha wire alternatives cables 5', 1, 7, 6, NULL, '2023-02-13 10:01:40', NULL, NULL, 0, 26, '0.000', NULL, NULL, NULL, NULL, 15, NULL, NULL, NULL, 1, 2),
(306, 'AE-HIGH-4', 5, 'Application - 20', 'Tooling request', 'NAI', NULL, '', 'E000000601', NULL, NULL, 45, NULL, NULL, '2023-02-03 00:00:00', NULL, NULL, '2023-02-02 00:00:00', '2023-02-01 00:00:00', NULL, NULL, '56 FG’s & 61 components to analyze.', 1, 7, 6, NULL, '2023-02-13 10:06:33', NULL, NULL, 0, 45, '0.000', NULL, NULL, NULL, NULL, 15, NULL, NULL, NULL, 1, 1),
(307, 'AE-LOW-14', 46, 'Application - 21', 'Tooling request', 'NAI', NULL, '', 'E000000136', NULL, NULL, 45, NULL, NULL, '2023-02-01 00:00:00', NULL, NULL, '2023-02-01 00:00:00', '2023-02-01 00:00:00', NULL, NULL, 'Terminals applicator', 1, 7, 6, NULL, '2023-02-13 10:08:54', NULL, NULL, 0, 43, '0.000', NULL, NULL, NULL, NULL, 15, NULL, NULL, NULL, 1, 1),
(308, 'DD-LOW-1', 5, 'Application - 22', 'Molding quotation request', '', NULL, '', 'QO-04746-3 ', NULL, NULL, 44, NULL, NULL, NULL, NULL, NULL, NULL, '2023-02-01 00:00:00', NULL, NULL, '', 1, 5, 6, NULL, '2023-02-13 10:54:46', NULL, NULL, 0, 49, '0.000', NULL, NULL, NULL, NULL, 15, NULL, NULL, NULL, 1, 1),
(309, 'AE-LOW-15', 48, 'Application - 23', 'Alternatives', 'NAI', NULL, '', 'E000000464', NULL, NULL, 46, NULL, NULL, '2023-02-01 00:00:00', NULL, NULL, '2023-02-01 00:00:00', '2023-02-01 00:00:00', NULL, NULL, 'New England wires alternative', 1, 7, 6, NULL, '2023-02-13 10:59:12', NULL, NULL, 0, 25, '0.000', NULL, NULL, NULL, NULL, 15, NULL, NULL, NULL, 1, 1),
(310, 'AE-HIGH-5', 5, 'Application - 24', 'Tooling Request', 'NAI', NULL, '', 'E000000617', NULL, NULL, 45, NULL, NULL, '2023-02-02 00:00:00', NULL, NULL, '2023-02-02 00:00:00', '2023-02-01 00:00:00', NULL, NULL, 'List of 23 items tooling for Connectors and terminals', 1, 7, 6, NULL, '2023-02-13 11:01:24', NULL, NULL, 0, 45, '0.000', NULL, NULL, NULL, NULL, 15, NULL, NULL, NULL, 1, 1),
(311, 'AE-MEDIUM-5', 52, 'Application - 25', 'Alternatives', 'NAI', NULL, '', '', NULL, NULL, 46, NULL, NULL, '2023-02-03 00:00:00', NULL, NULL, '2023-02-03 00:00:00', '2023-02-01 00:00:00', NULL, NULL, 'OW parts for quote 1 item', 1, 7, 6, NULL, '2023-02-13 11:04:28', NULL, NULL, 0, 26, '0.000', NULL, NULL, NULL, NULL, 15, NULL, NULL, NULL, 1, 1),
(312, 'AE-MEDIUM-6', 5, 'Application - 26', 'Alternatives', 'NAI', NULL, '', '', NULL, NULL, 46, NULL, NULL, '2023-02-03 00:00:00', NULL, NULL, '2023-02-03 00:00:00', '2023-02-01 00:00:00', NULL, NULL, 'OW parts for quote 2 items', 1, 7, 6, NULL, '2023-02-13 11:06:32', NULL, NULL, 0, 26, '0.000', NULL, NULL, NULL, NULL, 15, NULL, NULL, NULL, 1, 1),
(313, 'AE-MEDIUM-7', 5, 'Application - 27', 'Tooling Request', 'NAI', NULL, '', 'E000000608', NULL, NULL, 45, NULL, NULL, '2023-02-03 00:00:00', NULL, NULL, '2023-02-02 00:00:00', '2023-02-01 00:00:00', NULL, NULL, '', 1, 7, 6, NULL, '2023-02-13 11:08:45', NULL, NULL, 0, 44, '0.000', NULL, NULL, NULL, NULL, 15, NULL, NULL, NULL, 1, 1),
(314, 'AE-LOW-16', 47, 'Application - 28', 'Alternatives', 'NAI', NULL, '', 'E000000545', NULL, NULL, 46, NULL, NULL, '2023-02-02 00:00:00', NULL, NULL, '2023-02-02 00:00:00', '2023-02-01 00:00:00', NULL, NULL, 'Alternative for OBSOLETE TE PN 5745081-1 ', 1, 7, 6, NULL, '2023-02-13 11:11:09', NULL, NULL, 0, 25, '0.000', NULL, NULL, NULL, NULL, 15, NULL, NULL, NULL, 1, 1),
(315, 'AE-LOW-17', 5, 'Application - 29', 'Alternatives', 'NAI', NULL, '', '', NULL, NULL, 45, NULL, NULL, '2023-02-02 00:00:00', NULL, NULL, '2023-02-02 00:00:00', '2023-02-01 00:00:00', NULL, NULL, 'Alternative NAI PN: N030678', 1, 7, 6, NULL, '2023-02-13 11:13:02', NULL, NULL, 0, 25, '0.000', NULL, NULL, NULL, NULL, 15, NULL, NULL, NULL, 1, 1),
(316, 'AE-LOW-18', 54, 'Application - 30', 'Alternatives', 'NAI', NULL, '', '', NULL, NULL, 46, NULL, NULL, '2023-02-02 00:00:00', NULL, NULL, '2023-02-02 00:00:00', '2023-02-01 00:00:00', NULL, NULL, 'Alternative A080678 ', 1, 7, 6, NULL, '2023-02-13 11:15:42', NULL, NULL, 0, 25, '0.000', NULL, NULL, NULL, NULL, 15, NULL, NULL, NULL, 1, 1),
(317, 'AE-MEDIUM-8', 46, 'Application - 31', 'Tooling Request', 'NAI', NULL, '', 'E000000605', NULL, NULL, 46, NULL, NULL, '2023-02-07 00:00:00', NULL, NULL, '2023-02-03 00:00:00', '2023-02-01 00:00:00', NULL, NULL, '', 1, 7, 6, NULL, '2023-02-13 11:17:42', NULL, NULL, 0, 44, '0.000', NULL, NULL, NULL, NULL, 15, NULL, NULL, NULL, 1, 1),
(318, 'AE-LOW-19', 55, 'Application - 12', 'Alternatives', 'NAI', NULL, '', 'E000000611', NULL, NULL, 46, NULL, NULL, '2023-02-07 00:00:00', NULL, NULL, '2023-02-07 00:00:00', '2023-02-07 00:00:00', NULL, NULL, 'Alternative for A060018', 1, 7, 6, NULL, '2023-02-13 11:37:41', NULL, NULL, 0, 25, '0.000', NULL, NULL, NULL, NULL, 15, NULL, NULL, NULL, 1, 1),
(319, 'AE-MEDIUM-9', 5, 'Application - 16', 'Alternatives', 'NAI', NULL, '', 'E000000575', NULL, NULL, 45, NULL, NULL, '2023-02-07 00:00:00', NULL, NULL, '2023-02-07 00:00:00', '2023-02-03 00:00:00', NULL, NULL, 'Madison Alternative Cables 2', 1, 7, 6, NULL, '2023-02-13 11:42:28', NULL, NULL, 0, 26, '0.000', NULL, NULL, NULL, NULL, 15, NULL, NULL, NULL, 1, 1),
(320, 'AE-MEDIUM-10', 43, 'Application - 13', 'Tooling Request', 'NAI', NULL, '', 'E000000559', NULL, NULL, 45, NULL, NULL, '2023-02-08 00:00:00', NULL, NULL, '2023-02-08 00:00:00', '2023-02-07 00:00:00', NULL, NULL, 'Second batch for this quote', 1, 7, 6, NULL, '2023-02-13 11:45:51', NULL, NULL, 0, 44, '0.000', NULL, NULL, NULL, NULL, 15, NULL, NULL, NULL, 1, 1),
(321, 'AE-MEDIUM-11', 38, 'Application - 14', 'Alternatives', '', NULL, '', '', NULL, NULL, 46, NULL, NULL, '2023-02-08 00:00:00', NULL, NULL, '2023-02-08 00:00:00', '2023-02-07 00:00:00', NULL, NULL, 'Alternative for A070264 Supplier quality issues', 1, 7, 6, NULL, '2023-02-13 11:49:41', NULL, NULL, 0, 26, '0.000', NULL, NULL, NULL, NULL, 15, NULL, NULL, NULL, 1, 2),
(322, 'AE-HIGH-6', 5, 'Application - 17', 'Tooling request', 'NAI', NULL, '', 'E000000592', NULL, NULL, 45, NULL, NULL, '2023-02-07 00:00:00', NULL, NULL, '2023-02-07 00:00:00', '2023-02-03 00:00:00', NULL, NULL, 'List of 21 items', 1, 7, 6, NULL, '2023-02-13 11:53:38', NULL, NULL, 0, 45, '0.000', NULL, NULL, NULL, NULL, 15, NULL, NULL, NULL, 1, 1),
(323, 'AE-MEDIUM-12', 5, 'Application - 9', 'Tooling request', 'NAI', NULL, '', 'E000000633', NULL, NULL, 46, NULL, NULL, '2023-02-08 00:00:00', NULL, NULL, '2023-02-08 00:00:00', '2023-02-08 00:00:00', NULL, NULL, '7 Items', 1, 7, 6, NULL, '2023-02-13 11:57:02', NULL, NULL, 0, 44, '0.000', NULL, NULL, NULL, NULL, 15, NULL, NULL, NULL, 1, 1),
(324, 'AE-LOW-20', 47, 'Application - 10', 'Tooling request', 'NAI', NULL, '', 'E000000648 / E000000649', NULL, NULL, 45, NULL, NULL, '2023-02-08 00:00:00', NULL, NULL, '2023-02-08 00:00:00', '2023-02-08 00:00:00', NULL, NULL, 'Review tooling Availability for Saltillo 2  items', 1, 7, 6, NULL, '2023-02-13 11:59:25', NULL, NULL, 0, 43, '0.000', NULL, NULL, NULL, NULL, 15, NULL, NULL, NULL, 1, 1),
(325, 'AE-LOW-21', 5, 'Application - 11', 'Alternatives', 'NAI', NULL, '', '', NULL, NULL, 45, NULL, NULL, '2023-02-09 00:00:00', NULL, NULL, '2023-02-09 00:00:00', '2023-02-08 00:00:00', NULL, NULL, 'Labels comparison ', 1, 7, 6, NULL, '2023-02-13 12:01:27', NULL, NULL, 0, 25, '0.000', NULL, NULL, NULL, NULL, 15, NULL, NULL, NULL, 1, 2),
(326, 'AE-MEDIUM-13', 46, 'Application - 8', 'Tooling Request', '', NULL, '', 'E000000664', NULL, NULL, 45, NULL, NULL, '2023-02-10 00:00:00', NULL, NULL, '2023-02-09 00:00:00', '2023-02-09 00:00:00', NULL, NULL, '', 1, 7, 6, NULL, '2023-02-13 12:03:12', NULL, NULL, 0, 44, '0.000', NULL, NULL, NULL, NULL, 15, NULL, NULL, NULL, 1, 1),
(327, 'AE-LOW-22', 46, 'Application - 3', 'Tooling Request', 'NAI', NULL, '', 'E000000677', NULL, NULL, 45, NULL, NULL, '2023-02-14 00:00:00', NULL, NULL, '2023-02-13 00:00:00', '2023-02-13 00:00:00', NULL, NULL, 'Tooling for 4 items', 1, 7, 6, NULL, '2023-02-13 12:18:22', NULL, NULL, 0, 43, '0.000', NULL, NULL, NULL, NULL, 15, NULL, NULL, NULL, 1, 1),
(328, 'AE-LOW-23', 38, 'Application - 4', 'Alternative', 'NAI', NULL, '', '', NULL, NULL, 45, NULL, NULL, '2023-02-13 00:00:00', NULL, NULL, '2023-02-13 00:00:00', '2023-02-13 00:00:00', NULL, NULL, 'Alternative for 19203-0148 D041252', 1, 7, 6, NULL, '2023-02-13 12:29:18', NULL, NULL, 0, 25, '0.000', NULL, NULL, NULL, NULL, 15, NULL, NULL, NULL, 1, 2),
(329, 'AE-LOW-25', 37, 'Application - 5', 'Tooling Request', 'NAI', NULL, '', 'E000000676', NULL, NULL, 45, NULL, NULL, '2023-02-14 00:00:00', NULL, NULL, '2023-02-13 00:00:00', '2023-02-13 00:00:00', NULL, NULL, '', 1, 7, 6, NULL, '2023-02-13 16:05:57', NULL, NULL, 0, 43, '0.000', NULL, NULL, NULL, NULL, 15, NULL, NULL, NULL, 1, 1),
(330, 'AE-MEDIUM-14', 38, 'Application - 2', 'Alternatives', '', NULL, '', '', NULL, NULL, 46, NULL, NULL, '2023-02-15 00:00:00', NULL, NULL, NULL, '2023-02-14 00:00:00', NULL, NULL, 'Alternative connectors', 1, 7, 6, NULL, '2023-02-14 11:15:00', NULL, NULL, 0, 26, '0.000', NULL, NULL, NULL, NULL, 15, NULL, NULL, NULL, 1, 1),
(331, 'DD-MEDIUM-6', 50, 'Application - 1', 'Drawings Update', '', NULL, '', '', NULL, NULL, 47, NULL, NULL, '2023-02-15 00:00:00', NULL, NULL, '2023-02-15 00:00:00', '2023-02-15 00:00:00', NULL, NULL, '', 1, 7, 6, NULL, '2023-02-15 07:45:34', NULL, NULL, 0, 56, '0.000', NULL, NULL, NULL, NULL, 16, NULL, NULL, NULL, 1, 2),
(340, 'AE-LOW-27', 38, 'Application - 53', 'Alternative A060018', 'NAI', NULL, '', '', NULL, NULL, 46, NULL, NULL, '2023-02-16 00:00:00', NULL, NULL, '2023-02-16 00:00:00', '2023-02-16 00:00:00', NULL, NULL, '', 1, 7, 6, NULL, '2023-02-16 09:57:06', NULL, NULL, 0, 25, '0.000', NULL, NULL, NULL, NULL, 15, NULL, NULL, NULL, 1, 1),
(341, 'DS-LOW-1', 38, 'Application - 54', 'Update Drawing 47583R-1', 'NAI', NULL, '', '', NULL, NULL, 47, NULL, NULL, '2023-02-16 00:00:00', NULL, NULL, '2023-02-16 00:00:00', '2023-02-16 00:00:00', NULL, NULL, '', 1, 7, 6, NULL, '2023-02-16 14:21:43', NULL, NULL, 0, 67, '0.000', NULL, NULL, NULL, NULL, 16, NULL, NULL, NULL, 1, 2),
(342, 'AE-LOW-28', 5, 'Application - 55', 'Alternatives for TRD855XCR-2 / TRD855SIGRD-10', 'NAI', NULL, '', 'E000000675', NULL, NULL, 45, NULL, NULL, '2023-02-17 00:00:00', NULL, NULL, '2023-02-17 00:00:00', '2023-02-17 00:00:00', NULL, NULL, '', 1, 7, 6, NULL, '2023-02-17 10:05:24', NULL, NULL, 0, 25, '0.000', NULL, NULL, NULL, NULL, 15, NULL, NULL, NULL, 1, 1),
(343, 'AE-MEDIUM-16', 46, 'Application - 56', 'Alternative L011239', '', NULL, '', '', NULL, NULL, 45, NULL, NULL, '2023-02-17 00:00:00', NULL, NULL, '2023-02-17 00:00:00', '2023-02-17 00:00:00', NULL, NULL, '', 1, 7, 6, NULL, '2023-02-17 10:09:02', NULL, NULL, 0, 26, '0.000', NULL, NULL, NULL, NULL, 15, NULL, NULL, NULL, 1, 4),
(344, 'AE-MEDIUM-15', 37, 'Application - 57', 'Alternative E010366', '', NULL, '', '', NULL, NULL, 46, NULL, NULL, '2023-02-20 00:00:00', NULL, NULL, '2023-02-20 00:00:00', '2023-02-20 00:00:00', NULL, NULL, '', 1, 7, 6, NULL, '2023-02-20 08:29:05', NULL, NULL, 0, 26, '0.000', NULL, NULL, NULL, NULL, 15, NULL, NULL, NULL, 1, 3),
(345, 'AE-MEDIUM-17', 5, 'Application - 58', 'Tooling Request', 'NAI', NULL, '', 'E000000690', NULL, NULL, 45, NULL, NULL, '2023-02-17 00:00:00', NULL, NULL, '2023-02-17 00:00:00', '2023-02-17 00:00:00', NULL, NULL, '', 1, 7, 6, NULL, '2023-02-20 08:33:52', NULL, NULL, 0, 44, '0.000', NULL, NULL, NULL, NULL, 15, NULL, NULL, NULL, 1, 1);
INSERT INTO `proyecto` (`idProyecto`, `projectID`, `idCliente`, `nombre`, `descripcion`, `cobrarA`, `ventasPotenciales`, `PO`, `qtoNumber`, `idCuenta`, `tracking`, `idRespDiseno`, `idRespManu`, `sobreCarga`, `fechaReqCliente`, `fechaPromesa`, `fechaTentativa`, `fechaEmbarque`, `fechaInicio`, `fechaTermino`, `tiempoVida`, `notas`, `currentStage`, `idStatus`, `idUsuario`, `appTrackID`, `fechaCrea`, `longestMaterial`, `longestETA`, `prioridad`, `idTipoProyecto`, `overallComplet`, `idRepreVentas`, `awarded`, `dateAwarded`, `consTA`, `idLiderProyecto`, `idGerenteProyecto`, `idCoordinadorProyecto`, `idIngenieroQA`, `isApplication`, `idProyectoRequester`) VALUES
(346, 'AE-MEDIUM-18', 5, 'Application - 59', 'Alternatives labels', 'NAI', NULL, '', '', NULL, NULL, 46, NULL, NULL, '2023-02-20 00:00:00', NULL, NULL, '2023-02-20 00:00:00', '2023-02-20 00:00:00', NULL, NULL, '', 1, 7, 6, NULL, '2023-02-20 15:24:59', NULL, NULL, 0, 26, '0.000', NULL, NULL, NULL, NULL, 15, NULL, NULL, NULL, 1, 1),
(347, 'AE-HIGH-1', 38, 'Application - 60', 'Alternatives procedure', '', NULL, '', '', NULL, NULL, 45, NULL, NULL, '2023-02-22 00:00:00', NULL, NULL, NULL, '2023-02-20 00:00:00', NULL, NULL, '', 1, 7, 6, NULL, '2023-02-21 08:02:17', NULL, NULL, 0, 27, '0.000', NULL, NULL, NULL, NULL, 15, NULL, NULL, NULL, 1, 4),
(348, 'AE-MEDIUM-19', 37, 'Application - 61', 'Tooling request', 'NAI', NULL, '', 'E000000716', NULL, NULL, 45, NULL, NULL, '2023-02-22 00:00:00', NULL, NULL, NULL, '2023-02-21 00:00:00', NULL, NULL, '', 1, 7, 6, NULL, '2023-02-21 08:27:32', NULL, NULL, 0, 44, '0.000', NULL, NULL, NULL, NULL, 15, NULL, NULL, NULL, 1, 1),
(349, 'DD-LOW-2', 5, 'Application - 62', 'Drawing Update 10089044 ', 'NAI', NULL, '', '', NULL, NULL, 49, NULL, NULL, '2023-02-21 00:00:00', NULL, NULL, '2023-02-21 00:00:00', '2023-02-21 00:00:00', NULL, NULL, '', 1, 7, 6, NULL, '2023-02-21 10:13:25', NULL, NULL, 0, 55, '0.000', NULL, NULL, NULL, NULL, 16, NULL, NULL, NULL, 1, 2),
(350, 'AE-HIGH-7', 46, 'Application - 63', 'Tooling Request ', '', NULL, '', 'E000000696', NULL, NULL, 45, NULL, NULL, '2023-02-22 00:00:00', NULL, NULL, NULL, '2023-02-21 00:00:00', NULL, NULL, '', 1, 7, 6, NULL, '2023-02-21 10:29:11', NULL, NULL, 0, 45, '0.000', NULL, NULL, NULL, NULL, 15, NULL, NULL, NULL, 1, 1),
(351, 'AE-LOW-26', 46, 'Application - 64', 'Alternative E010361', 'NAI', NULL, '', '', NULL, NULL, 46, NULL, NULL, '2023-02-21 00:00:00', NULL, NULL, NULL, '2023-02-21 00:00:00', NULL, NULL, '', 1, 7, 6, NULL, '2023-02-21 11:23:42', NULL, NULL, 0, 25, '0.000', NULL, NULL, NULL, NULL, 15, NULL, NULL, NULL, 1, 2),
(352, 'VT-MEDIUM-14', 38, 'RESINE GM-955-R02', 'Alternative for TECHNO MELT PA 646 BLACK', 'NAI', '0.00', '', '', NULL, '', 20, 19, '0.000', NULL, NULL, NULL, NULL, '2023-02-22 00:00:00', NULL, NULL, '', 1, 5, 6, NULL, '2023-02-21 15:30:38', NULL, NULL, 3, 23, '0.000', NULL, NULL, NULL, NULL, 14, NULL, NULL, 9, 0, NULL),
(353, 'VT-MEDIUM-15', 38, 'RESINE GM-960-R02', 'Alternative for Technomelt PA 646 BLACK ', 'NAI', '0.00', '', '', NULL, '', 20, 19, '0.000', NULL, NULL, NULL, NULL, '2023-02-22 00:00:00', NULL, NULL, '', 1, 5, 6, NULL, '2023-02-21 15:52:08', NULL, NULL, 3, 23, '0.000', NULL, NULL, NULL, NULL, NULL, NULL, NULL, NULL, 0, NULL),
(355, 'AE-MEDIUM-20', 5, 'Application - 65', 'Tooling Request E000000731', '', NULL, '', 'E000000731', NULL, NULL, 46, NULL, NULL, '2023-02-23 00:00:00', NULL, NULL, '2023-02-23 00:00:00', '2023-02-22 00:00:00', NULL, NULL, '', 1, 7, 6, NULL, '2023-02-22 09:04:13', NULL, NULL, 0, 44, '0.000', NULL, NULL, NULL, NULL, 15, NULL, NULL, NULL, 1, 1),
(356, 'DS-MEDIUM-3', 6, 'ADTRAN 8 x LC/UPC', '8 x LC/UPC 60M overmolded transition', 'CUSTOMER', '0.00', 'PO-926939 ', 'E000000346', NULL, 'FEDEX  505730495-4', 20, 19, NULL, '2023-06-01 00:00:00', NULL, NULL, '2023-05-31 00:00:00', NULL, NULL, NULL, '', 1, 7, 6, NULL, '2023-02-22 10:26:36', NULL, NULL, 1, 5, '0.000', 14, NULL, NULL, NULL, 14, NULL, 6, 9, 0, NULL),
(357, 'AE-LOW-29', 46, 'Application - 66', 'Tooling Request Terminals', 'NAI', NULL, '', 'E000000734', NULL, NULL, 46, NULL, NULL, '2023-02-22 00:00:00', NULL, NULL, NULL, '2023-02-22 00:00:00', NULL, NULL, '', 1, 7, 6, NULL, '2023-02-22 11:35:01', NULL, NULL, 0, 43, '0.000', NULL, NULL, NULL, NULL, 15, NULL, NULL, NULL, 1, 1),
(358, 'AE-MEDIUM-21', 5, 'Application - 67', 'Tooling Request', 'NAI', NULL, '', 'E000000703', NULL, NULL, 45, NULL, NULL, '2023-02-22 00:00:00', NULL, NULL, '2023-02-22 00:00:00', '2023-02-22 00:00:00', NULL, NULL, '', 1, 7, 6, NULL, '2023-02-22 13:42:39', NULL, NULL, 0, 44, '0.000', NULL, NULL, NULL, NULL, 15, NULL, NULL, NULL, 1, 1),
(359, 'AE-LOW-30', 38, 'Application - 68', 'Alternative L040097', '', NULL, '', '', NULL, NULL, 45, NULL, NULL, '2023-02-23 00:00:00', NULL, NULL, '2023-02-23 00:00:00', '2023-02-23 00:00:00', NULL, NULL, '', 1, 7, 6, NULL, '2023-02-23 09:34:43', NULL, NULL, 0, 25, '0.000', NULL, NULL, NULL, NULL, 15, NULL, NULL, NULL, 1, 4),
(360, 'AE-LOW-31', 5, 'Application - 69', 'Alternative Cables', '', NULL, '', 'E000000575', NULL, NULL, 45, NULL, NULL, '2023-02-23 00:00:00', NULL, NULL, '2023-02-23 00:00:00', '2023-02-23 00:00:00', NULL, NULL, '', 1, 7, 6, NULL, '2023-02-23 10:21:48', NULL, NULL, 0, 25, '0.000', NULL, NULL, NULL, NULL, 15, NULL, NULL, NULL, 1, 1),
(361, 'DS-LOW-2', 48, 'Application - 70', '3D model - Resistor', 'NAI', NULL, '', '', NULL, NULL, 47, NULL, NULL, '2023-02-22 00:00:00', NULL, NULL, '2023-02-21 00:00:00', '2023-02-21 00:00:00', NULL, NULL, 'Requested by Tyrone', 1, 7, 6, NULL, '2023-02-23 14:55:14', NULL, NULL, 0, 64, '0.000', NULL, NULL, NULL, NULL, 16, NULL, NULL, NULL, 1, 2),
(362, 'DD-MEDIUM-7', 56, 'Application - 71', 'Drawing Redline', 'NAI', NULL, '', '', NULL, NULL, 49, NULL, NULL, '2023-02-22 00:00:00', NULL, NULL, '2023-02-21 00:00:00', '2023-02-21 00:00:00', NULL, NULL, '', 1, 7, 6, NULL, '2023-02-23 15:03:43', NULL, NULL, 0, 56, '0.000', NULL, NULL, NULL, NULL, 16, NULL, NULL, NULL, 1, 2),
(363, 'DD-MEDIUM-8', 24, 'Application - 72', 'Drawing Redline', 'NAI', NULL, '', '', NULL, NULL, 47, NULL, NULL, '2023-02-24 00:00:00', NULL, NULL, '2023-02-23 00:00:00', '2023-02-23 00:00:00', NULL, NULL, 'Requested by Customer Service', 1, 7, 6, NULL, '2023-02-23 15:07:41', NULL, NULL, 0, 56, '0.000', NULL, NULL, NULL, NULL, 16, NULL, NULL, NULL, 1, 4),
(364, 'AE-MEDIUM-22', 43, 'Application - 73', 'Alternative for A060549', '', NULL, '', '', NULL, NULL, 45, NULL, NULL, '2023-02-22 00:00:00', NULL, NULL, '2023-02-22 00:00:00', '2023-02-22 00:00:00', NULL, NULL, '', 1, 7, 6, NULL, '2023-02-23 15:55:00', NULL, NULL, 0, 26, '0.000', NULL, NULL, NULL, NULL, 15, NULL, NULL, NULL, 1, 4),
(365, 'DD-LOW-3', 57, 'Application - 74', 'Create 1:1 Formboard PDF file', 'NAI', NULL, '', '', NULL, NULL, 43, NULL, NULL, '2023-02-23 00:00:00', NULL, NULL, '2023-02-22 00:00:00', '2023-02-22 00:00:00', NULL, NULL, 'Requested by Engineering Gaylord – Drake Wietecha', 1, 7, 6, NULL, '2023-02-23 16:05:18', NULL, NULL, 0, 46, '0.000', NULL, NULL, NULL, NULL, 16, NULL, NULL, NULL, 1, 2),
(366, 'AE-LOW-32', 38, 'Application - 75', 'Alternatives Terminals', '', NULL, '', '', NULL, NULL, 46, NULL, NULL, '2023-02-24 00:00:00', NULL, NULL, '2023-02-28 00:00:00', '2023-02-24 00:00:00', NULL, NULL, 'Terminales alternativas 550-5197-036 / 550-5196-036', 1, 7, 6, NULL, '2023-02-24 07:55:22', NULL, NULL, 0, 25, '0.000', NULL, NULL, NULL, NULL, 15, NULL, NULL, NULL, 1, 2),
(368, 'AE-LOW-33', 46, 'Application - 76', 'Tooling request', 'NAI', NULL, '', 'E000000730', NULL, NULL, 45, NULL, NULL, '2023-02-24 00:00:00', NULL, NULL, '2023-02-24 00:00:00', '2023-02-24 00:00:00', NULL, NULL, '', 1, 7, 6, NULL, '2023-02-24 09:52:29', NULL, NULL, 0, 43, '0.000', NULL, NULL, NULL, NULL, 15, NULL, NULL, NULL, 1, 1),
(369, 'AE-LOW-34', 47, 'Application - 77', 'Tooling Request', 'NAI', NULL, '', 'E000000735', NULL, NULL, 45, NULL, NULL, '2023-02-24 00:00:00', NULL, NULL, '2023-02-24 00:00:00', '2023-02-24 00:00:00', NULL, NULL, '', 1, 7, 6, NULL, '2023-02-24 10:00:17', NULL, NULL, 0, 43, '0.000', NULL, NULL, NULL, NULL, 15, NULL, NULL, NULL, 1, 1),
(371, 'AE-HIGH-8', 5, 'Application - 78', 'Tooling Request', 'NAI', NULL, '', 'E000000741', NULL, NULL, 45, NULL, NULL, '2023-02-27 00:00:00', NULL, NULL, '2023-02-27 00:00:00', '2023-02-24 00:00:00', NULL, NULL, '', 1, 7, 6, NULL, '2023-02-27 11:47:48', NULL, NULL, 0, 45, '0.000', NULL, NULL, NULL, NULL, 15, NULL, NULL, NULL, 1, 1),
(372, 'AE-LOW-35', 38, 'Application - 79', 'Alternative A060534', 'NAI', NULL, '', '', NULL, NULL, 46, NULL, NULL, '2023-02-28 00:00:00', NULL, NULL, NULL, '2023-02-27 00:00:00', NULL, NULL, '', 1, 7, 6, NULL, '2023-02-27 11:57:05', NULL, NULL, 0, 25, '0.000', NULL, NULL, NULL, NULL, 15, NULL, NULL, NULL, 1, 4),
(373, 'AE-MEDIUM-23', 24, 'Application - 80', 'Alternative A070397 ', 'NAI', NULL, '', '', NULL, NULL, 45, NULL, NULL, '2023-02-27 00:00:00', NULL, NULL, '2023-02-27 00:00:00', '2023-02-26 00:00:00', NULL, NULL, '', 1, 7, 6, NULL, '2023-02-27 15:03:20', NULL, NULL, 0, 26, '0.000', NULL, NULL, NULL, NULL, 15, NULL, NULL, NULL, 1, 4),
(374, 'AE-HIGH-9', 5, 'Application - 81', 'Toling Request', '', NULL, '', 'E000000745', NULL, NULL, 45, NULL, NULL, '2023-02-28 00:00:00', NULL, NULL, '2023-02-28 00:00:00', '2023-02-28 00:00:00', NULL, NULL, '', 1, 7, 6, NULL, '2023-02-28 13:55:45', NULL, NULL, 0, 45, '0.000', NULL, NULL, NULL, NULL, 15, NULL, NULL, NULL, 1, 1),
(375, 'AE-LOW-36', 5, 'Application - 82', 'Tooling request', 'NAI', NULL, '', 'E000000707', NULL, NULL, 45, NULL, NULL, '2023-02-28 00:00:00', NULL, NULL, '2023-02-28 00:00:00', '2023-02-28 00:00:00', NULL, NULL, '', 1, 7, 6, NULL, '2023-03-01 07:22:24', NULL, NULL, 0, 43, '0.000', NULL, NULL, NULL, NULL, 15, NULL, NULL, NULL, 1, 1),
(376, 'AE-MEDIUM-24', 55, 'Application - 83', 'Tooling Request', '', NULL, '', 'E000000772', NULL, NULL, 46, NULL, NULL, '2023-03-03 00:00:00', NULL, NULL, '2023-03-06 00:00:00', '2023-03-01 00:00:00', NULL, NULL, '', 1, 7, 6, NULL, '2023-03-02 08:08:17', NULL, NULL, 0, 44, '0.000', NULL, NULL, NULL, NULL, 15, NULL, NULL, NULL, 1, 1),
(377, 'AE-HIGH-10', 5, 'Application - 84', 'EV Charge Cables Alternatives', '', NULL, '', '', NULL, NULL, 45, NULL, NULL, NULL, NULL, NULL, '2023-03-06 00:00:00', '2023-02-27 00:00:00', NULL, NULL, '', 1, 7, 6, NULL, '2023-03-02 10:37:46', NULL, NULL, 0, 27, '0.000', NULL, NULL, NULL, NULL, 15, NULL, NULL, NULL, 1, 4),
(378, 'AE-LOW-37', 5, 'Application - 85', 'Tooling Request', 'NAI', NULL, '', 'E000000776', NULL, NULL, 45, NULL, NULL, '2023-03-03 00:00:00', NULL, NULL, '2023-03-02 00:00:00', '2023-03-02 00:00:00', NULL, NULL, '', 1, 7, 6, NULL, '2023-03-02 11:12:00', NULL, NULL, 0, 43, '0.000', NULL, NULL, NULL, NULL, 15, NULL, NULL, NULL, 1, 1),
(379, 'AE-LOW-38', 46, 'Application - 86', 'Tooling Request', 'NAI', NULL, '', 'E000000766', NULL, NULL, 45, NULL, NULL, '2023-03-02 00:00:00', NULL, NULL, '2023-03-02 00:00:00', '2023-03-02 00:00:00', NULL, NULL, '', 1, 7, 6, NULL, '2023-03-02 15:37:47', NULL, NULL, 0, 43, '0.000', NULL, NULL, NULL, NULL, 15, NULL, NULL, NULL, 1, 1),
(380, 'AE-LOW-39', 5, 'Application - 87', 'Tooling Request', 'NAI', NULL, '', 'E000000773', NULL, NULL, 45, NULL, NULL, '2023-03-02 00:00:00', NULL, NULL, '2023-03-02 00:00:00', '2023-03-02 00:00:00', NULL, NULL, '', 1, 7, 6, NULL, '2023-03-02 15:41:32', NULL, NULL, 0, 43, '0.000', NULL, NULL, NULL, NULL, 15, NULL, NULL, NULL, 1, 1),
(381, 'DS-HIGH-2', 5, 'Application - 88', 'Molding Request', '', NULL, '', 'E000000675', NULL, NULL, 44, NULL, NULL, '2023-03-20 00:00:00', NULL, NULL, '2023-03-13 00:00:00', '2023-03-01 00:00:00', NULL, NULL, '', 1, 7, 6, NULL, '2023-03-03 10:26:17', NULL, NULL, 0, 63, '0.000', NULL, NULL, NULL, NULL, 15, NULL, NULL, NULL, 1, 1),
(382, 'AE-MEDIUM-25', 5, 'Application - 89', 'Tooling Request', 'NAI', NULL, '', 'E000000783', NULL, NULL, 45, NULL, NULL, '2023-03-06 00:00:00', NULL, NULL, '2023-03-03 00:00:00', '2023-03-03 00:00:00', NULL, NULL, '', 1, 7, 6, NULL, '2023-03-03 14:29:55', NULL, NULL, 0, 44, '0.000', NULL, NULL, NULL, NULL, 15, NULL, NULL, NULL, 1, 1),
(383, 'AE-LOW-40', 47, 'Application - 90', 'Tooling request', 'NAI', NULL, '', 'E000000788', NULL, NULL, 45, NULL, NULL, '2023-03-07 00:00:00', NULL, NULL, '2023-03-06 00:00:00', '2023-03-06 00:00:00', NULL, NULL, '', 1, 7, 6, NULL, '2023-03-06 11:18:17', NULL, NULL, 0, 43, '0.000', NULL, NULL, NULL, NULL, 15, NULL, NULL, NULL, 1, 1),
(384, 'DD-LOW-4', 57, 'Application - 91', 'Update ITEM 03 length in drawing BOM', 'NAI', NULL, '', '', NULL, NULL, 47, NULL, NULL, '2023-03-06 00:00:00', NULL, NULL, '2023-03-06 00:00:00', '2023-03-06 00:00:00', NULL, NULL, '', 1, 7, 6, NULL, '2023-03-06 13:43:11', NULL, NULL, 0, 55, '0.000', NULL, NULL, NULL, NULL, 16, NULL, NULL, NULL, 1, 2),
(385, 'AE-MEDIUM-26', 46, 'Application - 92', 'Tooling Request', 'NAI', NULL, '', 'E000000785', NULL, NULL, 46, NULL, NULL, '2023-03-08 00:00:00', NULL, NULL, NULL, '2023-03-06 00:00:00', NULL, NULL, '', 1, 7, 6, NULL, '2023-03-07 07:23:46', NULL, NULL, 0, 44, '0.000', NULL, NULL, NULL, NULL, 15, NULL, NULL, NULL, 1, 1),
(386, 'DD-HIGH-2', 55, 'Application - 93', 'Create Drawing NAI-1963-XXXM ', '', NULL, '', '', NULL, NULL, 47, NULL, NULL, '2023-03-13 00:00:00', NULL, NULL, '2023-03-07 00:00:00', '2023-03-07 00:00:00', NULL, NULL, '', 1, 7, 6, NULL, '2023-03-07 09:48:46', NULL, NULL, 0, 48, '0.000', NULL, NULL, NULL, NULL, 16, NULL, NULL, NULL, 1, 2),
(387, 'DS-HIGH-3', 38, 'Application - 94', 'HARNESS ASSEMBLY IMPROVEMENTS', 'NAI', NULL, '', '', NULL, NULL, 43, NULL, NULL, '2023-04-03 00:00:00', NULL, NULL, NULL, '2023-03-02 00:00:00', NULL, NULL, '', 1, 6, 6, NULL, '2023-03-07 10:12:58', NULL, NULL, 0, 60, '0.000', NULL, NULL, NULL, NULL, 16, NULL, NULL, NULL, 1, 2),
(388, 'DD-HIGH-3', 38, 'Application - 95', 'Create EV connector 3D models for Quoting', '', NULL, '', '', NULL, NULL, 43, NULL, NULL, '2023-03-13 00:00:00', NULL, NULL, '2023-03-13 00:00:00', '2023-03-07 00:00:00', NULL, NULL, '', 1, 7, 6, NULL, '2023-03-07 11:06:25', NULL, NULL, 0, 48, '0.000', NULL, NULL, NULL, NULL, 16, NULL, NULL, NULL, 1, 2),
(389, 'AE-LOW-41', 5, 'Application - 96', 'Tooling request', '', NULL, '', 'E0000000321', NULL, NULL, 46, NULL, NULL, '2023-03-08 00:00:00', NULL, NULL, '2023-03-09 00:00:00', '2023-03-07 00:00:00', NULL, NULL, '', 1, 7, 6, NULL, '2023-03-08 08:04:50', NULL, NULL, 0, 43, '0.000', NULL, NULL, NULL, NULL, 15, NULL, NULL, NULL, 1, 1),
(390, 'AE-MEDIUM-27', 55, 'Application - 97', 'Alternatives', 'NAI', NULL, '', 'E000000772', NULL, NULL, 46, NULL, NULL, '2023-03-09 00:00:00', NULL, NULL, NULL, '2023-03-08 00:00:00', NULL, NULL, '', 1, 7, 6, NULL, '2023-03-08 08:09:03', NULL, NULL, 0, 26, '0.000', NULL, NULL, NULL, NULL, 15, NULL, NULL, NULL, 1, 1),
(391, 'AE-LOW-42', 43, 'Application - 98', 'Tooling Request', 'NAI', NULL, '', 'E000000790', NULL, NULL, 45, NULL, NULL, '2023-03-08 00:00:00', NULL, NULL, '2023-03-08 00:00:00', '2023-03-08 00:00:00', NULL, NULL, '', 1, 7, 6, NULL, '2023-03-08 08:16:47', NULL, NULL, 0, 43, '0.000', NULL, NULL, NULL, NULL, 15, NULL, NULL, NULL, 1, 1),
(392, 'AE-LOW-43', 58, 'Application - 99', 'Alternative H031081', 'NAI', NULL, '', '', NULL, NULL, 46, NULL, NULL, '2023-03-08 00:00:00', NULL, NULL, '2023-03-08 00:00:00', '2023-03-08 00:00:00', NULL, NULL, '', 1, 7, 6, NULL, '2023-03-08 12:05:28', NULL, NULL, 0, 25, '0.000', NULL, NULL, NULL, NULL, 15, NULL, NULL, NULL, 1, 2),
(393, 'AE-LOW-44', 55, 'Application - 100', 'Tooling Request', 'NAI', NULL, '', 'E000000772', NULL, NULL, 45, NULL, NULL, '2023-03-08 00:00:00', NULL, NULL, '2023-03-08 00:00:00', '2023-03-08 00:00:00', NULL, NULL, '', 1, 7, 6, NULL, '2023-03-09 07:52:53', NULL, NULL, 0, 43, '0.000', NULL, NULL, NULL, NULL, 15, NULL, NULL, NULL, 1, 1),
(394, 'AE-HIGH-11', 38, 'Application - 101', 'Alternative N030460', '', NULL, '', '', NULL, NULL, 45, NULL, NULL, NULL, NULL, NULL, '2023-03-17 00:00:00', '2023-03-08 00:00:00', NULL, NULL, '', 1, 7, 6, NULL, '2023-03-09 08:15:02', NULL, NULL, 0, 27, '0.000', NULL, NULL, NULL, NULL, 15, NULL, NULL, NULL, 1, 2),
(395, 'AE-LOW-45', 5, 'Application - 102', 'Tooling Request', '', NULL, '', 'E000000818', NULL, NULL, 45, NULL, NULL, '2023-03-09 00:00:00', NULL, NULL, '2023-03-09 00:00:00', '2023-03-08 00:00:00', NULL, NULL, '', 1, 7, 6, NULL, '2023-03-09 09:04:45', NULL, NULL, 0, 43, '0.000', NULL, NULL, NULL, NULL, 15, NULL, NULL, NULL, 1, 1),
(396, 'AE-LOW-46', 38, 'Application - 103', 'Alternative N030962', 'NAI', NULL, '', '', NULL, NULL, 45, NULL, NULL, '2023-03-09 00:00:00', NULL, NULL, '2023-03-09 00:00:00', '2023-03-08 00:00:00', NULL, NULL, '', 1, 7, 6, NULL, '2023-03-09 09:50:14', NULL, NULL, 0, 25, '0.000', NULL, NULL, NULL, NULL, 15, NULL, NULL, NULL, 1, 2),
(397, 'AE-LOW-47', 47, 'Application - 104', 'Tooling Request', '', NULL, '', 'E000000825', NULL, NULL, 45, NULL, NULL, '2023-03-09 00:00:00', NULL, NULL, '2023-03-09 00:00:00', '2023-03-09 00:00:00', NULL, NULL, '', 1, 7, 6, NULL, '2023-03-09 10:19:50', NULL, NULL, 0, 43, '0.000', NULL, NULL, NULL, NULL, 15, NULL, NULL, NULL, 1, 1),
(398, 'AE-MEDIUM-28', 24, 'Application - 105', 'Alternative Cables', '', NULL, '', 'E000000666', NULL, NULL, 46, NULL, NULL, '2023-03-10 00:00:00', NULL, NULL, '2023-03-09 00:00:00', '2023-03-09 00:00:00', NULL, NULL, '', 1, 7, 6, NULL, '2023-03-09 10:32:42', NULL, NULL, 0, 26, '0.000', NULL, NULL, NULL, NULL, 15, NULL, NULL, NULL, 1, 1),
(399, 'AE-MEDIUM-29', 5, 'Application - 106', 'Tooling Request', '', NULL, '', 'E000000814', NULL, NULL, 45, NULL, NULL, '2023-03-13 00:00:00', NULL, NULL, '2023-03-13 00:00:00', '2023-03-10 00:00:00', NULL, NULL, '', 1, 7, 6, NULL, '2023-03-13 10:57:57', NULL, NULL, 0, 44, '0.000', NULL, NULL, NULL, NULL, 15, NULL, NULL, NULL, 1, 1),
(400, 'AE-LOW-48', 37, 'Application - 107', 'Tooling Request', 'NAI', NULL, '', 'E000000829', NULL, NULL, 46, NULL, NULL, '2023-03-13 00:00:00', NULL, NULL, '2023-03-13 00:00:00', '2023-03-13 00:00:00', NULL, NULL, '', 1, 7, 6, NULL, '2023-03-13 11:54:46', NULL, NULL, 0, 43, '0.000', NULL, NULL, NULL, NULL, 15, NULL, NULL, NULL, 1, 1),
(408, 'AE-LOW-49', 1, 'Application - 108', 'Tooling Request', '', NULL, '', '', NULL, NULL, 46, NULL, NULL, '2023-03-15 00:00:00', NULL, NULL, '2023-04-03 00:00:00', '2023-03-14 00:00:00', NULL, NULL, '', 1, 7, 19, NULL, '2023-03-14 10:32:50', NULL, NULL, 0, 43, '0.000', NULL, NULL, NULL, NULL, 3, NULL, NULL, NULL, 1, 1),
(410, 'DD-LOW-5', 55, 'Application - 110', 'Actualizacion del DWG: NAI-1963-XXXM conector obsoleto ', 'NAI', NULL, '', '', NULL, NULL, 47, NULL, NULL, '2023-03-15 00:00:00', NULL, NULL, NULL, '2023-03-15 00:00:00', NULL, NULL, '', 1, 7, 19, NULL, '2023-03-15 07:22:28', NULL, NULL, 0, 55, '0.000', NULL, NULL, NULL, NULL, 16, NULL, NULL, NULL, 1, 2),
(411, 'AE-LOW-50', 47, 'Application - 111', 'Tooling request_NAI VAF Cost Reduction', '', NULL, '', 'E000000841', NULL, NULL, 45, NULL, NULL, '2023-03-15 00:00:00', NULL, NULL, '2023-03-15 00:00:00', '2023-03-15 00:00:00', NULL, NULL, '', 1, 7, 19, NULL, '2023-03-15 08:45:41', NULL, NULL, 0, 43, '0.000', NULL, NULL, NULL, NULL, 15, NULL, NULL, NULL, 1, 1),
(413, 'DD-LOW-6', 53, 'Application - 112', 'Update P.060424-LKWDCOMA', 'NAI', NULL, '', '', NULL, NULL, 49, NULL, NULL, '2023-03-21 00:00:00', NULL, NULL, '2023-03-21 00:00:00', '2023-03-21 00:00:00', NULL, NULL, '', 1, 7, 19, NULL, '2023-03-21 10:51:21', NULL, NULL, 0, 55, '0.000', NULL, NULL, NULL, NULL, 16, NULL, NULL, NULL, 1, 2),
(414, 'AE-MEDIUM-30', 5, 'Application - 113', 'Alternatives L040197/ L040198', 'NAI', NULL, '', 'E000000866', NULL, NULL, 45, NULL, NULL, '2023-03-21 00:00:00', NULL, NULL, '2023-03-21 00:00:00', '2023-03-15 00:00:00', NULL, NULL, '', 1, 7, 6, NULL, '2023-03-22 10:15:29', NULL, NULL, 0, 26, '0.000', NULL, NULL, NULL, NULL, 15, NULL, NULL, NULL, 1, 1),
(415, 'AE-MEDIUM-31', 38, 'Application - 114', 'Alternatives Sleeving/ Mesh', '', NULL, '', '', NULL, NULL, 45, NULL, NULL, '2023-03-22 00:00:00', NULL, NULL, '2023-03-22 00:00:00', '2023-03-21 00:00:00', NULL, NULL, '', 1, 7, 6, NULL, '2023-03-22 10:20:52', NULL, NULL, 0, 26, '0.000', NULL, NULL, NULL, NULL, 15, NULL, NULL, NULL, 1, 1),
(416, 'AE-HIGH-12', 5, 'Application - 115', 'Alternatives Cables', '', NULL, '', '', NULL, NULL, 46, NULL, NULL, NULL, NULL, NULL, '2023-03-22 00:00:00', '2023-03-21 00:00:00', NULL, NULL, '', 1, 7, 6, NULL, '2023-03-22 10:24:37', NULL, NULL, 0, 27, '0.000', NULL, NULL, NULL, NULL, 15, NULL, NULL, NULL, 1, 1),
(417, 'AE-MEDIUM-32', 38, 'Application - 116', 'Alternative E010630', '', NULL, '', '', NULL, NULL, 46, NULL, NULL, NULL, NULL, NULL, '2023-03-22 00:00:00', '2023-03-22 00:00:00', NULL, NULL, '', 1, 7, 6, NULL, '2023-03-22 10:26:56', NULL, NULL, 0, 26, '0.000', NULL, NULL, NULL, NULL, 15, NULL, NULL, NULL, 1, 4),
(418, 'DD-LOW-7', 53, 'Application - 117', 'P.077363 - WRDNWA01-4504061816', '', NULL, '', '', NULL, NULL, 47, NULL, NULL, '2023-03-22 00:00:00', NULL, NULL, '2023-03-22 00:00:00', '2023-03-21 00:00:00', NULL, NULL, '', 1, 7, 6, NULL, '2023-03-22 10:57:48', NULL, NULL, 0, 55, '0.000', NULL, NULL, NULL, NULL, 16, NULL, NULL, NULL, 1, 4),
(419, 'DD-HIGH-4', 11, 'Application - 118', 'TK-47583R Production Comments/Improvements', '', NULL, '', '', NULL, NULL, 47, NULL, NULL, '2023-03-23 00:00:00', NULL, NULL, '2023-03-23 00:00:00', '2023-03-22 00:00:00', NULL, NULL, '', 1, 7, 6, NULL, '2023-03-23 11:11:47', NULL, NULL, 0, 57, '0.000', NULL, NULL, NULL, NULL, 16, NULL, NULL, NULL, 1, 4),
(420, 'DS-HIGH-4', 59, 'Application - 119', 'Cable DWGs Procept – BIOROBOTICS ', '', NULL, '', '', NULL, NULL, 47, NULL, NULL, '2023-04-17 00:00:00', NULL, NULL, NULL, '2023-03-17 00:00:00', NULL, NULL, '', 1, 7, 6, NULL, '2023-03-23 15:48:05', NULL, NULL, 0, 60, '0.000', NULL, NULL, NULL, NULL, 3, NULL, NULL, NULL, 1, 3),
(421, 'DD-LOW-8', 60, 'Application - 120', 'Soporte Visualización CAD 3D', 'NAI', NULL, '', '', NULL, NULL, 49, NULL, NULL, '2023-03-24 00:00:00', NULL, NULL, NULL, '2023-03-24 00:00:00', NULL, NULL, '', 1, 7, 6, NULL, '2023-03-24 15:19:11', NULL, NULL, 0, 46, '0.000', NULL, NULL, NULL, NULL, 16, NULL, NULL, NULL, 1, 1),
(422, 'AE-MEDIUM-33', 5, 'Application - 121', 'Tooling Request', '', NULL, '', 'E000000891', NULL, NULL, 45, NULL, NULL, '2023-03-27 00:00:00', NULL, NULL, '2023-03-27 00:00:00', '2023-03-27 00:00:00', NULL, NULL, '', 1, 7, 6, NULL, '2023-03-27 12:16:06', NULL, NULL, 0, 44, '0.000', NULL, NULL, NULL, NULL, 15, NULL, NULL, NULL, 1, 1),
(423, 'AE-MEDIUM-34', 38, 'Application - 122', 'Alternative Wires', '', NULL, '', '', NULL, NULL, 46, NULL, NULL, '2023-03-28 00:00:00', NULL, NULL, '2023-03-28 00:00:00', '2023-03-24 00:00:00', NULL, NULL, '', 1, 7, 6, NULL, '2023-03-28 11:05:50', NULL, NULL, 0, 26, '0.000', NULL, NULL, NULL, NULL, 15, NULL, NULL, NULL, 1, 1),
(424, 'AE-LOW-51', 37, 'Application - 123', 'Tooling Request E000000910', '', NULL, '', 'E000000910', NULL, NULL, 45, NULL, NULL, '2023-03-28 00:00:00', NULL, NULL, '2023-03-28 00:00:00', '2023-03-27 00:00:00', NULL, NULL, '', 1, 7, 6, NULL, '2023-03-28 11:09:32', NULL, NULL, 0, 43, '0.000', NULL, NULL, NULL, NULL, 15, NULL, NULL, NULL, 1, 1),
(425, 'AE-MEDIUM-35', 46, 'Application - 124', 'Tooling request E000000909', 'NAI', NULL, '', 'E000000909', NULL, NULL, 45, NULL, NULL, '2023-03-28 00:00:00', NULL, NULL, '2023-03-28 00:00:00', '2023-03-27 00:00:00', NULL, NULL, '', 1, 7, 6, NULL, '2023-03-28 11:12:23', NULL, NULL, 0, 44, '0.000', NULL, NULL, NULL, NULL, 15, NULL, NULL, NULL, 1, 1),
(426, 'AE-LOW-52', 61, 'Application - 125', 'Alternatives G041500/ A070400', '', NULL, '', '', NULL, NULL, 46, NULL, NULL, '2023-03-28 00:00:00', NULL, NULL, '2023-03-28 00:00:00', '2023-03-28 00:00:00', NULL, NULL, '', 1, 7, 6, NULL, '2023-03-28 11:18:29', NULL, NULL, 0, 25, '0.000', NULL, NULL, NULL, NULL, 15, NULL, NULL, NULL, 1, 4),
(427, 'DD-LOW-9', 11, 'Application - 126', 'Change revision level of drawings', '', NULL, '', '', NULL, NULL, 47, NULL, NULL, '2023-03-28 00:00:00', NULL, NULL, '2023-03-30 00:00:00', '2023-03-28 00:00:00', NULL, NULL, '', 1, 7, 6, NULL, '2023-03-28 11:27:55', NULL, NULL, 0, 55, '0.000', NULL, NULL, NULL, NULL, 16, NULL, NULL, NULL, 1, 2),
(428, 'AE-LOW-53', 46, 'Application - 127', 'Tooling request E000000916', 'NAI', NULL, '', 'E000000916', NULL, NULL, 45, NULL, NULL, '2023-03-28 00:00:00', NULL, NULL, '2023-03-28 00:00:00', '2023-03-28 00:00:00', NULL, NULL, '', 1, 7, 6, NULL, '2023-03-28 14:00:55', NULL, NULL, 0, 43, '0.000', NULL, NULL, NULL, NULL, 15, NULL, NULL, NULL, 1, 1),
(429, 'AE-LOW-54', 62, 'Application - 128', 'Tooling Request E000000877', 'NAI', NULL, '', 'E000000877', NULL, NULL, 45, NULL, NULL, '2023-03-28 00:00:00', NULL, NULL, '2023-03-28 00:00:00', '2023-03-23 00:00:00', NULL, NULL, '', 1, 7, 6, NULL, '2023-03-28 14:04:23', NULL, NULL, 0, 43, '0.000', NULL, NULL, NULL, NULL, 15, NULL, NULL, NULL, 1, 1),
(430, 'DD-LOW-10', 48, 'Application - 129', 'Update label info in drawings', '', NULL, '', '', NULL, NULL, 49, NULL, NULL, '2023-03-30 00:00:00', NULL, NULL, '2023-03-30 00:00:00', '2023-03-30 00:00:00', NULL, NULL, '', 1, 7, 6, NULL, '2023-03-30 13:53:19', NULL, NULL, 0, 55, '0.000', NULL, NULL, NULL, NULL, 16, NULL, NULL, NULL, 1, 2),
(431, 'AE-LOW-55', 37, 'Application - 130', 'Tooling Request E000000931', 'NAI', NULL, '', 'E000000931', NULL, NULL, 45, NULL, NULL, '2023-03-30 00:00:00', NULL, NULL, '2023-03-30 00:00:00', '2023-03-30 00:00:00', NULL, NULL, '', 1, 7, 6, NULL, '2023-03-30 15:46:18', NULL, NULL, 0, 43, '0.000', NULL, NULL, NULL, NULL, 15, NULL, NULL, NULL, 1, 1),
(432, 'AE-MEDIUM-36', 38, 'Application - 131', 'Alternatives Tubings', '', NULL, '', '', NULL, NULL, 46, NULL, NULL, '2023-03-31 00:00:00', NULL, NULL, '2023-03-30 00:00:00', '2023-03-30 00:00:00', NULL, NULL, '', 1, 7, 6, NULL, '2023-03-30 16:20:14', NULL, NULL, 0, 26, '0.000', NULL, NULL, NULL, NULL, 15, NULL, NULL, NULL, 1, 1),
(433, 'AE-LOW-56', 5, 'Application - 132', 'Tooling Request E000000938 ', 'NAI', NULL, '', 'E000000938 ', NULL, NULL, 45, NULL, NULL, '2023-03-31 00:00:00', NULL, NULL, '2023-03-31 00:00:00', '2023-03-31 00:00:00', NULL, NULL, '', 1, 7, 6, NULL, '2023-03-31 14:03:33', NULL, NULL, 0, 43, '0.000', NULL, NULL, NULL, NULL, 15, NULL, NULL, NULL, 1, 1),
(434, 'AE-HIGH-13', 1, 'Application - 133', 'ASSEMBLY AVL', 'NAI', NULL, '', '', NULL, NULL, 45, NULL, NULL, '2023-03-31 00:00:00', NULL, NULL, '2023-03-31 00:00:00', '2023-03-30 00:00:00', NULL, NULL, '', 1, 7, 6, NULL, '2023-04-03 07:22:40', NULL, NULL, 0, 27, '0.000', NULL, NULL, NULL, NULL, 15, NULL, NULL, NULL, 1, 1),
(435, 'AE-LOW-57', 55, 'Application - 134', 'Tooling Request E000000929', 'NAI', NULL, '', 'E000000929', NULL, NULL, 45, NULL, NULL, '2023-04-03 00:00:00', NULL, NULL, '2023-04-03 00:00:00', '2023-03-31 00:00:00', NULL, NULL, '', 1, 7, 6, NULL, '2023-04-03 10:21:46', NULL, NULL, 0, 43, '0.000', NULL, NULL, NULL, NULL, 15, NULL, NULL, NULL, 1, 1),
(436, 'DD-LOW-11', 53, 'Application - 135', 'Update drawings according to redlines', '', NULL, '', '', NULL, NULL, 47, NULL, NULL, '2023-04-03 00:00:00', NULL, NULL, '2023-04-10 00:00:00', '2023-04-03 00:00:00', NULL, NULL, '', 1, 7, 6, NULL, '2023-04-03 11:55:16', NULL, NULL, 0, 55, '0.000', NULL, NULL, NULL, NULL, 3, NULL, NULL, NULL, 1, 2),
(437, 'AE-MEDIUM-37', 5, 'Application - 136', 'Alternatives E000000918', '', NULL, '', 'E000000918', NULL, NULL, 46, NULL, NULL, '2023-04-04 00:00:00', NULL, NULL, '2023-04-04 00:00:00', '2023-04-03 00:00:00', NULL, NULL, '', 1, 7, 6, NULL, '2023-04-03 14:37:48', NULL, NULL, 0, 26, '0.000', NULL, NULL, NULL, NULL, 3, NULL, NULL, NULL, 1, 1),
(438, 'AE-LOW-58', 38, 'Application - 137', 'Alternatives', 'NAI', NULL, '', 'E000000731', NULL, NULL, 46, NULL, NULL, '2023-04-04 00:00:00', NULL, NULL, NULL, '2023-04-03 00:00:00', NULL, NULL, '', 1, 5, 6, NULL, '2023-04-04 07:25:22', NULL, NULL, 0, 25, '0.000', NULL, NULL, NULL, NULL, 15, NULL, NULL, NULL, 1, 1),
(439, 'AE-MEDIUM-38', 38, 'Application - 138', 'Alternatives C050038/ C050040', '', NULL, '', '', NULL, NULL, 46, NULL, NULL, '2023-04-04 00:00:00', NULL, NULL, '2023-04-04 00:00:00', '2023-04-03 00:00:00', NULL, NULL, '', 1, 7, 6, NULL, '2023-04-04 07:29:04', NULL, NULL, 0, 26, '0.000', NULL, NULL, NULL, NULL, 3, NULL, NULL, NULL, 1, 4),
(440, 'AE-MEDIUM-39', 38, 'Application - 139', 'Alternative  J010012', '', NULL, '', '', NULL, NULL, 45, NULL, NULL, '2023-04-04 00:00:00', NULL, NULL, '2023-04-04 00:00:00', '2023-04-03 00:00:00', NULL, NULL, '', 1, 7, 6, NULL, '2023-04-04 08:29:14', NULL, NULL, 0, 26, '0.000', NULL, NULL, NULL, NULL, 15, NULL, NULL, NULL, 1, 1),
(441, 'AE-HIGH-14', 61, 'Application - 140', 'Tooling Request E000000949', '', NULL, '', 'E000000949', NULL, NULL, 46, NULL, NULL, '2023-04-05 00:00:00', NULL, NULL, '2023-04-04 00:00:00', '2023-04-04 00:00:00', NULL, NULL, '', 1, 7, 6, NULL, '2023-04-04 13:46:07', NULL, NULL, 0, 45, '0.000', NULL, NULL, NULL, NULL, 3, NULL, NULL, NULL, 1, 1),
(442, 'AE-MEDIUM-40', 5, 'Application - 141', 'Alternatives', '', NULL, '', '', NULL, NULL, 46, NULL, NULL, '2023-04-10 00:00:00', NULL, NULL, '2023-04-10 00:00:00', '2023-04-05 00:00:00', NULL, NULL, '', 1, 7, 6, NULL, '2023-04-05 16:08:58', NULL, NULL, 0, 26, '0.000', NULL, NULL, NULL, NULL, 3, NULL, NULL, NULL, 1, 1),
(443, 'AE-HIGH-15', 38, 'Application - 142', 'Alternatives', '', NULL, '', 'E000000949', NULL, NULL, 45, NULL, NULL, '2023-04-10 00:00:00', NULL, NULL, '2023-04-10 00:00:00', '2023-04-05 00:00:00', NULL, NULL, '', 1, 7, 6, NULL, '2023-04-05 16:24:17', NULL, NULL, 0, 27, '0.000', NULL, NULL, NULL, NULL, 3, NULL, NULL, NULL, 1, 1),
(444, 'AE-LOW-59', 62, 'Application - 143', 'Tooling request E000000977', 'NAI', NULL, '', 'E000000977', NULL, NULL, 45, NULL, NULL, '2023-04-10 00:00:00', NULL, NULL, '2023-04-10 00:00:00', '2023-04-10 00:00:00', NULL, NULL, '', 1, 7, 6, NULL, '2023-04-10 16:08:04', NULL, NULL, 0, 43, '0.000', NULL, NULL, NULL, NULL, 3, NULL, NULL, NULL, 1, 1),
(445, 'AE-MEDIUM-41', 38, 'Application - 144', 'Alternative E030216 ', '', NULL, '', '', NULL, NULL, 45, NULL, NULL, '2023-04-11 00:00:00', NULL, NULL, '2023-04-11 00:00:00', '2023-04-10 00:00:00', NULL, NULL, '', 1, 7, 6, NULL, '2023-04-10 16:50:54', NULL, NULL, 0, 26, '0.000', NULL, NULL, NULL, NULL, 3, NULL, NULL, NULL, 1, 4),
(446, 'AE-MEDIUM-42', 5, 'Application - 145', 'Alternatives OCADO ', '', NULL, '', 'E000000859', NULL, NULL, 46, NULL, NULL, '2023-04-11 00:00:00', NULL, NULL, '2023-04-11 00:00:00', '2023-04-11 00:00:00', NULL, NULL, '', 1, 7, 6, NULL, '2023-04-11 10:24:22', NULL, NULL, 0, 26, '0.000', NULL, NULL, NULL, NULL, 3, NULL, NULL, NULL, 1, 1),
(447, 'AE-LOW-60', 5, 'Application - 146', 'Tooling request E000000963', 'NAI', NULL, '', 'E000000963', NULL, NULL, 45, NULL, NULL, '2023-04-11 00:00:00', NULL, NULL, '2023-04-11 00:00:00', '2023-04-11 00:00:00', NULL, NULL, '', 1, 7, 6, NULL, '2023-04-11 10:29:54', NULL, NULL, 0, 43, '0.000', NULL, NULL, NULL, NULL, 3, NULL, NULL, NULL, 1, 1),
(448, 'AE-HIGH-16', 38, 'Application - 147', 'ALTERNATIVES CABLES ', '', NULL, '', 'E000000772', NULL, NULL, 45, NULL, NULL, '2023-04-11 00:00:00', NULL, NULL, '2023-04-11 00:00:00', '2023-04-11 00:00:00', NULL, NULL, '', 1, 7, 6, NULL, '2023-04-11 15:31:45', NULL, NULL, 0, 27, '0.000', NULL, NULL, NULL, NULL, 3, NULL, NULL, NULL, 1, 1),
(449, 'AE-LOW-61', 46, 'Application - 148', 'Tooling request E000000965', '', NULL, '', 'E000000965', NULL, NULL, 46, NULL, NULL, '2023-04-12 00:00:00', NULL, NULL, '2023-04-12 00:00:00', '2023-04-12 00:00:00', NULL, NULL, '', 1, 7, 6, NULL, '2023-04-12 09:40:55', NULL, NULL, 0, 43, '0.000', NULL, NULL, NULL, NULL, 3, NULL, NULL, NULL, 1, 1),
(450, 'AE-LOW-62', 55, 'Application - 149', 'Alternative Connectors', '', NULL, '', '', NULL, NULL, 45, NULL, NULL, '2023-04-12 00:00:00', NULL, NULL, '2023-04-12 00:00:00', '2023-04-12 00:00:00', NULL, NULL, '', 1, 7, 6, NULL, '2023-04-12 11:41:54', NULL, NULL, 0, 25, '0.000', NULL, NULL, NULL, NULL, 3, NULL, NULL, NULL, 1, 1),
(451, 'AE-LOW-63', 55, 'Application - 150', 'Tooling request E000000929', '', NULL, '', 'E000000929', NULL, NULL, 45, NULL, NULL, '2023-04-12 00:00:00', NULL, NULL, '2023-04-12 00:00:00', '2023-04-12 00:00:00', NULL, NULL, '', 1, 7, 6, NULL, '2023-04-12 11:44:07', NULL, NULL, 0, 43, '0.000', NULL, NULL, NULL, NULL, 3, NULL, NULL, NULL, 1, 1),
(452, 'AE-MEDIUM-43', 5, 'Application - 151', 'Alternatives Cables', 'NAI', NULL, '', 'E000000703', NULL, NULL, 45, NULL, NULL, '2023-04-12 00:00:00', NULL, NULL, '2023-04-12 00:00:00', '2023-04-11 00:00:00', NULL, NULL, '', 1, 7, 6, NULL, '2023-04-12 11:50:01', NULL, NULL, 0, 26, '0.000', NULL, NULL, NULL, NULL, 3, NULL, NULL, NULL, 1, 1),
(453, 'AE-MEDIUM-44', 52, 'Application - 152', 'Tooling request E000000986', '', NULL, '', 'E000000986', NULL, NULL, 46, NULL, NULL, '2023-04-12 00:00:00', NULL, NULL, '2023-04-12 00:00:00', '2023-04-12 00:00:00', NULL, NULL, '', 1, 7, 6, NULL, '2023-04-12 13:03:59', NULL, NULL, 0, 44, '0.000', NULL, NULL, NULL, NULL, 3, NULL, NULL, NULL, 1, 1),
(454, 'DD-LOW-12', 48, 'Application - 153', 'BioSig logo redlines', '', NULL, '', '', NULL, NULL, 47, NULL, NULL, '2023-04-12 00:00:00', NULL, NULL, '2023-04-12 00:00:00', '2023-04-12 00:00:00', NULL, NULL, '', 1, 7, 6, NULL, '2023-04-12 14:44:07', NULL, NULL, 0, 55, '0.000', NULL, NULL, NULL, NULL, 3, NULL, NULL, NULL, 1, 2),
(455, 'AE-HIGH-17', 5, 'Application - 154', 'Alternative wires Jabil GE', '', NULL, '', 'E000001007', NULL, NULL, 46, NULL, NULL, '2023-04-17 00:00:00', NULL, NULL, '2023-04-17 00:00:00', '2023-04-13 00:00:00', NULL, NULL, '', 1, 7, 6, NULL, '2023-04-13 10:13:36', NULL, NULL, 0, 27, '0.000', NULL, NULL, NULL, NULL, 3, NULL, NULL, NULL, 1, 1),
(456, 'AE-MEDIUM-45', 38, 'Application - 155', 'Alternative Alpha wires', 'NAI', NULL, '', '', NULL, NULL, 45, NULL, NULL, '2023-04-13 00:00:00', NULL, NULL, '2023-04-13 00:00:00', '2023-04-13 00:00:00', NULL, NULL, '', 1, 7, 6, NULL, '2023-04-13 16:12:50', NULL, NULL, 0, 26, '0.000', NULL, NULL, NULL, NULL, 3, NULL, NULL, NULL, 1, 1),
(457, 'AE-MEDIUM-46', 5, 'Application - 156', 'Tooling request E000001009', 'NAI', NULL, '', 'E000001009', NULL, NULL, 46, NULL, NULL, '2023-04-14 00:00:00', NULL, NULL, '2023-04-14 00:00:00', '2023-04-13 00:00:00', NULL, NULL, '', 1, 7, 6, NULL, '2023-04-14 10:23:32', NULL, NULL, 0, 44, '0.000', NULL, NULL, NULL, NULL, 3, NULL, NULL, NULL, 1, 1),
(458, 'AE-LOW-64', 5, 'Application - 157', 'Tooling request E000001007', '', NULL, '', 'E000001007', NULL, NULL, 46, NULL, NULL, '2023-04-17 00:00:00', NULL, NULL, '2023-04-17 00:00:00', '2023-04-17 00:00:00', NULL, NULL, '', 1, 7, 6, NULL, '2023-04-17 07:40:26', NULL, NULL, 0, 43, '0.000', NULL, NULL, NULL, NULL, 3, NULL, NULL, NULL, 1, 1),
(459, 'AE-MEDIUM-47', 57, 'Application - 158', 'Reverse Engineering', 'NAI', NULL, '101703671', '', NULL, NULL, 47, NULL, NULL, '2023-04-21 00:00:00', NULL, NULL, NULL, '2023-04-14 00:00:00', NULL, NULL, '', 1, 7, 6, NULL, '2023-04-17 08:26:00', NULL, NULL, 0, 38, '0.000', NULL, NULL, NULL, NULL, 3, NULL, NULL, NULL, 1, 3),
(460, 'AE-LOW-65', 37, 'Application - 159', 'Tooling Request E000000990', 'NAI', NULL, '', 'E000000990', NULL, NULL, 46, NULL, NULL, '2023-04-17 00:00:00', NULL, NULL, '2023-04-17 00:00:00', '2023-04-13 00:00:00', NULL, NULL, '', 1, 7, 6, NULL, '2023-04-17 14:40:31', NULL, NULL, 0, 43, '0.000', NULL, NULL, NULL, NULL, 3, NULL, NULL, NULL, 1, 1),
(461, 'AE-LOW-66', 38, 'Application - 160', 'Alternative E010213', 'NAI', NULL, '', '', NULL, NULL, 45, NULL, NULL, '2023-04-17 00:00:00', NULL, NULL, '2023-04-17 00:00:00', '2023-04-17 00:00:00', NULL, NULL, '', 1, 7, 6, NULL, '2023-04-17 14:42:58', NULL, NULL, 0, 25, '0.000', NULL, NULL, NULL, NULL, 3, NULL, NULL, NULL, 1, 2),
(462, 'AE-MEDIUM-48', 5, 'Application - 161', 'Alternatives Price challenge', 'NAI', NULL, '', '', NULL, NULL, 45, NULL, NULL, '2023-04-17 00:00:00', NULL, NULL, '2023-04-17 00:00:00', '2023-04-13 00:00:00', NULL, NULL, '', 1, 7, 6, NULL, '2023-04-17 15:28:25', NULL, NULL, 0, 26, '0.000', NULL, NULL, NULL, NULL, 3, NULL, NULL, NULL, 1, 4),
(463, 'AE-LOW-67', 58, 'Application - 162', 'Tooling Request  E000001003', 'NAI', NULL, '', 'E000001003', NULL, NULL, 45, NULL, NULL, '2023-04-17 00:00:00', NULL, NULL, '2023-04-17 00:00:00', '2023-04-17 00:00:00', NULL, NULL, '', 1, 7, 6, NULL, '2023-04-17 15:31:09', NULL, NULL, 0, 43, '0.000', NULL, NULL, NULL, NULL, 3, NULL, NULL, NULL, 1, 1),
(464, 'DD-MEDIUM-9', 62, 'Application - 163', 'DRAWING NAI-0W10XX', 'NAI', NULL, '', '', NULL, NULL, 47, NULL, NULL, '2023-04-19 00:00:00', NULL, NULL, '2023-04-19 00:00:00', '2023-04-18 00:00:00', NULL, NULL, '', 1, 7, 6, NULL, '2023-04-19 07:50:15', NULL, NULL, 0, 47, '0.000', NULL, NULL, NULL, NULL, 3, NULL, NULL, NULL, 1, 2),
(465, 'AE-LOW-68', 38, 'Application - 164', 'Alternative N011251 ', 'NAI', NULL, '', '', NULL, NULL, 45, NULL, NULL, '2023-04-19 00:00:00', NULL, NULL, '2023-04-19 00:00:00', '2023-04-19 00:00:00', NULL, NULL, '', 1, 7, 6, NULL, '2023-04-19 10:52:30', NULL, NULL, 0, 25, '0.000', NULL, NULL, NULL, NULL, 3, NULL, NULL, NULL, 1, 1),
(466, 'AE-LOW-69', 5, 'Application - 165', 'Tooling Request E000001009', 'NAI', NULL, '', 'E000001009', NULL, NULL, 45, NULL, NULL, '2023-04-18 00:00:00', NULL, NULL, '2023-04-18 00:00:00', '2023-04-18 00:00:00', NULL, NULL, '', 1, 7, 6, NULL, '2023-04-19 11:09:19', NULL, NULL, 0, 43, '0.000', NULL, NULL, NULL, NULL, 3, NULL, NULL, NULL, 1, 1),
(467, 'AE-LOW-70', 46, 'Application - 166', 'Tooling Request E000000998', 'NAI', NULL, '', 'E000000998', NULL, NULL, 45, NULL, NULL, '2023-04-18 00:00:00', NULL, NULL, '2023-04-18 00:00:00', '2023-04-18 00:00:00', NULL, NULL, '', 1, 7, 6, NULL, '2023-04-19 11:11:26', NULL, NULL, 0, 43, '0.000', NULL, NULL, NULL, NULL, 3, NULL, NULL, NULL, 1, 1),
(468, 'AE-LOW-71', 43, 'Application - 167', 'Tooling request E000001019 ', 'NAI', NULL, '', 'E000001019', NULL, NULL, 45, NULL, NULL, '2023-04-18 00:00:00', NULL, NULL, '2023-04-18 00:00:00', '2023-04-18 00:00:00', NULL, NULL, '', 1, 7, 6, NULL, '2023-04-19 11:14:04', NULL, NULL, 0, 43, '0.000', NULL, NULL, NULL, NULL, 3, NULL, NULL, NULL, 1, 1),
(469, 'AE-MEDIUM-49', 47, 'Application - 168', 'Aternatives', 'NAI', NULL, '', '', NULL, NULL, 46, NULL, NULL, '2023-04-17 00:00:00', NULL, NULL, '2023-04-17 00:00:00', '2023-04-17 00:00:00', NULL, NULL, '', 1, 7, 6, NULL, '2023-04-19 11:16:37', NULL, NULL, 0, 26, '0.000', NULL, NULL, NULL, NULL, 3, NULL, NULL, NULL, 1, 1),
(470, 'AE-MEDIUM-50', 52, 'Application - 169', 'Alternatives E000000986', 'NAI', NULL, '', 'E000000986', NULL, NULL, 45, NULL, NULL, '2023-04-18 00:00:00', NULL, NULL, '2023-04-18 00:00:00', '2023-04-17 00:00:00', NULL, NULL, '', 1, 7, 6, NULL, '2023-04-19 11:20:33', NULL, NULL, 0, 26, '0.000', NULL, NULL, NULL, NULL, 3, NULL, NULL, NULL, 1, 1),
(471, 'AE-LOW-72', 62, 'Application - 170', 'Tooling Request E000000977', 'NAI', NULL, '', 'E000000977', NULL, NULL, 45, NULL, NULL, '2023-04-18 00:00:00', NULL, NULL, '2023-04-18 00:00:00', '2023-04-17 00:00:00', NULL, NULL, '', 1, 7, 6, NULL, '2023-04-19 11:22:55', NULL, NULL, 0, 43, '0.000', NULL, NULL, NULL, NULL, 3, NULL, NULL, NULL, 1, 2),
(472, 'AE-LOW-73', 46, 'Application - 171', 'Tooling Request E000000957', '', NULL, '', 'E000000957', NULL, NULL, 46, NULL, NULL, '2023-04-19 00:00:00', NULL, NULL, '2023-04-20 00:00:00', '2023-04-19 00:00:00', NULL, NULL, '', 1, 7, 6, NULL, '2023-04-19 12:23:36', NULL, NULL, 0, 43, '0.000', NULL, NULL, NULL, NULL, 3, NULL, NULL, NULL, 1, 1),
(473, 'AE-HIGH-18', 63, 'Application - 172', 'Reverse Engineering', '', NULL, '41142564', 'E000001029', NULL, NULL, 20, NULL, '0.000', '2023-05-05 00:00:00', NULL, NULL, NULL, '2023-04-20 00:00:00', NULL, NULL, '', 1, 7, 6, NULL, '2023-04-21 07:57:17', NULL, NULL, 0, 42, '0.000', NULL, NULL, NULL, NULL, 3, NULL, NULL, NULL, 1, 3),
(474, 'AE-MEDIUM-51', 52, 'Application - 173', 'Alternatives VITA 67', 'NAI', NULL, '', '', NULL, NULL, 45, NULL, NULL, '2023-04-21 00:00:00', NULL, NULL, NULL, '2023-04-21 00:00:00', NULL, NULL, 'RE: Kymeta MIL R2 Prototype - RF & Ethernet cables NAI', 1, 7, 20, NULL, '2023-04-21 11:08:32', NULL, NULL, 0, 26, '0.000', NULL, NULL, NULL, NULL, 3, NULL, NULL, NULL, 1, 1),
(475, 'AE-LOW-74', 37, 'Application - 174', 'ALTERNATIVE COMPARISON', 'NAI', NULL, '', '', NULL, NULL, 45, NULL, NULL, '2023-04-24 00:00:00', NULL, NULL, NULL, '2023-04-24 00:00:00', NULL, NULL, 'ALTERNATIVE COMPARISON OF E010213', 1, 7, 20, NULL, '2023-04-24 07:35:31', NULL, NULL, 0, 25, '0.000', NULL, NULL, NULL, NULL, 3, NULL, NULL, NULL, 1, 4),
(476, 'AE-LOW-75', 43, 'Application - 175', 'TOOLING REQUEST E000001019', 'NAI', NULL, '', '', NULL, NULL, 45, NULL, NULL, '2023-04-24 00:00:00', NULL, NULL, NULL, '2023-04-24 00:00:00', NULL, NULL, 'Fanuc RFQ- WE-3006747-200-XXX', 1, 7, 20, NULL, '2023-04-24 07:41:09', NULL, NULL, 0, 43, '0.000', NULL, NULL, NULL, NULL, 3, NULL, NULL, NULL, 1, 1),
(477, 'AE-LOW-76', 38, 'Application - 176', 'Alternative material', 'NAI', NULL, '', '', NULL, NULL, 46, NULL, NULL, '2023-04-24 00:00:00', NULL, NULL, NULL, '2023-04-24 00:00:00', NULL, NULL, 'RE: MECH-IM230310-56896-AUH-J&JDUE:20230420 - NAI_E000001009', 1, 7, 21, NULL, '2023-04-24 07:43:30', NULL, NULL, 0, 25, '0.000', NULL, NULL, NULL, NULL, 3, NULL, NULL, NULL, 1, 1),
(478, 'AE-MEDIUM-52', 38, 'Application - 177', 'Alternative Material', 'NAI', NULL, '', '', NULL, NULL, 46, NULL, NULL, '2023-04-21 00:00:00', NULL, NULL, '2023-04-21 00:00:00', '2023-04-20 00:00:00', NULL, NULL, 'ESTIMATE E000001031', 1, 7, 21, NULL, '2023-04-24 07:53:01', NULL, NULL, 0, 26, '0.000', NULL, NULL, NULL, NULL, 3, NULL, NULL, NULL, 1, 1),
(479, 'AE-LOW-77', 5, 'Application - 178', 'TOOLING REQUEST E000001045', 'NAI', NULL, '', '', NULL, NULL, 45, NULL, NULL, '2023-04-24 00:00:00', NULL, NULL, NULL, '2023-04-24 00:00:00', NULL, NULL, 'RE: BID TO BID RFQ MECHATRONICS - NAI', 1, 7, 20, NULL, '2023-04-24 07:55:57', NULL, NULL, 0, 43, '0.000', NULL, NULL, NULL, NULL, 3, NULL, NULL, NULL, 1, 1),
(480, 'AE-MEDIUM-53', 5, 'Application - 179', 'ALTERNATIVE MATERIAL', 'NAI', NULL, '', '', NULL, NULL, 45, NULL, NULL, '2023-04-24 00:00:00', NULL, NULL, NULL, '2023-04-24 00:00:00', NULL, NULL, 'RE: Pending Cable quote - Jabil DR site_E000000703 EJ00000752', 1, 7, 20, NULL, '2023-04-24 08:01:22', NULL, NULL, 0, 26, '0.000', NULL, NULL, NULL, NULL, 3, NULL, NULL, NULL, 1, 1),
(481, 'AE-LOW-78', 38, 'Application - 180', 'Tooling Request', 'NAI', NULL, '', '', NULL, NULL, 46, NULL, NULL, '2023-04-21 00:00:00', NULL, NULL, '2023-04-21 00:00:00', '2023-04-21 00:00:00', NULL, NULL, 'RE: RFQ-ELEMENT SHELVES ABCD CBOM', 1, 7, 21, NULL, '2023-04-24 08:02:15', NULL, NULL, 0, 43, '0.000', NULL, NULL, NULL, NULL, 3, NULL, NULL, NULL, 1, 1),
(482, 'AE-MEDIUM-54', 52, 'Application - 181', 'Tooling Request', 'NAI', NULL, '', '', NULL, NULL, 46, NULL, NULL, '2023-04-21 00:00:00', NULL, NULL, '2023-04-21 00:00:00', '2023-04-20 00:00:00', NULL, NULL, 'RE: Tooling', 1, 7, 21, NULL, '2023-04-24 08:07:30', NULL, NULL, 0, 44, '0.000', NULL, NULL, NULL, NULL, 3, NULL, NULL, NULL, 1, 1),
(483, 'AE-LOW-2', 57, 'Application - 182', 'BOM creation', 'NAI', NULL, '', '', NULL, NULL, 45, NULL, NULL, '2023-04-24 00:00:00', NULL, NULL, NULL, '2023-04-24 00:00:00', NULL, NULL, 'BOMs SALTMED', 1, 7, 20, NULL, '2023-04-24 08:09:54', NULL, NULL, 0, 31, '0.000', NULL, NULL, NULL, NULL, 3, NULL, NULL, NULL, 1, 3),
(486, 'DD-LOW-13', 57, 'Application - 183', 'SM-19-80035-1 Drawing Update', 'NAI', NULL, '', '', NULL, NULL, 47, NULL, NULL, '2023-04-25 00:00:00', NULL, NULL, NULL, '2023-04-24 00:00:00', NULL, NULL, '', 1, 7, 19, NULL, '2023-04-24 15:27:30', NULL, NULL, 0, 55, '0.000', NULL, NULL, NULL, NULL, 3, NULL, NULL, NULL, 1, 2),
(487, 'DD-LOW-14', 52, 'Application - 184', 'Coax Engineering support', '', NULL, '', '', NULL, NULL, 47, NULL, NULL, '2023-05-02 00:00:00', NULL, NULL, NULL, '2023-04-28 00:00:00', NULL, NULL, 'Pending information for the connectors ', 1, 7, 19, NULL, '2023-04-24 15:49:29', NULL, NULL, 0, 52, '0.000', NULL, NULL, NULL, NULL, 3, NULL, NULL, NULL, 1, 3),
(488, 'VT-MEDIUM-16', 38, 'EPOXY ADH-153FO A/B ', 'Alternative for  ND ', 'NAI', '0.00', '', '', NULL, '', 20, 19, NULL, '2023-05-18 00:00:00', NULL, NULL, NULL, '2023-04-25 00:00:00', NULL, NULL, '', 1, 7, 6, NULL, '2023-04-25 07:17:06', NULL, NULL, 3, 23, '0.000', NULL, NULL, NULL, NULL, 14, 6, 6, 9, 0, NULL),
(489, 'VT-MEDIUM-17', 38, 'EPOXY ADH-153T ', 'Alternative for NDT', 'NAI', '0.00', '', '', NULL, '', 20, 19, NULL, '2023-05-18 00:00:00', NULL, NULL, NULL, NULL, NULL, NULL, '', 1, 7, 6, NULL, '2023-04-25 07:32:45', NULL, NULL, 3, 23, '0.000', NULL, NULL, NULL, NULL, 14, 6, 6, 9, 0, NULL),
(490, 'DD-LOW-15', 1, 'Application - 185', 'NEX10 to NEX 10 RF jumpers', '', NULL, '4903301582', '', NULL, NULL, 1, NULL, NULL, '2023-04-25 00:00:00', NULL, NULL, NULL, '2023-04-25 00:00:00', NULL, NULL, 'M:\\DESIGN\\NWS\\AUTOCAD\\NEX10', 1, 7, 1, NULL, '2023-04-25 07:34:06', NULL, NULL, 0, 46, '0.000', NULL, NULL, NULL, NULL, 3, NULL, NULL, NULL, 1, 1),
(491, 'AE-HIGH-19', 38, 'Application - 186', 'Alternative Material', 'NAI', NULL, '', '', NULL, NULL, 46, NULL, NULL, '2023-04-25 00:00:00', NULL, NULL, '2023-04-25 00:00:00', '2023-04-24 00:00:00', NULL, NULL, 'FW: Coax FAKRA  E961', 1, 7, 21, NULL, '2023-04-25 13:33:36', NULL, NULL, 0, 27, '0.000', NULL, NULL, NULL, NULL, 3, NULL, NULL, NULL, 1, 1),
(492, 'DS-LOW-3', 53, 'Application - 187', 'P.072335 GNSN NAI cables', '', NULL, '', '', NULL, NULL, 47, NULL, NULL, '2023-04-26 00:00:00', NULL, NULL, '2023-04-26 00:00:00', '2023-04-25 00:00:00', NULL, NULL, '', 1, 7, 19, NULL, '2023-04-25 15:40:34', NULL, NULL, 0, 67, '0.000', NULL, NULL, NULL, NULL, 3, NULL, NULL, NULL, 1, 2),
(493, 'DS-MEDIUM-7', 64, 'Application - 188', 'KSM Matamores Boot Overmolding Design', '', NULL, '', '', NULL, NULL, 1, NULL, '0.000', '2023-04-28 00:00:00', NULL, NULL, NULL, '2023-04-25 00:00:00', NULL, NULL, 'M:\\DESIGN\\KSM Matamores\\KSM Matamores Boot Overmolding Design', 1, 7, 1, NULL, '2023-04-25 16:22:53', NULL, NULL, 3, 62, '0.000', NULL, 0, '2023-05-09 11:01:21', NULL, 3, NULL, NULL, NULL, 1, 2),
(494, 'AE-LOW-79', 38, 'Application - 189', 'Tooling ', 'NAI', NULL, '', '', NULL, NULL, 46, NULL, NULL, '2023-04-26 00:00:00', NULL, NULL, NULL, '2023-04-26 00:00:00', NULL, NULL, 'RE: Request for quote  ***NAI Updated Quote for Plexus Siemens Mega per Updated Revisions PO T11025584_125657 and PO 10425586 Updated RFQs', 1, 7, 21, NULL, '2023-04-26 07:59:36', NULL, NULL, 0, 43, '0.000', NULL, NULL, NULL, NULL, 3, NULL, NULL, NULL, 1, 1),
(496, 'BTP-LOW-11', 30, 'PRYSMIAN HFOC ', 'DROP CABLES', 'CUSTOMER', '0.00', '4501799298', '', NULL, '', 20, 19, '0.000', '2023-05-10 00:00:00', NULL, NULL, NULL, '2023-05-02 00:00:00', NULL, NULL, '', 1, 7, 6, NULL, '2023-05-02 07:24:13', NULL, NULL, 3, 19, '0.000', NULL, NULL, NULL, NULL, NULL, NULL, NULL, NULL, 0, NULL),
(497, 'AE-LOW-81', 57, 'Application - 191', 'Tooling Request', 'NAI', NULL, '', '', NULL, NULL, 45, NULL, NULL, '2023-05-02 00:00:00', NULL, NULL, NULL, '2023-05-02 00:00:00', NULL, NULL, 'RE: Tooling - JABIL SALTMED - 4 NEW PARTS', 1, 7, 20, NULL, '2023-05-02 07:27:19', NULL, NULL, 0, 43, '0.000', NULL, NULL, NULL, NULL, 3, NULL, NULL, NULL, 1, 1),
(498, 'AE-LOW-82', 59, 'Application - 192', 'Tooling Request 1059', 'NAI', NULL, '', '', NULL, NULL, 45, NULL, NULL, '2023-05-02 00:00:00', NULL, NULL, NULL, '2023-05-02 00:00:00', NULL, NULL, 'RE: **** NAI INTERNAL *** Drawings question - Update drawings Procept', 1, 7, 20, NULL, '2023-05-02 07:38:14', NULL, NULL, 0, 43, '0.000', NULL, NULL, NULL, NULL, 3, NULL, NULL, NULL, 1, 1),
(499, 'AE-LOW-83', 38, 'Application - 193', 'Tooling Confirmation', 'NAI', NULL, '', '', NULL, NULL, 45, NULL, NULL, '2023-05-02 00:00:00', NULL, NULL, NULL, '2023-05-02 00:00:00', NULL, NULL, 'RE: Tooling Plexus Boston.xlsx', 1, 7, 20, NULL, '2023-05-02 07:50:01', NULL, NULL, 0, 43, '0.000', NULL, NULL, NULL, NULL, 3, NULL, NULL, NULL, 1, 1),
(500, 'AE-LOW-84', 5, 'Application - 194', 'Tooling Request E000001070', 'NAI', NULL, '', '', NULL, NULL, 45, NULL, NULL, '2023-05-02 00:00:00', NULL, NULL, NULL, '2023-05-02 00:00:00', NULL, NULL, 'RE: Jabil Varian AVL Cable .xlsx', 1, 7, 20, NULL, '2023-05-02 07:54:15', NULL, NULL, 0, 43, '0.000', NULL, NULL, NULL, NULL, 3, NULL, NULL, NULL, 1, 1),
(501, 'AE-LOW-85', 38, 'Application - 195', 'Tooling Request E000000957', 'NAI', NULL, '', '', NULL, NULL, 45, NULL, NULL, '2023-05-02 00:00:00', NULL, NULL, NULL, '2023-05-02 00:00:00', NULL, NULL, 'RE: Tooling Request E000000957', 1, 7, 20, NULL, '2023-05-02 08:15:27', NULL, NULL, 0, 43, '0.000', NULL, NULL, NULL, NULL, 3, NULL, NULL, NULL, 1, 1),
(502, 'AE-MEDIUM-55', 63, 'Application - 196', 'REVERSE ENGINEER PA5063A', '', NULL, '', '', NULL, NULL, 45, NULL, NULL, '2023-05-02 00:00:00', NULL, NULL, NULL, '2023-05-02 00:00:00', NULL, NULL, 'BOM WIRE LIST & MEASUREMENTS', 1, 7, 20, NULL, '2023-05-02 08:20:28', NULL, NULL, 0, 41, '0.000', NULL, NULL, NULL, NULL, 3, NULL, NULL, NULL, 1, 3),
(503, 'AE-LOW-86', 38, 'Application - 197', 'Alternative Material', 'NAI', NULL, '', '', NULL, NULL, 45, NULL, NULL, '2023-05-02 00:00:00', NULL, NULL, NULL, '2023-05-02 00:00:00', NULL, NULL, 'RE: MECH-IM230310-56896-AUH-J&JDUE:20230420 - NAI_TOOLING E000001009', 1, 7, 20, NULL, '2023-05-02 08:35:47', NULL, NULL, 0, 25, '0.000', NULL, NULL, NULL, NULL, 3, NULL, NULL, NULL, 1, 1),
(504, 'DD-LOW-16', 53, 'Application - 198', 'Actualizacion del DWG: NAI-1963-XXXM', '', NULL, '', '', NULL, NULL, 47, NULL, NULL, '2023-05-02 00:00:00', NULL, NULL, '2023-05-02 00:00:00', '2023-05-02 00:00:00', NULL, NULL, '', 1, 7, 19, NULL, '2023-05-02 08:41:46', NULL, NULL, 0, 55, '0.000', NULL, NULL, NULL, NULL, 3, NULL, NULL, NULL, 1, 2),
(505, 'AE-LOW-87', 38, 'Application - 199', 'Tooling Request', 'NAI', NULL, '', '', NULL, NULL, 45, NULL, NULL, '2023-05-02 00:00:00', NULL, NULL, NULL, '2023-05-02 00:00:00', NULL, NULL, 'RE: **** NAI INTERNAL *** Drawings question - Update drawings Procept', 1, 7, 20, NULL, '2023-05-02 08:44:11', NULL, NULL, 0, 43, '0.000', NULL, NULL, NULL, NULL, 3, NULL, NULL, NULL, 1, 1);
INSERT INTO `proyecto` (`idProyecto`, `projectID`, `idCliente`, `nombre`, `descripcion`, `cobrarA`, `ventasPotenciales`, `PO`, `qtoNumber`, `idCuenta`, `tracking`, `idRespDiseno`, `idRespManu`, `sobreCarga`, `fechaReqCliente`, `fechaPromesa`, `fechaTentativa`, `fechaEmbarque`, `fechaInicio`, `fechaTermino`, `tiempoVida`, `notas`, `currentStage`, `idStatus`, `idUsuario`, `appTrackID`, `fechaCrea`, `longestMaterial`, `longestETA`, `prioridad`, `idTipoProyecto`, `overallComplet`, `idRepreVentas`, `awarded`, `dateAwarded`, `consTA`, `idLiderProyecto`, `idGerenteProyecto`, `idCoordinadorProyecto`, `idIngenieroQA`, `isApplication`, `idProyectoRequester`) VALUES
(506, 'AE-HIGH-20', 52, 'Application - 200', 'Kymeta MIL R2 Prototype', 'NAI', NULL, '', '', NULL, NULL, 45, NULL, NULL, '2023-05-02 00:00:00', NULL, NULL, NULL, '2023-05-02 00:00:00', NULL, NULL, '', 1, 7, 20, NULL, '2023-05-02 08:49:22', NULL, NULL, 0, 27, '0.000', NULL, NULL, NULL, NULL, 3, NULL, NULL, NULL, 1, 1),
(507, 'AE-LOW-88', 5, 'Application - 201', 'Tooling Request E000001068', 'NAI', NULL, '', '', NULL, NULL, 45, NULL, NULL, '2023-05-02 00:00:00', NULL, NULL, NULL, '2023-05-02 00:00:00', NULL, NULL, 'JABIL POWIN', 1, 7, 20, NULL, '2023-05-02 08:55:01', NULL, NULL, 0, 43, '0.000', NULL, NULL, NULL, NULL, 3, NULL, NULL, NULL, 1, 1),
(508, 'AE-LOW-89', 37, 'Application - 202', 'Tooling Request E000001083', 'NAI', NULL, '', '', NULL, NULL, 45, NULL, NULL, '2023-05-02 00:00:00', NULL, NULL, NULL, '2023-05-02 00:00:00', NULL, NULL, 'RE: RFQ MISCELANEOUS ITEMS IV GDL NAI PO ON HAND', 1, 7, 20, NULL, '2023-05-02 09:02:10', NULL, NULL, 0, 43, '0.000', NULL, NULL, NULL, NULL, 3, NULL, NULL, NULL, 1, 1),
(509, 'AE-LOW-90', 37, 'Application - 203', 'Tooling Request E000001064', 'NAI', NULL, '', '', NULL, NULL, 45, NULL, NULL, '2023-05-02 00:00:00', NULL, NULL, NULL, '2023-05-02 00:00:00', NULL, NULL, 'RE: [EXTERNAL] RFQ#00442636 for 853-034110-001 ASSY CABLE VAT PRESSURE SENSE', 1, 7, 20, NULL, '2023-05-02 09:06:11', NULL, NULL, 0, 43, '0.000', NULL, NULL, NULL, NULL, 3, NULL, NULL, NULL, 1, 1),
(510, 'AE-LOW-91', 38, 'Application - 204', 'Tooling Request E000001029', 'NAI', NULL, '', '', NULL, NULL, 45, NULL, NULL, '2023-05-02 00:00:00', NULL, NULL, NULL, '2023-05-02 00:00:00', NULL, NULL, '', 1, 7, 20, NULL, '2023-05-02 09:30:07', NULL, NULL, 0, 43, '0.000', NULL, NULL, NULL, NULL, 3, NULL, NULL, NULL, 1, 1),
(511, 'DD-LOW-17', 46, 'Application - 205', 'Baxter Alternative Label / Drawing Update', '', NULL, '', '', NULL, NULL, 47, NULL, NULL, NULL, NULL, NULL, NULL, '2023-04-28 00:00:00', NULL, NULL, '', 1, 7, 23, NULL, '2023-05-02 09:35:17', NULL, NULL, 0, 55, '0.000', NULL, NULL, NULL, NULL, 23, NULL, NULL, NULL, 1, 3),
(512, 'AE-MEDIUM-56', 37, 'Application - 206', 'Tooling Request E000001078', 'NAI', NULL, '', '', NULL, NULL, 45, NULL, NULL, '2023-05-02 00:00:00', NULL, NULL, NULL, '2023-05-02 00:00:00', NULL, NULL, 'RE: Request for Quote: JABIL Q323 RFQ/WW2303/CABLE/GLOBAL/JPN/033123 NAI_E000001078', 1, 7, 20, NULL, '2023-05-02 09:55:09', NULL, NULL, 0, 44, '0.000', NULL, NULL, NULL, NULL, 3, NULL, NULL, NULL, 1, 1),
(513, 'AE-MEDIUM-57', 38, 'Application - 207', 'Tooling request', 'NAI', NULL, '', '', NULL, NULL, 46, NULL, NULL, '2023-04-30 00:00:00', NULL, NULL, NULL, '2023-04-28 00:00:00', NULL, NULL, 'RE: [INTERNAL] [NAI+Plenty] Drawing Updates', 1, 7, 21, NULL, '2023-05-02 09:59:05', NULL, NULL, 0, 44, '0.000', NULL, NULL, NULL, NULL, 3, NULL, NULL, NULL, 1, 1),
(514, 'AE-MEDIUM-58', 38, 'Application - 208', 'Alternative ', 'NAI', NULL, '', '', NULL, NULL, 46, NULL, NULL, '2023-04-28 00:00:00', NULL, NULL, NULL, '2023-04-27 00:00:00', NULL, NULL, 'RE: RFQ // DeepSEE 2.0', 1, 7, 21, NULL, '2023-05-02 10:01:19', NULL, NULL, 0, 26, '0.000', NULL, NULL, NULL, NULL, 3, NULL, NULL, NULL, 1, 1),
(515, 'AE-LOW-92', 38, 'Application - 209', 'Component Analysis', '', NULL, '', '', NULL, NULL, 45, NULL, NULL, '2023-05-02 00:00:00', NULL, NULL, NULL, '2023-05-02 00:00:00', NULL, NULL, 'Customer requirement analysis to possible alternative TE ► Molex', 1, 7, 20, NULL, '2023-05-02 10:02:44', NULL, NULL, 0, 25, '0.000', NULL, NULL, NULL, NULL, 3, NULL, NULL, NULL, 1, 1),
(516, 'AE-MEDIUM-59', 38, 'Application - 210', 'Alternativa obsoleto', 'NAI', NULL, '', '', NULL, NULL, 46, NULL, NULL, '2023-04-27 00:00:00', NULL, NULL, NULL, '2023-04-27 00:00:00', NULL, NULL, 'CABLE OBSOLETO A060033', 1, 7, 21, NULL, '2023-05-02 10:04:06', NULL, NULL, 0, 26, '0.000', NULL, NULL, NULL, NULL, 3, NULL, NULL, NULL, 1, 4),
(517, 'AE-LOW-93', 38, 'Application - 211', 'Tooling Request', 'NAI', NULL, '', '', NULL, NULL, 46, NULL, NULL, '2023-04-27 00:00:00', NULL, NULL, NULL, '2023-04-27 00:00:00', NULL, NULL, 'TOOLING REQUEST E000001094', 1, 7, 21, NULL, '2023-05-02 10:06:50', NULL, NULL, 0, 43, '0.000', NULL, NULL, NULL, NULL, 3, NULL, NULL, NULL, 1, 1),
(518, 'AE-MEDIUM-60', 38, 'Application - 212', 'Tooling Request', 'NAI', NULL, '', '', NULL, NULL, 46, NULL, NULL, '2023-04-27 00:00:00', NULL, NULL, NULL, '2023-04-26 00:00:00', NULL, NULL, 'TOOLING REQUEST RE: NEW PROJECT AWARDED - GEN 2.0_E000001081 EJ00001149', 1, 7, 21, NULL, '2023-05-02 10:10:01', NULL, NULL, 0, 44, '0.000', NULL, NULL, NULL, NULL, 3, NULL, NULL, NULL, 1, 1),
(519, 'AE-LOW-94', 38, 'Application - 213', 'Drawings question', 'NAI', NULL, '', '', NULL, NULL, 46, NULL, NULL, '2023-04-27 00:00:00', NULL, NULL, NULL, '2023-04-27 00:00:00', NULL, NULL, 'Drawings question', 1, 7, 21, NULL, '2023-05-02 10:12:31', NULL, NULL, 0, 25, '0.000', NULL, NULL, NULL, NULL, 3, NULL, NULL, NULL, 1, 2),
(520, 'AE-MEDIUM-61', 38, 'Application - 214', 'Alternative ', 'NAI', NULL, '', '', NULL, NULL, 46, NULL, NULL, '2023-04-27 00:00:00', NULL, NULL, NULL, '2023-04-26 00:00:00', NULL, NULL, 'RE: Coax FAKRA  E961', 1, 7, 21, NULL, '2023-05-02 10:20:12', NULL, NULL, 0, 26, '0.000', NULL, NULL, NULL, NULL, 3, NULL, NULL, NULL, 1, 1),
(521, 'AE-MEDIUM-62', 38, 'Application - 215', 'Tooling Request', 'NAI', NULL, '', '', NULL, NULL, 46, NULL, NULL, '2023-04-26 00:00:00', NULL, NULL, NULL, '2023-04-25 00:00:00', NULL, NULL, ': Request for quote ***NAI Updated Quote for Plexus Siemens Mega per Updated Revisions PO T11025584_125657 and PO 10425586 Updated RFQs', 1, 7, 21, NULL, '2023-05-02 10:23:14', NULL, NULL, 0, 44, '0.000', NULL, NULL, NULL, NULL, 3, NULL, NULL, NULL, 1, 1),
(522, 'AE-LOW-95', 38, 'Application - 216', 'Alternative', 'NAI', NULL, '', '', NULL, NULL, 46, NULL, NULL, '2023-04-25 00:00:00', NULL, NULL, NULL, '2023-04-25 00:00:00', NULL, NULL, 'MATERIAL URGENTE PVD // A-0150-88204 A-0150-88206 A-0150-88207 & A-0150-88208 NAI', 1, 7, 21, NULL, '2023-05-02 10:25:24', NULL, NULL, 0, 25, '0.000', NULL, NULL, NULL, NULL, 3, NULL, NULL, NULL, 1, 4),
(523, 'AE-MEDIUM-63', 47, 'Application - 217', 'Tooling Request', 'NAI', NULL, '', 'E000000799', NULL, NULL, 46, NULL, NULL, '2023-05-02 00:00:00', NULL, NULL, NULL, '2023-05-02 00:00:00', NULL, NULL, 'Request for Quote NORTH AMERICAN INTERCONNECT LLC Due Date 03-08-2023 - QR reference - QR010263', 1, 7, 21, NULL, '2023-05-02 10:45:55', NULL, NULL, 0, 44, '0.000', NULL, NULL, NULL, NULL, 3, NULL, NULL, NULL, 1, 1),
(524, 'AE-LOW-96', 5, 'Application - 218', 'Tooling request', 'NAI', NULL, '', 'E000001106', NULL, NULL, 46, NULL, NULL, '2023-05-03 00:00:00', NULL, NULL, NULL, '2023-05-03 00:00:00', NULL, NULL, ' REV CHANGE : IL-20045681-A moving to Rev B', 1, 7, 21, NULL, '2023-05-03 07:27:44', NULL, NULL, 0, 43, '0.000', NULL, NULL, NULL, NULL, 3, NULL, NULL, NULL, 1, 1),
(525, 'AE-LOW-3', 38, 'Application - 219', 'Design Bom', 'NAI', NULL, '', '', NULL, NULL, 46, NULL, NULL, '2023-05-03 00:00:00', NULL, NULL, NULL, '2023-05-03 00:00:00', NULL, NULL, 'Estimate E000001005', 1, 7, 21, NULL, '2023-05-03 07:58:39', NULL, NULL, 0, 31, '0.000', NULL, NULL, NULL, NULL, 3, NULL, NULL, NULL, 1, 1),
(526, 'AE-HIGH-21', 65, 'Application - 220', 'MOLDING MATERIAL', '', NULL, '', '', NULL, NULL, 51, NULL, NULL, '2023-05-08 00:00:00', NULL, NULL, '2023-05-08 00:00:00', '2023-05-02 00:00:00', NULL, NULL, '', 1, 7, 6, NULL, '2023-05-03 11:28:14', NULL, NULL, 0, 27, '0.000', NULL, NULL, NULL, NULL, 23, NULL, NULL, NULL, 1, 1),
(527, 'AE-HIGH-22', 66, 'Application - 221', 'BOM FOR ASSEMBLY 5174681', 'NAI', NULL, '', '', NULL, NULL, 20, NULL, NULL, NULL, NULL, NULL, NULL, '2023-05-03 00:00:00', NULL, NULL, '', 1, 5, 6, NULL, '2023-05-03 11:36:11', NULL, NULL, 0, 33, '0.000', NULL, NULL, NULL, NULL, 3, NULL, NULL, NULL, 1, 1),
(528, 'AE-LOW-97', 38, 'Application - 222', 'Alternative material', 'NAI', NULL, '', '', NULL, NULL, 46, NULL, NULL, '2023-05-03 00:00:00', NULL, NULL, NULL, '2023-05-03 00:00:00', NULL, NULL, 'EV Charging', 1, 7, 21, NULL, '2023-05-03 15:30:42', NULL, NULL, 0, 25, '0.000', NULL, NULL, NULL, NULL, 3, NULL, NULL, NULL, 1, 1),
(529, 'DD-LOW-18', 57, 'Application - 223', ' Drawing Update for SM-19-80004-1 Wrong Wire Configuration', 'NAI', NULL, '', '', NULL, NULL, 47, NULL, NULL, '2023-05-03 00:00:00', NULL, NULL, NULL, '2023-05-03 00:00:00', NULL, NULL, '', 1, 7, 19, NULL, '2023-05-03 15:31:55', NULL, NULL, 0, 55, '0.000', NULL, NULL, NULL, NULL, 3, NULL, NULL, NULL, 1, 3),
(530, 'AE-MEDIUM-64', 38, 'Application - 224', 'Tooling request', 'NAI', NULL, '', '', NULL, NULL, 46, NULL, NULL, '2023-05-04 00:00:00', NULL, NULL, NULL, '2023-05-03 00:00:00', NULL, NULL, 'E000001109', 1, 7, 21, NULL, '2023-05-03 15:32:35', NULL, NULL, 0, 44, '0.000', NULL, NULL, NULL, NULL, 3, NULL, NULL, NULL, 1, 1),
(531, 'AE-MEDIUM-65', 5, 'Application - 225', 'JABIL PALADIN Reverse Engineering', '', NULL, '', '', NULL, NULL, NULL, NULL, '11.000', '2023-05-18 00:00:00', NULL, NULL, NULL, '2023-05-03 00:00:00', NULL, NULL, '', 1, 7, 6, NULL, '2023-05-03 15:50:41', NULL, NULL, 0, 41, '0.000', NULL, 0, '2023-05-15 11:02:28', NULL, 23, NULL, NULL, NULL, 1, 3),
(532, 'AE-HIGH-23', 60, 'Application - 226', 'MOLDING PROCESS', '', NULL, '', '', NULL, NULL, NULL, NULL, '5.000', NULL, NULL, NULL, NULL, '2023-05-04 00:00:00', NULL, NULL, '', 1, 1, 6, NULL, '2023-05-04 07:22:24', NULL, NULL, 0, 27, '0.000', NULL, NULL, NULL, NULL, 3, NULL, NULL, NULL, 1, 1),
(533, 'AE-HIGH-24', 46, 'Application - 227', 'Tooling Request', 'NAI', NULL, '', '', NULL, NULL, 46, NULL, NULL, '2023-05-05 00:00:00', NULL, NULL, NULL, '2023-05-04 00:00:00', NULL, NULL, 'E000001089', 1, 7, 21, NULL, '2023-05-04 11:47:20', NULL, NULL, 0, 45, '0.000', NULL, NULL, NULL, NULL, 3, NULL, NULL, NULL, 1, 1),
(534, 'AE-MEDIUM-66', 38, 'Application - 228', 'Alternative Material', 'NAI', NULL, '', '', NULL, NULL, 46, NULL, NULL, '2023-05-05 00:00:00', NULL, NULL, NULL, '2023-05-05 00:00:00', NULL, NULL, 'Minuta 5.03.2023 Procept', 1, 7, 21, NULL, '2023-05-05 12:19:40', NULL, NULL, 0, 26, '0.000', NULL, NULL, NULL, NULL, 3, NULL, NULL, NULL, 1, 1),
(535, 'AE-LOW-98', 5, 'Application - 229', 'Tooling Requisition E000001086', 'NAI', NULL, '', '', NULL, NULL, 45, NULL, NULL, '2023-05-08 00:00:00', NULL, NULL, NULL, '2023-05-08 00:00:00', NULL, NULL, 'Tooling for Gaylord', 1, 7, 20, NULL, '2023-05-08 08:11:44', NULL, NULL, 0, 43, '0.000', NULL, NULL, NULL, NULL, 3, NULL, NULL, NULL, 1, 1),
(536, 'AE-LOW-99', 38, 'Application - 230', 'Tooling Request E000001042', 'NAI', NULL, '', '', NULL, NULL, 45, NULL, NULL, '2023-05-08 00:00:00', NULL, NULL, NULL, '2023-05-08 00:00:00', NULL, NULL, 'Assa Abloy', 1, 7, 20, NULL, '2023-05-08 08:16:03', NULL, NULL, 0, 43, '0.000', NULL, NULL, NULL, NULL, 3, NULL, NULL, NULL, 1, 1),
(537, 'AE-LOW-100', 5, 'Application - 231', 'Tooling Request E000001106', 'NAI', NULL, '', '', NULL, NULL, 45, NULL, NULL, '2023-05-08 00:00:00', NULL, NULL, NULL, '2023-05-08 00:00:00', NULL, NULL, 'RE: REV CHANGE : IL-20045681-A moving to Rev B', 1, 7, 20, NULL, '2023-05-08 08:19:08', NULL, NULL, 0, 43, '0.000', NULL, NULL, NULL, NULL, 3, NULL, NULL, NULL, 1, 1),
(538, 'AE-LOW-101', 5, 'Application - 232', 'Tooling Request E000001085', 'NAI', NULL, '', '', NULL, NULL, 45, NULL, NULL, '2023-05-08 00:00:00', NULL, NULL, NULL, '2023-05-08 00:00:00', NULL, NULL, 'RE: BTPs AMAT BLUEBOX GDL NAI Bid To Bid', 1, 7, 20, NULL, '2023-05-08 08:40:37', NULL, NULL, 0, 43, '0.000', NULL, NULL, NULL, NULL, 3, NULL, NULL, NULL, 1, 1),
(539, 'AE-LOW-102', 52, 'Application - 233', 'Alternative Material', 'NAI', NULL, '', '', NULL, NULL, 45, NULL, NULL, '2023-05-08 00:00:00', NULL, NULL, NULL, '2023-05-08 00:00:00', NULL, NULL, 'RE: Kymeta MIL R2 Prototype - RF & Ethernet cables NAI', 1, 7, 20, NULL, '2023-05-08 08:53:55', NULL, NULL, 0, 25, '0.000', NULL, NULL, NULL, NULL, 3, NULL, NULL, NULL, 1, 1),
(540, 'AE-LOW-103', 38, 'Application - 234', 'Alternative Material A070404', 'NAI', NULL, '', '', NULL, NULL, 45, NULL, NULL, '2023-05-08 00:00:00', NULL, NULL, NULL, '2023-05-08 00:00:00', NULL, NULL, 'Buyer Mass Production', 1, 7, 20, NULL, '2023-05-08 08:58:37', NULL, NULL, 0, 25, '0.000', NULL, NULL, NULL, NULL, 3, NULL, NULL, NULL, 1, 4),
(541, 'AE-MEDIUM-67', 63, 'Application - 235', 'Alternative Material', '', NULL, '', '', NULL, NULL, 45, NULL, NULL, '2023-05-08 00:00:00', NULL, NULL, NULL, '2023-05-08 00:00:00', NULL, NULL, 'Untwsited cables', 1, 7, 20, NULL, '2023-05-08 09:09:23', NULL, NULL, 0, 26, '0.000', NULL, NULL, NULL, NULL, 3, NULL, NULL, NULL, 1, 1),
(542, 'AE-MEDIUM-68', 40, 'Application - 236', 'Alternative Material', '', NULL, '', '', NULL, NULL, NULL, NULL, '0.000', '2023-05-08 00:00:00', NULL, NULL, NULL, '2023-05-08 00:00:00', NULL, NULL, '17-2277 BK199 Alternativo', 1, 7, 20, NULL, '2023-05-08 09:20:43', NULL, NULL, 0, 26, '0.000', NULL, NULL, NULL, NULL, 23, NULL, NULL, NULL, 1, 1),
(543, 'AE-LOW-104', 52, 'Application - 237', 'Alternative Material', 'NAI', NULL, '', '', NULL, NULL, 45, NULL, NULL, '2023-05-08 00:00:00', NULL, NULL, NULL, '2023-05-08 00:00:00', NULL, NULL, 'RE: Kymeta MIL R2 Prototype - RF & Ethernet cables NAI', 1, 7, 20, NULL, '2023-05-08 09:36:32', NULL, NULL, 0, 43, '0.000', NULL, NULL, NULL, NULL, 3, NULL, NULL, NULL, 1, 1),
(544, 'AE-LOW-105', 52, 'Application - 238', 'Alternative Material', 'NAI', NULL, '', '', NULL, NULL, 45, NULL, NULL, '2023-05-08 00:00:00', NULL, NULL, NULL, '2023-05-08 00:00:00', NULL, NULL, 'RE: Kymeta MIL R2 Prototype - RF & Ethernet cables NAI', 1, 7, 20, NULL, '2023-05-08 09:41:01', NULL, NULL, 0, 25, '0.000', NULL, NULL, NULL, NULL, 3, NULL, NULL, NULL, 1, 1),
(545, 'AE-LOW-106', 37, 'Application - 239', 'Tooling Request E000001110', 'NAI', NULL, '', '', NULL, NULL, 45, NULL, NULL, '2023-05-08 00:00:00', NULL, NULL, NULL, '2023-05-08 00:00:00', NULL, NULL, 'RE: [EXTERNAL] RFQ#00444083 for 853-023631-065 ASSY CA RF GENERATOR', 1, 7, 20, NULL, '2023-05-08 09:43:51', NULL, NULL, 0, 43, '0.000', NULL, NULL, NULL, NULL, 23, NULL, NULL, NULL, 1, 1),
(546, 'AE-LOW-107', 38, 'Application - 240', 'Alternative Material', 'NAI', NULL, '', '', NULL, NULL, 45, NULL, NULL, '2023-05-08 00:00:00', NULL, NULL, NULL, '2023-05-08 00:00:00', NULL, NULL, 'RE: [EXTERNAL] AEHG Harness RFQ', 1, 7, 20, NULL, '2023-05-08 09:52:09', NULL, NULL, 0, 25, '0.000', NULL, NULL, NULL, NULL, 3, NULL, NULL, NULL, 1, 1),
(547, 'AE-LOW-108', 5, 'Application - 241', 'Tooling Request E000001116', '', NULL, '', '', NULL, NULL, 45, NULL, '0.000', '2023-05-08 00:00:00', NULL, NULL, NULL, '2023-05-08 00:00:00', NULL, NULL, 'JABIL DRESSER', 1, 7, 20, NULL, '2023-05-08 09:56:11', NULL, NULL, 0, 43, '0.000', NULL, NULL, NULL, NULL, 3, NULL, NULL, NULL, 1, 1),
(548, 'AE-LOW-4', 63, 'Application - 242', 'Individual Measurements ', 'NAI', NULL, '', '', NULL, NULL, 45, NULL, NULL, '2023-05-08 00:00:00', NULL, NULL, NULL, '2023-05-08 00:00:00', NULL, NULL, 'Took 3 hours', 1, 7, 20, NULL, '2023-05-08 10:01:55', NULL, NULL, 0, 40, '0.000', NULL, NULL, NULL, NULL, 3, NULL, NULL, NULL, 1, 1),
(549, 'AE-LOW-109', 38, 'Application - 243', 'Alternative Material', 'NAI', NULL, '', '', NULL, NULL, 45, NULL, NULL, '2023-05-08 00:00:00', NULL, NULL, NULL, '2023-05-08 00:00:00', NULL, NULL, 'RE: Soporte Moldeo 100030304B', 1, 7, 20, NULL, '2023-05-08 10:06:07', NULL, NULL, 0, 25, '0.000', NULL, NULL, NULL, NULL, 3, NULL, NULL, NULL, 1, 1),
(551, 'AE-HIGH-25', 38, 'Application - 245', 'Alternative Cost Reduction', 'NAI', NULL, '', '', NULL, NULL, 46, NULL, NULL, '2023-05-09 00:00:00', NULL, NULL, NULL, '2023-05-04 00:00:00', NULL, NULL, 'NAI VAF COST REDUCTION', 1, 7, 21, NULL, '2023-05-09 07:51:09', NULL, NULL, 0, 27, '0.000', NULL, NULL, NULL, NULL, 3, NULL, NULL, NULL, 1, 1),
(552, 'AE-MEDIUM-69', 5, 'Application - 244', 'Tooling Request', 'NAI', NULL, '', '', NULL, NULL, 46, NULL, NULL, '2023-05-09 00:00:00', NULL, NULL, NULL, '2023-05-09 00:00:00', NULL, NULL, 'E000001131', 1, 7, 21, NULL, '2023-05-09 10:09:55', NULL, NULL, 0, 44, '0.000', NULL, NULL, NULL, NULL, 3, NULL, NULL, NULL, 1, 1),
(553, 'AE-LOW-110', 5, 'Application - 246', 'Tooling Request', 'NAI', NULL, '', '', NULL, NULL, 46, NULL, NULL, '2023-05-09 00:00:00', NULL, NULL, NULL, '2023-05-09 00:00:00', NULL, NULL, 'E000001127', 1, 7, 21, NULL, '2023-05-09 11:13:12', NULL, NULL, 0, 43, '0.000', NULL, NULL, NULL, NULL, 3, NULL, NULL, NULL, 1, 1),
(554, 'AE-HIGH-26', 38, 'Application - 247', 'Tooling Request', 'NAI', NULL, '', '', NULL, NULL, 46, NULL, NULL, '2023-05-11 00:00:00', NULL, NULL, NULL, '2023-05-09 00:00:00', NULL, NULL, 'E000001109', 1, 7, 21, NULL, '2023-05-09 11:34:30', NULL, NULL, 0, 45, '0.000', NULL, NULL, NULL, NULL, 3, NULL, NULL, NULL, 1, 1),
(555, 'AE-LOW-111', 37, 'Application - 248', 'Tooling Request', 'NAI', NULL, '', '', NULL, NULL, 46, NULL, NULL, '2023-05-09 00:00:00', NULL, NULL, NULL, '2023-05-09 00:00:00', NULL, NULL, 'E000001132', 1, 7, 21, NULL, '2023-05-09 16:10:27', NULL, NULL, 0, 43, '0.000', NULL, NULL, NULL, NULL, 3, NULL, NULL, NULL, 1, 1),
(556, 'AE-MEDIUM-70', 38, 'Application - 249', 'Tooling Request', 'NAI', NULL, '', '', NULL, NULL, 46, NULL, NULL, '2023-05-11 00:00:00', NULL, NULL, NULL, '2023-05-10 00:00:00', NULL, NULL, 'E000001144', 1, 7, 21, NULL, '2023-05-10 07:13:40', NULL, NULL, 0, 44, '0.000', NULL, NULL, NULL, NULL, 3, NULL, NULL, NULL, 1, 1),
(557, 'AE-MEDIUM-71', 66, 'Application - 250', 'Alternative material', 'NAI', NULL, '', '', NULL, NULL, 46, NULL, NULL, '2023-05-11 00:00:00', NULL, NULL, NULL, '2023-05-10 00:00:00', NULL, NULL, 'E000001031', 1, 7, 21, NULL, '2023-05-10 13:15:26', NULL, NULL, 0, 26, '0.000', NULL, NULL, NULL, NULL, 3, NULL, NULL, NULL, 1, 1),
(558, 'AE-HIGH-27', 38, 'Application - 251', 'Alternative material', 'NAI', NULL, '', '', NULL, NULL, 46, NULL, NULL, '2023-05-12 00:00:00', NULL, NULL, NULL, '2023-05-11 00:00:00', NULL, NULL, 'E000001096', 1, 7, 21, NULL, '2023-05-11 08:32:02', NULL, NULL, 0, 27, '0.000', NULL, NULL, NULL, NULL, 3, NULL, NULL, NULL, 1, 1),
(559, 'DS-HIGH-5', 30, 'Design Assist', 'HFOC Latch Design Assistance', 'NAI', '0.00', '', '', NULL, '', 1, 19, NULL, '2023-05-19 00:00:00', NULL, NULL, NULL, '2023-05-12 00:00:00', NULL, NULL, 'M:\\DESIGN\\Prysmian\\HFOC Latch Design Assistance', 1, 7, 3, NULL, '2023-05-12 07:46:14', NULL, NULL, 3, 6, '0.000', NULL, NULL, NULL, NULL, NULL, NULL, NULL, NULL, 0, NULL),
(560, 'AE-LOW-112', 5, 'Application - 252', 'Tooling Request', 'NAI', NULL, '', '', NULL, NULL, 46, NULL, NULL, '2023-05-12 00:00:00', NULL, NULL, NULL, '2023-05-12 00:00:00', NULL, NULL, 'E000001143', 1, 7, 21, NULL, '2023-05-12 08:33:21', NULL, NULL, 0, 43, '0.000', NULL, NULL, NULL, NULL, 3, NULL, NULL, NULL, 1, 1),
(561, 'AE-LOW-113', 62, 'Application - 253', 'Tooling Request', 'NAI', NULL, '', '', NULL, NULL, 46, NULL, NULL, '2023-05-12 00:00:00', NULL, NULL, NULL, '2023-05-12 00:00:00', NULL, NULL, 'E000001157', 1, 7, 21, NULL, '2023-05-12 08:40:49', NULL, NULL, 0, 43, '0.000', NULL, NULL, NULL, NULL, 3, NULL, NULL, NULL, 1, 1),
(562, 'AE-LOW-114', 40, 'Application - 254', 'Tooling request', 'NAI', NULL, '', '', NULL, NULL, 46, NULL, NULL, '2023-05-12 00:00:00', NULL, NULL, NULL, '2023-05-12 00:00:00', NULL, NULL, 'E000001114', 1, 7, 21, NULL, '2023-05-12 11:27:28', NULL, NULL, 0, 43, '0.000', NULL, NULL, NULL, NULL, 3, NULL, NULL, NULL, 1, 1),
(563, 'AE-LOW-115', 37, 'Application - 255', 'Tooling Request', 'NAI', NULL, '', '', NULL, NULL, 46, NULL, NULL, '2023-05-12 00:00:00', NULL, NULL, NULL, '2023-05-12 00:00:00', NULL, NULL, 'E000001142', 1, 7, 21, NULL, '2023-05-12 11:40:27', NULL, NULL, 0, 43, '0.000', NULL, NULL, NULL, NULL, 3, NULL, NULL, NULL, 1, 1),
(568, 'BTP-LOW-12', 30, 'HFOC Repeteability Test  ', '', 'NAI', '0.00', '4501804266', 'E000000939', NULL, '', 20, 19, NULL, '2023-06-13 00:00:00', NULL, NULL, '2023-06-13 00:00:00', '2023-05-17 00:00:00', NULL, NULL, '', 1, 7, 6, NULL, '2023-05-17 09:09:15', NULL, NULL, 2, 19, '0.000', NULL, NULL, NULL, NULL, 14, 6, 6, 9, 0, NULL),
(569, 'AE-MEDIUM-72', 38, 'Application - 256', 'Resin Component', 'NAI', NULL, '', '', NULL, NULL, 45, NULL, NULL, '2023-05-17 00:00:00', NULL, NULL, NULL, '2023-05-17 00:00:00', NULL, NULL, 'RE: Estimate E000000233', 1, 7, 20, NULL, '2023-05-17 14:07:47', NULL, NULL, 0, 26, '0.000', NULL, NULL, NULL, NULL, 3, NULL, NULL, NULL, 1, 1),
(570, 'AE-MEDIUM-73', 63, 'Application - 257', 'Alternative Material', 'NAI', NULL, '', '', NULL, NULL, 45, NULL, NULL, '2023-05-17 00:00:00', NULL, NULL, NULL, '2023-05-17 00:00:00', NULL, NULL, 'RE: NAI - TREK - Next Projects', 1, 5, 20, NULL, '2023-05-17 14:11:01', NULL, NULL, 0, 26, '0.000', NULL, NULL, NULL, NULL, 3, NULL, NULL, NULL, 1, 1),
(571, 'AE-MEDIUM-74', 38, 'Application - 258', 'TOOLING REQUEST E000001121', 'NAI', NULL, '', '', NULL, NULL, 45, NULL, NULL, '2023-05-17 00:00:00', NULL, NULL, NULL, '2023-05-17 00:00:00', NULL, NULL, '', 1, 7, 20, NULL, '2023-05-17 14:14:00', NULL, NULL, 0, 44, '0.000', NULL, NULL, NULL, NULL, 3, NULL, NULL, NULL, 1, 1),
(572, 'DS-LOW-4', 57, 'Application - 259', 'SM-19-80035-2 DWG updated', 'NAI', NULL, '', '', NULL, NULL, 47, NULL, NULL, '2023-05-17 00:00:00', NULL, NULL, NULL, '2023-05-17 00:00:00', NULL, NULL, '', 1, 7, 19, NULL, '2023-05-17 14:14:07', NULL, NULL, 0, 67, '0.000', NULL, NULL, NULL, NULL, 3, NULL, NULL, NULL, 1, 2),
(573, 'AE-LOW-80', 63, 'Application - 260', 'BOM/WIRE LIST QUALITY CHECK', 'NAI', NULL, '', '', NULL, NULL, 45, NULL, NULL, '2023-05-17 00:00:00', NULL, NULL, NULL, '2023-05-17 00:00:00', NULL, NULL, 'PA5063A liberacion con calidad', 1, 5, 20, NULL, '2023-05-17 14:20:42', NULL, NULL, 0, 31, '0.000', NULL, NULL, NULL, NULL, 3, NULL, NULL, NULL, 1, 4),
(574, 'DS-LOW-5', 53, 'Application - 261', 'H000003255 Anixter REDLINE DWG USW-556-XXX REV 07', 'NAI', NULL, '', '', NULL, NULL, 47, NULL, NULL, '2023-05-16 00:00:00', NULL, NULL, NULL, '2023-05-16 00:00:00', NULL, NULL, '', 1, 7, 19, NULL, '2023-05-17 14:24:53', NULL, NULL, 0, 67, '0.000', NULL, NULL, NULL, NULL, 3, NULL, NULL, NULL, 1, 2),
(575, 'AE-HIGH-28', 38, 'Application - 262', 'Alternative Material', 'NAI', NULL, '', '', NULL, NULL, 45, NULL, NULL, '2023-05-17 00:00:00', NULL, NULL, NULL, '2023-05-17 00:00:00', NULL, NULL, 'RE: ***NAI INTERNAL***  International Climate Systems ICS HA-C33 Harness RFQ', 1, 7, 20, NULL, '2023-05-17 14:30:28', NULL, NULL, 0, 27, '0.000', NULL, NULL, NULL, NULL, 3, NULL, NULL, NULL, 1, 1),
(576, 'AE-LOW-116', 38, 'Application - 263', 'Tooling Request', 'NAI', NULL, '', '', NULL, NULL, 46, NULL, NULL, '2023-05-17 00:00:00', NULL, NULL, '2023-05-17 00:00:00', '2023-05-17 00:00:00', NULL, NULL, 'E000001185', 1, 7, 21, NULL, '2023-05-17 14:56:42', NULL, NULL, 0, 43, '0.000', NULL, NULL, NULL, NULL, 3, NULL, NULL, NULL, 1, 1),
(577, 'AE-LOW-117', 37, 'Application - 264', 'Tooling Request', 'NAI', NULL, '', '', NULL, NULL, 46, NULL, NULL, '2023-05-17 00:00:00', NULL, NULL, '2023-05-17 00:00:00', '2023-05-16 00:00:00', NULL, NULL, 'E000001175', 1, 7, 21, NULL, '2023-05-17 14:59:45', NULL, NULL, 0, 43, '0.000', NULL, NULL, NULL, NULL, 3, NULL, NULL, NULL, 1, 1),
(578, 'AE-MEDIUM-75', 37, 'Application - 265', 'Tooling Request', 'NAI', NULL, '', '', NULL, NULL, 46, NULL, NULL, '2023-05-16 00:00:00', NULL, NULL, NULL, '2023-05-15 00:00:00', NULL, NULL, 'E000001142', 1, 7, 21, NULL, '2023-05-17 15:03:50', NULL, NULL, 0, 44, '0.000', NULL, NULL, NULL, NULL, 3, NULL, NULL, NULL, 1, 1),
(579, 'AE-MEDIUM-76', 38, 'Application - 266', 'Tooling Request', 'NAI', NULL, '', '', NULL, NULL, 46, NULL, NULL, '2023-05-18 00:00:00', NULL, NULL, NULL, '2023-05-17 00:00:00', NULL, NULL, 'Enersys Canada', 1, 7, 21, NULL, '2023-05-17 15:07:59', NULL, NULL, 0, 44, '0.000', NULL, NULL, NULL, NULL, 3, NULL, NULL, NULL, 1, 1),
(580, 'AE-MEDIUM-77', 38, 'Application - 267', 'Tooling Request', 'NAI', NULL, '', '', NULL, NULL, 46, NULL, NULL, '2023-05-18 00:00:00', NULL, NULL, NULL, '2023-05-17 00:00:00', NULL, NULL, 'E000001165', 1, 7, 21, NULL, '2023-05-17 15:10:02', NULL, NULL, 0, 44, '0.000', NULL, NULL, NULL, NULL, 3, NULL, NULL, NULL, 1, 1),
(581, 'AE-LOW-118', 52, 'Application - 268', '115-00522-000 alterations', 'NAI', NULL, '', '', NULL, NULL, 47, NULL, NULL, '2023-05-17 00:00:00', NULL, NULL, NULL, '2023-05-17 00:00:00', NULL, NULL, '', 1, 7, 19, NULL, '2023-05-17 15:48:59', NULL, NULL, 0, 25, '0.000', NULL, NULL, NULL, NULL, 3, NULL, NULL, NULL, 1, 1),
(582, 'AE-LOW-119', 38, 'Application - 269', 'Alternative Material', '', NULL, '', '', NULL, NULL, 45, NULL, '2.000', '2023-05-17 00:00:00', NULL, NULL, NULL, '2023-05-17 00:00:00', NULL, NULL, 'RE: CAT5E/Power Cable Availability Daniel Durazo', 1, 7, 20, NULL, '2023-05-17 16:30:09', NULL, NULL, 0, 25, '0.000', NULL, NULL, NULL, NULL, 3, NULL, NULL, NULL, 1, 4),
(583, 'AE-LOW-120', 38, 'Application - 270', 'Alternative Material', '', NULL, '', '', NULL, NULL, 45, NULL, '2.000', '2023-05-18 00:00:00', NULL, NULL, NULL, '2023-05-18 00:00:00', NULL, NULL, 'RE: RFQ // DeepSEE 2.0', 1, 7, 20, NULL, '2023-05-18 07:07:39', NULL, NULL, 0, 25, '0.000', NULL, NULL, NULL, NULL, 3, NULL, NULL, NULL, 1, 1),
(584, 'AE-LOW-121', 52, 'Application - 271', 'Tooling Request E000001165', 'NAI', NULL, '', '', NULL, NULL, 45, NULL, NULL, '2023-05-18 00:00:00', NULL, NULL, NULL, '2023-05-18 00:00:00', NULL, NULL, 'RE: Additional MIL R2 parts to quote E000001165', 1, 7, 20, NULL, '2023-05-18 07:15:38', NULL, NULL, 0, 43, '0.000', NULL, NULL, NULL, NULL, 3, NULL, NULL, NULL, 1, 1),
(585, 'AE-LOW-122', 5, 'Application - 272', 'Tooling Request E000001167', 'NAI', NULL, '', '', NULL, NULL, 45, NULL, NULL, '2023-05-18 00:00:00', NULL, NULL, '2023-05-18 00:00:00', '2023-05-18 00:00:00', NULL, NULL, 'RE: Test Fixture for Jabil GDL NAI BID TO BUY', 1, 7, 20, NULL, '2023-05-18 08:04:44', NULL, NULL, 0, 43, '0.000', NULL, NULL, NULL, NULL, 3, NULL, NULL, NULL, 1, 1),
(586, 'AE-LOW-123', 37, 'Application - 273', 'Tooling Request E000001153', 'NAI', NULL, '', '', NULL, NULL, 45, NULL, NULL, '2023-05-18 00:00:00', NULL, NULL, NULL, '2023-05-18 00:00:00', NULL, NULL, 'RE: [EXTERNAL] Sydney- RFQ#00445463 for 853-233398-211 CASIG/PWRAXES1 ACTUATOR', 1, 7, 20, NULL, '2023-05-18 08:11:51', NULL, NULL, 0, 43, '0.000', NULL, NULL, NULL, NULL, 3, NULL, NULL, NULL, 1, 1),
(587, 'AE-LOW-124', 38, 'Application - 274', 'Alternative Material', 'NAI', NULL, '', '', NULL, NULL, 45, NULL, NULL, '2023-05-18 00:00:00', NULL, NULL, NULL, '2023-05-18 00:00:00', NULL, NULL, 'RE: 115-00522-000 alterations', 1, 7, 20, NULL, '2023-05-18 08:20:58', NULL, NULL, 0, 25, '0.000', NULL, NULL, NULL, NULL, 3, NULL, NULL, NULL, 1, 1),
(588, 'AE-LOW-125', 38, 'Application - 275', 'Specs', 'NAI', NULL, '', '', NULL, NULL, 45, NULL, NULL, '2023-05-18 00:00:00', NULL, NULL, NULL, '2023-05-18 00:00:00', NULL, NULL, 'RE: OPOR NAI WEEK 18 / TF116752-00-C ESCALATION', 1, 7, 20, NULL, '2023-05-18 08:27:38', NULL, NULL, 0, 25, '0.000', NULL, NULL, NULL, NULL, 3, NULL, NULL, NULL, 1, 4),
(589, 'AE-MEDIUM-78', 52, 'Application - 276', 'VITA TOOLINF AND COMPONENTS', 'NAI', NULL, '', '', NULL, NULL, 45, NULL, NULL, '2023-05-18 00:00:00', NULL, NULL, NULL, '2023-05-18 00:00:00', NULL, NULL, 'FW: [EXTERNAL] RE: 28 AWG Modular Plug Cat5e', 1, 7, 20, NULL, '2023-05-18 08:39:14', NULL, NULL, 0, 26, '0.000', NULL, NULL, NULL, NULL, 3, NULL, NULL, NULL, 1, 1),
(590, 'AE-LOW-126', 38, 'Application - 277', 'Alternative Component Side by Side', 'NAI', NULL, '', '', NULL, NULL, 45, NULL, NULL, '2023-05-18 00:00:00', NULL, NULL, NULL, '2023-05-18 00:00:00', NULL, NULL, 'RE: Item J040049 - 04-52716-0-001A', 1, 7, 20, NULL, '2023-05-18 08:47:33', NULL, NULL, 0, 25, '0.000', NULL, NULL, NULL, NULL, 3, NULL, NULL, NULL, 1, 1),
(591, 'AE-HIGH-29', 38, 'Application - 278', 'Solar Edge Tooling', 'NAI', NULL, '', '', NULL, NULL, 45, NULL, NULL, '2023-05-18 00:00:00', NULL, NULL, NULL, '2023-05-18 00:00:00', NULL, NULL, 'RE: NEW CABLES & HARNESSE DCD// TOOLING REQUEST_ E000001144 EJ00001212', 1, 7, 20, NULL, '2023-05-18 09:02:36', NULL, NULL, 0, 45, '0.000', NULL, NULL, NULL, NULL, 3, NULL, NULL, NULL, 1, 1),
(592, 'AE-MEDIUM-79', 38, 'Application - 279', 'Alternative material', 'NAI', NULL, '', '', NULL, NULL, 46, NULL, NULL, '2023-05-19 00:00:00', NULL, NULL, '2023-05-18 00:00:00', '2023-05-17 00:00:00', NULL, NULL, 'E000001185', 1, 7, 21, NULL, '2023-05-18 12:43:26', NULL, NULL, 0, 26, '0.000', NULL, NULL, NULL, NULL, 3, NULL, NULL, NULL, 1, 1),
(593, 'AE-LOW-127', 37, 'Application - 280', 'Tooling request', 'NAI', NULL, '', '', NULL, NULL, 46, NULL, NULL, '2023-05-18 00:00:00', NULL, NULL, '2023-05-18 00:00:00', '2023-05-18 00:00:00', NULL, NULL, 'E000001187', 1, 7, 21, NULL, '2023-05-18 13:15:11', NULL, NULL, 0, 43, '0.000', NULL, NULL, NULL, NULL, 3, NULL, NULL, NULL, 1, 1),
(594, 'AE-MEDIUM-80', 38, 'Application - 281', 'ALTERNATIVE SELECTION FLOW CHART', 'NAI', NULL, '', '', NULL, NULL, 45, NULL, NULL, '2023-05-18 00:00:00', NULL, NULL, NULL, '2023-05-18 00:00:00', NULL, NULL, '', 1, 7, 20, NULL, '2023-05-18 15:24:49', NULL, NULL, 0, 26, '0.000', NULL, NULL, NULL, NULL, 3, NULL, NULL, NULL, 1, 4),
(595, 'DS-LOW-6', 53, 'Application - 282', 'CCN-07102 NORTH AMERICAN INTERCONNECT', 'NAI', NULL, '', '', NULL, NULL, 47, NULL, NULL, '2023-05-19 00:00:00', NULL, NULL, NULL, '2023-05-18 00:00:00', NULL, NULL, '', 1, 7, 19, NULL, '2023-05-18 16:45:59', NULL, NULL, 0, 67, '0.000', NULL, NULL, NULL, NULL, 3, NULL, NULL, NULL, 1, 2),
(596, 'AE-MEDIUM-81', 38, 'Application - 283', 'Tooling Request', 'NAI', NULL, '', '', NULL, NULL, 46, NULL, NULL, '2023-05-19 00:00:00', NULL, NULL, NULL, '2023-05-19 00:00:00', NULL, NULL, 'E000001191', 1, 7, 21, NULL, '2023-05-19 08:31:37', NULL, NULL, 0, 44, '0.000', NULL, NULL, NULL, NULL, 3, NULL, NULL, NULL, 1, 1),
(597, 'AE-LOW-128', 37, 'Application - 284', 'tooling request E000001188', 'NAI', NULL, '', '', NULL, NULL, 52, NULL, NULL, '2023-05-19 00:00:00', NULL, NULL, NULL, '2023-05-19 00:00:00', NULL, NULL, 'tooling request E000001188', 1, 7, 24, NULL, '2023-05-19 11:21:32', NULL, NULL, 0, 43, '0.000', NULL, NULL, NULL, NULL, 3, NULL, NULL, NULL, 1, 1),
(598, 'AE-HIGH-30', 63, 'Application - 285', 'Reverse Engineering', '', NULL, '', '', NULL, NULL, NULL, NULL, '22.000', NULL, NULL, NULL, NULL, '2023-05-22 00:00:00', NULL, NULL, '', 1, 7, 6, NULL, '2023-05-22 07:30:36', NULL, NULL, 0, 42, '0.000', NULL, NULL, NULL, NULL, 23, NULL, NULL, NULL, 1, 3),
(599, 'DS-LOW-7', 59, 'Application - 286', 'NAI-P3157 add ferrite ', 'NAI', NULL, '', '', NULL, NULL, 47, NULL, NULL, '2023-05-22 00:00:00', NULL, NULL, NULL, '2023-05-19 00:00:00', NULL, NULL, '', 1, 7, 19, NULL, '2023-05-22 09:02:23', NULL, NULL, 0, 67, '0.000', NULL, NULL, NULL, NULL, 3, NULL, NULL, NULL, 1, 3),
(600, 'DD-MEDIUM-1', 67, 'Application - 287', 'Molding part', 'NAI', NULL, '', '', NULL, NULL, NULL, NULL, '0.000', '2023-05-22 00:00:00', NULL, NULL, NULL, '2023-05-22 00:00:00', NULL, NULL, '', 1, 1, 6, NULL, '2023-05-22 11:08:51', NULL, NULL, 0, 53, '0.000', NULL, NULL, NULL, NULL, 3, NULL, NULL, NULL, 1, 4),
(601, 'DD-LOW-19', 67, 'Application - 288', 'Molded Part', 'NAI', NULL, '', '', NULL, NULL, NULL, NULL, '4.000', '2023-05-22 00:00:00', NULL, NULL, NULL, '2023-05-22 00:00:00', NULL, NULL, '', 1, 1, 6, NULL, '2023-05-22 11:10:40', NULL, NULL, 0, 49, '0.000', NULL, NULL, NULL, NULL, 3, NULL, NULL, NULL, 1, 4),
(602, 'AE-MEDIUM-82', 38, 'Application - 289', 'Alternative material', 'NAI', NULL, '', '', NULL, NULL, 46, NULL, NULL, '2023-05-23 00:00:00', NULL, NULL, NULL, '2023-05-22 00:00:00', NULL, NULL, 'Alternative Material', 1, 7, 21, NULL, '2023-05-22 11:11:39', NULL, NULL, 0, 26, '0.000', NULL, NULL, NULL, NULL, 3, NULL, NULL, NULL, 1, 1),
(603, 'DD-LOW-20', 67, 'Application - 290', 'Molded part', '', NULL, '', '', NULL, NULL, 1, NULL, '4.000', '2023-05-22 00:00:00', NULL, NULL, NULL, '2023-05-22 00:00:00', NULL, NULL, 'M:\\DESIGN\\KSM Matamores\\Molded Part Tooling', 1, 6, 6, NULL, '2023-05-22 11:12:26', NULL, NULL, 0, 49, '0.000', NULL, NULL, NULL, NULL, 3, NULL, NULL, NULL, 1, 4),
(604, 'AE-HIGH-31', 46, 'Application - 291', 'Tooling request', 'NAI', NULL, '', '', NULL, NULL, 46, NULL, NULL, '2023-05-23 00:00:00', NULL, NULL, NULL, '2023-05-22 00:00:00', NULL, NULL, 'E000001200', 1, 7, 21, NULL, '2023-05-22 12:02:16', NULL, NULL, 0, 45, '0.000', NULL, NULL, NULL, NULL, 3, NULL, NULL, NULL, 1, 1),
(605, 'DD-MEDIUM-10', 61, 'Application - 292', 'Wesco-AMAT molded parts', '', NULL, '', '', NULL, NULL, 1, NULL, '0.000', NULL, NULL, NULL, NULL, '2023-05-23 00:00:00', NULL, NULL, 'M:\\DESIGN\\AMAT\\Wesco-AMAT molded parts', 1, 5, 6, NULL, '2023-05-23 08:45:10', NULL, NULL, 0, 50, '0.000', NULL, NULL, NULL, NULL, 3, NULL, NULL, NULL, 1, 1),
(606, 'AE-MEDIUM-83', 5, 'Application - 293', 'Tooling Request', 'NAI', NULL, '', '', NULL, NULL, 46, NULL, NULL, '2023-05-23 00:00:00', NULL, NULL, NULL, '2023-05-23 00:00:00', NULL, NULL, 'E000001213', 1, 7, 21, NULL, '2023-05-23 14:37:28', NULL, NULL, 0, 44, '0.000', NULL, NULL, NULL, NULL, 3, NULL, NULL, NULL, 1, 1),
(607, 'AE-LOW-129', 5, 'Application - 294', 'Tooling request', 'NAI', NULL, '', '', NULL, NULL, 46, NULL, NULL, '2023-05-23 00:00:00', NULL, NULL, NULL, '2023-05-23 00:00:00', NULL, NULL, 'E000001209', 1, 7, 21, NULL, '2023-05-23 15:33:38', NULL, NULL, 0, 43, '0.000', NULL, NULL, NULL, NULL, 3, NULL, NULL, NULL, 1, 1),
(608, 'AE-LOW-130', 5, 'Application - 295', 'Tooling request', 'NAI', NULL, '', '', NULL, NULL, 46, NULL, NULL, '2023-05-23 00:00:00', NULL, NULL, NULL, '2023-05-23 00:00:00', NULL, NULL, 'E000001197', 1, 7, 21, NULL, '2023-05-23 17:03:12', NULL, NULL, 0, 43, '0.000', NULL, NULL, NULL, NULL, 3, NULL, NULL, NULL, 1, 1),
(609, 'AE-LOW-131', 59, 'Application - 296', 'Review NAI quote', 'NAI', NULL, '', '', NULL, NULL, 52, NULL, NULL, NULL, NULL, NULL, '2023-05-23 00:00:00', '2023-05-23 00:00:00', NULL, NULL, '', 1, 7, 24, NULL, '2023-05-23 17:04:09', NULL, NULL, 0, 25, '0.000', NULL, NULL, NULL, NULL, 3, NULL, NULL, NULL, 1, 1),
(610, 'AE-LOW-132', 38, 'Application - 297', 'Comparative the button', 'NAI', NULL, '', '', NULL, NULL, 46, NULL, NULL, '2023-05-24 00:00:00', NULL, NULL, NULL, '2023-05-23 00:00:00', NULL, NULL, 'OMRON Alternatives for FANUC', 1, 7, 21, NULL, '2023-05-24 07:23:42', NULL, NULL, 0, 25, '0.000', NULL, NULL, NULL, NULL, 3, NULL, NULL, NULL, 1, 2),
(611, 'AE-MEDIUM-84', 5, 'Application - 298', 'Tooling Request', 'NAI', NULL, '', '', NULL, NULL, 46, NULL, NULL, '2023-05-24 00:00:00', NULL, NULL, NULL, '2023-05-24 00:00:00', NULL, NULL, 'E000001206', 1, 7, 21, NULL, '2023-05-24 10:33:24', NULL, NULL, 0, 44, '0.000', NULL, NULL, NULL, NULL, 3, NULL, NULL, NULL, 1, 1),
(612, 'AE-LOW-133', 38, 'Application - 299', 'Alternative Material', 'NAI', NULL, '', '', NULL, NULL, 45, NULL, NULL, '2023-05-25 00:00:00', NULL, NULL, NULL, '2023-05-25 00:00:00', NULL, NULL, 'RE: MATERIAL URGENTE PVD  //  A-0150-88204 A-0150-88206 A-0150-88207 & A-0150-88208  NAI', 1, 7, 20, NULL, '2023-05-25 09:19:39', NULL, NULL, 0, 25, '0.000', NULL, NULL, NULL, NULL, 3, NULL, NULL, NULL, 1, 1),
(613, 'AE-LOW-134', 54, 'Application - 300', 'Alternative Material', '', NULL, '', '', NULL, NULL, 45, NULL, '2.000', '2023-05-25 00:00:00', NULL, NULL, NULL, '2023-05-25 00:00:00', NULL, NULL, 'Requested by a planner', 1, 7, 20, NULL, '2023-05-25 09:47:56', NULL, NULL, 0, 25, '0.000', NULL, NULL, NULL, NULL, 3, NULL, NULL, NULL, 1, 4),
(614, 'AE-LOW-135', 38, 'Application - 301', 'Tooling Requisition', 'NAI', NULL, '', '', NULL, NULL, 45, NULL, NULL, '2023-05-25 00:00:00', NULL, NULL, NULL, '2023-05-25 00:00:00', NULL, NULL, '', 1, 7, 20, NULL, '2023-05-25 10:01:31', NULL, NULL, 0, 43, '0.000', NULL, NULL, NULL, NULL, 3, NULL, NULL, NULL, 1, 1),
(615, 'AE-LOW-136', 67, 'Application - 302', 'Wire harness sketch for quote', 'NAI', NULL, '', '', NULL, NULL, 52, NULL, NULL, NULL, NULL, NULL, '2023-05-24 00:00:00', '2023-05-23 00:00:00', NULL, NULL, '', 1, 7, 24, NULL, '2023-05-25 15:12:54', NULL, NULL, 0, 25, '0.000', NULL, NULL, NULL, NULL, 3, NULL, NULL, NULL, 1, 1),
(616, 'DD-MEDIUM-11', 59, 'Application - 303', 'PROCEPT PA25450 NAI REV CHANGE ', 'NAI', NULL, '', '', NULL, NULL, 47, NULL, NULL, '2023-05-26 00:00:00', NULL, NULL, NULL, '2023-05-26 00:00:00', NULL, NULL, '', 1, 7, 19, NULL, '2023-05-26 07:54:01', NULL, NULL, 0, 56, '0.000', NULL, NULL, NULL, NULL, 3, NULL, NULL, NULL, 1, 3),
(617, 'AE-MEDIUM-85', 55, 'Application - 304', 'Alternative material', 'NAI', NULL, '', '', NULL, NULL, 46, NULL, NULL, '2023-05-26 00:00:00', NULL, NULL, NULL, '2023-05-25 00:00:00', NULL, NULL, 'E000001189', 1, 7, 21, NULL, '2023-05-26 08:06:56', NULL, NULL, 0, 26, '0.000', NULL, NULL, NULL, NULL, 3, NULL, NULL, NULL, 1, 1),
(618, 'AE-MEDIUM-86', 46, 'Application - 305', 'Tooling Request', 'NAI', NULL, '', '', NULL, NULL, 46, NULL, NULL, '2023-05-29 00:00:00', NULL, NULL, NULL, '2023-05-29 00:00:00', NULL, NULL, 'E000001215', 1, 7, 21, NULL, '2023-05-29 07:45:06', NULL, NULL, 0, 44, '0.000', NULL, NULL, NULL, NULL, 3, NULL, NULL, NULL, 1, 1),
(619, 'AE-MEDIUM-87', 5, 'Application - 306', 'Tooling Request', 'NAI', NULL, '', '', NULL, NULL, 46, NULL, NULL, '2023-05-30 00:00:00', NULL, NULL, NULL, '2023-05-29 00:00:00', NULL, NULL, 'E000001216', 1, 7, 21, NULL, '2023-05-29 10:31:34', NULL, NULL, 0, 44, '0.000', NULL, NULL, NULL, NULL, 3, NULL, NULL, NULL, 1, 1),
(620, 'AE-MEDIUM-88', 46, 'Application - 307', 'Tooling Request', 'NAI', NULL, '', '', NULL, NULL, 46, NULL, NULL, '2023-05-30 00:00:00', NULL, NULL, NULL, '2023-05-29 00:00:00', NULL, NULL, 'E000001233', 1, 7, 21, NULL, '2023-05-29 14:34:02', NULL, NULL, 0, 44, '0.000', NULL, NULL, NULL, NULL, 3, NULL, NULL, NULL, 1, 1),
(621, 'AE-MEDIUM-89', 38, 'Application - 308', 'Alternative material', 'NAI', NULL, '', '', NULL, NULL, 46, NULL, NULL, '2023-05-30 00:00:00', NULL, NULL, NULL, '2023-05-30 00:00:00', NULL, NULL, 'E000001193', 1, 7, 21, NULL, '2023-05-30 08:17:53', NULL, NULL, 0, 26, '0.000', NULL, NULL, NULL, NULL, 3, NULL, NULL, NULL, 1, 1),
(622, 'AE-LOW-137', 38, 'Application - 309', 'Tooling Request E00001229', '', NULL, '', '', NULL, NULL, 45, NULL, '0.000', '2023-05-30 00:00:00', NULL, NULL, '2023-05-30 00:00:00', '2023-05-30 00:00:00', NULL, NULL, '', 1, 7, 20, NULL, '2023-05-30 09:59:03', NULL, NULL, 0, 43, '0.000', NULL, NULL, NULL, NULL, 3, NULL, NULL, NULL, 1, 1),
(623, 'AE-MEDIUM-90', 46, 'Application - 310', 'Alternative Solenoid', 'NAI', NULL, '', '', NULL, NULL, 45, NULL, NULL, '2023-05-30 00:00:00', NULL, NULL, NULL, '2023-05-30 00:00:00', NULL, NULL, '', 1, 7, 20, NULL, '2023-05-30 10:34:09', NULL, NULL, 0, 26, '0.000', NULL, NULL, NULL, NULL, 3, NULL, NULL, NULL, 1, 1),
(624, 'AE-LOW-138', 38, 'Application - 311', 'Comparison Alternative', 'NAI', NULL, '', '', NULL, NULL, 46, NULL, NULL, '2023-05-30 00:00:00', NULL, NULL, NULL, '2023-05-30 00:00:00', NULL, NULL, 'Comparison Alternative', 1, 7, 21, NULL, '2023-05-30 10:38:08', NULL, NULL, 0, 25, '0.000', NULL, NULL, NULL, NULL, 3, NULL, NULL, NULL, 1, 1),
(625, 'AE-LOW-139', 46, 'Application - 312', 'tooling request E000001226', 'NAI', NULL, '', 'E000001226', NULL, NULL, 52, NULL, NULL, NULL, NULL, NULL, '2023-05-30 00:00:00', '2023-05-30 00:00:00', NULL, NULL, '', 1, 7, 24, NULL, '2023-05-30 13:22:45', NULL, NULL, 0, 43, '0.000', NULL, NULL, NULL, NULL, 3, NULL, NULL, NULL, 1, 1),
(626, 'AE-MEDIUM-91', 37, 'Application - 313', 'Tooling Request', 'NAI', NULL, '', '', NULL, NULL, 46, NULL, NULL, '2023-05-31 00:00:00', NULL, NULL, NULL, '2023-05-31 00:00:00', NULL, NULL, 'E000001239', 1, 7, 21, NULL, '2023-05-31 09:36:17', NULL, NULL, 0, 44, '0.000', NULL, NULL, NULL, NULL, 3, NULL, NULL, NULL, 1, 1),
(627, 'AE-LOW-140', 38, 'Application - 314', 'Alternative Material', 'NAI', NULL, '', '', NULL, NULL, 45, NULL, NULL, '2023-05-31 00:00:00', NULL, NULL, NULL, '2023-05-31 00:00:00', NULL, NULL, 'RE: MATERIAL URGENTE PVD  //  A-0150-88204 A-0150-88206 A-0150-88207 & A-0150-88208  NAI', 1, 7, 20, NULL, '2023-05-31 09:38:55', NULL, NULL, 0, 25, '0.000', NULL, NULL, NULL, NULL, 3, NULL, NULL, NULL, 1, 1),
(628, 'AE-LOW-141', 37, 'Application - 315', 'Tooling Request E000001236', 'NAI', NULL, '', '', NULL, NULL, 45, NULL, NULL, '2023-05-31 00:00:00', NULL, NULL, NULL, '2023-05-31 00:00:00', NULL, NULL, '', 1, 7, 20, NULL, '2023-05-31 09:43:34', NULL, NULL, 0, 43, '0.000', NULL, NULL, NULL, NULL, 3, NULL, NULL, NULL, 1, 1),
(629, 'AE-LOW-142', 37, 'Application - 316', 'Tooling Request E000001248', 'NAI', NULL, '', '', NULL, NULL, 45, NULL, NULL, '2023-05-31 00:00:00', NULL, NULL, NULL, '2023-05-31 00:00:00', NULL, NULL, 'RE: [EXTERNAL] RFQ#00450731 for 853-B26268-001 CAPWRCOMBO VALVE HTR', 1, 7, 20, NULL, '2023-05-31 14:05:43', NULL, NULL, 0, 43, '0.000', NULL, NULL, NULL, NULL, 3, NULL, NULL, NULL, 1, 1),
(630, 'DS-LOW-8', 57, 'Application - 317', 'SaltMed Drawing review Part numbers 19-802616267  and 68', 'NAI', NULL, '', '', NULL, NULL, 47, NULL, NULL, '2023-06-02 00:00:00', NULL, NULL, NULL, '2023-06-01 00:00:00', NULL, NULL, '', 1, 7, 19, NULL, '2023-06-01 08:49:11', NULL, NULL, 0, 67, '0.000', NULL, NULL, NULL, NULL, 3, NULL, NULL, NULL, 1, 3),
(631, 'DS-LOW-9', 59, 'Application - 318', 'Discrepancy in Wire', 'NAI', NULL, '', '', NULL, NULL, 47, NULL, NULL, '2023-06-01 00:00:00', NULL, NULL, NULL, '2023-06-01 00:00:00', NULL, NULL, '', 1, 7, 19, NULL, '2023-06-01 10:48:00', NULL, NULL, 0, 67, '0.000', NULL, NULL, NULL, NULL, 3, NULL, NULL, NULL, 1, 2),
(632, 'AE-LOW-143', 5, 'Application - 319', 'Tooling Request E000001254', 'NAI', NULL, '', '', NULL, NULL, 45, NULL, NULL, '2023-06-01 00:00:00', NULL, NULL, NULL, '2023-06-01 00:00:00', NULL, NULL, '', 1, 7, 20, NULL, '2023-06-01 11:30:55', NULL, NULL, 0, 43, '0.000', NULL, NULL, NULL, NULL, 3, NULL, NULL, NULL, 1, 1),
(633, 'AE-LOW-144', 37, 'Application - 320', 'Tooling Request', 'NAI', NULL, '', '', NULL, NULL, 46, NULL, NULL, '2023-06-01 00:00:00', NULL, NULL, NULL, '2023-06-01 00:00:00', NULL, NULL, 'E000001251', 1, 7, 21, NULL, '2023-06-01 13:30:35', NULL, NULL, 0, 43, '0.000', NULL, NULL, NULL, NULL, 3, NULL, NULL, NULL, 1, 1),
(634, 'AE-MEDIUM-92', 38, 'Application - 321', 'Tooling Request E000001250', 'NAI', NULL, '', '', NULL, NULL, 45, NULL, NULL, '2023-06-01 00:00:00', NULL, NULL, NULL, '2023-06-01 00:00:00', NULL, NULL, 'RE: Feedback: Symbotic', 1, 7, 20, NULL, '2023-06-01 15:48:59', NULL, NULL, 0, 44, '0.000', NULL, NULL, NULL, NULL, 3, NULL, NULL, NULL, 1, 1),
(635, 'AE-MEDIUM-93', 5, 'Application - 322', 'tooling request E000001318', 'NAI', NULL, '', 'E000001318', NULL, NULL, 52, NULL, NULL, '2023-06-02 00:00:00', NULL, NULL, NULL, '2023-06-02 00:00:00', NULL, NULL, '', 1, 7, 24, NULL, '2023-06-02 14:15:51', NULL, NULL, 0, 44, '0.000', NULL, NULL, NULL, NULL, 3, NULL, NULL, NULL, 1, 1),
(636, 'AE-LOW-145', 38, 'Application - 323', 'Applicators Request', 'NAI', NULL, '', '', NULL, NULL, 45, NULL, NULL, '2023-06-05 00:00:00', NULL, NULL, NULL, '2023-06-05 00:00:00', NULL, NULL, 'Suggest different applicators besides KM', 1, 7, 20, NULL, '2023-06-05 07:35:17', NULL, NULL, 0, 43, '0.000', NULL, NULL, NULL, NULL, 3, NULL, NULL, NULL, 1, 1),
(637, 'AE-LOW-146', 38, 'Application - 324', 'Applicators Request', '', NULL, '', '', NULL, NULL, 45, NULL, '0.000', '2023-06-05 00:00:00', NULL, NULL, NULL, '2023-06-05 00:00:00', NULL, NULL, 'See if we have JST apps in NAI if not suggest them', 1, 7, 20, NULL, '2023-06-05 09:09:24', NULL, NULL, 0, 43, '0.000', NULL, NULL, NULL, NULL, 23, NULL, NULL, NULL, 1, 2),
(638, 'AE-MEDIUM-94', 38, 'Application - 325', 'Cross-Reference Samples', '', NULL, '', '', NULL, NULL, 45, NULL, '0.000', '2023-06-09 00:00:00', NULL, NULL, NULL, '2023-06-05 00:00:00', NULL, NULL, 'Cross reference D050696 with Molex app', 1, 7, 20, NULL, '2023-06-05 11:46:00', NULL, NULL, 0, 44, '0.000', NULL, NULL, NULL, NULL, 3, NULL, NULL, NULL, 1, 4),
(639, 'AE-LOW-147', 38, 'Application - 326', 'Tooling Request E000001260', 'NAI', NULL, '', '', NULL, NULL, 45, NULL, NULL, '2023-06-06 00:00:00', NULL, NULL, NULL, '2023-06-02 00:00:00', NULL, NULL, 'Quote for almost 13 million eau terminal', 1, 7, 20, NULL, '2023-06-05 11:47:08', NULL, NULL, 0, 43, '0.000', NULL, NULL, NULL, NULL, 3, NULL, NULL, NULL, 1, 1),
(640, 'AE-LOW-148', 38, 'Application - 327', 'Tooling Request E000001256', 'NAI', NULL, '', '', NULL, NULL, 45, NULL, NULL, '2023-06-05 00:00:00', NULL, NULL, NULL, '2023-06-05 00:00:00', NULL, NULL, '', 1, 7, 20, NULL, '2023-06-05 13:42:13', NULL, NULL, 0, 43, '0.000', NULL, NULL, NULL, NULL, 3, NULL, NULL, NULL, 1, 1),
(641, 'AE-LOW-149', 47, 'Application - 328', 'tooling request E000001267', 'NAI', NULL, '', 'E000001267', NULL, NULL, 52, NULL, NULL, '2023-06-05 00:00:00', NULL, NULL, NULL, '2023-06-05 00:00:00', NULL, NULL, '', 1, 7, 24, NULL, '2023-06-05 14:37:18', NULL, NULL, 0, 43, '0.000', NULL, NULL, NULL, NULL, 3, NULL, NULL, NULL, 1, 1),
(642, 'AE-LOW-150', 38, 'Application - 329', 'Tooling Request E000001272', 'NAI', NULL, '', '', NULL, NULL, 45, NULL, NULL, '2023-06-05 00:00:00', NULL, NULL, NULL, '2023-06-05 00:00:00', NULL, NULL, 'RE: [EXTERNAL] [NAI] Plenty Farm 2 Wire Harnesses Update Release Package', 1, 7, 20, NULL, '2023-06-05 16:57:05', NULL, NULL, 0, 43, '0.000', NULL, NULL, NULL, NULL, 3, NULL, NULL, NULL, 1, 1),
(643, 'DD-LOW-21', 59, 'Application - 330', 'Open issue update cable UL ', 'NAI', NULL, '', '', NULL, NULL, 47, NULL, NULL, '2023-06-06 00:00:00', NULL, NULL, NULL, '2023-06-06 00:00:00', NULL, NULL, '', 1, 7, 19, NULL, '2023-06-06 09:03:56', NULL, NULL, 0, 55, '0.000', NULL, NULL, NULL, NULL, 3, NULL, NULL, NULL, 1, 1),
(644, 'AE-LOW-151', 63, 'Application - 331', 'Tooling Request E000001278', 'NAI', NULL, '', 'E000001278', NULL, NULL, 52, NULL, NULL, '2023-06-08 00:00:00', NULL, NULL, NULL, '2023-06-06 00:00:00', NULL, NULL, '', 1, 7, 24, NULL, '2023-06-06 14:58:35', NULL, NULL, 0, 43, '0.000', NULL, NULL, NULL, NULL, 3, NULL, NULL, NULL, 1, 1),
(645, 'AE-LOW-152', 37, 'Application - 332', 'Tooling Request E000001286', 'NAI', NULL, '', 'E000001286', NULL, NULL, 52, NULL, NULL, '2023-06-07 00:00:00', NULL, NULL, NULL, '2023-06-06 00:00:00', NULL, NULL, '', 1, 7, 24, NULL, '2023-06-07 07:35:14', NULL, NULL, 0, 43, '0.000', NULL, NULL, NULL, NULL, 3, NULL, NULL, NULL, 1, 1),
(646, 'AE-LOW-153', 38, 'Application - 333', 'Tooling Request E000001272', 'NAI', NULL, '', '', NULL, NULL, 45, NULL, NULL, '2023-06-07 00:00:00', NULL, NULL, NULL, '2023-06-07 00:00:00', NULL, NULL, '', 1, 7, 20, NULL, '2023-06-07 08:16:35', NULL, NULL, 0, 43, '0.000', NULL, NULL, NULL, NULL, 3, NULL, NULL, NULL, 1, 1),
(647, 'AE-LOW-154', 52, 'Application - 334', 'Alternative Material', '', NULL, '', '', NULL, NULL, 45, NULL, '1.500', '2023-06-07 00:00:00', NULL, NULL, NULL, '2023-06-07 00:00:00', NULL, NULL, '', 1, 7, 20, NULL, '2023-06-07 08:25:28', NULL, NULL, 0, 25, '0.000', NULL, NULL, NULL, NULL, 3, NULL, NULL, NULL, 1, 4),
(648, 'AE-LOW-155', 55, 'Application - 335', 'Tooling Request E000001281', 'NAI', NULL, '', '', NULL, NULL, 45, NULL, NULL, '2023-06-07 00:00:00', NULL, NULL, NULL, '2023-06-07 00:00:00', NULL, NULL, '', 1, 7, 20, NULL, '2023-06-07 11:50:43', NULL, NULL, 0, 43, '0.000', NULL, NULL, NULL, NULL, 3, NULL, NULL, NULL, 1, 1),
(649, 'AE-MEDIUM-95', 5, 'Application - 336', 'Alternative material Span IO - Intl prices', 'NAI', NULL, '', 'E000001293', NULL, NULL, 52, NULL, NULL, '2023-06-08 00:00:00', NULL, NULL, NULL, '2023-06-07 00:00:00', NULL, NULL, '', 1, 7, 24, NULL, '2023-06-08 15:30:08', NULL, NULL, 0, 26, '0.000', NULL, NULL, NULL, NULL, 3, NULL, NULL, NULL, 1, 1),
(650, 'AE-LOW-156', 38, 'Application - 337', 'Alternative Material', 'NAI', NULL, '', '', NULL, NULL, 45, NULL, NULL, '2023-06-08 00:00:00', NULL, NULL, NULL, '2023-06-08 00:00:00', NULL, NULL, 'Alternative for a MP Planner', 1, 7, 20, NULL, '2023-06-08 15:55:23', NULL, NULL, 0, 25, '0.000', NULL, NULL, NULL, NULL, 3, NULL, NULL, NULL, 1, 4),
(651, 'AE-LOW-157', 38, 'Application - 338', 'Tooling Request E000001277', 'NAI', NULL, '', '', NULL, NULL, 45, NULL, NULL, '2023-06-08 00:00:00', NULL, NULL, NULL, '2023-06-08 00:00:00', NULL, NULL, '', 1, 7, 20, NULL, '2023-06-08 16:00:32', NULL, NULL, 0, 25, '0.000', NULL, NULL, NULL, NULL, 3, NULL, NULL, NULL, 1, 1),
(652, 'AE-LOW-158', 5, 'Application - 339', 'Tooling Analysis ', '', NULL, '', '', NULL, NULL, 45, NULL, '0.500', '2023-06-08 00:00:00', NULL, NULL, NULL, '2023-06-08 00:00:00', NULL, NULL, 'RE: Project Vegas 2 : NAI wiring harness RFQ_E000001254 EJ00001313 ***INTERNAL USE***', 1, 7, 20, NULL, '2023-06-08 16:03:24', NULL, NULL, 0, 43, '0.000', NULL, NULL, NULL, NULL, 3, NULL, NULL, NULL, 1, 1),
(653, 'AE-LOW-159', 38, 'Application - 340', 'Alternative Material L000195 ', '', NULL, '', '', NULL, NULL, 45, NULL, '1.000', '2023-06-08 00:00:00', NULL, NULL, NULL, '2023-06-08 00:00:00', NULL, NULL, 'Customer Service', 1, 7, 20, NULL, '2023-06-08 16:05:57', NULL, NULL, 0, 25, '0.000', NULL, NULL, NULL, NULL, 3, NULL, NULL, NULL, 1, 3),
(654, 'AE-LOW-160', 5, 'Application - 341', 'Tooling request', 'NAI', NULL, '', 'E000001293', NULL, NULL, 47, NULL, NULL, '2023-06-08 00:00:00', NULL, NULL, '2023-06-08 00:00:00', '2023-06-08 00:00:00', NULL, NULL, '', 1, 7, 19, NULL, '2023-06-08 16:57:09', NULL, NULL, 0, 43, '0.000', NULL, NULL, NULL, NULL, 23, NULL, NULL, NULL, 1, 1);
INSERT INTO `proyecto` (`idProyecto`, `projectID`, `idCliente`, `nombre`, `descripcion`, `cobrarA`, `ventasPotenciales`, `PO`, `qtoNumber`, `idCuenta`, `tracking`, `idRespDiseno`, `idRespManu`, `sobreCarga`, `fechaReqCliente`, `fechaPromesa`, `fechaTentativa`, `fechaEmbarque`, `fechaInicio`, `fechaTermino`, `tiempoVida`, `notas`, `currentStage`, `idStatus`, `idUsuario`, `appTrackID`, `fechaCrea`, `longestMaterial`, `longestETA`, `prioridad`, `idTipoProyecto`, `overallComplet`, `idRepreVentas`, `awarded`, `dateAwarded`, `consTA`, `idLiderProyecto`, `idGerenteProyecto`, `idCoordinadorProyecto`, `idIngenieroQA`, `isApplication`, `idProyectoRequester`) VALUES
(655, 'AE-LOW-161', 61, 'Application - 342', 'Alternative Material', 'NAI', NULL, '', '', NULL, NULL, 45, NULL, NULL, '2023-06-09 00:00:00', NULL, NULL, NULL, '2023-06-09 00:00:00', NULL, NULL, 'RE: Remainder: A-0150-88208  & A-0150-38520 NAI mass production PPV ', 1, 7, 20, NULL, '2023-06-09 13:38:21', NULL, NULL, 0, 25, '0.000', NULL, NULL, NULL, NULL, 3, NULL, NULL, NULL, 1, 4),
(656, 'AE-LOW-162', 61, 'Application - 343', 'Alternative Material', '', NULL, '', '', NULL, NULL, 45, NULL, '1.000', '2023-06-09 00:00:00', NULL, NULL, NULL, '2023-06-09 00:00:00', NULL, NULL, 'RE: Remainder: A-0150-88208  & A-0150-38520 NAI mass production PPV ', 1, 7, 20, NULL, '2023-06-09 13:40:01', NULL, NULL, 0, 25, '0.000', NULL, NULL, NULL, NULL, 3, NULL, NULL, NULL, 1, 3),
(657, 'AE-LOW-163', 5, 'Application - 344', 'Tooling Request', 'NAI', NULL, '', '', NULL, NULL, 45, NULL, NULL, '2023-06-09 00:00:00', NULL, NULL, NULL, '2023-06-09 00:00:00', NULL, NULL, 'RE: Project Vegas 2 : NAI wiring harness RFQ_E000001254 EJ00001313 ***INTERNAL USE***', 1, 7, 20, NULL, '2023-06-09 13:41:49', NULL, NULL, 0, 43, '0.000', NULL, NULL, NULL, NULL, 3, NULL, NULL, NULL, 1, 1),
(658, 'AE-LOW-164', 38, 'Application - 345', 'Alternative Material', 'NAI', NULL, '', '', NULL, NULL, 45, NULL, NULL, '2023-06-09 00:00:00', NULL, NULL, NULL, '2023-06-09 00:00:00', NULL, NULL, 'RE: ALterno. ', 1, 7, 20, NULL, '2023-06-09 13:43:39', NULL, NULL, 0, 25, '0.000', NULL, NULL, NULL, NULL, 3, NULL, NULL, NULL, 1, 4),
(659, 'AE-MEDIUM-96', 46, 'Application - 346', 'Tooling Request E000001287', 'NAI', NULL, '', '', NULL, NULL, 45, NULL, NULL, '2023-06-09 00:00:00', NULL, NULL, NULL, '2023-06-09 00:00:00', NULL, NULL, 'RE: Plexus  PO T11028753 Revised 5.15.23 NAI Place All Parts On-Hold as of 26-May-2023 New Parts for RFQ', 1, 7, 20, NULL, '2023-06-09 13:45:32', NULL, NULL, 0, 44, '0.000', NULL, NULL, NULL, NULL, 3, NULL, NULL, NULL, 1, 1),
(660, 'AE-LOW-165', 47, 'Application - 347', 'Tooling Request E000001309', 'NAI', NULL, '', 'E000001309', NULL, NULL, 52, NULL, NULL, '2023-06-12 00:00:00', NULL, NULL, NULL, '2023-06-12 00:00:00', NULL, NULL, '', 1, 7, 24, NULL, '2023-06-12 14:49:53', NULL, NULL, 0, 43, '0.000', NULL, NULL, NULL, NULL, 3, NULL, NULL, NULL, 1, 1),
(661, 'AE-MEDIUM-97', 5, 'Application - 348', 'Crimp Test and Analysis ', 'NAI', NULL, '', '', NULL, NULL, 45, NULL, NULL, '2023-06-14 00:00:00', NULL, NULL, NULL, '2023-06-14 00:00:00', NULL, NULL, 'RE: Project Vegas 2 : NAI wiring harness RFQ_E000001254 EJ00001313 ***INTERNAL USE***', 1, 7, 20, NULL, '2023-06-14 08:05:37', NULL, NULL, 0, 44, '0.000', NULL, NULL, NULL, NULL, 3, NULL, NULL, NULL, 1, 1),
(662, 'AE-LOW-166', 38, 'Application - 349', 'Tooling Request', 'NAI', NULL, '', '', NULL, NULL, 45, NULL, NULL, '2023-06-14 00:00:00', NULL, NULL, NULL, '2023-06-14 00:00:00', NULL, NULL, 'RE: ***NAI INTERNAL***  RE: RFQ // PN 607-2325 / PN 638-5169', 1, 7, 20, NULL, '2023-06-14 08:10:27', NULL, NULL, 0, 43, '0.000', NULL, NULL, NULL, NULL, 3, NULL, NULL, NULL, 1, 1),
(663, 'AE-LOW-167', 38, 'Application - 350', 'Alternative Material CS', '', NULL, '', '', NULL, NULL, 45, NULL, '1.000', '2023-06-14 00:00:00', NULL, NULL, NULL, '2023-06-14 00:00:00', NULL, NULL, 'RE: 7042526 - A070221  RE: H000003844 Anixter', 1, 7, 20, NULL, '2023-06-14 08:16:57', NULL, NULL, 0, 25, '0.000', NULL, NULL, NULL, NULL, 3, NULL, NULL, NULL, 1, 3),
(664, 'AE-LOW-168', 38, 'Application - 351', 'Alternative Material', '', NULL, '', '', NULL, NULL, 45, NULL, '1.500', '2023-06-14 00:00:00', NULL, NULL, NULL, '2023-06-14 00:00:00', NULL, NULL, 'RE: RFQ on two new Harness assemblies_E000001256', 1, 7, 20, NULL, '2023-06-14 08:19:33', NULL, NULL, 0, 25, '0.000', NULL, NULL, NULL, NULL, 3, NULL, NULL, NULL, 1, 1),
(665, 'AE-MEDIUM-98', 38, 'Application - 352', 'Grommet Analysis', 'NAI', NULL, '', '', NULL, NULL, 45, NULL, NULL, '2023-06-16 00:00:00', NULL, NULL, NULL, '2023-06-14 00:00:00', NULL, NULL, 'RE: TOOLING REQUEST E000001191', 1, 7, 20, NULL, '2023-06-14 08:22:12', NULL, NULL, 0, 26, '0.000', NULL, NULL, NULL, NULL, 3, NULL, NULL, NULL, 1, 1),
(666, 'AE-LOW-169', 46, 'Application - 353', 'Tooling Request E000001305', 'NAI', NULL, '', '', NULL, NULL, 45, NULL, NULL, '2023-06-14 00:00:00', NULL, NULL, NULL, '2023-06-14 00:00:00', NULL, NULL, '', 1, 7, 20, NULL, '2023-06-14 08:47:43', NULL, NULL, 0, 43, '0.000', NULL, NULL, NULL, NULL, 3, NULL, NULL, NULL, 1, 1),
(667, 'AE-LOW-170', 38, 'Application - 354', 'Eberle:  Load Switch and Flasher Cover', 'NAI', NULL, '', 'E000001265', NULL, NULL, 52, NULL, NULL, '2023-06-14 00:00:00', NULL, NULL, NULL, '2023-06-14 00:00:00', NULL, NULL, '', 1, 7, 24, NULL, '2023-06-14 11:46:31', NULL, NULL, 0, 43, '0.000', NULL, NULL, NULL, NULL, 3, NULL, NULL, NULL, 1, 1),
(668, 'AE-LOW-171', 37, 'Application - 355', 'tooling request ECO C1222310', 'NAI', NULL, '', 'E000001319', NULL, NULL, 52, NULL, NULL, '2023-06-14 00:00:00', NULL, NULL, NULL, '2023-06-14 00:00:00', NULL, NULL, '', 1, 7, 24, NULL, '2023-06-14 16:03:17', NULL, NULL, 0, 43, '0.000', NULL, NULL, NULL, NULL, 3, NULL, NULL, NULL, 1, 1),
(669, 'AE-LOW-172', 5, 'Application - 356', 'tooling request RFQ - NAI - BGCBL1084676-1 - Badger Tech', 'NAI', NULL, '', 'E000001317', NULL, NULL, 52, NULL, NULL, '2023-06-15 00:00:00', NULL, NULL, NULL, '2023-06-15 00:00:00', NULL, NULL, '', 1, 7, 24, NULL, '2023-06-15 09:45:06', NULL, NULL, 0, 43, '0.000', NULL, NULL, NULL, NULL, 3, NULL, NULL, NULL, 1, 1),
(670, 'AE-LOW-173', 63, 'Application - 357', 'TREK 2ND PHASE 12 PNS', 'NAI', NULL, '41149867', '', NULL, NULL, 51, NULL, '0.000', NULL, NULL, NULL, '2023-06-14 00:00:00', '2023-06-12 00:00:00', NULL, NULL, '', 1, 7, 6, NULL, '2023-06-15 10:17:19', NULL, NULL, 0, 34, '0.000', NULL, NULL, NULL, NULL, 23, NULL, NULL, NULL, 1, 3),
(671, 'AE-LOW-174', 38, 'Application - 358', 'Tooling Request E000001256', 'NAI', NULL, '', '', NULL, NULL, 45, NULL, NULL, '2023-06-15 00:00:00', NULL, NULL, NULL, '2023-06-15 00:00:00', NULL, NULL, 'RE: RFQ on two new Harness assemblies_E000001256', 1, 7, 20, NULL, '2023-06-15 16:02:07', NULL, NULL, 0, 43, '0.000', NULL, NULL, NULL, NULL, 3, NULL, NULL, NULL, 1, 1),
(672, 'AE-LOW-175', 38, 'Application - 359', 'Tooling Request E000001191', 'NAI', NULL, '', '', NULL, NULL, 45, NULL, NULL, '2023-06-15 00:00:00', NULL, NULL, NULL, '2023-06-15 00:00:00', NULL, NULL, '', 1, 7, 20, NULL, '2023-06-15 16:04:32', NULL, NULL, 0, 25, '0.000', NULL, NULL, NULL, NULL, 3, NULL, NULL, NULL, 1, 1),
(673, 'AE-LOW-176', 5, 'Application - 360', 'Tooling Request E000001328', 'NAI', NULL, '', '', NULL, NULL, 45, NULL, NULL, '2023-06-15 00:00:00', NULL, NULL, NULL, '2023-06-15 00:00:00', NULL, NULL, 'RE: Request for Quote NORTH AMERICAN INTERCONNECT LLC Due Date 06-16-2023 - QR reference-RFQ_317_GW_6/14/23', 1, 7, 20, NULL, '2023-06-15 16:10:13', NULL, NULL, 0, 43, '0.000', NULL, NULL, NULL, NULL, 3, NULL, NULL, NULL, 1, 1),
(674, 'AE-LOW-177', 5, 'Application - 361', 'Tooling Request E000001326', 'NAI', NULL, '', '', NULL, NULL, 45, NULL, NULL, '2023-06-15 00:00:00', NULL, NULL, NULL, '2023-06-15 00:00:00', NULL, NULL, '', 1, 7, 20, NULL, '2023-06-15 16:12:37', NULL, NULL, 0, 43, '0.000', NULL, NULL, NULL, NULL, 3, NULL, NULL, NULL, 1, 1),
(675, 'AE-LOW-178', 5, 'Application - 362', 'Tooling Request Jabil LAM', 'NAI', NULL, '', 'E000001325', NULL, NULL, 52, NULL, NULL, '2023-06-15 00:00:00', NULL, NULL, NULL, '2023-06-15 00:00:00', NULL, NULL, '', 1, 7, 24, NULL, '2023-06-15 16:19:06', NULL, NULL, 0, 43, '0.000', NULL, NULL, NULL, NULL, 3, NULL, NULL, NULL, 1, 1),
(676, 'AE-HIGH-32', 48, 'Application - 363', 'Re-Design', 'NAI', NULL, '', '', NULL, NULL, 51, NULL, '20.000', '2023-06-30 00:00:00', NULL, NULL, NULL, '2023-06-09 00:00:00', NULL, NULL, 'Need to re-design Material according with Installation needs', 1, 1, 23, NULL, '2023-06-16 09:33:41', NULL, NULL, 0, 33, '0.000', NULL, NULL, NULL, NULL, 23, NULL, NULL, NULL, 1, 4),
(677, 'AE-LOW-179', 46, 'Application - 364', 'Tooling Request Plexus  PO T11028753', 'NAI', NULL, '', 'E000001330', NULL, NULL, 52, NULL, NULL, '2023-06-16 00:00:00', NULL, NULL, NULL, '2023-06-16 00:00:00', NULL, NULL, '', 1, 7, 24, NULL, '2023-06-16 10:56:58', NULL, NULL, 0, 43, '0.000', NULL, NULL, NULL, NULL, 3, NULL, NULL, NULL, 1, 1),
(678, 'AE-LOW-180', 38, 'Application - 365', 'Tooling Request TSI & DICKEY-JOHN', 'NAI', NULL, '', 'E000001310', NULL, NULL, 52, NULL, NULL, '2023-06-16 00:00:00', NULL, NULL, NULL, '2023-06-16 00:00:00', NULL, NULL, '', 1, 7, 24, NULL, '2023-06-16 14:14:01', NULL, NULL, 0, 43, '0.000', NULL, NULL, NULL, NULL, 3, NULL, NULL, NULL, 1, 1),
(679, 'AE-LOW-181', 38, 'Application - 366', 'Componente Alterno B053305', 'NAI', NULL, '', 'N/A', NULL, NULL, 52, NULL, NULL, '2023-06-19 00:00:00', NULL, NULL, NULL, '2023-06-19 00:00:00', NULL, NULL, '', 1, 7, 24, NULL, '2023-06-19 15:13:47', NULL, NULL, 0, 25, '0.000', NULL, NULL, NULL, NULL, 3, NULL, NULL, NULL, 1, 2),
(680, 'AE-LOW-182', 38, 'Application - 367', 'Notification_E000001312 EJ00001364', 'NAI', NULL, '', 'E000001312', NULL, NULL, 52, NULL, NULL, '2023-06-20 00:00:00', NULL, NULL, NULL, '2023-06-20 00:00:00', NULL, NULL, '', 1, 7, 24, NULL, '2023-06-20 10:47:10', NULL, NULL, 0, 43, '0.000', NULL, NULL, NULL, NULL, 3, NULL, NULL, NULL, 1, 1),
(681, 'AE-LOW-183', 47, 'Application - 368', 'TOOLING REQUEST ICHOR', 'NAI', NULL, '', 'E000001341', NULL, NULL, 52, NULL, NULL, '2023-06-21 00:00:00', NULL, NULL, NULL, '2023-06-21 00:00:00', NULL, NULL, '', 1, 7, 24, NULL, '2023-06-21 09:34:27', NULL, NULL, 0, 43, '0.000', NULL, NULL, NULL, NULL, 3, NULL, NULL, NULL, 1, 1),
(682, 'VT-HIGH-7', 30, 'ADF/TF Prysmian Validation', 'ADF/TF Loose Tube ResiLink OSPCA', 'CUSTOMER', '0.00', '4501821508', '', NULL, '', 20, 19, NULL, '2023-08-15 00:00:00', NULL, NULL, NULL, NULL, NULL, NULL, '', 1, 1, 6, NULL, '2023-06-21 14:45:16', NULL, NULL, 3, 24, '0.000', NULL, NULL, NULL, NULL, NULL, NULL, 6, NULL, 0, NULL),
(683, 'AE-LOW-184', 5, 'Application - 369', 'Alternative Material', '', NULL, '', '', NULL, NULL, 45, NULL, '1.000', '2023-06-22 00:00:00', NULL, NULL, NULL, '2023-06-22 00:00:00', NULL, NULL, 'RE: PSBXP-214-250 / N011218  Obsolete', 1, 7, 20, NULL, '2023-06-22 07:50:12', NULL, NULL, 0, 25, '0.000', NULL, NULL, NULL, NULL, 3, NULL, NULL, NULL, 1, 3),
(684, 'AE-LOW-185', 5, 'Application - 370', 'Tooling Request E000001342', 'NAI', NULL, '', '', NULL, NULL, 45, NULL, NULL, '2023-06-22 00:00:00', NULL, NULL, NULL, '2023-06-22 00:00:00', NULL, NULL, 'RE: RFQ 925-295003-103 REV A GDL NAI BID TO BID', 1, 7, 20, NULL, '2023-06-22 07:55:50', NULL, NULL, 0, 43, '0.000', NULL, NULL, NULL, NULL, 3, NULL, NULL, NULL, 1, 1),
(685, 'DS-HIGH-37', 16, 'CLEARFIELD CASSETTES 48 & 216', 'CLEARVIEW BLUE CASSETTES PATCH ONLY', 'CUSTOMER', '0.00', 'PO108827', '', NULL, '', 20, 19, NULL, NULL, NULL, NULL, NULL, NULL, NULL, NULL, '', 1, 5, 6, NULL, '2023-06-22 09:11:58', NULL, NULL, 3, 20, '0.000', NULL, NULL, NULL, NULL, NULL, NULL, 6, NULL, 0, NULL),
(686, 'BTP-MEDIUM-5', 16, 'CLEARFIELD CASSETTES 48 & 216 SM', 'CLEARVIEW BLUE CASSETTES PATCH ONLY', 'CUSTOMER', '0.00', 'PO108827', '', NULL, '', 20, 19, NULL, '2023-07-14 00:00:00', NULL, NULL, NULL, NULL, NULL, NULL, '', 1, 1, 6, NULL, '2023-06-22 09:15:27', NULL, NULL, 3, 20, '0.000', NULL, NULL, NULL, NULL, NULL, NULL, 6, NULL, 0, NULL),
(687, 'AE-LOW-186', 38, 'Application - 371', 'Golden sample - Anderson', 'NAI', NULL, '', '', NULL, NULL, 52, NULL, NULL, '2023-06-22 00:00:00', NULL, NULL, NULL, '2023-06-19 00:00:00', NULL, NULL, 'Analisis para validar los procesos necesario para producir golden sample se confirmo a Anderson que NAI puede fabricar este tipo de arneses', 1, 7, 24, NULL, '2023-06-22 14:47:40', NULL, NULL, 0, 40, '0.000', NULL, NULL, NULL, NULL, 3, NULL, NULL, NULL, 1, 2),
(688, 'AE-MEDIUM-99', 38, 'Application - 372', 'Alternative Material', 'NAI', NULL, '', '', NULL, NULL, 45, NULL, NULL, '2023-06-22 00:00:00', NULL, NULL, NULL, '2023-06-22 00:00:00', NULL, NULL, 'Alternativos LEMO', 1, 7, 20, NULL, '2023-06-22 15:38:14', NULL, NULL, 0, 26, '0.000', NULL, NULL, NULL, NULL, 3, NULL, NULL, NULL, 1, 4),
(689, 'AE-MEDIUM-100', 38, 'Application - 373', 'Tooling Request 13M', 'NAI', NULL, '', '', NULL, NULL, 45, NULL, NULL, '2023-06-22 00:00:00', NULL, NULL, NULL, '2023-06-22 00:00:00', NULL, NULL, 'RE: MECH-IM230516-58680-BAJA-BECTON DICKINSONDUE:20230609 - NAI', 1, 7, 20, NULL, '2023-06-22 15:43:17', NULL, NULL, 0, 44, '0.000', NULL, NULL, NULL, NULL, 3, NULL, NULL, NULL, 1, 1),
(690, 'AE-LOW-187', 38, 'Application - 374', 'Alternative Material', 'NAI', NULL, '', '', NULL, NULL, 45, NULL, NULL, '2023-06-22 00:00:00', NULL, NULL, NULL, '2023-06-22 00:00:00', NULL, NULL, 'RE: [EXTERNAL] [NAI] Plenty Farm 2 Wire Harnesses Update Release Package', 1, 7, 20, NULL, '2023-06-22 15:48:57', NULL, NULL, 0, 25, '0.000', NULL, NULL, NULL, NULL, 3, NULL, NULL, NULL, 1, 1),
(691, 'AE-LOW-188', 38, 'Application - 375', 'Alternative Comparison C082128', 'NAI', NULL, '', '', NULL, NULL, 45, NULL, NULL, '2023-06-22 00:00:00', NULL, NULL, NULL, '2023-06-22 00:00:00', NULL, NULL, '', 1, 7, 20, NULL, '2023-06-22 15:50:41', NULL, NULL, 0, 25, '0.000', NULL, NULL, NULL, NULL, 3, NULL, NULL, NULL, 1, 4),
(692, 'AE-LOW-189', 63, 'Application - 376', 'Tooling Request E000001347', '', NULL, '', '', NULL, NULL, 45, NULL, '1.000', '2023-06-22 00:00:00', NULL, NULL, NULL, '2023-06-22 00:00:00', NULL, NULL, 'RE: NPI Opportunity TK-48239R', 1, 7, 20, NULL, '2023-06-22 15:52:50', NULL, NULL, 0, 43, '0.000', NULL, NULL, NULL, NULL, 3, NULL, NULL, NULL, 1, 1),
(693, 'AE-LOW-190', 38, 'Application - 377', 'Alternative Material C050115', 'NAI', NULL, '', '', NULL, NULL, 45, NULL, NULL, '2023-06-22 00:00:00', NULL, NULL, NULL, '2023-06-22 00:00:00', NULL, NULL, '', 1, 7, 20, NULL, '2023-06-22 15:56:21', NULL, NULL, 0, 25, '0.000', NULL, NULL, NULL, NULL, 3, NULL, NULL, NULL, 1, 3),
(694, 'AE-LOW-191', 38, 'Application - 378', 'Tooling Request E000001310', 'NAI', NULL, '', '', NULL, NULL, 45, NULL, NULL, '2023-06-22 00:00:00', NULL, NULL, NULL, '2023-06-22 00:00:00', NULL, NULL, '', 1, 7, 20, NULL, '2023-06-22 15:57:55', NULL, NULL, 0, 43, '0.000', NULL, NULL, NULL, NULL, 3, NULL, NULL, NULL, 1, 1),
(695, 'AE-LOW-192', 38, 'Application - 379', 'Alternative Material K000311', 'NAI', NULL, '', '', NULL, NULL, 45, NULL, NULL, '2023-06-22 00:00:00', NULL, NULL, NULL, '2023-06-22 00:00:00', NULL, NULL, 'RE: PO S000000198  // K000311 / 73899806', 1, 7, 20, NULL, '2023-06-22 15:59:40', NULL, NULL, 0, 25, '0.000', NULL, NULL, NULL, NULL, 3, NULL, NULL, NULL, 1, 3),
(696, 'AE-LOW-193', 38, 'Application - 380', 'Alternative Material A060567', '', NULL, '', '', NULL, NULL, 45, NULL, '1.000', '2023-06-22 00:00:00', NULL, NULL, NULL, '2023-06-22 00:00:00', NULL, NULL, '', 1, 7, 20, NULL, '2023-06-22 16:01:34', NULL, NULL, 0, 25, '0.000', NULL, NULL, NULL, NULL, 3, NULL, NULL, NULL, 1, 4),
(697, 'AE-LOW-194', 47, 'Application - 381', 'Alternatives Ichor E000001031', 'NAI', NULL, '', 'E000001031', NULL, NULL, 52, NULL, NULL, '2023-06-22 00:00:00', NULL, NULL, NULL, '2023-06-22 00:00:00', NULL, NULL, '', 1, 7, 24, NULL, '2023-06-22 16:58:48', NULL, NULL, 0, 25, '0.000', NULL, NULL, NULL, NULL, 3, NULL, NULL, NULL, 1, 1),
(698, 'BTP-MEDIUM-6', 5, 'GE COMMUNICATIONS', 'CABLE HARNESS', 'CUSTOMER', '0.00', 'SEVERAL', '', NULL, '', 20, 19, NULL, NULL, NULL, NULL, NULL, NULL, NULL, NULL, '', 1, 1, 6, NULL, '2023-06-28 17:03:13', NULL, NULL, 3, 20, '0.000', NULL, NULL, NULL, NULL, NULL, NULL, 6, NULL, 0, NULL),
(699, 'AE-LOW-195', 11, 'Application - 382', 'TOOLING REQ. ADVANCED ENERGY', 'NAI', NULL, '', 'E000001367', NULL, NULL, 52, NULL, NULL, '2023-06-29 00:00:00', NULL, NULL, NULL, '2023-06-29 00:00:00', NULL, NULL, '', 1, 7, 24, NULL, '2023-06-29 13:39:52', NULL, NULL, 0, 43, '0.000', NULL, NULL, NULL, NULL, 3, NULL, NULL, NULL, 1, 1),
(700, 'DS-MEDIUM-8', 59, 'Application - 383', 'Actualizar etiquetas/tubing', 'NAI', NULL, '', '', NULL, NULL, 47, NULL, '8.000', '2023-06-29 00:00:00', NULL, NULL, NULL, '2023-06-23 00:00:00', NULL, NULL, '', 1, 7, 19, NULL, '2023-06-29 16:01:19', NULL, NULL, 0, 68, '0.000', NULL, NULL, NULL, NULL, 3, NULL, NULL, NULL, 1, 2),
(701, 'AE-LOW-196', 38, 'Application - 384', 'Tooling Request', 'NAI', NULL, '', '', NULL, NULL, 45, NULL, NULL, '2023-06-30 00:00:00', NULL, NULL, NULL, '2023-06-30 00:00:00', NULL, NULL, 'RE: [EXTERNAL] RFQ#00456381 for 853-164946-004 CAPWRDCPH AMPBATH4', 1, 7, 20, NULL, '2023-06-30 07:40:03', NULL, NULL, 0, 43, '0.000', NULL, NULL, NULL, NULL, 3, NULL, NULL, NULL, 1, 1),
(702, 'AE-LOW-197', 37, 'Application - 385', 'Tooling Request E000001361', 'NAI', NULL, '', '', NULL, NULL, 45, NULL, NULL, '2023-06-30 00:00:00', NULL, NULL, NULL, '2023-06-30 00:00:00', NULL, NULL, '', 1, 7, 20, NULL, '2023-06-30 07:42:43', NULL, NULL, 0, 43, '0.000', NULL, NULL, NULL, NULL, 3, NULL, NULL, NULL, 1, 1),
(703, 'AE-LOW-198', 36, 'Application - 386', 'Tooling Request E000001363', 'NAI', NULL, '', '', NULL, NULL, 45, NULL, NULL, '2023-06-30 00:00:00', NULL, NULL, NULL, '2023-06-30 00:00:00', NULL, NULL, '', 1, 7, 20, NULL, '2023-06-30 07:45:25', NULL, NULL, 0, 43, '0.000', NULL, NULL, NULL, NULL, 3, NULL, NULL, NULL, 1, 1),
(704, 'AE-LOW-199', 5, 'Application - 387', 'Tooling Request E000001354', 'NAI', NULL, '', '', NULL, NULL, 45, NULL, NULL, '2023-06-30 00:00:00', NULL, NULL, NULL, '2023-06-30 00:00:00', NULL, NULL, '', 1, 7, 20, NULL, '2023-06-30 07:47:48', NULL, NULL, 0, 43, '0.000', NULL, NULL, NULL, NULL, 3, NULL, NULL, NULL, 1, 1),
(705, 'AE-LOW-200', 59, 'Application - 388', 'Tooling Request E000001372', 'NAI', NULL, '', '', NULL, NULL, 45, NULL, NULL, '2023-06-30 00:00:00', NULL, NULL, NULL, '2023-06-30 00:00:00', NULL, NULL, '', 1, 7, 20, NULL, '2023-06-30 07:49:41', NULL, NULL, 0, 43, '0.000', NULL, NULL, NULL, NULL, 3, NULL, NULL, NULL, 1, 1),
(706, 'AE-LOW-201', 5, 'Application - 389', 'Tooling Request E000001370', 'NAI', NULL, '', '', NULL, NULL, 45, NULL, NULL, '2023-06-30 00:00:00', NULL, NULL, NULL, '2023-06-30 00:00:00', NULL, NULL, '', 1, 7, 20, NULL, '2023-06-30 08:02:02', NULL, NULL, 0, 43, '0.000', NULL, NULL, NULL, NULL, 3, NULL, NULL, NULL, 1, 1),
(707, 'AE-LOW-202', 38, 'Application - 390', 'Application Information Request', 'NAI', NULL, '', '', NULL, NULL, 45, NULL, NULL, '2023-06-30 00:00:00', NULL, NULL, NULL, '2023-06-30 00:00:00', NULL, NULL, '', 1, 7, 20, NULL, '2023-06-30 08:09:00', NULL, NULL, 0, 43, '0.000', NULL, NULL, NULL, NULL, 3, NULL, NULL, NULL, 1, 2),
(708, 'AE-LOW-203', 37, 'Application - 391', 'Tooling Request E000001371', 'NAI', NULL, '', '', NULL, NULL, 45, NULL, NULL, '2023-06-30 00:00:00', NULL, NULL, NULL, '2023-06-30 00:00:00', NULL, NULL, '', 1, 7, 20, NULL, '2023-06-30 08:11:01', NULL, NULL, 0, 43, '0.000', NULL, NULL, NULL, NULL, 3, NULL, NULL, NULL, 1, 1),
(709, 'AE-LOW-204', 63, 'Application - 392', 'BOM CORRECTION TREK 47583R', 'NAI', NULL, '', '', NULL, NULL, 45, NULL, NULL, '2023-06-30 00:00:00', NULL, NULL, NULL, '2023-06-30 00:00:00', NULL, NULL, '', 1, 6, 20, NULL, '2023-06-30 08:14:03', NULL, NULL, 0, 43, '0.000', NULL, NULL, NULL, NULL, 3, NULL, NULL, NULL, 1, 2),
(710, 'AE-MEDIUM-101', 52, 'Application - 393', 'Alternative Material', 'NAI', NULL, '', '', NULL, NULL, 45, NULL, NULL, '2023-06-30 00:00:00', NULL, NULL, NULL, '2023-06-30 00:00:00', NULL, NULL, ' Kymeta MIL R2 Prototype - RF & Ethernet cables NAI', 1, 7, 20, NULL, '2023-06-30 08:17:51', NULL, NULL, 0, 26, '0.000', NULL, NULL, NULL, NULL, 3, NULL, NULL, NULL, 1, 1),
(711, 'AE-MEDIUM-102', 38, 'Application - 394', 'Hot Stamping Machine Quote', 'NAI', NULL, '', '', NULL, NULL, 45, NULL, NULL, '2023-06-30 00:00:00', NULL, NULL, NULL, '2023-06-30 00:00:00', NULL, NULL, '', 1, 7, 20, NULL, '2023-06-30 08:20:57', NULL, NULL, 0, 44, '0.000', NULL, NULL, NULL, NULL, 3, NULL, NULL, NULL, 1, 1),
(712, 'DS-LOW-10', 67, 'Application - 395', 'Amp Superseal 1.5 SRS. 4 Positions Plug Assy', 'NAI', NULL, '', '', NULL, NULL, 47, NULL, '3.000', '2023-06-29 00:00:00', NULL, NULL, NULL, '2023-06-28 00:00:00', NULL, NULL, '', 1, 7, 19, NULL, '2023-06-30 10:56:05', NULL, NULL, 0, 61, '0.000', NULL, NULL, NULL, NULL, 3, NULL, NULL, NULL, 1, 4),
(713, 'AE-MEDIUM-103', 38, 'Application - 396', 'Tooling Request TSI & DICKEY-JOHN', 'NAI', NULL, '', 'E000001380', NULL, NULL, 52, NULL, NULL, '2023-06-30 00:00:00', NULL, NULL, NULL, '2023-06-29 00:00:00', NULL, NULL, '', 1, 7, 24, NULL, '2023-06-30 11:07:57', NULL, NULL, 0, 44, '0.000', NULL, NULL, NULL, NULL, 3, NULL, NULL, NULL, 1, 1),
(714, 'AE-LOW-205', 11, 'Application - 397', 'alternative strain relief', 'NAI', NULL, '', 'E000001367', NULL, NULL, 52, NULL, NULL, '2023-07-03 00:00:00', NULL, NULL, NULL, '2023-06-30 00:00:00', NULL, NULL, '', 1, 7, 24, NULL, '2023-07-03 13:46:33', NULL, NULL, 0, 25, '0.000', NULL, NULL, NULL, NULL, 3, NULL, NULL, NULL, 1, 1),
(715, 'AE-LOW-206', 38, 'Application - 398', 'Alternatives material', 'NAI', NULL, '', '', NULL, NULL, 52, NULL, NULL, '2023-07-03 00:00:00', NULL, NULL, NULL, '2023-07-03 00:00:00', NULL, NULL, '', 1, 7, 24, NULL, '2023-07-03 13:54:23', NULL, NULL, 0, 25, '0.000', NULL, NULL, NULL, NULL, 3, NULL, NULL, NULL, 1, 1),
(716, 'DS-LOW-11', 68, 'Application - 399', '3D OVERMOLD CREATION ', 'NAI', NULL, '', '', NULL, NULL, 47, NULL, NULL, '2023-07-03 00:00:00', NULL, NULL, NULL, '2023-07-03 00:00:00', NULL, NULL, '', 1, 7, 19, NULL, '2023-07-03 14:53:51', NULL, NULL, 0, 64, '0.000', NULL, NULL, NULL, NULL, 3, NULL, NULL, NULL, 1, 1),
(717, 'AE-MEDIUM-104', 61, 'Application - 400', 'tooling request jabil/amat', 'NAI', NULL, '', 'E000001385', NULL, NULL, 52, NULL, NULL, '2023-07-03 00:00:00', NULL, NULL, NULL, '2023-07-03 00:00:00', NULL, NULL, '', 1, 7, 24, NULL, '2023-07-03 16:45:14', NULL, NULL, 0, 44, '0.000', NULL, NULL, NULL, NULL, 3, NULL, NULL, NULL, 1, 1),
(718, 'AE-LOW-207', 5, 'Application - 401', 'RFQ 853-338698-002 REV A NAI BID TO BID GO', 'NAI', NULL, '', 'E000001379', NULL, NULL, 47, NULL, NULL, '2023-07-04 00:00:00', NULL, NULL, NULL, '2023-07-04 00:00:00', NULL, NULL, '', 1, 7, 19, NULL, '2023-07-04 14:19:53', NULL, NULL, 0, 43, '0.000', NULL, NULL, NULL, NULL, 3, NULL, NULL, NULL, 1, 1),
(719, 'AE-MEDIUM-105', 38, 'Application - 402', 'ALTERNATIVE REQUEST FOR A070121 ', 'NAI', NULL, '', '', NULL, NULL, 52, NULL, NULL, '2023-07-04 00:00:00', NULL, NULL, NULL, '2023-07-03 00:00:00', NULL, NULL, '', 1, 7, 24, NULL, '2023-07-04 14:48:37', NULL, NULL, 0, 26, '0.000', NULL, NULL, NULL, NULL, 3, NULL, NULL, NULL, 1, 4),
(720, 'AE-LOW-208', 38, 'Application - 403', 'ALTERNATIVE REQUEST FOR SCHAFFNER - 816590', 'NAI', NULL, '', 'E000001256', NULL, NULL, 52, NULL, NULL, '2023-07-04 00:00:00', NULL, NULL, NULL, '2023-07-04 00:00:00', NULL, NULL, '', 1, 7, 24, NULL, '2023-07-04 14:53:12', NULL, NULL, 0, 25, '0.000', NULL, NULL, NULL, NULL, 3, NULL, NULL, NULL, 1, 1),
(721, 'DD-MEDIUM-12', 52, 'Application - 404', 'MIL R2 DV builds - Drawings ', 'NAI', NULL, '', '', NULL, NULL, 47, NULL, NULL, '2023-07-07 00:00:00', NULL, NULL, NULL, '2023-07-05 00:00:00', NULL, NULL, '', 1, 7, 19, NULL, '2023-07-05 15:07:12', NULL, NULL, 0, 53, '0.000', NULL, NULL, NULL, NULL, 3, NULL, NULL, NULL, 1, 3),
(722, 'DS-LOW-12', 16, 'Application - 405', 'FIXTURES GLUE DISH', 'NAI', NULL, '', '', NULL, NULL, 47, NULL, NULL, '2023-07-05 00:00:00', NULL, NULL, NULL, '2023-07-04 00:00:00', NULL, NULL, '', 1, 7, 19, NULL, '2023-07-05 15:49:11', NULL, NULL, 0, 61, '0.000', NULL, NULL, NULL, NULL, 3, NULL, NULL, NULL, 1, 2),
(723, 'AE-MEDIUM-106', 5, 'Application - 406', 'Tooling Request E000001386', 'NAI', NULL, '', '', NULL, NULL, 45, NULL, NULL, '2023-07-06 00:00:00', NULL, NULL, NULL, '2023-07-06 00:00:00', NULL, NULL, '', 1, 7, 20, NULL, '2023-07-06 07:49:13', NULL, NULL, 0, 44, '0.000', NULL, NULL, NULL, NULL, 3, NULL, NULL, NULL, 1, 1),
(724, 'DS-LOW-13', 16, 'Application - 407', 'Fixure para Maquina 90R12 RIBBON CABLES ', '', NULL, '', '', NULL, NULL, 47, NULL, '2.000', '2023-07-11 00:00:00', NULL, NULL, NULL, '2023-07-05 00:00:00', NULL, NULL, '', 1, 7, 19, NULL, '2023-07-06 07:53:40', NULL, NULL, 0, 61, '0.000', NULL, NULL, NULL, NULL, 3, NULL, NULL, NULL, 1, 2),
(725, 'DS-LOW-15', 38, 'Application - 408', 'Mold Component 6203302006F', '', NULL, '', '', NULL, NULL, 45, NULL, '6.000', '2023-07-06 00:00:00', NULL, NULL, NULL, '2023-07-06 00:00:00', NULL, NULL, '', 1, 7, 20, NULL, '2023-07-06 07:55:11', NULL, NULL, 0, 61, '0.000', NULL, NULL, NULL, NULL, 3, NULL, NULL, NULL, 1, 1),
(726, 'AE-MEDIUM-107', 5, 'Application - 409', 'Cadence NPI Project *** CRITICAL ***', 'NAI', NULL, '', '', NULL, NULL, 45, NULL, NULL, '2023-07-06 00:00:00', NULL, NULL, NULL, '2023-07-06 00:00:00', NULL, NULL, 'Application analysis and Standard Times', 1, 7, 20, NULL, '2023-07-06 08:10:02', NULL, NULL, 0, 44, '0.000', NULL, NULL, NULL, NULL, 3, NULL, NULL, NULL, 1, 1),
(727, 'AE-LOW-209', 5, 'Application - 410', 'Alternative Material', 'NAI', NULL, '', '', NULL, NULL, 45, NULL, NULL, '2023-07-06 00:00:00', NULL, NULL, NULL, '2023-07-06 00:00:00', NULL, NULL, '', 1, 7, 20, NULL, '2023-07-06 08:15:25', NULL, NULL, 0, 25, '0.000', NULL, NULL, NULL, NULL, 3, NULL, NULL, NULL, 1, 4),
(728, 'AE-HIGH-33', 38, 'Application - 411', 'Hot Stamping Maching', 'NAI', NULL, '', '', NULL, NULL, 45, NULL, NULL, '2023-07-14 00:00:00', NULL, NULL, NULL, '2023-07-06 00:00:00', NULL, NULL, 'Quote the machine', 1, 1, 20, NULL, '2023-07-06 08:43:33', NULL, NULL, 0, 45, '0.000', NULL, NULL, NULL, NULL, 3, NULL, NULL, NULL, 1, 1),
(729, 'AE-MEDIUM-108', 38, 'Application - 412', 'Alternative Material Profinet Cable', 'NAI', NULL, '', '', NULL, NULL, 45, NULL, NULL, '2023-07-06 00:00:00', NULL, NULL, NULL, '2023-07-06 00:00:00', NULL, NULL, '', 1, 7, 20, NULL, '2023-07-06 08:44:36', NULL, NULL, 0, 26, '0.000', NULL, NULL, NULL, NULL, 3, NULL, NULL, NULL, 1, 1),
(730, 'AE-MEDIUM-109', 61, 'Application - 413', 'Tooling Request E000001395', '', NULL, '', '', NULL, NULL, 45, NULL, '1.000', '2023-07-07 00:00:00', NULL, NULL, NULL, '2023-07-06 00:00:00', NULL, NULL, '', 1, 7, 20, NULL, '2023-07-06 08:58:00', NULL, NULL, 0, 44, '0.000', NULL, NULL, NULL, NULL, 3, NULL, NULL, NULL, 1, 1),
(731, 'AE-LOW-210', 6, 'Application - 414', 'Tooling Request ADTRAN', 'NAI', NULL, '', 'E000000966', NULL, NULL, 52, NULL, NULL, '2023-07-10 00:00:00', NULL, NULL, NULL, '2023-07-10 00:00:00', NULL, NULL, '', 1, 7, 24, NULL, '2023-07-10 10:16:48', NULL, NULL, 0, 43, '0.000', NULL, NULL, NULL, NULL, 3, NULL, NULL, NULL, 1, 1),
(732, 'AE-LOW-211', 46, 'Application - 415', 'TOOLING REQUEST E000001408', 'NAI', NULL, '', 'E000001408', NULL, NULL, 52, NULL, NULL, '2023-07-10 00:00:00', NULL, NULL, NULL, '2023-07-10 00:00:00', NULL, NULL, '', 1, 7, 24, NULL, '2023-07-10 14:12:00', NULL, NULL, 0, 43, '0.000', NULL, NULL, NULL, NULL, 3, NULL, NULL, NULL, 1, 1),
(733, 'AE-LOW-212', 5, 'Application - 416', 'TOOLING REQUEST E000001386', 'NAI', NULL, '', 'E000001386', NULL, NULL, 52, NULL, NULL, '2023-07-10 00:00:00', NULL, NULL, NULL, '2023-07-10 00:00:00', NULL, NULL, '', 1, 7, 24, NULL, '2023-07-10 14:37:23', NULL, NULL, 0, 43, '0.000', NULL, NULL, NULL, NULL, 3, NULL, NULL, NULL, 1, 1),
(734, 'AE-LOW-213', 61, 'Application - 417', 'TOOLING REQUEST E000001395', 'NAI', NULL, '', 'E000001395', NULL, NULL, 52, NULL, NULL, '2023-07-10 00:00:00', NULL, NULL, NULL, '2023-07-10 00:00:00', NULL, NULL, '', 1, 7, 24, NULL, '2023-07-10 16:52:12', NULL, NULL, 0, 43, '0.000', NULL, NULL, NULL, NULL, 3, NULL, NULL, NULL, 1, 1),
(735, 'DD-LOW-22', 59, 'Application - 418', 'Procept prototipos P3162', 'NAI', NULL, '', '', NULL, NULL, 47, NULL, NULL, '2023-07-11 00:00:00', NULL, NULL, NULL, '2023-07-11 00:00:00', NULL, NULL, '', 1, 7, 19, NULL, '2023-07-11 08:10:20', NULL, NULL, 0, 55, '0.000', NULL, NULL, NULL, NULL, 3, NULL, NULL, NULL, 1, 2),
(736, 'AE-LOW-214', 5, 'Application - 419', 'TOOLING REQUEST E000001410', 'NAI', NULL, '', 'E000001410', NULL, NULL, 52, NULL, NULL, '2023-07-11 00:00:00', NULL, NULL, NULL, '2023-07-10 00:00:00', NULL, NULL, '', 1, 7, 24, NULL, '2023-07-11 09:21:15', NULL, NULL, 0, 43, '0.000', NULL, NULL, NULL, NULL, 3, NULL, NULL, NULL, 1, 1),
(737, 'AE-LOW-215', 37, 'Application - 420', 'TOOLING REQUEST E000001400', 'NAI', NULL, '', 'E000001400', NULL, NULL, 52, NULL, NULL, '2023-07-11 00:00:00', NULL, NULL, NULL, '2023-07-11 00:00:00', NULL, NULL, '', 1, 7, 24, NULL, '2023-07-11 11:13:12', NULL, NULL, 0, 43, '0.000', NULL, NULL, NULL, NULL, 3, NULL, NULL, NULL, 1, 1),
(738, 'AE-HIGH-34', 38, 'Application - 421', 'UV Curing Process', 'NAI', NULL, '', '', NULL, NULL, 45, NULL, NULL, '2023-07-14 00:00:00', NULL, NULL, NULL, '2023-07-11 00:00:00', NULL, NULL, '', 1, 1, 20, NULL, '2023-07-11 15:45:32', NULL, NULL, 0, 45, '0.000', NULL, NULL, NULL, NULL, 3, NULL, NULL, NULL, 1, 1),
(739, 'AE-LOW-216', 55, 'Application - 422', 'tooling request', 'NAI', NULL, '', '', NULL, NULL, 52, NULL, NULL, '2023-07-12 00:00:00', NULL, NULL, NULL, '2023-07-11 00:00:00', NULL, NULL, '', 1, 7, 24, NULL, '2023-07-12 13:40:01', NULL, NULL, 0, 43, '0.000', NULL, NULL, NULL, NULL, 3, NULL, NULL, NULL, 1, 1),
(740, 'AE-LOW-217', 46, 'Application - 423', 'tooling request alternative E000001408', 'NAI', NULL, '', 'E000001408', NULL, NULL, 52, NULL, NULL, '2023-07-12 00:00:00', NULL, NULL, NULL, '2023-07-12 00:00:00', NULL, NULL, '', 1, 7, 24, NULL, '2023-07-12 16:54:29', NULL, NULL, 0, 43, '0.000', NULL, NULL, NULL, NULL, 3, NULL, NULL, NULL, 1, 1),
(741, 'AE-MEDIUM-110', 5, 'Application - 424', 'Tooling Request E000001374', 'NAI', NULL, '', 'E000001374', NULL, NULL, 52, NULL, NULL, '2023-07-13 00:00:00', NULL, NULL, NULL, '2023-07-12 00:00:00', NULL, NULL, '', 1, 7, 24, NULL, '2023-07-13 09:43:41', NULL, NULL, 0, 44, '0.000', NULL, NULL, NULL, NULL, 3, NULL, NULL, NULL, 1, 1);

-- --------------------------------------------------------

--
-- Estructura de tabla para la tabla `proyecto_aprobador_etapa`
--

CREATE TABLE `proyecto_aprobador_etapa` (
  `idProyectoAprobador` int(11) NOT NULL,
  `idProyectoEtapa` int(11) NOT NULL,
  `idUsuario` int(11) NOT NULL,
  `idRol` int(11) NOT NULL,
  `approved` tinyint(1) NOT NULL DEFAULT '0',
  `razon` text COLLATE utf8_unicode_ci NOT NULL,
  `fechaAprobacion` datetime DEFAULT NULL,
  `createdDate` datetime NOT NULL DEFAULT CURRENT_TIMESTAMP
) ENGINE=InnoDB DEFAULT CHARSET=utf8 COLLATE=utf8_unicode_ci;

--
-- Volcado de datos para la tabla `proyecto_aprobador_etapa`
--

INSERT INTO `proyecto_aprobador_etapa` (`idProyectoAprobador`, `idProyectoEtapa`, `idUsuario`, `idRol`, `approved`, `razon`, `fechaAprobacion`, `createdDate`) VALUES
(1, 1, 14, 1, 0, '', NULL, '2022-08-08 07:51:38'),
(2, 1, 5, 2, 0, '', NULL, '2022-08-08 07:51:38'),
(3, 1, 6, 3, 1, '', '2023-01-26 11:11:33', '2022-08-08 07:51:38'),
(4, 1, 9, 4, 1, '', '2022-08-09 07:57:18', '2022-08-08 07:51:38'),
(5, 2, 14, 1, 0, '', NULL, '2022-08-08 07:51:58'),
(6, 2, 5, 2, 0, '', NULL, '2022-08-08 07:51:58'),
(7, 2, 6, 3, 0, '', NULL, '2022-08-08 07:51:58'),
(8, 2, 9, 4, 1, '', '2022-08-10 16:05:56', '2022-08-08 07:51:58'),
(9, 3, 14, 1, 0, '', NULL, '2022-08-10 16:31:29'),
(10, 3, 5, 2, 0, '', NULL, '2022-08-10 16:31:29'),
(11, 3, 6, 3, 0, '', NULL, '2022-08-10 16:31:29'),
(12, 3, 9, 4, 0, '', NULL, '2022-08-10 16:31:29'),
(13, 4, 14, 1, 0, '', NULL, '2022-08-10 16:38:13'),
(14, 4, 5, 2, 0, '', NULL, '2022-08-10 16:38:13'),
(15, 4, 6, 3, 0, '', NULL, '2022-08-10 16:38:13'),
(16, 4, 9, 4, 0, '', NULL, '2022-08-10 16:38:13'),
(17, 5, 14, 1, 0, '', NULL, '2022-08-10 16:38:25'),
(18, 5, 5, 2, 0, '', NULL, '2022-08-10 16:38:25'),
(19, 5, 6, 3, 0, '', NULL, '2022-08-10 16:38:25'),
(20, 5, 9, 4, 0, '', NULL, '2022-08-10 16:38:25'),
(21, 6, 14, 1, 0, '', NULL, '2022-08-10 16:38:32'),
(22, 6, 5, 2, 0, '', NULL, '2022-08-10 16:38:32'),
(23, 6, 6, 3, 0, '', NULL, '2022-08-10 16:38:32'),
(24, 6, 9, 4, 0, '', NULL, '2022-08-10 16:38:32'),
(25, 7, 14, 1, 0, '', NULL, '2022-08-19 14:19:00'),
(26, 7, 5, 2, 0, '', NULL, '2022-08-19 14:19:00'),
(27, 7, 6, 3, 0, '', NULL, '2022-08-19 14:19:00'),
(28, 7, 9, 4, 0, '', NULL, '2022-08-19 14:19:00'),
(29, 8, 14, 1, 0, '', NULL, '2022-10-24 14:38:24'),
(30, 8, 5, 2, 0, '', NULL, '2022-10-24 14:38:25'),
(31, 8, 6, 3, 0, '', NULL, '2022-10-24 14:38:25'),
(32, 8, 9, 4, 0, '', NULL, '2022-10-24 14:38:25'),
(33, 9, 14, 1, 0, '', NULL, '2022-10-24 14:38:43'),
(34, 9, 5, 2, 0, '', NULL, '2022-10-24 14:38:43'),
(35, 9, 6, 3, 0, '', NULL, '2022-10-24 14:38:43'),
(36, 9, 9, 4, 0, '', NULL, '2022-10-24 14:38:43'),
(37, 10, 14, 1, 0, '', NULL, '2022-10-24 14:38:49'),
(38, 10, 5, 2, 0, '', NULL, '2022-10-24 14:38:49'),
(39, 10, 6, 3, 0, '', NULL, '2022-10-24 14:38:49'),
(40, 10, 9, 4, 0, '', NULL, '2022-10-24 14:38:49'),
(41, 11, 14, 1, 0, '', NULL, '2022-11-08 11:18:38'),
(42, 11, 5, 2, 0, '', NULL, '2022-11-08 11:18:38'),
(43, 11, 6, 3, 0, '', NULL, '2022-11-08 11:18:38'),
(44, 11, 9, 4, 0, '', NULL, '2022-11-08 11:18:38'),
(45, 12, 14, 1, 0, '', NULL, '2023-01-24 16:08:36'),
(46, 12, 6, 2, 0, '', NULL, '2023-01-24 16:08:36'),
(47, 12, 6, 3, 0, '', NULL, '2023-01-24 16:08:36'),
(48, 12, 9, 4, 0, '', NULL, '2023-01-24 16:08:36');

-- --------------------------------------------------------

--
-- Estructura de tabla para la tabla `proyecto_categoria`
--

CREATE TABLE `proyecto_categoria` (
  `idProyectoCategoria` int(11) NOT NULL,
  `categoria` varchar(30) COLLATE utf8_unicode_ci NOT NULL,
  `descripcion` varchar(50) COLLATE utf8_unicode_ci NOT NULL,
  `scope` text COLLATE utf8_unicode_ci NOT NULL,
  `fechaCrea` datetime NOT NULL DEFAULT CURRENT_TIMESTAMP
) ENGINE=InnoDB DEFAULT CHARSET=utf8 COLLATE=utf8_unicode_ci;

--
-- Volcado de datos para la tabla `proyecto_categoria`
--

INSERT INTO `proyecto_categoria` (`idProyectoCategoria`, `categoria`, `descripcion`, `scope`, `fechaCrea`) VALUES
(1, 'MS', 'Material Substitution', 'Customer request to susbtitute existing material to resolve form, fit, function issue, improve product performance, cost saving initiative or VA/VE initiatives', '2021-05-20 17:28:55'),
(2, 'DS', 'Design Services', 'Design process, product or component ', '2021-05-20 17:29:06'),
(3, 'MTI', 'Manufacturing Technology Innovation', 'Fiber technology innovation/development with \'breakthrough\" mindset this excludes basic plant mfg practices', '2021-05-20 17:29:16'),
(4, 'PTI', 'Product Technology Innovation', 'New fiber products, new to the world', '2021-05-20 17:29:26'),
(5, 'DB', 'Design BOM', 'BOM design for new Fiber product', '2021-05-20 17:29:40'),
(6, 'DD', 'Design Drawing', 'Drawing design for new Drawing product', '2021-05-20 17:29:50'),
(7, 'BTP', 'Built to print', 'To validate the manufacturability of customer design', '2021-07-15 11:31:51'),
(8, 'VT', 'Validation Test', 'To validate the Finished Goods', '2021-09-02 11:20:00'),
(9, 'AE', 'Application Engineering', 'TBD', '2023-02-03 14:46:16');

-- --------------------------------------------------------

--
-- Estructura de tabla para la tabla `proyecto_etapa`
--

CREATE TABLE `proyecto_etapa` (
  `idProyectoEtapa` int(11) NOT NULL,
  `idProyecto` int(11) NOT NULL,
  `idEtapa` int(11) NOT NULL,
  `status` tinyint(4) NOT NULL DEFAULT '0',
  `approvedDate` datetime DEFAULT NULL,
  `createdDate` datetime NOT NULL DEFAULT CURRENT_TIMESTAMP
) ENGINE=InnoDB DEFAULT CHARSET=utf8 COLLATE=utf8_unicode_ci;

--
-- Volcado de datos para la tabla `proyecto_etapa`
--

INSERT INTO `proyecto_etapa` (`idProyectoEtapa`, `idProyecto`, `idEtapa`, `status`, `approvedDate`, `createdDate`) VALUES
(1, 250, 1, -1, NULL, '2022-08-08 07:51:38'),
(2, 250, 2, -1, NULL, '2022-08-08 07:51:58'),
(3, 227, 3, 0, NULL, '2022-08-10 16:31:28'),
(4, 234, 1, 0, NULL, '2022-08-10 16:38:13'),
(5, 234, 2, 0, NULL, '2022-08-10 16:38:25'),
(6, 234, 3, 0, NULL, '2022-08-10 16:38:32'),
(7, 254, 4, 0, NULL, '2022-08-19 14:19:00'),
(8, 248, 1, 0, NULL, '2022-10-24 14:38:24'),
(9, 248, 2, 0, NULL, '2022-10-24 14:38:43'),
(10, 248, 3, 0, NULL, '2022-10-24 14:38:49'),
(11, 258, 3, 0, NULL, '2022-11-08 11:18:38'),
(12, 268, 1, 0, NULL, '2023-01-24 16:08:35');

-- --------------------------------------------------------

--
-- Estructura de tabla para la tabla `proyecto_notas`
--

CREATE TABLE `proyecto_notas` (
  `idProyectoNota` int(11) NOT NULL,
  `nota` text COLLATE utf8_unicode_ci NOT NULL,
  `idUsuario` int(11) NOT NULL,
  `idProyecto` int(11) NOT NULL,
  `fechaCrea` datetime NOT NULL DEFAULT CURRENT_TIMESTAMP
) ENGINE=InnoDB DEFAULT CHARSET=utf8 COLLATE=utf8_unicode_ci;

--
-- Volcado de datos para la tabla `proyecto_notas`
--

INSERT INTO `proyecto_notas` (`idProyectoNota`, `nota`, `idUsuario`, `idProyecto`, `fechaCrea`) VALUES
(4, 'SHORT G060207 ETA 08/04', 1, 56, '2021-08-10 07:33:47'),
(10, 'CUSTOMER IS PAUSING PROJECT AS END CUSTOMER IS CHANGING THE SPEC', 1, 75, '2021-08-17 10:20:08'),
(12, 'RECD PO#4501484481 08/13 NEEDS TO BE CORRECTED.  PO WILL BE FOR 3 PCS 2 PCS FOR ERICSSON 1 PC FOR CORNING', 6, 77, '2021-08-17 14:39:14'),
(13, 'SHORTAGES:\n-PRYSMIAN CABLE A021639 LT 12 WKSPO-210151 \n ETA 10/15\n/HITACHI CABLE S011925 LT PENDING TO CONFIRM\n/E040170 PO-210144 ETA 8/23\n/G090162 PO-210146 ETA 8/23\n-N031032 PO-210147 ETA 8/23\n\n', 6, 77, '2021-08-17 14:50:32'),
(16, 'MOQ FOR HITACHI POWER CABLE 1000 FTS PENDING LT AND PO #', 6, 77, '2021-08-19 10:27:25'),
(17, 'WAITING AN ANSWER FROM CSD ABOUT THE DRAWING UPDATES', 6, 79, '2021-08-26 10:17:38'),
(18, 'Bracket quote received from DMI LT 9 WKS', 6, 78, '2021-08-26 10:30:20'),
(19, 'DVT REVIEWING ', 6, 79, '2021-08-30 09:41:07'),
(20, 'DVT DRAFT REVISION WILL BE PUBLISHED TO COE TEAM 9/1/2021', 6, 79, '2021-09-01 09:46:04'),
(21, 'HITACHI POWER CABLE S011925 500 FTS ETA 9/20 ', 6, 77, '2021-09-02 09:52:54'),
(22, 'DMI BRACKET E070729 ETA 10/14', 6, 79, '2021-09-02 09:58:18'),
(23, 'Waiting todays data from TC to evaluate if cable will work', 6, 80, '2021-09-06 11:11:12'),
(24, 'TEAM TO DEFINE IF CABINET CAN FIT ON THERMOCHAMBER TO PERFORM THE GR TEST REQUIRED', 6, 79, '2021-09-06 11:14:08'),
(26, 'Cable will finish TC test at the end of the week report with results to be shared at the beginning of the next week 13-17 Sept', 6, 80, '2021-09-08 10:15:51'),
(27, 'DISTRIBUTION DRWG READY. WILL BE DETERMINED ON TODAYS MEETING WITH CSD IF FEEDER DRWG NEEDS TO BE UPDATED', 6, 79, '2021-09-08 10:18:32'),
(29, 'WORK ON MOCK UP BOM FOR TC TO CHECK RM AVAILABILITY  9/10/2021', 6, 79, '2021-09-09 10:09:50'),
(30, 'To define the TC cycles needed ', 6, 80, '2021-09-10 09:50:42'),
(31, 'Cleaning up mock up BOM for TC test.', 6, 79, '2021-09-14 09:49:38'),
(32, 'TH Cycles for samples will be completed on 15th and 17th ', 6, 80, '2021-09-14 09:52:35'),
(33, 'Pending answer from DMI about the cabinet part needed for TC test mock up.', 6, 79, '2021-09-16 10:46:57'),
(34, '15th sept: TC cycle completed for first sample, team is working on the results report.', 6, 80, '2021-09-16 10:50:10'),
(43, 'Results report will be ready 9/21/2020', 6, 80, '2021-09-20 11:48:36'),
(44, 'Team will place a PO with DMI for the mock up backplate cabinet.', 6, 79, '2021-09-20 11:50:07'),
(50, 'Report under review', 6, 80, '2021-09-22 10:03:50'),
(51, 'Working on the cabinet mock up.  Progress 30%', 6, 79, '2021-09-22 10:06:38'),
(52, 'Report completed and delivered 9/22/2021', 6, 80, '2021-09-23 11:20:16'),
(54, 'Working on Sub assemblies .- Progress 80%', 6, 79, '2021-09-29 08:53:40'),
(55, 'Light test.- Progress 80 %', 6, 88, '2021-09-29 08:57:29'),
(56, 'Hitachi Cable received in HMO', 6, 77, '2021-09-29 08:59:35'),
(57, 'PTF w/details on FA construction will be published', 6, 88, '2021-09-30 10:20:24'),
(58, 'To work on ECN to update Rev C BOM  10/01', 6, 79, '2021-09-30 10:21:46'),
(59, 'Assembly imported to HMO to be reworked', 6, 88, '2021-10-04 09:14:19'),
(60, 'Sample on TC test. Checking results 10/06', 6, 89, '2021-10-04 09:58:19'),
(61, 'Working with sourcing to assign NAI PNs to Stauff clamps... Cabinet ECN BOM pending to be completed', 6, 79, '2021-10-04 10:01:08'),
(62, 'Prysmian Cable ETA 10/25 NDC', 6, 77, '2021-10-05 08:20:07'),
(63, 'Working on sample construction to test the epoxy', 6, 89, '2021-10-05 09:40:12'),
(64, 'Pictures of rework shared with NWS. Assembly ready to be shipped.', 6, 88, '2021-10-05 09:46:14'),
(65, 'Assembly shipped to NDC 10/06/2021', 6, 88, '2021-10-06 08:28:48'),
(66, 'Epoxy will be tested next week', 6, 90, '2021-10-06 10:00:15'),
(67, 'Epoxy will be tested next week 10/11', 6, 90, '2021-10-06 10:00:38'),
(68, 'Share with DMI pictures & drawings of package and lessons learned from great lakes.', 6, 79, '2021-10-07 10:01:47'),
(69, 'Waiting for samples from PL1', 6, 91, '2021-10-07 15:00:13'),
(70, 'Testing ADH epoxy using 250Um Fiber', 6, 89, '2021-10-11 08:35:51'),
(71, 'Pending set up for 2 new vendors and ECN to add those items to cabinet BOM', 6, 79, '2021-10-11 08:37:21'),
(72, 'Testing hybrid jumper with  Senko & Radiall connectors', 6, 89, '2021-10-12 08:53:53'),
(73, 'Working on building a sample ', 6, 91, '2021-10-12 08:55:20'),
(74, 'Pending update from DMI about splitter packaging solution', 6, 79, '2021-10-12 08:56:18'),
(75, 'Sample in TC', 6, 90, '2021-10-12 14:12:55'),
(76, 'Validation report completed 10/14', 6, 91, '2021-10-18 08:27:10'),
(77, 'Cable Spec 10/20', 6, 92, '2021-10-20 08:14:46'),
(78, 'Working on assemblies construction', 6, 77, '2021-10-21 07:07:46'),
(79, 'Ship date 10/29', 6, 77, '2021-10-22 07:54:47'),
(80, 'Progress 15 %', 6, 77, '2021-10-25 09:54:32'),
(81, 'Manufacturing ODC', 6, 92, '2021-10-25 09:56:21'),
(82, 'On Going', 6, 93, '2021-10-26 16:11:36'),
(83, 'Progress 30%', 6, 77, '2021-10-26 16:25:28'),
(84, 'Samples shipped 10/30/2021', 6, 94, '2021-11-01 08:11:04'),
(85, 'Samples sjipped 10/30/2021', 6, 77, '2021-11-01 08:11:46'),
(86, 'Samples shipped 10/30/2021', 6, 77, '2021-11-01 08:50:50'),
(87, 'Mating test', 6, 89, '2021-11-04 08:50:29'),
(88, 'Completed 11/3 waiting for shipping instructions', 6, 92, '2021-11-04 08:52:02'),
(89, 'Material on its way to PL2.. Waiting answer from RFS about project details', 6, 95, '2021-11-05 09:57:51'),
(90, 'Mating test 50 %', 6, 89, '2021-11-05 10:22:20'),
(91, ' PO $900K', 5, 98, '2021-11-09 08:50:58'),
(92, 'HFE212-4SEB-5M Rejected per test failure', 5, 99, '2021-11-09 08:53:33'),
(93, 'P1 PURCHASE ORDER', 5, 100, '2021-11-09 08:54:04'),
(94, 'PO#NAI-4500469167 Recd 03/02 \n', 5, 102, '2021-11-09 08:57:18'),
(95, 'Published validation report 01/24, VALIDATION REPORT ONLY, ', 5, 104, '2021-11-09 08:58:47'),
(96, 'Q4 2019, PRODUCTION PO\n', 5, 105, '2021-11-09 08:59:33'),
(97, 'PO Recd 04/23\n', 5, 110, '2021-11-09 09:01:10'),
(98, 'GECKO PROJECT', 5, 113, '2021-11-09 09:03:12'),
(99, 'Published final TC report 05/21, VALIDATION REPORT ONLY\n', 5, 114, '2021-11-09 09:04:03'),
(100, 'COE Team completed project book, P1 shipped PO 32 pcs  P1 FA PO\n\n', 5, 118, '2021-11-09 09:05:26'),
(101, 'Samples intended for photoshoot, do not ship\n', 5, 120, '2021-11-09 09:06:34'),
(102, 'Documentation only\n', 5, 121, '2021-11-09 09:07:19'),
(103, 'PROJECT HAD SEVERAL CHANGES/DELAYS \n', 5, 122, '2021-11-09 09:08:02'),
(104, 'Initial volume 1,500 pcs, 17K now to year end , 34K for next 12 months', 5, 122, '2021-11-09 09:08:07'),
(105, 'Ship date Assy 52 10/30, Assemblies 74 11/05 & 75 11/11\n', 5, 127, '2021-11-09 09:16:21'),
(106, 'NWS-5076-20FT-COE', 5, 128, '2021-11-09 09:17:00'),
(107, '12/06/19 P4 to consolidate ,          DELAY IN MATERIALS\n', 5, 129, '2021-11-09 09:18:21'),
(108, '* PROJECT STARTED 2018\n', 5, 135, '2021-11-09 09:20:59'),
(109, '* PROJECT STARTED 2018\n', 5, 136, '2021-11-09 09:21:24'),
(110, '12/02/19 Senko samples shipped 1 Trunk/12 Jumpers  \n', 5, 138, '2021-11-09 09:22:23'),
(111, 'Shipped PO#2796 2 pcs 05/28   - SHIP DATE 11PCS 06/11\n', 5, 139, '2021-11-09 09:23:13'),
(112, 'Ship date 2 pcs each 06/12 HMO, Balance 3 pcs 06/19 and 2 pcs  06/26 \n', 5, 141, '2021-11-09 09:24:07'),
(113, 'Hello Manuel,\n\nApologies on the delay.\n2 Samples:\nOur ship date  for the 2 pcs of each assembly is 6/13 from Arizona.\nPlease send PO as soon as able. We need to ensure to have the PO this week.\nWe need to provide the below and you need to confirm if you will share a packing list or do we create it?\n\n1. Pictures of Samples Before and After package     \n2. Pictures of Packaging- Weights/Dims                      \nAlso, there are some changes on the drawings we are creating and will need your buy off on the modifications.\n\n5 Samples\nI will revert with a ship date for the additional 5 samples.', 5, 141, '2021-11-09 09:24:19'),
(114, '7/1/2020 SHIPPED 1 FA DELIVERED 07/01. SHIP DATE BALANCE 07/31\n', 5, 147, '2021-11-09 09:27:19'),
(115, 'SHIP ONE PC FOR APPROVAL', 5, 147, '2021-11-09 09:28:11'),
(116, '7/1/2020 SHIPPED 1 FA DELIVERED 07/01, SHIP DATE BALANCE 07/31\n', 5, 148, '2021-11-09 09:28:59'),
(117, 'SHIP ONE PC FOR APPROVAL', 5, 148, '2021-11-09 09:29:12'),
(118, 'Samples will not ship Customer requested pictures only\n', 5, 149, '2021-11-09 09:30:27'),
(119, 'PROTOTYPE ONLY  - NOT FINAL DESIGN\n', 5, 150, '2021-11-09 09:30:56'),
(120, 'FA APPROVED,  SHIP DATE FOR BALANCE 30pcs CABLE ETA 07/31, SHIP DATE 08/14/2020\n', 5, 153, '2021-11-09 09:32:56'),
(121, 'SHIP ONE PC FOR APPROVAL', 5, 153, '2021-11-09 09:33:08'),
(122, '1st UNIT SHIP DATE 07/29, 2nd 08/21\n', 5, 154, '2021-11-09 09:33:33'),
(123, '10/19/20 - SHIPPED 8 PCS                                                            10/21/20 - SHIPPED 2 PCS                                           BALANCE 12 PCS SHIP DATE 10/28                   PROJECT BOOK COMPLETED PENDING DWG APPROVAL\n', 5, 161, '2021-11-09 09:35:56'),
(124, 'REWORK QUOTE\n', 5, 162, '2021-11-09 09:36:39'),
(125, 'Documentation only\n', 5, 163, '2021-11-09 09:36:57'),
(126, 'TC STARTED 09/09, UPDATED TEST REPORT 10/07. PROJECT BOOK CLOSED AND DELIVERED, SAMPLE  DELIVERED 11/04. REPORT WITH FINDINGS DELIVERED 12/01.  TEAM UPDATED MOLD 12/14. PENDING DESIGN APPROVAL\n', 5, 165, '2021-11-09 09:37:27'),
(127, 'MOLD MODIFIED ETA 10/29, MOLD DELIVERED                    TRAINING P1 -- COMPLETED 11/07FCO PROVIDED REPORT 11/10- CLOSE ACTION ITEM 11/17. PENDING RADIAL KIT P/N WITH GROMMET #10\n', 5, 166, '2021-11-09 09:37:54'),
(128, 'ETC SUBS 6 AWG  12/11 , 4 AWG 12/14, INTEGRATION 6 AWG COE-START 12/15 ,  SHORTAGES OK. SHIP DATE 01/20/21. SETTING UP CIRRIS TEST/COMPLETED /  Lightling Test\n', 5, 167, '2021-11-09 09:38:33'),
(129, 'SAMPLES SHIPPED 12/04/20,  Alternate connector validation\n', 5, 168, '2021-11-09 09:39:15'),
(130, 'Update on lead time.  We have a couple of the CRT-45X in stock in MA and we will be have the CRT-470 on 12/28.', 5, 168, '2021-11-09 09:39:32'),
(131, ' FA SHIP DATE 02/10 . COMPLETED AND SHIPPED 9 RIBBON CABINETS 04/09 PLUS 36 SPLITTERS\n', 5, 173, '2021-11-09 09:41:16'),
(132, '1  LOOSE TUBE CABINET FA + 4 SPLITTERS SHIPPED 11/30.  2 LOOSE TUBE CABINETS + 8 SPLITTERS SHIPPED 12/22 UPS T#404735494 FREIGHT $465USD ETA 01/06.  FOLLOWING SHIPMENTS LOOSE TUBE CABINETS: 01/13 1 pc OK , 01/19 2pcs OK , 01/28 4pcs OK  - REV B COMPLETED\n', 5, 189, '2021-11-09 09:47:34'),
(133, 'Per Olga 02/19\n\n1. They shared that after the Ribbon Cabinets are completed we need to move to Loose Tube.\nMonthly Forecast is 10 pcs starting in April.\n\n2. Also, we need to review if we can consolidate our shipments in Nogales and ship once a month instead of one or two pieces at a time.', 5, 189, '2021-11-09 09:47:47'),
(134, 'Working on assemblies construction', 6, 95, '2021-11-09 15:30:52'),
(135, 'PROJECT BOOK IN PROGRESS UPDATING AWIS. BOM CLEAN UP: ECN 12/02', 5, 189, '2021-10-10 00:00:00'),
(136, 'VALIDATION TESTS MECHANICAL/ENVIRONMENTAL REPORT PUBLISHED 12/11', 5, 189, '2021-10-10 00:01:00'),
(137, 'NEXT 2 CABINETS ARRIVED 12/10 HMO', 5, 189, '2021-10-10 00:02:00'),
(138, 'RED LINE DWG PUBLISHED 12/03', 5, 189, '2021-10-10 00:03:00'),
(139, 'COMPLETED DWG 100019 RIBBON FEEDER AND DWG 100020 RIBBON DISTRIBUTION', 5, 189, '2021-10-10 00:04:00'),
(140, 'BUILD / PLAN JAN PUBLISHED 12/15\n', 5, 189, '2021-10-10 00:05:00'),
(141, 'PENDING ACTION ITEMS : 1 RESPONSE TO PTF VALIDATION & DESIGN PROPOSAL', 5, 189, '2021-10-10 00:06:00'),
(142, 'DANIEL PUBLISHED 01/11 INTERNALLY EXCEL-PPT 2 INTEGRATION AND SPLITTER WORKLOAD BALANCE FELIX- 01/18 DRAFT', 5, 189, '2021-10-10 00:07:00'),
(143, '3 VALIDATION ROUND #2 STATUS BUILDING 2ND SET FOR VALIDATION - EVALUATE SPLICE PROCESS TC AND MECHANICAL CONTINUE TEST AND DOCUMENT RESULTS', 5, 189, '2021-10-10 00:08:00'),
(144, 'EVALUATE SPLICE PROCESS TC AND MECHANICAL CONTINUE TEST AND DOCUMENT RESULTS', 5, 189, '2021-10-10 00:09:00'),
(145, 'BUILDING FUNCTIONAL SAMPLES FOR VALIDATION', 5, 189, '2021-10-10 00:10:00'),
(146, 'PACKAGING TEST PUBLISHED ENGINEERING REPORT 03/05', 5, 189, '2021-10-10 00:11:00'),
(147, 'CAPA SUMMARY LINK PUBLISHED TO ALL INCLUDING CSD FOR DESIGN ACTION ITEMS 03/05', 5, 189, '2021-10-10 00:12:00'),
(148, 'CAPA ANALYSIS ONGOING REPORT PUBLISHED EVERY FRIDAY', 5, 189, '2021-10-10 00:13:00'),
(149, 'SHIPPED DMI MECHANICAL SAMPLE 03/19', 5, 189, '2021-10-10 00:14:00'),
(150, 'SOW FOR CLAMPS PUBLISHED 04/15 TO JOE STARTING VALIDATION FOR CLAMPS 04/22 - 05/21', 5, 189, '2021-10-10 00:15:00'),
(151, 'CLAMP VALIDATION COMPLETED REPORT PUBLISHED 05/21', 5, 189, '2021-10-10 00:16:00'),
(152, 'EITHER DESIGN COE OR STAUFF WORKS IN RB/LT CABINETS IN DISTRIBUTION & FEEDER ASSEMBLIES REV C PLANNED FOR JUNE DESIGN FREEZE BY 06/18', 5, 189, '2021-10-10 00:17:00'),
(153, 'COMPARING CLAMP PRICING TOP VS STAUFF SHARE WITH DMI PICTURES AND DESIGN OF CABINET PACKAGE', 5, 189, '2021-10-10 00:18:00'),
(154, 'WORKING ON CHANGE CABINETS BOM TO GAYLORD SITE', 5, 189, '2021-10-10 00:19:00'),
(155, 'Mock up sample for customer evaluation', 5, 95, '2021-11-10 07:28:27'),
(156, 'Total shipment weight 160 pounds, customer to cofirm ship via', 5, 95, '2021-11-10 17:06:32'),
(157, 'Production PO received 11/10, PO#4501520490 $60.3K, BOMs ETC? Drawing ETC?', 5, 202, '2021-11-10 17:16:54'),
(158, 'Mating test 80%, calidate data and complete report', 5, 89, '2021-11-16 10:07:03'),
(159, 'Build sample for durability & mating test', 5, 90, '2021-11-16 10:07:31'),
(160, 'BOMs will be released 11/16, Preliminary drawing published 11/16, COE team to start AWIs', 5, 202, '2021-11-16 12:21:01'),
(161, 'Mock-up validation planned to start 11/22', 5, 79, '2021-11-16 12:27:56'),
(162, 'Mating test 80%, validate data and complete report', 5, 89, '2021-11-17 07:24:04'),
(163, 'Mock up validation 11/22 to 12/03, DMI cabinets 2pcs ETA 11/30', 5, 79, '2021-11-17 07:26:53'),
(164, 'Develop equivalent solutions to CommScope configurations:HFT1206-24SV2 & HFT2406-48SV3', 5, 214, '2021-11-17 07:59:43'),
(165, 'Preliminary AWIs ETC 11/22, Quoting premium charge to customer to shorten cable lead time Superior Essex', 5, 202, '2021-11-18 10:19:28'),
(166, 'Mating test completed, pending PTF report', 5, 89, '2021-11-18 10:21:02'),
(167, 'Working on AWIs', 6, 95, '2021-11-22 07:36:13'),
(168, 'FA & Quote completed. Waiting for additional instructions', 6, 92, '2021-11-22 09:44:17'),
(169, 'Working on TC set up.', 6, 217, '2021-11-22 09:48:26'),
(170, 'Design and FA request for Hybrid Jumper', 5, 220, '2021-11-23 14:38:10'),
(171, 'ON TC ', 6, 217, '2021-11-24 09:15:05'),
(172, 'Released requote to Corning for PO#4501520490 using Superior Essex cable, Working in shortages ETAs and project book', 5, 202, '2021-11-24 10:31:51'),
(173, 'Alternative design will be released 11/24', 5, 214, '2021-11-24 10:33:13'),
(174, 'Released commercial drawings and PTF document 11/24', 5, 214, '2021-11-24 11:53:52'),
(175, 'PTF Report 11/29/2021', 6, 89, '2021-11-26 09:42:50'),
(176, 'Mock up validation 30 % Progress', 6, 79, '2021-11-26 09:54:46'),
(177, 'Mock up validation 40 % Progress', 6, 79, '2021-11-30 15:06:44'),
(178, 'Sent to PL1 to be reworked for a 2nd validation', 6, 217, '2021-11-30 15:08:27'),
(179, 'Pending to share engineering report with PL1', 6, 89, '2021-12-01 09:23:31'),
(180, 'AWIs Completed', 6, 95, '2021-12-01 09:52:16'),
(181, 'Mock up validation on progress. Start working on build cabinet subassemblies', 6, 79, '2021-12-01 10:01:08'),
(183, 'PO00005047 Received from NWS Qty 1', 6, 220, '2021-12-01 16:37:01'),
(184, 'Engineering Report shared with PL1 12/02', 6, 89, '2021-12-03 08:51:52'),
(185, 'PO entered in VE & WO-1441245 created. TR# 1Z6W16300214724708 for AOPC Connectors ETA 12/06 NDC', 6, 220, '2021-12-03 10:27:18'),
(186, 'PO-12032021 cero cost received from CSD, WO-1441233 for FAs cabinets and subs were created.', 6, 79, '2021-12-03 10:39:49'),
(187, 'PO for PVC armored furcation issued, pending supplier confirmation', 6, 202, '2021-12-07 15:32:13'),
(188, 'Mock up validation completed. Working on validation report.', 6, 79, '2021-12-07 15:34:48'),
(189, 'AOPC Housings received, working on sample construction', 6, 220, '2021-12-07 15:38:24'),
(190, 'Shipped 12/08 from HMO', 6, 220, '2021-12-09 09:21:44'),
(191, 'PO for PVC armored furcation N031045 confirmed, ETA 1st week of January.', 6, 202, '2021-12-09 10:06:13'),
(192, 'Se inicio con la manufactura de las piezas con información faltante en el Sistema.\n\nPrints \nTooling Required \nManufacturer work instructions\n', 2, 221, '2021-12-13 16:58:38'),
(193, 'Shipped 12/15 from NDC.. NWS sent shipping instructions this day.', 6, 220, '2021-12-15 15:02:44'),
(194, 'Working on redesign according to cable spec received.', 6, 202, '2021-12-17 08:32:47'),
(195, 'Prints sent to Olga 12/17, waiting for customer approval', 6, 202, '2021-12-20 08:52:45'),
(196, '11 pcs completed', 6, 221, '2021-12-20 09:25:08'),
(197, 'DMI will ship cabinets 12/20', 6, 79, '2021-12-20 09:26:03'),
(198, '12 pcs completed. Shipped to NDC 12/21', 6, 221, '2021-12-21 15:53:02'),
(199, 'Prints approved by Corning', 6, 202, '2021-12-28 10:56:10'),
(200, 'Cabinets in PL2', 6, 79, '2021-12-29 16:08:12'),
(201, 'Cabinets Incoming Inspection report was released.', 6, 79, '2021-12-30 10:57:00'),
(202, 'Waiting on cable to arrive at NDC', 6, 222, '2022-01-04 14:01:21'),
(203, 'Cable A021643 at HMO, will be tested by COE since spec doesnt match with what we received.', 6, 202, '2022-01-06 08:44:00'),
(204, 'Shipped from NDC 12/29', 6, 221, '2022-01-06 10:32:06'),
(205, 'REV C FA Cabinet integration completed, findings report will be released.', 6, 79, '2022-01-07 09:53:36'),
(206, 'Findings report was released 1/7, CSD will reply 1/14', 6, 79, '2022-01-10 10:45:16'),
(207, 'SE Cable accepted, working on project book and deviation to start 1st 18 pcs without completing FA validation.', 6, 202, '2022-01-10 15:00:12'),
(208, 'Info on hand. Pending to locate manufactured pcs and waiting for further instructions.', 6, 223, '2022-01-14 10:08:28'),
(209, 'FA on TC, checking cable data for apparent fail.', 6, 202, '2022-01-14 10:14:42'),
(210, 'Cable on PL2', 6, 224, '2022-01-17 09:07:23'),
(211, 'Cable under revision', 6, 202, '2022-01-18 09:19:34'),
(212, 'Working on an additional sample for a second TC validation. ', 6, 202, '2022-01-20 08:51:11'),
(213, 'Original ID Project- DS-MEDIUM-5\n\n', 6, 225, '2022-01-21 08:34:37'),
(214, 'COE needs to build 8 FGs, 4 will be send to NWS for replacement and 4 will be get into TC. Waiting original samples for review TRC# 1Z6W16300300508912', 6, 225, '2022-01-21 08:40:14'),
(215, 'Additional sample on hold', 6, 202, '2022-01-21 08:43:21'),
(216, 'Cable in HMO. Waiting lead time of connector kits and Work Instructions from Prysmian.', 6, 222, '2022-01-21 09:10:20'),
(217, 'Working on FG build, expected to be ready 1/27', 6, 224, '2022-01-21 09:24:25'),
(218, 'Test Validation plan and kits quotation received.\nMinimum of 20 sample build for whole test validation plan. Drop cable entire length: 10 meters\n', 6, 222, '2022-01-28 07:59:21'),
(219, 'Pending SCR for label', 6, 226, '2022-02-01 09:12:55'),
(220, 'Customer put on hold this order', 6, 226, '2022-02-04 09:25:13'),
(221, 'ETA DMI Items 3/18 ', 6, 79, '2022-02-08 09:13:57'),
(222, 'COE working with SPSX new cable design / Installation Guide shared 2/8/2022', 6, 202, '2022-02-09 07:15:22'),
(223, 'Thermal cycle test completed. Working on report', 6, 224, '2022-02-10 16:32:42'),
(224, 'Shipped to Nogales 2/10', 6, 227, '2022-02-10 16:37:04'),
(226, '2 samples of FJ-ODCAOPE-T2SMA-5M-COE were shipped 2/17', 6, 94, '2022-02-17 14:05:30'),
(227, 'COE to validate 2 samples from SPSX New configurations', 6, 202, '2022-02-23 08:50:58'),
(228, 'Currently in TC, expected to be completed 3/2', 6, 228, '2022-02-23 09:23:37'),
(229, 'DMI items: 1st set 3-18  /  2nd set 4-29', 6, 79, '2022-02-23 09:26:14'),
(231, 'NWS request results and photos of the following tests:\n\n-Thermal Tests up to 60C \n-Thermal Tests up to 65C \n-Thermal Tests up to 70C \n-Thermal Tests up to 75C \n', 6, 231, '2022-02-24 12:06:04'),
(232, 'Working on BOM and Prints.', 6, 232, '2022-02-28 09:19:14'),
(233, 'Project Reactivated.. Waiting for shortages to arrive 3/11', 6, 226, '2022-03-07 09:02:37'),
(234, 'ETC 3/7', 6, 230, '2022-03-07 09:39:19'),
(235, 'Connector SCA 5MM is required, currently working with sourcing to buy it.', 6, 222, '2022-03-08 09:43:12'),
(236, 'Working on BOM', 6, 233, '2022-03-08 09:43:53'),
(237, 'Waiting for AOPC connectors from NWS', 6, 232, '2022-03-08 09:44:21'),
(238, 'Pending to release PTF', 6, 202, '2022-03-09 08:44:06'),
(239, 'Validation report  ETC 3/9', 6, 228, '2022-03-09 09:55:20'),
(240, 'Validation report ETC 3/9', 6, 230, '2022-03-09 09:55:42'),
(241, 'Validation report ETC 3/9', 6, 231, '2022-03-09 09:56:00'),
(242, 'Looking for an alternative furcation tube', 6, 232, '2022-03-09 09:57:33'),
(243, 'BOM released 3/9', 6, 233, '2022-03-09 09:58:00'),
(244, 'Items G160203/G160204 ETA 3/15...SCR for label is still pending.', 6, 226, '2022-03-09 13:21:07'),
(245, 'ETA for Item# 164391 Furcation Tube is 03/14 PO-213433', 5, 232, '2022-03-10 07:31:14'),
(246, 'ETA for DMI Spare Parts 03/18 NDC, PO-215421', 5, 79, '2022-03-10 07:32:38'),
(247, 'ETA for Strain reliefs 03/15 NDC', 5, 226, '2022-03-10 07:37:02'),
(248, 'PTF File for FA validation due 03/10, Pending customer SCR approval to use aluminum tape instead of copper tape on hybrid cable SPX', 5, 202, '2022-03-10 07:38:57'),
(250, 'Boot modification, test completed, report by 03/11', 5, 230, '2022-03-10 09:33:49'),
(251, 'Report due 03/11', 5, 231, '2022-03-10 09:34:14'),
(252, '2 pcs HCSA, will use MRB cable stock, non functional, pend build', 5, 233, '2022-03-10 09:35:40'),
(253, 'Defining p/n to buy 150 pcs, Sara following up', 5, 222, '2022-03-10 09:37:18'),
(257, 'Published report to customer 78% of channels failed', 5, 228, '2022-03-10 10:36:45'),
(258, 'Report due 03/11', 5, 230, '2022-03-11 09:31:48'),
(259, 'Report due 03/11', 5, 231, '2022-03-11 09:32:03'),
(260, '100 pcs on PO, ETA pending', 5, 222, '2022-03-11 09:35:35'),
(261, 'Spare parts ETA 03/18, Issued ECNs for site 6 ETC 03/11', 5, 79, '2022-03-11 09:38:18'),
(262, 'Internal report published for input Copper vs Aluminum, pending response to customer', 5, 202, '2022-03-11 09:39:38'),
(263, 'PO 000446C, received 03/11, 10 pcs', 5, 234, '2022-03-11 11:23:20'),
(264, 'ETC 03/14', 5, 230, '2022-03-14 09:31:29'),
(265, 'ETC 03/14', 5, 231, '2022-03-14 09:31:39'),
(266, 'Furcation#16439 Will be delivered until April, Pending AOPC connectors from customer', 5, 232, '2022-03-14 09:32:58'),
(267, 'Non-Functional samples HCSA 2 pcs, Build progress 70%', 5, 233, '2022-03-14 10:02:08'),
(268, 'PO 000446C, recd 03/11, 10 pcs - Req due 03/17 Fco', 5, 234, '2022-03-14 10:04:37'),
(269, 'Spare parts ETA 03/18, completed all ECNs for Site 6', 5, 79, '2022-03-14 10:05:38'),
(270, 'COE published comparison report Copper vs Aluminum - 03/11, pend input from BDM', 5, 202, '2022-03-14 10:07:10'),
(271, 'ETA 03/17 for Strain Relief boots G160203 & G160204', 5, 226, '2022-03-14 10:09:21'),
(272, 'Report published to customer 03/14', 5, 230, '2022-03-14 16:34:04'),
(273, 'Report published to customer 03/14', 5, 231, '2022-03-14 16:34:28'),
(274, '3.	ETA 03/16 for Senko connector 4.8mm Item #S011935 100 pcs, PO-216340', 5, 222, '2022-03-14 16:37:28'),
(275, 'ETA 03/16 for Senko connector 4.8mm Item #S011935 100 pcs, PO-216340, also customer sending item# XKTSC01564\ngland nut: 50 pcs S011936', 5, 222, '2022-03-15 10:06:22'),
(276, 'Furcation#16439 Will be delivered until April, Recd 6 pcs AOPC from customer, creating sample # to include in IBT', 5, 232, '2022-03-15 10:15:41'),
(277, 'Non-Functional samples HCSA 2 pcs, samples completed', 5, 233, '2022-03-15 10:16:53'),
(278, 'ETA 03/17 for Strain Relief boots G160203 & G160204 --- PO Cancelled', 5, 226, '2022-03-15 14:24:54'),
(279, 'Material corto PN:H090058', 2, 234, '2022-03-16 16:03:24'),
(280, 'ETA 03/16 for Senko connector 4.8mm Item #S011935 100 pcs, PO-216340, also customer sending item# XKTSC01564 gland nut: 50 pcs', 5, 222, '2022-03-17 07:11:48'),
(281, 'Corning, Ericsson will not accept Aluminum tape and need Copper Tape on the assemblies, need SPX commit date', 5, 202, '2022-03-17 07:13:24'),
(282, 'Shortage reel p/n:H090058, status on PO with Vandor? Samples?', 5, 234, '2022-03-17 07:16:17'),
(283, '	3/15: Furcation#16439 Will be delivered until April, Recd 6 pcs AOPC from customer, S011936', 5, 232, '2022-03-17 07:17:25'),
(284, 'Ship date 03/18, 2 pcs', 5, 232, '2022-03-17 09:33:50'),
(285, 'Spool ETA 03/25, PO Ship date 03/29', 5, 234, '2022-03-17 09:37:02'),
(286, 'Shipped 03/18 2 pcs', 5, 232, '2022-03-18 15:17:59'),
(287, 'Shipped 03/18-  Non-Functional samples HCSA 2 pcs', 5, 233, '2022-03-18 15:22:17'),
(288, '48 Spools will arrive @ NDC 03/18, Ship date 03/24', 5, 234, '2022-03-18 15:25:07'),
(289, 'Updated ETA 4/1 for 2nd set of Spare Parts', 6, 79, '2022-03-24 11:54:24'),
(290, 'PL1 is building sample for validation', 6, 235, '2022-03-24 16:37:32'),
(291, 'Shipped 10 pcs', 6, 234, '2022-03-24 16:44:09'),
(292, 'ETA 03/25 for Gland nut S011938 50 pcs', 6, 222, '2022-03-24 16:45:02'),
(293, 'Validation will be completed 03/28', 5, 79, '2022-03-25 09:33:55'),
(294, 'Validation completed. Incoming inspection report will be shared 3/29', 6, 79, '2022-03-29 07:11:44'),
(295, 'Gland nuts 51 pcs availables in PL2', 6, 222, '2022-03-29 15:12:51'),
(296, '1st. non functional mockup completed, evidence was shared with Prysmian 3/30.', 6, 222, '2022-03-31 08:08:15'),
(300, 'C081499 / G100048 & die set available in PL2', 6, 236, '2022-03-31 08:24:19'),
(301, 'Assembly in TC,  ETC 4/8', 6, 235, '2022-04-01 13:39:58'),
(302, 'Assemblies under construction. Progress 50%', 6, 237, '2022-04-05 10:01:27'),
(303, 'Working on samples build for validation.', 6, 236, '2022-04-05 10:04:23'),
(304, 'Assemblies completed waiting for AOPC connector', 6, 237, '2022-04-06 14:29:25'),
(307, 'Assemblies under construction', 6, 238, '2022-04-06 14:44:39'),
(308, 'Build progress 40%', 6, 238, '2022-04-07 09:42:04'),
(309, 'Working on splitter validation and Cabinet documentation', 6, 79, '2022-04-07 09:51:45'),
(310, '5 PCS shipped to NDC 4/7', 6, 237, '2022-04-08 07:20:21'),
(312, '14 of 58 completed', 6, 239, '2022-04-08 07:26:49'),
(313, '20 of 58 completed', 6, 239, '2022-04-11 09:12:48'),
(314, 'Condumex cable passed the test.', 6, 235, '2022-04-11 09:15:41'),
(315, 'Working on cabinet project book ETC 4/29', 6, 79, '2022-04-11 15:20:17'),
(316, 'Waiting for connectors work instruction from sourcing', 6, 236, '2022-04-11 15:28:17'),
(317, '3 Pieces shipped to NDC 4/11', 6, 238, '2022-04-12 07:03:11'),
(318, 'Pending to define work station for light test', 6, 79, '2022-04-12 15:21:41'),
(319, 'Manufacturing flow diagram of the cabinet process required', 6, 79, '2022-04-18 09:08:26'),
(320, '24 of 58 completed', 6, 239, '2022-04-18 09:08:54'),
(321, '35 of 58 completed', 6, 239, '2022-04-20 09:10:35'),
(322, 'Reverse engineering requested by AFL. No response for open issues yet.', 6, 241, '2022-04-20 09:59:20'),
(323, 'Moving material from PL1 to start samples build.', 6, 240, '2022-04-20 10:03:20'),
(324, 'Working on connector pull test validation.', 6, 222, '2022-04-20 10:04:38'),
(325, '41 of 58 completed', 6, 239, '2022-04-22 08:47:38'),
(326, '43 of 58 completed', 6, 239, '2022-04-25 08:44:38'),
(327, '2 pcs shipped to NDC 4/25', 6, 240, '2022-04-25 08:47:36'),
(328, 'Samples requested to Amphenol to continue with Validation 4/25', 6, 236, '2022-04-25 09:01:19'),
(329, '53 of 58 completed', 6, 239, '2022-04-26 08:27:41'),
(330, '1 pc shipped to NDC 4/28', 6, 242, '2022-04-29 15:38:45'),
(331, '2 samples buuild.. Progress 90%', 6, 244, '2022-04-29 15:41:03'),
(332, '2 samples shipped to NDC 4/29', 6, 244, '2022-05-02 08:54:44'),
(333, '1 cabinet shipped to Gaylord from NDC 4/29  TRAC# 505714937-0 fedex freight ', 6, 79, '2022-05-02 09:18:31'),
(334, '35 pcs completed, waiting for PO', 6, 222, '2022-05-02 10:07:15'),
(335, 'Project book will be released 5/6', 6, 79, '2022-05-03 14:17:24'),
(336, 'New design with a drain wire was released 5/2', 6, 202, '2022-05-03 16:20:07'),
(339, 'Progress 60%', 6, 243, '2022-05-05 09:53:20'),
(347, 'Working on samples build', 6, 245, '2022-05-05 16:43:02'),
(348, 'Sample in TC', 6, 245, '2022-05-06 11:03:51'),
(350, 'Start of Enviromental test 5/9', 6, 222, '2022-05-09 10:22:00'),
(351, '2nd sample build with a 5.5mm furcation start 5/9', 6, 243, '2022-05-09 11:02:31'),
(352, 'Sample build', 6, 246, '2022-05-10 08:49:14'),
(353, 'Requoting new design requested by Ericsson', 6, 202, '2022-05-10 10:06:37'),
(354, 'Sample failed. Report will be send to NWS 5/11', 6, 245, '2022-05-11 09:42:48'),
(355, 'First Enviromental Test Thermal Aging ETC 5/12', 6, 222, '2022-05-11 09:48:35'),
(356, 'Start sample build 5/12', 6, 247, '2022-05-12 09:48:46'),
(357, 'Validation results shared with NWS 5/12', 6, 245, '2022-05-12 10:36:50'),
(358, 'Sample build progress 30%', 6, 247, '2022-05-13 10:20:16'),
(359, '2nd Enviromental Test Thermal Cycling ETC 5/16', 6, 222, '2022-05-13 10:27:45'),
(360, 'Updating print with Ericssons new requirements ETC 5/13', 6, 202, '2022-05-13 10:29:24'),
(361, 'TC preliminary data for the 6 mm sample ETC 5/16', 6, 243, '2022-05-13 10:37:05'),
(362, '3rd Enviromental Test Humidity aging  ETC 5/20', 6, 222, '2022-05-17 09:52:24'),
(363, 'ETA for light test fixture 5/20', 6, 79, '2022-05-17 10:12:13'),
(364, 'Sample build progress 85%', 6, 247, '2022-05-17 10:36:57'),
(365, 'Start TC test ETC 5/25', 6, 246, '2022-05-18 14:41:40'),
(366, 'Sample build completed.', 6, 247, '2022-05-18 14:42:39'),
(367, 'Working on sample build', 6, 248, '2022-05-19 15:52:17'),
(368, 'Samples completed.. will be shipped to NDC 5/24', 6, 248, '2022-05-24 09:21:07'),
(369, 'Sample in TC test', 6, 247, '2022-05-24 16:49:27'),
(370, 'Fixture validation', 6, 79, '2022-05-24 16:51:58'),
(371, 'Currently in TC, ETC 5/27', 6, 246, '2022-05-25 10:58:22'),
(374, 'Preliminary data will be shared 5/26', 6, 247, '2022-05-26 14:17:10'),
(375, 'Updating print with CoC received ETC 5/26', 6, 202, '2022-05-26 14:19:07'),
(376, '4th Mechanical Test -100 lbs ETC 5/27', 6, 222, '2022-05-26 14:23:35'),
(377, 'TC test completed, Final Report will be released 5/31', 6, 246, '2022-05-30 16:44:54'),
(378, 'Test validation completed. Final report released 6/2', 6, 222, '2022-06-07 07:01:11'),
(382, 'Print for 12 pair released 6/6', 6, 202, '2022-06-07 07:04:14'),
(383, 'CONDUMEX Cable 4AWG  validation Test', 6, 249, '2022-06-07 07:47:37'),
(384, 'Sample build Progress 80%', 6, 249, '2022-06-07 07:47:58'),
(385, 'Working on a Compliance Matrix requested by Corning', 6, 202, '2022-06-09 08:40:39'),
(386, 'Final report released 6/9', 6, 247, '2022-06-09 10:03:38'),
(387, 'BTP Project without validation Test. Assembly considered as Telecom --will be specify in FAR that is not considered as a medical assy--', 6, 250, '2022-06-09 10:35:54'),
(388, 'Customer will send RM for FAs. Matting part was also requested.', 6, 250, '2022-06-09 10:41:54'),
(389, 'Currently on hold due to epoxy shortages.', 6, 249, '2022-06-09 10:43:45'),
(390, '2nd Epoxy validation --Enviromental & mechanical-- ETC 6/15', 6, 246, '2022-06-09 10:46:49'),
(391, 'Pending approval for the AFL 90R Splicer kit to improve cabinets light inspection', 6, 79, '2022-06-09 11:32:40'),
(392, 'Working on sample build ETC 6/17', 6, 249, '2022-06-13 10:14:53'),
(393, 'ADH-119MT-2 Engineering Report released 6/13', 6, 246, '2022-06-13 16:29:23'),
(394, 'Raw material included on todays impo', 6, 250, '2022-06-14 16:05:51'),
(395, 'AFL 90R Splicer kit ETA HMO 6/16', 6, 79, '2022-06-14 16:06:38'),
(396, 'Update current prints using IP LC instead of ODC Connectors', 6, 251, '2022-06-15 15:37:53'),
(397, 'Matrix released 6/15', 6, 202, '2022-06-16 07:36:01'),
(398, 'HCSA updated print released 6/17', 6, 251, '2022-06-20 08:39:26'),
(399, 'ETC 6/25', 6, 249, '2022-06-23 09:28:03'),
(400, 'Design project to develop a way to adapt NAI’s design to the current version of RFS assembly ***Transition and boot***', 6, 252, '2022-06-23 10:43:37'),
(401, 'Assembly with Jonhon and fiberon connectors in TC  ETC 6/30', 6, 243, '2022-06-24 09:19:00'),
(402, 'Pending to control on the elibrary updated prints - Once controlled share them with DMI and Gaylord team.', 6, 79, '2022-06-28 10:20:40'),
(403, 'Waiting feedback from Opsens about the epoxy', 6, 250, '2022-06-28 10:21:27'),
(404, 'Working on sample build just with fiberon connectors', 6, 243, '2022-06-28 10:22:15'),
(405, 'Working on samples build', 6, 252, '2022-06-28 10:22:37'),
(406, 'Thermal test validation completed-- Final report  ETC 6/28', 6, 249, '2022-06-28 10:23:36'),
(410, 'NWS requested a length change on the bottom side of this jumper. ', 6, 253, '2022-07-06 07:47:13'),
(411, 'Print updated and approved by NWS.. Working on the assembly validation.', 6, 253, '2022-07-06 07:47:46'),
(412, 'Samples build on hold', 6, 252, '2022-07-11 08:21:12'),
(413, 'Project book shared with PL1 for production.. ', 6, 253, '2022-07-11 08:22:46'),
(414, 'PO00006458 received, 3pcs for FAs purposes', 6, 251, '2022-07-11 08:24:39'),
(415, 'Partial shipment of 9 pcs  7/12', 6, 250, '2022-07-12 15:01:58'),
(416, 'Pending to share report with PL1', 6, 243, '2022-07-14 09:07:00'),
(417, 'Opsens sent 30 SCA/PC connectors and 20 LC Ferrules to complete the order ETA 7/18 HMO', 6, 250, '2022-07-15 08:38:09'),
(418, 'ETA 7/20 NDC Pneumatic connector for light test ', 6, 79, '2022-07-19 09:12:26'),
(419, 'PO00006508  received for 15 pcs for FA and Validation pusposes.', 6, 254, '2022-07-19 10:16:54'),
(420, 'Pending to release AWI for production', 6, 254, '2022-07-19 10:17:26'),
(421, 'PO 000497C Received for 2 pcs', 6, 255, '2022-07-19 15:12:01'),
(422, 'AWI released 7/20', 6, 254, '2022-07-20 08:07:22'),
(423, 'Shipped 15 pcs to NDC 7/21', 6, 250, '2022-07-22 10:24:00'),
(424, 'Shipped to NDC 7/22', 6, 255, '2022-07-25 07:38:33'),
(425, 'Alternative epoxy  for EPOTEK 353 ND-T  ', 6, 256, '2022-07-25 09:24:40'),
(426, 'Shipped from NDC 7/25', 6, 255, '2022-07-26 09:03:18'),
(427, 'Preliminary data will be released 8/01', 6, 251, '2022-07-29 15:56:51'),
(428, 'Preliminary data will be released 8/01', 6, 256, '2022-07-29 15:57:10'),
(429, 'Preliminary data will be released 8/01', 6, 254, '2022-07-29 15:57:25'),
(430, 'Light test report released 7/29', 6, 79, '2022-07-29 15:58:33'),
(431, 'Epoxy validation as alternative for 353ND-T', 6, 257, '2022-08-02 09:01:43'),
(432, 'Validation completed.  Final results released 8/2', 6, 256, '2022-08-02 11:17:10'),
(433, 'Project book released 8/4, pending to share validation report', 6, 251, '2022-08-05 07:10:55'),
(434, '4 samples of 24F received from Plant 1 to validate epoxy infinity bond as alternative of J010134 Epo-Tek 353NDT-2.5GR', 6, 258, '2022-08-05 07:29:12'),
(435, 'Epoxy validation using fiber 250µm. Will work on adjusting temperature and cure time to see if this could help.', 6, 259, '2022-08-05 07:31:51'),
(436, 'Validating epoxy functionality', 6, 259, '2022-08-05 07:33:34'),
(437, 'TC test completed. Engineering report released 8/8/2022', 6, 258, '2022-08-09 07:08:08'),
(438, 'Validation report released 8/9/2022', 6, 251, '2022-08-09 12:20:27'),
(439, 'Validation report released 8/9/2022', 6, 254, '2022-08-09 12:20:48'),
(440, 'Material received from Plant 1 to build 2 samples for a 2nd validation', 6, 257, '2022-08-10 07:21:05'),
(441, 'Currently in TC... Final results 8/15', 6, 257, '2022-08-11 13:47:18'),
(442, 'Waiting for Splitters PLC 2x32 quote from Sourcing', 6, 79, '2022-08-11 13:49:40'),
(443, 'Currently in TC', 6, 259, '2022-08-11 13:49:58'),
(444, 'Final results 8/22', 6, 257, '2022-08-15 16:50:27'),
(445, 'Final results 8/22', 6, 259, '2022-08-15 16:50:47'),
(446, 'Modified cabinet costed BOM ETC 8/19\n', 6, 79, '2022-08-18 09:11:36'),
(447, 'Sample received from PL1 for TC validation', 6, 260, '2022-08-18 15:21:44'),
(448, 'Preliminary data 8/22', 6, 260, '2022-08-18 15:22:06'),
(449, 'Epoxy failed the validation test, engineering report will be shared 8/23', 6, 257, '2022-08-22 10:13:22'),
(450, 'Condumex cable passed the validation test. Results  will be shared 8/22', 6, 260, '2022-08-22 10:14:06'),
(451, 'Assy sample sent by PL1 for Thermal Validation test. ', 6, 261, '2022-08-23 07:30:45'),
(452, 'Assy sample sent by PL1 for Thermal Validation test. ', 6, 262, '2022-08-23 07:31:56'),
(453, 'team is still working on finding the right method to use this epoxy.', 6, 259, '2022-08-23 07:46:12'),
(454, 'Sample in TC', 6, 261, '2022-08-23 16:28:59'),
(455, 'Sample in TC', 6, 262, '2022-08-23 16:29:12'),
(456, 'Assy sample sent by PL1 for thermal test', 6, 263, '2022-08-23 16:33:00'),
(457, 'Sample in TC', 6, 263, '2022-08-23 16:33:06'),
(458, 'Preliminary Data 8/26', 6, 261, '2022-08-24 14:59:04'),
(459, 'Preliminary Data 8/26', 6, 262, '2022-08-24 14:59:39'),
(460, 'Preliminary Data 8/26', 6, 263, '2022-08-24 14:59:52'),
(461, 'PO 000512C received 8/31 for 5 pcs. Ship date 9/2 NDC', 6, 234, '2022-08-31 08:44:13'),
(462, 'Final report will be release 9/2', 6, 263, '2022-08-31 16:50:07'),
(463, 'PLC PO for splitter 2x32 was placed.. waiting for ETA', 6, 79, '2022-09-01 14:11:15'),
(464, 'PLC LT 8 weeks. ETA Last week of October', 6, 79, '2022-09-02 10:04:43'),
(465, '5 PCS shipped from NDC 9/2  TR# 1Z6W16306827691614', 6, 234, '2022-09-02 15:57:39'),
(466, 'Engineering report released 9/2', 6, 263, '2022-09-02 15:59:16'),
(467, 'Sample failed in TC.. waiting for a new sample to be validated', 6, 261, '2022-09-07 07:29:49'),
(468, 'Sample failed in TC.. waiting for a new sample to be validated', 6, 262, '2022-09-07 07:30:10'),
(469, 'NWS requested a validation of the HCSA Trunk with the new Condumex Hybrid Cable 12x 6 8AWG ', 6, 264, '2022-09-07 08:46:04'),
(470, 'PO 000514C received, sample build in progress.. ETC 9/14 ', 6, 264, '2022-09-09 13:38:16'),
(471, 'Engineering review of 6X24 RFS Assembly', 6, 265, '2022-09-09 13:47:42'),
(472, 'Sample build progress 30%', 6, 265, '2022-09-13 09:57:22'),
(473, 'Sample in TC.. ETC 9/21', 6, 264, '2022-09-19 14:11:00'),
(474, 'Sample build progress 80%', 6, 265, '2022-09-19 14:11:47'),
(475, 'Reviewing TC data... Final report ETC 9/22', 6, 264, '2022-09-21 11:36:25'),
(476, 'Shipped from NDC 9/21  ', 6, 265, '2022-09-21 16:36:30'),
(477, 'Final engineering report shared 9/22', 6, 264, '2022-09-23 08:11:36'),
(478, 'Quote released 9/22, waiting for customer PO 10 pcs ', 6, 266, '2022-09-26 07:59:00'),
(479, 'NWS requested this 2nd sample for installation purposes. ', 6, 267, '2022-09-28 07:37:31'),
(480, 'Pending to receive PO from NWS', 6, 267, '2022-09-28 07:37:42'),
(481, 'Provide print and summary of testing protocol by 10/3', 6, 266, '2022-10-03 07:28:25'),
(482, 'PO 4501697343 received for validation 30 pcs', 6, 268, '2022-10-05 09:11:21'),
(483, '7 pcs to be completed by 10/13', 6, 266, '2022-10-11 10:15:33'),
(484, 'Currently defining and analyzing the termination process.', 6, 268, '2022-10-11 10:16:45'),
(485, 'Working on cabinet build with obsolete material ETC 10/17\n', 6, 79, '2022-10-11 14:14:44'),
(486, 'NWS requested 10 pcs of ODC jumpers.. waiting for PO.', 6, 269, '2022-10-14 16:07:36'),
(487, '7 pcs shipped 10/14 from HMO', 6, 266, '2022-10-17 07:49:27'),
(488, '1st Enviromental Test Thermal Aging ETC 10/21', 6, 268, '2022-10-18 09:57:36'),
(489, 'Clearfield PO105331 received for 12 pcs.  Working on placing RM POs', 6, 270, '2022-10-19 09:02:06'),
(490, 'PO00007151 received 10/18, Working on creating WOs', 6, 269, '2022-10-19 09:16:15'),
(491, '10 pieces shipped from HMO 10/21', 6, 269, '2022-10-24 07:39:14'),
(492, '2nd Enviromental Test, Thermal Cycling  ETC 10/26', 6, 268, '2022-10-24 08:03:50'),
(493, 'RM Purchase orders placed, waiting LTs from Clearfield', 6, 270, '2022-10-24 08:05:10'),
(494, 'Cabinet build with obsolete material completed 10/21', 6, 79, '2022-10-24 08:05:53'),
(495, 'Splitter 2x32 build completed 10/22', 6, 79, '2022-10-24 08:06:20'),
(496, 'Splitter 2x32 build completed 10/22 pending to confirm ship date.', 6, 271, '2022-10-25 10:35:08'),
(497, 'Request from NWS to validate Superior Esex Cable as alternative for A021655', 6, 272, '2022-10-27 10:31:35'),
(498, 'Tracking numbers for equipment and RM received, waiting on COO from Clearfield to import RM.', 6, 270, '2022-10-27 10:33:35'),
(499, 'Ship date HMO 11/7', 6, 271, '2022-11-07 16:04:20'),
(500, 'Sample in TC,  ETC 11/14', 6, 272, '2022-11-08 14:17:15'),
(501, 'FAs build in progress ETC 11/14', 6, 270, '2022-11-08 14:17:57'),
(502, 'Waiting for adapter to complete validation', 6, 268, '2022-11-08 14:18:37'),
(503, 'Waiting for box to ship cabinet built with obsolete material', 6, 79, '2022-11-08 14:20:16'),
(504, 'PO 000541C received for 9 pcs of PN NWS-5305-5M, This PN was previously build in July 2022.', 6, 273, '2022-11-14 16:04:43'),
(505, 'Adapters arrived to HMO 11/15', 6, 268, '2022-11-16 07:16:23'),
(506, 'PTF shared 11/22', 6, 272, '2022-11-23 07:57:55'),
(507, 'These pcs will be built by PL1', 6, 273, '2022-11-23 08:04:45'),
(508, '12 pcs shipped 11/25 to NDC', 6, 270, '2022-11-28 07:32:34'),
(509, 'PTF released to Prysmian 11/23', 6, 268, '2022-11-28 07:33:49'),
(510, 'Customer request 6 more pcs for a second thermal cycling validation. Pending to determine ETC', 6, 268, '2022-11-29 16:18:02'),
(511, '9 pcs completed on 11/29, pending to release PTF for alternative condumex copper cable ', 6, 273, '2022-12-01 16:36:54'),
(512, 'Cabinet shipped 12/14 from NDC to Little Miami', 6, 79, '2022-12-14 15:16:11'),
(513, 'thermal cycling validation completed 12/19', 6, 268, '2022-12-20 14:56:17'),
(514, 'Prysmian requested to build 6 pcs for a whole new validation, pending to receive tracking number of connector kit to share timeline.', 6, 268, '2023-01-11 09:51:12'),
(515, 'Connector Kit received in Plant 2.  Samples build will start today.', 6, 268, '2023-01-18 07:40:00'),
(516, 'Prysmian sent a missing part from the connector kit previously received, will arrive 1/24 to NDC. ', 6, 268, '2023-01-20 09:12:15'),
(517, 'Missing part will be included on todays import.', 6, 268, '2023-01-24 09:40:06'),
(518, 'Samples currently on the Thermal Aging test. Validation plan on track.', 6, 268, '2023-01-31 08:41:07'),
(519, 'Sample arrived to HMO, team will review the sample to create a print.', 6, 274, '2023-02-07 09:52:37'),
(520, 'NAI-5351, NAI-5352 & NAI-5353 were created and released to NPI engineering 1/31/2023.', 6, 277, '2023-02-07 10:01:48'),
(521, 'Waiting on NPI comments to release prints to customer', 6, 277, '2023-02-07 10:02:30'),
(522, '1/31 Alternative coax cable will be added to both drawings USW-323-XXX / USW-425-XXX\n', 6, 278, '2023-02-07 10:06:59'),
(523, '2/3 Drawings approved by customer..', 6, 278, '2023-02-07 10:07:19'),
(524, 'List of 220 componentes was released on 1/31/2023', 6, 280, '2023-02-07 10:38:28'),
(525, 'Comments from Engineering were received and Applications team gave their feedback about the comments.', 6, 277, '2023-02-07 15:33:50'),
(526, 'Waiting for molding supplier’s feedback.', 6, 276, '2023-02-07 16:02:38'),
(527, ' Info shared with Quoting 2/1/2023', 6, 275, '2023-02-07 16:07:14'),
(528, '', 6, 298, '2023-02-09 10:11:48'),
(530, 'Thermal aging test completed. Working on final report.', 6, 268, '2023-02-10 15:52:22'),
(531, 'Engineering requested to update the following drawings NAI-2472 / USW-308 / USW-334', 6, 300, '2023-02-10 16:19:19'),
(532, 'Was waiting info from manufacturer Terminal Hirose E535 & Hand press, info received 2/1/2023', 6, 281, '2023-02-13 08:36:08'),
(533, 'Waiting for molding supplier’s feedback.', 6, 308, '2023-02-13 10:55:12'),
(534, 'Drawings updated according to redline received, waiting on approvals confirmation from Engineering dept.', 6, 300, '2023-02-13 13:22:06'),
(535, 'Couldnt find an alternative for this part number. Waiting on answer from Distributors about item availability', 6, 299, '2023-02-13 13:26:46'),
(536, 'Drawings will be updated week of feb 13', 6, 298, '2023-02-13 13:29:58'),
(537, 'It wasnt found an alternative for this cable', 6, 321, '2023-02-14 11:12:29'),
(538, 'Alternatives for 3 Commscope connectors', 6, 330, '2023-02-14 11:36:03'),
(539, 'Engineering requested to update drawings TTN1003487 & TTN1003425', 6, 331, '2023-02-15 08:29:04'),
(540, 'Validation test report released to Prysmian. ', 6, 268, '2023-02-15 15:33:18'),
(541, 'Project canceled.', 6, 274, '2023-02-15 16:56:48'),
(542, 'Drawings released to Engineering team ', 6, 331, '2023-02-15 17:05:32'),
(543, 'Alternative material for obsolete cable A060018', 6, 340, '2023-02-16 09:57:46'),
(544, 'Drawings were rejected by Quality, need to be updated according to their comments', 6, 277, '2023-02-16 11:14:41'),
(545, 'Urgent alternative for L011239', 6, 343, '2023-02-17 10:10:30'),
(546, 'Alternative for L011239 was not found', 6, 343, '2023-02-20 08:30:36'),
(547, 'Drawings updated by Application team 2/17, waiting on feedback from NPI team', 6, 277, '2023-02-21 07:47:12'),
(548, 'Working on Alternatives process flow chart.', 6, 347, '2023-02-21 08:04:57'),
(549, 'Request Canceled by quoting 2/17', 6, 308, '2023-02-21 08:07:51'),
(550, 'Preliminary drawing shared with prysmian 2/20 waiting for approval.', 6, 268, '2023-02-21 08:44:28'),
(551, 'Tooling request by quoting. Waiting on spec of terminal.', 6, 348, '2023-02-21 08:46:41'),
(552, 'No se encontro alternativas, se cerro requerimiento por se motivo.', 21, 309, '2023-02-21 10:13:25'),
(553, 'Update Drawing 10089044  Label info updated', 6, 349, '2023-02-21 10:14:52'),
(554, 'Tooling request. List of 49 items', 6, 350, '2023-02-21 10:30:17'),
(555, 'Alternative request for E010361, supplier doesnt have stock.', 6, 351, '2023-02-21 11:25:16'),
(556, 'Request from Engineering to add an aditional note to drawings.', 6, 298, '2023-02-21 15:03:36'),
(557, 'Resine Validation as alternative for Technomelt PA 646 BLACK for saving purposes.', 6, 352, '2023-02-21 15:50:46'),
(558, 'Resine Validation as alternative for Technomelt PA 646 BLACK for saving purposes.', 6, 353, '2023-02-21 16:04:27'),
(559, 'Drawings approved by QE  2/21', 6, 277, '2023-02-22 08:14:08'),
(560, 'Tooling request List of 10 items', 6, 355, '2023-02-22 09:05:03'),
(561, 'Esperando las specs', 20, 275, '2023-02-22 09:21:50'),
(562, '2 POs received by Adtran PO-148628 5 & PO-926939 12 & 1 FA.', 6, 356, '2023-02-22 10:31:42'),
(563, 'Waiting on cable ETA from Prysmian', 6, 356, '2023-02-22 10:32:26'),
(564, 'Comparison between NAI PN: L040097 Vs MNF PN: 9RA0824H4D001', 6, 359, '2023-02-23 09:35:36'),
(565, 'Alternatives not found', 6, 360, '2023-02-23 11:18:03'),
(566, 'Daniel Leyva must clearly state torque unit for additional note.', 16, 298, '2023-02-23 14:19:43'),
(567, 'Pending confirmation of the alternative cable and no affectation on tooling from Eric', 6, 364, '2023-02-23 15:56:34'),
(568, 'Prysmian will ship cable on April 28th', 6, 356, '2023-02-23 16:07:31'),
(569, 'Confirmation received 2/23', 6, 364, '2023-02-24 11:39:50'),
(570, 'Drawings shared 2/24', 6, 298, '2023-02-27 08:18:37'),
(571, '59 FG & 66 components to analyze tooling required.', 6, 371, '2023-02-27 11:48:52'),
(572, 'Comparison between cable A090041 & A070397 ', 6, 373, '2023-02-27 15:04:25'),
(573, 'Waiting on cable caliber confirmation and if it is a multi-conductor.', 6, 377, '2023-03-02 10:40:47'),
(574, 'Waiting on molding supplier answer', 6, 381, '2023-03-03 10:28:45'),
(575, 'No se ha podido encontrar nada, se le mando correo a Sandra Tadeo con comentarios para que nos soluciones unas dudas', 20, 377, '2023-03-06 11:26:15'),
(576, 'Sin respuesta todavia', 20, 275, '2023-03-06 11:33:01'),
(577, 'Tooling Request for Quote # E000000785', 6, 385, '2023-03-07 07:24:38'),
(578, 'Create drawing NAI-1963-XXXM no editable file available to update', 6, 386, '2023-03-07 09:56:12'),
(579, 'Create EV connector 3D models for Quoting. Requested by Tyrone Lindsay', 6, 388, '2023-03-07 11:08:55'),
(580, 'Tooling Request by Quoting E0000000321', 6, 389, '2023-03-08 08:05:26'),
(581, 'Alternatives for 5 items requested by Quoting E000000772', 6, 390, '2023-03-08 08:10:15'),
(582, 'Tooling request by Quoting  E000000790', 6, 391, '2023-03-08 08:17:49'),
(583, 'Tooling Request by Quoting E000000772', 6, 393, '2023-03-09 07:53:38'),
(584, 'Alternative for PN N030460 due to is not being manufactured by the supplier anymore.', 6, 394, '2023-03-09 08:17:00'),
(585, 'Se platico por teams y no se encontro, un documento que diga que se puede usar esa herramienta y km no cuenta algo parecido.', 21, 389, '2023-03-09 08:51:39'),
(586, 'Tooling request by Quoting E000000818', 6, 395, '2023-03-09 09:05:42'),
(587, 'Tooling request by Quoting E000000825', 6, 397, '2023-03-09 10:20:53'),
(588, 'Alternative request fpr PNs A070048 / A080068 / B060068', 6, 398, '2023-03-09 10:34:47'),
(589, 'Quotation was received on March 09th 2023', 15, 381, '2023-03-10 16:00:57'),
(590, 'Tooling request by Quoting E000000814', 6, 399, '2023-03-13 10:58:45'),
(591, 'Tooling request by quoting E000000829', 6, 400, '2023-03-13 11:55:58'),
(593, 'PN suggested F00FDX2NRY from TLC', 6, 394, '2023-03-22 09:45:42'),
(594, 'El Cliente envio un nuevo redline, \nNuevo ETC 04/17/2023', 19, 420, '2023-04-12 14:36:53'),
(595, 'PO 101703671 received for these 4 drawings and engineering reverse. We need to ship samples back to Jabil on April 21th ', 6, 459, '2023-04-17 10:12:03'),
(596, 'Quedo pendiente de contestar 3M para prensar para el conector 87716-1010GG', 21, 472, '2023-04-20 10:25:31'),
(597, 'El cliente envió nuevos redlines, cambiaron conectores y longitudes de ensamble NEW ETC 04/25/2023', 19, 420, '2023-04-21 09:52:36'),
(598, '', 20, 475, '2023-04-24 07:36:18'),
(599, '', 20, 475, '2023-04-24 07:36:21'),
(600, 'Samples shipped to NDC 4/24', 6, 459, '2023-04-25 07:52:03'),
(604, 'Sent Dwg to revision.\n', 1, 490, '2023-04-25 15:25:01'),
(605, 'Need information for the connectors. ', 19, 487, '2023-04-25 16:30:37'),
(606, 'Finished 3d models of Overmolded boot and Fixture Inserts, waiting for further info.', 1, 493, '2023-04-27 08:13:53'),
(607, 'PO received for 8 samples of the HFOC Assembly', 6, 496, '2023-05-02 07:25:47'),
(608, 'Tomo alrededor de 3 dias en completarse, en lo que nos comunicabamos con proveedores y con el cliente.', 20, 506, '2023-05-02 08:50:03'),
(609, 'Request to Support NAI ZSO to determine appropiate Molding material', 6, 526, '2023-05-03 11:31:56'),
(610, 'Request for BOM based on drawing receceived.', 6, 527, '2023-05-03 11:38:25'),
(611, 'BOM & Drawing  ETC 5/5', 6, 473, '2023-05-03 11:39:15');
INSERT INTO `proyecto_notas` (`idProyectoNota`, `nota`, `idUsuario`, `idProyecto`, `fechaCrea`) VALUES
(612, 'Drawings approved 5/3,  Email from Alejandro: Drawings Procept 2nd Round', 6, 420, '2023-05-03 11:59:11'),
(613, 'Small update, total time used 20 min.', 19, 529, '2023-05-03 15:33:49'),
(614, 'Samples currently at NDC, waiting Customs info to import them', 6, 531, '2023-05-03 15:52:41'),
(615, 'Pending to quote overmolded boot and fixtures with local supplier', 6, 493, '2023-05-03 15:53:55'),
(616, 'Q&A will be send 5/5', 6, 527, '2023-05-05 08:05:04'),
(617, 'A quote for tooling is required. The 3D models need to be shared with supplier', 3, 493, '2023-05-08 07:58:01'),
(618, '3D Step files generated and shared internally.', 1, 493, '2023-05-08 08:24:05'),
(619, 'Question and Answers Q&A sent to Quoting Department on 05/08/2023 for Customers Feedback', 23, 527, '2023-05-08 15:34:18'),
(620, 'Fernando will have a meeting 5/9 with customer', 6, 511, '2023-05-09 07:26:00'),
(621, '8 samples shipped from HMO 5/8', 6, 496, '2023-05-09 07:31:16'),
(622, 'Cable will arrive 5/12 to NDC                                       Tracking# 018-2010514 via estes.', 6, 356, '2023-05-09 10:31:11'),
(623, 'ETC 5/18', 6, 531, '2023-05-09 16:35:18'),
(624, 'Waiting answers from Customer', 6, 527, '2023-05-11 07:51:13'),
(625, '05/12: Original pieces 3d modeled and send for further design.', 1, 559, '2023-05-12 09:39:38'),
(626, 'BOM & Drawing shared with Quoting', 6, 473, '2023-05-12 14:45:28'),
(630, 'Final results 5/18', 6, 488, '2023-05-12 15:58:44'),
(631, 'Final results 5/18', 6, 489, '2023-05-12 15:58:57'),
(632, '05/15: Internally Sent new Latcing design for revision.', 1, 559, '2023-05-16 11:19:01'),
(633, 'FA shipped 5/19 from NDC, waiting for approval', 6, 356, '2023-05-19 07:18:51'),
(634, 'El cliente pide los editables 2D y 3D.', 19, 599, '2023-05-22 09:04:51'),
(635, 'Final results shared with Luis Pablo.  The epoxy passed the test and was approved.', 6, 488, '2023-05-22 16:43:02'),
(636, 'Final Results shared with Luis Pablo. The epoxy is not approved yet, new test will be required.', 6, 489, '2023-05-22 16:46:49'),
(637, '5/23: Preliminary Design internally sent for review.', 1, 603, '2023-05-23 08:21:41'),
(638, '5/24: 3d Models sent for internal revision.', 1, 605, '2023-05-24 07:09:33'),
(639, 'Waiting for Ivans approval.', 6, 559, '2023-05-25 15:06:04'),
(643, 'Se solicito actualizar el revision block para reflejar historial de cambios, nuevo ETC 05/29/2023', 19, 616, '2023-05-26 14:19:18'),
(644, 'Customer put on hold this task, we will open once customer provide feedback for next steps: ECN creation and Drawing Update', 23, 511, '2023-05-30 16:49:22'),
(645, '12 pcs shipped 5/31', 6, 356, '2023-06-05 07:13:55'),
(646, 'Gaby nos ayudara a coordinar las muestras', 20, 638, '2023-06-05 11:52:46'),
(647, 'En espera a que cotizaciones nos comparta la info del cable propuesto por sourcing para determinar los aplicadores', 20, 639, '2023-06-05 11:53:36'),
(648, 'Seguimos a la espera de la info', 20, 639, '2023-06-07 08:12:39'),
(649, 'RFQ#00452392 for 853-B21490-002 CA,TSTAT,NODE,AMPDS,CH-B,VLV CLSTR', 24, 645, '2023-06-07 09:30:06'),
(650, 'Se mando requi a almacen para el material', 20, 638, '2023-06-08 07:08:47'),
(652, 'Seguimos a la espera de la info del cable', 20, 639, '2023-06-08 07:10:12'),
(653, 'Se entregaron las muestras a Eric con los resultados', 20, 638, '2023-06-08 15:53:21'),
(654, 'FInal report released to customer 6/13 as planned.', 6, 568, '2023-06-14 07:32:15'),
(655, 'No se recivio nada', 20, 639, '2023-06-14 08:04:23'),
(656, 'Analisis para validar los procesos necesario para producir golden sample', 24, 687, '2023-06-22 14:54:46'),
(657, 'KSM Samples received 6/22', 6, 603, '2023-06-22 15:36:10'),
(658, 'Clearfield will ship raw material 6/28', 6, 686, '2023-06-27 13:07:03'),
(659, 'Working on assemblies build', 6, 682, '2023-06-27 13:07:38'),
(660, 'Waiting for SCR signed by customer.', 6, 698, '2023-06-29 07:25:31');

-- --------------------------------------------------------

--
-- Estructura de tabla para la tabla `proyecto_requester`
--

CREATE TABLE `proyecto_requester` (
  `idProyectoRequester` int(11) NOT NULL,
  `nombre` varchar(30) COLLATE utf8_unicode_ci NOT NULL,
  `fechaCrea` datetime NOT NULL DEFAULT CURRENT_TIMESTAMP
) ENGINE=InnoDB DEFAULT CHARSET=utf8 COLLATE=utf8_unicode_ci;

--
-- Volcado de datos para la tabla `proyecto_requester`
--

INSERT INTO `proyecto_requester` (`idProyectoRequester`, `nombre`, `fechaCrea`) VALUES
(1, 'Quoting', '2023-02-09 07:52:43'),
(2, 'Engineering', '2023-02-09 07:52:57'),
(3, 'Customer', '2023-02-09 07:53:12'),
(4, 'Other', '2023-02-09 07:53:18');

-- --------------------------------------------------------

--
-- Estructura de tabla para la tabla `proyecto_servicio`
--

CREATE TABLE `proyecto_servicio` (
  `idProyectoServicio` int(11) NOT NULL,
  `servicio` varchar(30) COLLATE utf8_unicode_ci NOT NULL,
  `descripcion` varchar(100) COLLATE utf8_unicode_ci NOT NULL,
  `fechaCrea` datetime NOT NULL DEFAULT CURRENT_TIMESTAMP
) ENGINE=InnoDB DEFAULT CHARSET=utf8 COLLATE=utf8_unicode_ci;

--
-- Volcado de datos para la tabla `proyecto_servicio`
--

INSERT INTO `proyecto_servicio` (`idProyectoServicio`, `servicio`, `descripcion`, `fechaCrea`) VALUES
(1, 'IAM', 'ALTERNATIVE MATERIAL', '2023-02-08 11:49:02'),
(2, 'IDB', 'DESIGN BOM', '2023-02-08 11:49:02'),
(3, 'IP2P', 'POINT TO POINT', '2023-02-08 11:49:27'),
(4, 'IPD', 'PRODUCT DEVELOPMENT', '2023-02-08 11:49:27'),
(5, 'IRE', 'REVERSE ENG', '2023-02-08 11:49:58'),
(6, 'ITQ', 'TOOLING REQ', '2023-02-08 11:49:58'),
(7, 'IDWGFG', 'DWG FG', '2023-02-08 11:51:50'),
(8, 'IDWGFIX', 'DWG FIXTURE', '2023-02-08 11:51:50'),
(9, 'IDWGI', 'DWG ITEM', '2023-02-08 11:51:50'),
(10, 'IDWGR', 'DWG REDLINE', '2023-02-08 11:51:50');

-- --------------------------------------------------------

--
-- Estructura de tabla para la tabla `puesto`
--

CREATE TABLE `puesto` (
  `idPuesto` int(11) NOT NULL,
  `nombre` varchar(50) NOT NULL,
  `descripcion` text NOT NULL,
  `fechaCrea` datetime NOT NULL DEFAULT CURRENT_TIMESTAMP,
  `responsabilidades` text
) ENGINE=InnoDB DEFAULT CHARSET=utf8mb4;

--
-- Volcado de datos para la tabla `puesto`
--

INSERT INTO `puesto` (`idPuesto`, `nombre`, `descripcion`, `fechaCrea`, `responsabilidades`) VALUES
(1, 'Ingeniero Fibra Jr.', '', '2021-05-05 19:04:43', NULL),
(2, 'Técnico de Producción', '', '2021-05-05 19:24:45', NULL),
(3, 'Técnico de Ingeniería', '', '2021-05-05 19:30:56', NULL),
(4, 'Ingeniero de Proyecto', '', '2021-05-05 19:33:41', NULL),
(5, 'Ingeniero Jr.', '', '2021-05-05 19:33:41', NULL),
(6, 'Sr. Quoting Engineer', 'N/A', '2021-05-17 23:00:35', 'Pendiente'),
(7, 'Ingeniero de Cotizaciones', 'N/A', '2021-05-18 20:23:55', 'Pendiente'),
(8, 'Supervisor Ing. de Fibra', 'N/A', '2021-05-19 19:38:15', 'Pendiente'),
(9, 'Program Manager', 'TBD', '2021-07-15 10:34:49', 'TBD'),
(10, 'Project Coordinator', 'N/A', '2021-08-17 11:01:48', 'TBD'),
(11, 'Ingeniero de Control de Calidad', 'TBD', '2021-09-02 08:51:54', 'Quality'),
(12, 'COE - Manager', 'Manager', '2021-12-15 12:24:45', 'TBD'),
(13, 'Inspector de Calidad', 'TBD\r\n', '2022-01-25 09:02:05', 'TBD'),
(14, 'Design Engineer', 'N/A', '2023-01-26 10:30:18', 'N/A'),
(15, 'Manufacturing Jr. Engineer', 'N/A', '2023-01-31 07:52:17', 'N/A'),
(16, 'Design and Application Supervisor', 'N/A', '2023-04-10 15:36:48', 'TBD'),
(17, 'Applications Engineer', 'N/A', '2023-04-24 10:39:05', 'N/A'),
(18, 'Director of Customer Service', 'N/A', '2023-05-17 10:05:08', 'N/A'),
(19, 'Manufacturing Engineer', 'NA', '2023-05-17 10:10:04', 'NA'),
(20, 'Sourcing Specialist', 'N/A', '2023-05-17 10:16:14', 'N/A'),
(21, 'Jr Quoting Engineer', 'N/A', '2023-05-17 10:27:30', 'N/A'),
(22, 'Customer Business Specialist', 'N/A', '2023-05-17 10:28:02', 'N/A'),
(23, 'Production Planner', 'N/A', '2023-05-17 10:28:34', 'N/A'),
(24, 'Quoting Engineer', 'N/A', '2023-05-17 11:04:05', 'N/A'),
(25, 'Account Manager', 'N/A', '2023-05-17 11:15:38', 'N/A'),
(26, 'Buyer', 'N/A', '2023-05-17 11:19:31', 'N/A'),
(27, 'Material Planner', 'N/A', '2023-05-17 11:32:04', 'N/A'),
(28, 'Materials Manager', 'N/A', '2023-05-17 11:35:14', 'N/A');

-- --------------------------------------------------------

--
-- Estructura de tabla para la tabla `recursos_asignados`
--

CREATE TABLE `recursos_asignados` (
  `idRecurso` int(11) NOT NULL,
  `idActividades_proyecto` int(11) NOT NULL,
  `idEmpleado` int(11) NOT NULL,
  `fechaInicio` datetime NOT NULL,
  `horas` decimal(10,1) NOT NULL,
  `fechaCrea` datetime NOT NULL DEFAULT CURRENT_TIMESTAMP
) ENGINE=InnoDB DEFAULT CHARSET=utf8mb4;

--
-- Volcado de datos para la tabla `recursos_asignados`
--

INSERT INTO `recursos_asignados` (`idRecurso`, `idActividades_proyecto`, `idEmpleado`, `fechaInicio`, `horas`, `fechaCrea`) VALUES
(1, 297, 4, '2021-08-02 00:00:00', '5.0', '2021-08-30 16:18:24'),
(2, 297, 8, '2021-08-02 00:00:00', '5.0', '2021-08-30 16:18:40'),
(3, 298, 5, '2021-05-06 00:00:00', '15.0', '2021-08-30 16:20:48'),
(4, 296, 4, '2021-08-02 00:00:00', '5.0', '2021-08-30 16:21:28'),
(5, 627, 4, '2021-09-27 00:00:00', '30.0', '2021-10-01 07:27:53'),
(6, 627, 18, '2021-09-30 00:00:00', '2.0', '2021-10-01 07:29:12'),
(7, 640, 5, '2021-09-27 00:00:00', '50.0', '2021-10-01 07:30:57'),
(8, 636, 12, '2021-09-28 00:00:00', '5.0', '2021-10-01 08:07:24'),
(9, 636, 11, '2021-09-28 00:00:00', '5.0', '2021-10-01 08:07:50'),
(10, 629, 8, '2021-09-30 00:00:00', '5.0', '2021-10-01 09:35:20'),
(11, 632, 4, '2021-09-29 00:00:00', '1.0', '2021-10-01 09:40:07'),
(12, 628, 18, '2021-10-08 00:00:00', '1.0', '2021-10-11 14:22:01'),
(13, 640, 39, '2021-10-13 00:00:00', '30.0', '2021-10-19 15:41:15'),
(14, 762, 4, '2021-10-04 00:00:00', '4.0', '2021-11-02 10:57:04'),
(15, 762, 19, '2021-10-04 00:00:00', '5.0', '2021-11-02 10:58:18'),
(16, 762, 11, '2021-10-04 00:00:00', '3.0', '2021-11-02 10:58:38'),
(17, 192, 11, '2021-10-27 00:00:00', '10.0', '2021-11-02 12:11:51'),
(18, 192, 12, '2021-10-29 00:00:00', '10.0', '2021-11-02 12:12:11'),
(19, 183, 18, '2021-11-01 00:00:00', '1.0', '2021-11-02 14:01:06'),
(20, 212, 18, '2021-11-02 00:00:00', '1.0', '2021-11-02 15:29:51'),
(21, 184, 18, '2021-11-02 00:00:00', '5.0', '2021-11-02 15:35:35'),
(22, 188, 8, '2021-10-29 00:00:00', '2.0', '2021-11-02 15:37:08'),
(23, 747, 4, '2021-11-02 00:00:00', '4.0', '2021-11-03 16:13:57'),
(24, 727, 4, '2021-10-29 00:00:00', '4.0', '2021-11-03 16:19:56'),
(25, 727, 9, '2021-10-29 00:00:00', '2.0', '2021-11-03 16:20:22'),
(26, 727, 10, '2021-10-29 00:00:00', '2.0', '2021-11-03 16:20:37'),
(27, 727, 19, '2021-10-29 00:00:00', '6.0', '2021-11-03 16:20:50'),
(28, 735, 19, '2021-10-30 00:00:00', '2.0', '2021-11-04 07:15:56'),
(29, 728, 4, '2021-10-30 00:00:00', '2.0', '2021-11-04 07:16:14'),
(30, 355, 5, '2021-11-01 00:00:00', '6.0', '2021-11-04 07:25:00'),
(31, 698, 4, '2021-10-30 00:00:00', '1.0', '2021-11-04 07:28:07'),
(32, 726, 19, '2021-11-01 00:00:00', '1.0', '2021-11-04 07:28:59'),
(33, 725, 19, '2021-11-01 00:00:00', '2.0', '2021-11-04 10:14:49'),
(34, 185, 5, '2021-11-01 00:00:00', '5.0', '2021-11-04 15:40:20'),
(35, 180, 8, '2021-10-29 00:00:00', '1.0', '2021-11-04 15:40:59'),
(36, 157, 39, '2021-11-01 00:00:00', '30.0', '2021-11-04 15:43:24'),
(37, 176, 9, '2021-10-26 00:00:00', '2.0', '2021-11-04 15:44:11'),
(38, 176, 10, '2021-10-26 00:00:00', '2.0', '2021-11-04 15:44:32'),
(39, 176, 11, '2021-10-25 00:00:00', '60.0', '2021-11-04 15:46:20'),
(40, 176, 8, '2021-10-25 00:00:00', '92.0', '2021-11-04 15:49:43'),
(41, 176, 18, '2021-10-25 00:00:00', '102.0', '2021-11-04 15:53:53'),
(42, 597, 4, '2021-09-28 00:00:00', '40.0', '2021-11-04 16:06:28'),
(43, 597, 10, '2021-09-28 00:00:00', '3.0', '2021-11-04 16:07:51'),
(44, 597, 18, '2021-09-28 00:00:00', '40.0', '2021-11-04 16:08:11'),
(45, 597, 11, '2021-09-28 00:00:00', '20.0', '2021-11-04 16:08:27'),
(46, 597, 8, '2021-09-28 00:00:00', '20.0', '2021-11-04 16:09:40'),
(47, 597, 9, '2021-09-28 00:00:00', '3.0', '2021-11-04 16:13:04'),
(48, 599, 8, '2021-09-28 00:00:00', '10.0', '2021-11-04 16:51:20'),
(49, 599, 4, '2021-10-28 00:00:00', '10.0', '2021-11-04 16:51:39'),
(50, 601, 5, '2021-09-28 00:00:00', '20.0', '2021-11-04 16:52:58'),
(51, 601, 39, '2021-09-28 00:00:00', '30.0', '2021-11-04 16:53:18'),
(52, 624, 4, '2021-09-30 00:00:00', '10.0', '2021-11-04 16:54:24'),
(53, 620, 4, '2021-09-28 00:00:00', '30.0', '2021-11-04 16:55:53'),
(54, 620, 8, '2021-09-28 00:00:00', '30.0', '2021-11-04 16:56:10'),
(55, 620, 9, '2021-09-29 00:00:00', '3.0', '2021-11-04 16:56:28'),
(56, 620, 10, '2021-09-30 00:00:00', '3.0', '2021-11-04 16:56:43'),
(57, 620, 18, '2021-09-28 00:00:00', '30.0', '2021-11-04 16:56:59'),
(58, 620, 11, '2021-09-28 00:00:00', '20.0', '2021-11-04 16:57:13'),
(59, 739, 5, '2021-11-02 00:00:00', '3.0', '2021-11-05 11:14:34'),
(60, 862, 18, '2021-11-05 00:00:00', '5.0', '2021-11-05 15:51:29'),
(61, 182, 18, '2021-11-05 00:00:00', '1.0', '2021-11-05 16:13:18'),
(62, 204, 8, '2021-11-08 00:00:00', '3.0', '2021-11-05 16:19:44'),
(63, 155, 8, '2021-11-08 00:00:00', '3.0', '2021-11-05 16:19:57'),
(64, 196, 39, '2021-11-01 00:00:00', '50.0', '2021-11-05 16:20:28'),
(65, 723, 4, '2021-11-01 00:00:00', '1.0', '2021-11-16 10:43:36'),
(66, 303, 18, '2021-11-16 00:00:00', '1.0', '2021-11-16 14:53:59'),
(67, 1635, 39, '2021-11-16 00:00:00', '5.0', '2021-11-18 10:35:25'),
(68, 1667, 18, '2021-11-18 00:00:00', '1.0', '2021-11-18 15:32:40'),
(69, 869, 18, '2021-10-06 00:00:00', '1.0', '2021-11-18 16:51:09'),
(70, 863, 18, '2021-10-06 00:00:00', '1.0', '2021-11-18 16:53:34'),
(71, 448, 4, '2021-11-22 00:00:00', '1.0', '2021-11-22 10:56:39'),
(72, 2368, 11, '2021-12-08 00:00:00', '2.0', '2021-12-08 15:55:38'),
(73, 2368, 19, '2021-12-08 00:00:00', '1.0', '2021-12-08 15:55:58'),
(74, 2358, 19, '2021-12-07 00:00:00', '2.0', '2021-12-08 15:57:20'),
(75, 2388, 19, '2021-12-07 00:00:00', '1.0', '2021-12-08 16:05:20'),
(76, 2360, 4, '2021-12-08 00:00:00', '8.0', '2021-12-08 16:06:54'),
(77, 2360, 11, '2021-12-08 00:00:00', '5.0', '2021-12-08 16:07:07'),
(78, 2360, 8, '2021-12-08 00:00:00', '2.0', '2021-12-08 16:07:17'),
(79, 2360, 9, '2021-12-08 00:00:00', '3.0', '2021-12-08 16:07:30'),
(80, 2360, 10, '2021-12-07 00:00:00', '2.0', '2021-12-08 16:07:41'),
(81, 2360, 19, '2021-12-08 00:00:00', '5.0', '2021-12-08 16:07:52'),
(82, 2386, 4, '2021-12-08 00:00:00', '1.0', '2021-12-08 16:08:18'),
(83, 2372, 5, '2021-12-08 00:00:00', '8.0', '2021-12-08 16:08:30'),
(84, 760, 4, '2021-11-01 00:00:00', '2.0', '2021-12-08 16:10:28'),
(85, 2389, 19, '2021-12-09 00:00:00', '1.0', '2021-12-10 09:53:37'),
(86, 2396, 4, '2021-12-09 00:00:00', '1.0', '2021-12-10 09:54:32'),
(87, 2372, 4, '2021-12-10 00:00:00', '2.0', '2021-12-10 09:55:32'),
(88, 2372, 19, '2021-12-10 00:00:00', '1.0', '2021-12-10 09:55:44'),
(89, 2506, 19, '2021-11-17 00:00:00', '10.0', '2021-12-13 07:25:29'),
(90, 2530, 19, '2021-11-01 00:00:00', '3.0', '2021-12-13 11:42:00'),
(91, 2530, 11, '2021-11-01 00:00:00', '2.0', '2021-12-13 11:42:29'),
(92, 2523, 11, '2021-10-27 00:00:00', '2.0', '2021-12-13 11:46:58'),
(93, 2523, 4, '2021-10-22 00:00:00', '10.0', '2021-12-13 11:47:16'),
(94, 2523, 19, '2021-10-29 00:00:00', '8.0', '2021-12-13 11:47:31'),
(95, 2552, 11, '2021-11-11 00:00:00', '8.0', '2021-12-13 13:04:42'),
(96, 2552, 8, '2021-11-11 00:00:00', '6.0', '2021-12-13 13:05:06'),
(97, 2552, 10, '2021-11-12 00:00:00', '4.0', '2021-12-13 13:05:26'),
(98, 2593, 4, '2021-10-18 00:00:00', '1.0', '2021-12-13 13:10:56'),
(99, 2593, 11, '2021-10-18 00:00:00', '3.0', '2021-12-13 13:11:14'),
(100, 2593, 19, '2021-10-18 00:00:00', '2.0', '2021-12-13 13:11:27'),
(101, 2471, 19, '2021-12-14 00:00:00', '2.0', '2021-12-14 18:19:55'),
(102, 2507, 19, '2021-12-16 00:00:00', '5.0', '2021-12-16 14:31:00'),
(103, 2472, 8, '2021-12-16 00:00:00', '1.0', '2021-12-16 15:10:05'),
(104, 2449, 19, '2021-12-16 00:00:00', '5.0', '2021-12-16 17:07:00'),
(105, 2586, 11, '2021-12-16 00:00:00', '3.0', '2021-12-17 09:18:04'),
(106, 2586, 19, '2021-12-16 00:00:00', '2.0', '2021-12-17 09:18:15'),
(107, 2459, 12, '2021-12-17 00:00:00', '2.0', '2021-12-20 11:30:36'),
(108, 870, 19, '2022-01-11 00:00:00', '6.0', '2022-01-11 12:40:43'),
(109, 487, 11, '2021-12-10 00:00:00', '9.0', '2022-01-11 14:07:11'),
(110, 1654, 5, '2022-01-11 00:00:00', '15.0', '2022-01-14 11:03:07'),
(111, 1650, 18, '2022-01-12 00:00:00', '5.0', '2022-01-14 11:04:56'),
(112, 2463, 39, '2021-12-22 00:00:00', '10.0', '2022-01-14 11:06:41'),
(113, 491, 39, '2022-01-13 00:00:00', '8.0', '2022-01-17 10:15:23'),
(114, 477, 19, '2022-01-13 00:00:00', '2.0', '2022-01-17 10:47:17'),
(115, 479, 19, '2022-01-04 00:00:00', '8.0', '2022-01-17 10:58:26'),
(116, 2452, 8, '2021-12-20 00:00:00', '10.0', '2022-01-19 11:10:54'),
(117, 2451, 8, '2021-12-13 00:00:00', '30.0', '2022-01-20 07:21:38'),
(118, 2451, 9, '2022-01-13 00:00:00', '10.0', '2022-01-20 07:21:57'),
(119, 2451, 10, '2021-12-13 00:00:00', '10.0', '2022-01-20 07:22:24'),
(120, 2451, 12, '2021-12-16 00:00:00', '5.0', '2022-01-20 07:22:49'),
(121, 2451, 11, '2021-12-13 00:00:00', '10.0', '2022-01-20 07:23:39'),
(122, 2451, 18, '2021-12-13 00:00:00', '30.0', '2022-01-20 07:24:10'),
(123, 2634, 4, '2022-01-19 00:00:00', '20.0', '2022-01-20 07:38:54'),
(124, 2634, 11, '2022-01-20 00:00:00', '5.0', '2022-01-20 07:39:09'),
(125, 2634, 19, '2022-01-18 00:00:00', '7.0', '2022-01-20 07:39:23'),
(126, 2634, 10, '2022-01-20 00:00:00', '3.0', '2022-01-20 07:39:35'),
(127, 2634, 9, '2022-01-20 00:00:00', '5.0', '2022-01-20 07:39:44'),
(128, 2563, 10, '2021-11-17 00:00:00', '2.0', '2022-01-20 11:01:07'),
(129, 2563, 9, '2021-11-18 00:00:00', '2.0', '2022-01-20 11:01:23'),
(130, 2563, 11, '2021-11-18 00:00:00', '3.0', '2022-01-20 11:01:36'),
(131, 2563, 19, '2021-11-18 00:00:00', '5.0', '2022-01-20 11:01:50'),
(142, 2690, 8, '2022-01-26 00:00:00', '1.0', '2022-01-26 12:59:04'),
(143, 2690, 4, '2022-01-26 00:00:00', '1.0', '2022-01-26 12:59:17'),
(144, 2690, 19, '2022-01-26 00:00:00', '1.0', '2022-01-26 12:59:45'),
(145, 2680, 19, '2022-01-25 00:00:00', '2.0', '2022-01-26 12:59:59'),
(146, 2641, 19, '2022-01-25 00:00:00', '3.0', '2022-01-26 13:00:21'),
(147, 2641, 11, '2022-01-26 00:00:00', '2.0', '2022-01-26 13:00:36'),
(148, 2672, 9, '2022-01-25 00:00:00', '2.0', '2022-01-26 13:01:31'),
(149, 2672, 10, '2022-01-25 00:00:00', '2.0', '2022-01-26 13:01:42'),
(150, 2672, 4, '2022-01-25 00:00:00', '1.0', '2022-01-26 13:01:55'),
(151, 2672, 8, '2022-01-25 00:00:00', '8.0', '2022-01-26 13:02:15'),
(152, 2672, 19, '2022-01-25 00:00:00', '4.0', '2022-01-26 13:02:30'),
(153, 2723, 19, '2022-01-26 00:00:00', '2.0', '2022-01-26 13:27:46'),
(154, 2634, 19, '2022-01-24 00:00:00', '6.0', '2022-01-26 13:28:28'),
(155, 2808, 10, '2022-02-03 00:00:00', '2.0', '2022-02-08 10:24:30'),
(156, 2808, 4, '2022-02-03 00:00:00', '5.0', '2022-02-08 10:25:06'),
(157, 2808, 8, '2022-02-03 00:00:00', '3.0', '2022-02-08 10:25:31'),
(158, 2808, 19, '2022-02-03 00:00:00', '6.0', '2022-02-08 10:25:48'),
(159, 2808, 4, '2022-02-04 00:00:00', '3.0', '2022-02-08 10:26:05'),
(160, 2808, 19, '2022-02-04 00:00:00', '3.0', '2022-02-08 10:26:18'),
(161, 2808, 4, '2022-02-08 00:00:00', '1.0', '2022-02-08 11:06:54'),
(162, 2808, 19, '2022-02-08 00:00:00', '2.0', '2022-02-08 11:07:23'),
(163, 2820, 4, '2022-02-08 00:00:00', '1.0', '2022-02-08 11:12:37'),
(164, 2820, 19, '2022-02-08 00:00:00', '1.0', '2022-02-08 11:13:40'),
(165, 2822, 11, '2022-02-11 00:00:00', '2.0', '2022-02-14 10:11:05'),
(166, 2822, 19, '2022-02-11 00:00:00', '1.0', '2022-02-14 10:11:18'),
(167, 2822, 11, '2022-02-12 00:00:00', '2.0', '2022-02-14 10:11:43'),
(168, 2822, 19, '2022-02-12 00:00:00', '2.0', '2022-02-14 10:11:52'),
(169, 2822, 4, '2022-02-14 00:00:00', '1.0', '2022-02-14 10:12:11'),
(170, 2822, 10, '2022-02-14 00:00:00', '1.0', '2022-02-14 10:12:21'),
(171, 2822, 9, '2022-02-14 00:00:00', '1.0', '2022-02-14 10:12:30'),
(172, 2822, 8, '2022-02-14 00:00:00', '2.0', '2022-02-14 10:12:56'),
(173, 2822, 10, '2022-02-15 00:00:00', '1.0', '2022-02-15 10:09:25'),
(174, 2822, 9, '2022-02-15 00:00:00', '1.0', '2022-02-15 10:09:37'),
(175, 2822, 19, '2022-02-14 00:00:00', '4.0', '2022-02-15 10:09:57'),
(182, 2822, 4, '2022-02-15 00:00:00', '2.0', '2022-02-16 10:17:07'),
(183, 2822, 11, '2022-02-15 00:00:00', '2.0', '2022-02-16 10:17:15'),
(184, 2822, 19, '2022-02-15 00:00:00', '2.0', '2022-02-16 10:17:27'),
(185, 2822, 8, '2022-02-16 00:00:00', '2.0', '2022-02-16 10:17:38'),
(187, 2822, 19, '2022-02-16 00:00:00', '3.0', '2022-02-16 16:26:46'),
(188, 2822, 11, '2022-02-16 00:00:00', '2.0', '2022-02-16 16:27:05'),
(189, 2822, 4, '2022-02-16 00:00:00', '4.0', '2022-02-16 16:27:21'),
(190, 2822, 8, '2022-02-16 00:00:00', '1.0', '2022-02-16 16:27:36'),
(191, 2822, 9, '2022-02-17 00:00:00', '2.0', '2022-02-17 15:46:53'),
(192, 2822, 11, '2022-02-17 00:00:00', '2.0', '2022-02-17 15:47:07'),
(193, 2822, 4, '2022-02-17 00:00:00', '2.0', '2022-02-17 15:47:29'),
(194, 2822, 19, '2022-02-17 00:00:00', '4.0', '2022-02-17 15:47:39'),
(195, 2829, 11, '2022-02-18 00:00:00', '3.0', '2022-02-23 10:15:31'),
(196, 2834, 19, '2022-02-23 00:00:00', '1.0', '2022-02-23 10:25:22'),
(197, 2822, 19, '2022-02-22 00:00:00', '4.0', '2022-02-23 10:33:45'),
(198, 2822, 11, '2022-02-18 00:00:00', '2.0', '2022-02-23 10:33:56'),
(199, 2847, 9, '2022-02-22 00:00:00', '2.0', '2022-02-23 15:03:42'),
(200, 2847, 9, '2022-02-23 00:00:00', '5.0', '2022-02-23 15:04:01'),
(201, 2847, 10, '2022-02-22 00:00:00', '2.0', '2022-02-23 15:04:14'),
(202, 2847, 10, '2022-02-23 00:00:00', '8.0', '2022-02-23 15:04:41'),
(203, 2945, 4, '2022-02-22 00:00:00', '2.0', '2022-02-23 15:04:41'),
(204, 2945, 19, '2022-02-22 00:00:00', '5.0', '2022-02-23 15:04:54'),
(205, 2847, 11, '2022-02-22 00:00:00', '8.0', '2022-02-23 15:05:01'),
(206, 2945, 10, '2022-02-23 00:00:00', '1.0', '2022-02-23 15:05:49'),
(207, 2847, 4, '2022-02-22 00:00:00', '8.0', '2022-02-23 15:08:14'),
(208, 2847, 8, '2022-02-22 00:00:00', '10.0', '2022-02-23 15:09:13'),
(209, 2847, 18, '2022-02-22 00:00:00', '5.0', '2022-02-23 15:09:29'),
(210, 2847, 41, '2022-02-22 00:00:00', '2.0', '2022-02-23 15:10:12'),
(211, 2945, 19, '2022-02-23 00:00:00', '3.0', '2022-02-23 15:13:24'),
(212, 2847, 9, '2022-02-09 00:00:00', '5.0', '2022-02-23 15:13:43'),
(213, 2847, 10, '2022-02-09 00:00:00', '5.0', '2022-02-23 15:13:58'),
(214, 2847, 11, '2022-02-08 00:00:00', '8.0', '2022-02-23 15:14:18'),
(215, 2847, 11, '2022-02-09 00:00:00', '8.0', '2022-02-23 15:14:30'),
(216, 2847, 4, '2022-02-08 00:00:00', '5.0', '2022-02-23 15:14:41'),
(217, 2847, 4, '2022-02-09 00:00:00', '5.0', '2022-02-23 15:14:57'),
(218, 2847, 8, '2022-02-09 00:00:00', '10.0', '2022-02-23 15:15:50'),
(219, 2847, 18, '2022-02-08 00:00:00', '8.0', '2022-02-23 15:16:10'),
(220, 2847, 18, '2022-02-09 00:00:00', '10.0', '2022-02-23 15:16:23'),
(221, 2847, 41, '2022-02-09 00:00:00', '2.0', '2022-02-23 15:16:43'),
(222, 2849, 11, '2022-02-09 00:00:00', '1.0', '2022-02-23 15:23:20'),
(223, 2843, 8, '2022-02-16 00:00:00', '5.0', '2022-02-23 15:24:29'),
(224, 2843, 39, '2022-02-14 00:00:00', '3.0', '2022-02-23 15:24:40'),
(225, 2843, 39, '2022-02-15 00:00:00', '5.0', '2022-02-23 15:26:03'),
(226, 2862, 18, '2022-01-13 00:00:00', '2.0', '2022-02-23 15:38:55'),
(227, 2847, 9, '2022-02-16 00:00:00', '4.0', '2022-02-23 15:57:39'),
(228, 2847, 10, '2022-02-16 00:00:00', '4.0', '2022-02-23 15:58:02'),
(229, 2847, 8, '2022-02-23 00:00:00', '4.0', '2022-02-23 15:58:18'),
(230, 2847, 18, '2022-02-16 00:00:00', '4.0', '2022-02-23 15:58:31'),
(231, 2847, 10, '2022-02-17 00:00:00', '3.0', '2022-02-23 15:58:46'),
(232, 2847, 8, '2022-02-17 00:00:00', '5.0', '2022-02-23 15:59:06'),
(233, 2847, 18, '2022-02-17 00:00:00', '2.0', '2022-02-23 15:59:17'),
(234, 2847, 8, '2022-02-18 00:00:00', '2.0', '2022-02-23 15:59:30'),
(235, 2945, 4, '2022-02-24 00:00:00', '3.0', '2022-02-24 09:46:15'),
(236, 2945, 19, '2022-02-24 00:00:00', '4.0', '2022-02-24 09:46:28'),
(237, 2945, 39, '2022-02-24 00:00:00', '2.0', '2022-02-24 12:00:54'),
(238, 2971, 9, '2022-02-24 00:00:00', '1.0', '2022-02-25 07:19:40'),
(239, 2971, 10, '2022-02-24 00:00:00', '1.0', '2022-02-25 07:19:49'),
(240, 2971, 4, '2022-02-24 00:00:00', '1.0', '2022-02-25 07:19:58'),
(241, 2971, 8, '2022-02-24 00:00:00', '1.0', '2022-02-25 07:20:11'),
(242, 2971, 19, '2022-02-24 00:00:00', '3.0', '2022-02-25 07:20:21'),
(243, 2847, 11, '2022-02-23 00:00:00', '10.0', '2022-02-25 08:16:35'),
(244, 2847, 11, '2022-02-24 00:00:00', '10.0', '2022-02-25 08:16:56'),
(245, 2847, 11, '2022-02-25 00:00:00', '3.0', '2022-02-25 08:17:15'),
(246, 2847, 8, '2022-02-23 00:00:00', '10.0', '2022-02-25 08:17:54'),
(247, 2847, 8, '2022-02-24 00:00:00', '5.0', '2022-02-25 08:18:07'),
(248, 2847, 4, '2022-02-23 00:00:00', '10.0', '2022-02-25 08:20:27'),
(249, 2847, 18, '2022-02-23 00:00:00', '10.0', '2022-02-25 08:21:09'),
(250, 2847, 18, '2022-02-24 00:00:00', '5.0', '2022-02-25 08:23:34'),
(251, 2971, 9, '2022-02-25 00:00:00', '2.0', '2022-02-25 15:07:36'),
(252, 2971, 10, '2022-02-25 00:00:00', '2.0', '2022-02-25 15:07:45'),
(253, 2971, 4, '2022-02-25 00:00:00', '3.0', '2022-02-25 15:07:57'),
(254, 2971, 8, '2022-02-25 00:00:00', '3.0', '2022-02-25 15:08:08'),
(255, 2971, 19, '2022-02-25 00:00:00', '5.0', '2022-02-25 15:08:17'),
(256, 2971, 8, '2022-03-01 00:00:00', '2.0', '2022-03-02 12:15:38'),
(257, 2971, 19, '2022-03-01 00:00:00', '3.0', '2022-03-02 12:15:52'),
(258, 2971, 9, '2022-03-01 00:00:00', '1.0', '2022-03-02 12:16:02'),
(259, 2971, 10, '2022-03-01 00:00:00', '1.0', '2022-03-02 12:16:10'),
(260, 2971, 39, '2022-03-02 00:00:00', '2.0', '2022-03-02 12:16:29'),
(261, 2971, 19, '2022-03-02 00:00:00', '6.0', '2022-03-02 12:16:43'),
(262, 2971, 4, '2022-02-28 00:00:00', '6.0', '2022-03-02 12:18:27'),
(263, 2971, 10, '2022-02-28 00:00:00', '2.0', '2022-03-02 12:18:40'),
(264, 2971, 9, '2022-02-28 00:00:00', '2.0', '2022-03-02 12:18:48'),
(265, 2971, 19, '2022-02-28 00:00:00', '7.0', '2022-03-02 12:19:02'),
(266, 3051, 19, '2022-02-28 00:00:00', '3.0', '2022-03-02 15:58:50'),
(267, 2971, 19, '2022-03-04 00:00:00', '3.0', '2022-03-07 10:54:52'),
(268, 2971, 19, '2022-03-03 00:00:00', '3.0', '2022-03-07 10:55:02'),
(269, 2971, 41, '2022-03-03 00:00:00', '2.0', '2022-03-07 10:55:25'),
(270, 2971, 41, '2022-03-04 00:00:00', '2.0', '2022-03-07 10:55:33'),
(271, 2971, 19, '2022-03-05 00:00:00', '2.0', '2022-03-07 10:55:45'),
(272, 2971, 39, '2022-03-07 00:00:00', '2.0', '2022-03-07 10:56:06'),
(273, 2971, 19, '2022-03-07 00:00:00', '3.0', '2022-03-07 10:56:16'),
(274, 2845, 18, '2022-03-04 00:00:00', '3.0', '2022-03-07 11:06:12'),
(275, 2847, 9, '2022-03-04 00:00:00', '2.0', '2022-03-07 11:08:39'),
(276, 2847, 10, '2022-03-04 00:00:00', '2.0', '2022-03-07 11:08:50'),
(277, 2847, 11, '2022-03-03 00:00:00', '4.0', '2022-03-07 11:09:13'),
(278, 2847, 11, '2022-03-04 00:00:00', '4.0', '2022-03-07 11:09:22'),
(279, 2847, 4, '2022-03-04 00:00:00', '2.0', '2022-03-07 11:09:34'),
(280, 2847, 8, '2022-03-03 00:00:00', '3.0', '2022-03-07 11:09:44'),
(281, 2847, 8, '2022-03-04 00:00:00', '3.0', '2022-03-07 11:09:54'),
(282, 2847, 19, '2022-03-04 00:00:00', '3.0', '2022-03-07 11:10:55'),
(283, 2847, 19, '2022-03-05 00:00:00', '5.0', '2022-03-07 11:11:29'),
(284, 2847, 19, '2022-03-05 00:00:00', '2.0', '2022-03-07 11:11:47'),
(285, 2847, 18, '2022-03-03 00:00:00', '5.0', '2022-03-07 12:00:02'),
(286, 2971, 19, '2022-03-08 00:00:00', '2.0', '2022-03-08 11:47:43'),
(287, 3068, 19, '2022-03-10 00:00:00', '2.0', '2022-03-11 07:21:02'),
(288, 2843, 39, '2022-03-07 00:00:00', '8.0', '2022-03-11 12:27:47'),
(289, 3068, 4, '2022-03-11 00:00:00', '3.0', '2022-03-14 14:48:12'),
(290, 3068, 11, '2022-03-11 00:00:00', '3.0', '2022-03-14 14:48:22'),
(291, 3068, 19, '2022-03-11 00:00:00', '4.0', '2022-03-14 14:48:47'),
(292, 3068, 10, '2022-03-14 00:00:00', '2.0', '2022-03-14 14:53:24'),
(293, 3068, 9, '2022-03-14 00:00:00', '2.0', '2022-03-14 14:53:39'),
(294, 3068, 19, '2022-03-14 00:00:00', '3.0', '2022-03-14 14:53:49'),
(295, 3138, 19, '2022-03-14 00:00:00', '2.0', '2022-03-14 14:54:14'),
(296, 2606, 19, '2022-03-08 00:00:00', '3.0', '2022-03-14 14:55:04'),
(297, 2606, 19, '2022-03-14 00:00:00', '1.0', '2022-03-14 14:55:18'),
(298, 2606, 19, '2022-03-07 00:00:00', '2.0', '2022-03-14 14:56:11'),
(299, 3068, 8, '2022-03-14 00:00:00', '4.0', '2022-03-14 15:22:38'),
(300, 3068, 11, '2022-03-15 00:00:00', '2.0', '2022-03-15 15:41:12'),
(301, 3068, 4, '2022-03-15 00:00:00', '1.0', '2022-03-15 15:41:23'),
(302, 3068, 8, '2022-03-15 00:00:00', '1.0', '2022-03-15 15:41:33'),
(303, 3068, 19, '2022-03-15 00:00:00', '3.0', '2022-03-15 15:41:42'),
(304, 3079, 8, '2022-03-15 00:00:00', '1.0', '2022-03-16 15:49:02'),
(305, 3079, 19, '2022-03-15 00:00:00', '1.0', '2022-03-16 15:49:15'),
(306, 3079, 19, '2022-03-16 00:00:00', '1.0', '2022-03-16 15:49:30'),
(307, 3068, 11, '2022-03-15 00:00:00', '1.0', '2022-03-16 15:50:23'),
(308, 3068, 4, '2022-03-15 00:00:00', '2.0', '2022-03-16 15:50:49'),
(309, 3068, 19, '2022-03-15 00:00:00', '3.0', '2022-03-16 15:51:02'),
(310, 3124, 39, '2022-03-15 00:00:00', '2.0', '2022-03-16 15:54:54'),
(311, 3124, 19, '2022-03-15 00:00:00', '1.0', '2022-03-16 15:55:03'),
(312, 3138, 8, '2022-03-16 00:00:00', '2.0', '2022-03-16 15:59:24'),
(313, 3138, 9, '2022-03-16 00:00:00', '1.0', '2022-03-16 15:59:41'),
(314, 3138, 10, '2022-03-16 00:00:00', '1.0', '2022-03-16 15:59:51'),
(315, 3138, 19, '2022-03-16 00:00:00', '2.0', '2022-03-16 16:00:05'),
(316, 2997, 11, '2022-03-16 00:00:00', '4.0', '2022-03-16 16:00:33'),
(317, 2997, 4, '2022-03-16 00:00:00', '5.0', '2022-03-16 16:01:22'),
(318, 2997, 19, '2022-03-16 00:00:00', '3.0', '2022-03-16 16:01:33'),
(319, 2997, 4, '2022-03-17 00:00:00', '6.0', '2022-03-18 10:34:23'),
(320, 2997, 19, '2022-03-17 00:00:00', '6.0', '2022-03-18 10:34:53'),
(321, 2997, 11, '2022-03-17 00:00:00', '3.0', '2022-03-18 10:35:08'),
(322, 2997, 41, '2022-03-17 00:00:00', '4.0', '2022-03-18 10:36:37'),
(323, 2997, 10, '2022-03-17 00:00:00', '2.0', '2022-03-18 10:36:58'),
(324, 2997, 9, '2022-03-18 00:00:00', '3.0', '2022-03-18 10:37:13'),
(325, 2997, 10, '2022-03-18 00:00:00', '2.0', '2022-03-18 10:37:23'),
(326, 3005, 11, '2022-03-18 00:00:00', '1.0', '2022-03-18 10:43:01'),
(327, 3005, 19, '2022-03-18 00:00:00', '1.0', '2022-03-18 10:43:09'),
(328, 3015, 4, '2022-03-18 00:00:00', '3.0', '2022-03-22 10:08:54'),
(329, 3015, 19, '2022-03-18 00:00:00', '2.0', '2022-03-22 10:09:03'),
(330, 2997, 4, '2022-03-18 00:00:00', '5.0', '2022-03-22 10:32:28'),
(331, 2997, 11, '2022-03-18 00:00:00', '3.0', '2022-03-22 10:32:36'),
(332, 2997, 19, '2022-03-18 00:00:00', '4.0', '2022-03-22 10:32:45'),
(333, 2997, 41, '2022-03-18 00:00:00', '3.0', '2022-03-22 10:32:53'),
(334, 3043, 4, '2022-03-22 00:00:00', '2.0', '2022-03-22 15:24:15'),
(335, 3043, 19, '2022-03-22 00:00:00', '2.0', '2022-03-22 15:24:23'),
(337, 705, 20, '2022-03-23 00:00:00', '0.5', '2022-03-23 14:50:39'),
(338, 677, 20, '2022-03-23 00:00:00', '15.0', '2022-03-23 14:51:28'),
(339, 699, 20, '2022-03-23 00:00:00', '0.5', '2022-03-23 15:03:17'),
(340, 692, 20, '2022-03-23 00:00:00', '0.5', '2022-03-23 15:04:44'),
(341, 686, 20, '2022-03-23 00:00:00', '0.5', '2022-03-23 15:05:06'),
(342, 2807, 20, '2022-03-23 00:00:00', '1.0', '2022-03-23 17:39:59'),
(343, 706, 20, '2022-03-23 00:00:00', '0.5', '2022-03-23 17:40:24'),
(344, 156, 20, '2022-03-23 00:00:00', '0.5', '2022-03-23 17:40:52'),
(345, 143, 20, '2022-03-23 00:00:00', '0.5', '2022-03-23 17:41:24'),
(346, 2323, 20, '2022-03-23 00:00:00', '0.5', '2022-03-23 17:42:27'),
(347, 2442, 20, '2022-03-23 00:00:00', '0.5', '2022-03-23 17:43:08'),
(348, 3138, 11, '2022-03-23 00:00:00', '5.0', '2022-03-24 09:42:33'),
(349, 3138, 8, '2022-03-23 00:00:00', '6.0', '2022-03-24 09:42:45'),
(350, 3138, 9, '2022-03-23 00:00:00', '3.0', '2022-03-24 09:42:57'),
(351, 3138, 10, '2022-03-23 00:00:00', '3.0', '2022-03-24 09:43:09'),
(352, 3138, 19, '2022-03-23 00:00:00', '7.0', '2022-03-24 09:43:41'),
(353, 3173, 11, '2022-03-24 00:00:00', '2.0', '2022-03-24 14:24:06'),
(354, 3173, 19, '2022-03-24 00:00:00', '2.0', '2022-03-24 14:24:24'),
(355, 3175, 19, '2022-03-24 00:00:00', '1.0', '2022-03-24 15:07:51'),
(356, 714, 20, '2022-03-24 00:00:00', '0.5', '2022-03-24 16:11:53'),
(357, 3009, 39, '2022-03-23 00:00:00', '7.0', '2022-03-24 16:18:11'),
(358, 3009, 39, '2022-03-24 00:00:00', '4.0', '2022-03-24 16:18:26'),
(359, 3140, 39, '2022-03-24 00:00:00', '3.0', '2022-03-24 16:22:18'),
(360, 3140, 19, '2022-03-24 00:00:00', '2.0', '2022-03-24 16:22:31'),
(361, 687, 20, '2022-03-24 00:00:00', '0.5', '2022-03-24 16:27:07'),
(362, 703, 20, '2022-03-24 00:00:00', '0.5', '2022-03-24 16:27:32'),
(363, 163, 20, '2022-03-24 00:00:00', '0.5', '2022-03-24 16:44:10'),
(364, 3018, 4, '2022-03-24 00:00:00', '1.0', '2022-03-24 16:46:00'),
(365, 3018, 19, '2022-03-24 00:00:00', '1.0', '2022-03-24 16:46:10'),
(366, 3146, 8, '2022-03-24 00:00:00', '3.0', '2022-03-24 16:47:18'),
(367, 3146, 19, '2022-03-24 00:00:00', '1.0', '2022-03-24 16:47:28'),
(368, 137, 20, '2022-03-24 00:00:00', '0.5', '2022-03-24 17:03:56'),
(369, 162, 20, '2022-03-24 00:00:00', '0.5', '2022-03-24 17:04:19'),
(370, 160, 20, '2022-03-24 00:00:00', '0.5', '2022-03-24 17:07:08'),
(371, 171, 20, '2022-03-24 00:00:00', '0.5', '2022-03-24 17:07:34'),
(372, 134, 20, '2022-03-24 00:00:00', '3.0', '2022-03-24 17:08:05'),
(373, 144, 20, '2022-03-24 00:00:00', '0.5', '2022-03-24 17:14:02'),
(374, 149, 20, '2022-03-24 00:00:00', '0.5', '2022-03-24 17:15:00'),
(375, 2314, 20, '2022-03-27 00:00:00', '6.0', '2022-03-27 14:12:55'),
(376, 2359, 20, '2022-03-27 00:00:00', '4.0', '2022-03-27 14:44:14'),
(377, 2402, 20, '2022-03-27 00:00:00', '4.0', '2022-03-27 14:45:54'),
(378, 2406, 20, '2022-03-27 00:00:00', '1.0', '2022-03-27 14:46:59'),
(379, 2326, 20, '2022-03-27 00:00:00', '0.5', '2022-03-27 14:48:32'),
(380, 2311, 20, '2022-03-27 00:00:00', '0.5', '2022-03-27 14:49:28'),
(381, 2324, 20, '2022-03-27 00:00:00', '0.5', '2022-03-27 14:52:24'),
(382, 3172, 20, '2022-03-27 00:00:00', '1.0', '2022-03-27 14:55:10'),
(383, 2437, 20, '2022-03-27 00:00:00', '0.5', '2022-03-27 14:58:13'),
(384, 3139, 8, '2022-03-24 00:00:00', '2.0', '2022-03-29 07:51:55'),
(385, 3139, 19, '2022-03-24 00:00:00', '1.0', '2022-03-29 07:52:02'),
(386, 3139, 19, '2022-03-29 00:00:00', '1.0', '2022-03-29 07:52:14'),
(387, 3042, 4, '2022-03-25 00:00:00', '2.0', '2022-03-29 07:53:11'),
(388, 3042, 19, '2022-03-25 00:00:00', '2.0', '2022-03-29 07:53:20'),
(389, 2606, 11, '2022-03-30 00:00:00', '3.0', '2022-03-31 09:22:48'),
(390, 2606, 4, '2022-03-30 00:00:00', '4.0', '2022-03-31 09:22:57'),
(391, 2606, 39, '2022-03-30 00:00:00', '1.0', '2022-03-31 09:23:12'),
(392, 2606, 19, '2022-03-30 00:00:00', '4.0', '2022-03-31 09:23:23'),
(393, 2606, 11, '2022-03-31 00:00:00', '2.0', '2022-04-01 09:32:43'),
(394, 2606, 4, '2022-03-31 00:00:00', '2.0', '2022-04-01 09:32:52'),
(395, 2606, 19, '2022-03-31 00:00:00', '4.0', '2022-04-01 09:33:01'),
(396, 2407, 20, '2022-04-04 00:00:00', '0.5', '2022-04-04 07:32:35'),
(397, 2408, 20, '2022-04-04 00:00:00', '4.0', '2022-04-04 08:28:04'),
(398, 2404, 20, '2022-04-04 00:00:00', '0.5', '2022-04-04 08:28:25'),
(399, 2398, 20, '2022-04-04 00:00:00', '2.0', '2022-04-04 08:28:40'),
(400, 2489, 20, '2022-04-04 00:00:00', '2.0', '2022-04-04 08:56:10'),
(401, 2478, 20, '2022-04-04 00:00:00', '1.0', '2022-04-04 09:01:31'),
(402, 2450, 20, '2022-04-04 00:00:00', '0.5', '2022-04-04 09:06:55'),
(403, 2487, 20, '2022-04-04 00:00:00', '0.5', '2022-04-04 09:07:41'),
(404, 2439, 20, '2022-04-04 00:00:00', '1.0', '2022-04-04 09:08:56'),
(405, 2606, 11, '2022-04-01 00:00:00', '2.0', '2022-04-04 09:34:36'),
(406, 2606, 4, '2022-04-01 00:00:00', '1.0', '2022-04-04 09:34:45'),
(407, 2606, 19, '2022-04-01 00:00:00', '3.0', '2022-04-04 09:34:55'),
(408, 2430, 20, '2022-04-04 00:00:00', '0.5', '2022-04-04 11:26:15'),
(409, 2484, 20, '2022-04-04 00:00:00', '0.5', '2022-04-04 11:26:54'),
(410, 2606, 11, '2022-04-04 00:00:00', '2.0', '2022-04-05 08:13:13'),
(411, 2606, 4, '2022-04-04 00:00:00', '3.0', '2022-04-05 08:13:24'),
(412, 2606, 19, '2022-04-04 00:00:00', '4.0', '2022-04-05 08:13:37'),
(413, 3231, 11, '2022-04-04 00:00:00', '1.0', '2022-04-05 08:15:04'),
(414, 3231, 8, '2022-04-04 00:00:00', '7.0', '2022-04-05 08:15:19'),
(415, 3231, 10, '2022-04-04 00:00:00', '3.0', '2022-04-05 08:15:34'),
(416, 3231, 19, '2022-04-04 00:00:00', '7.0', '2022-04-05 08:15:46'),
(417, 3231, 41, '2022-04-04 00:00:00', '5.0', '2022-04-05 08:17:20'),
(418, 3193, 9, '2022-04-04 00:00:00', '1.0', '2022-04-05 14:08:42'),
(419, 3193, 11, '2022-04-04 00:00:00', '2.0', '2022-04-05 14:08:59'),
(420, 3193, 4, '2022-04-04 00:00:00', '3.0', '2022-04-05 14:09:24'),
(421, 3193, 10, '2022-04-04 00:00:00', '2.0', '2022-04-05 14:09:35'),
(422, 3193, 18, '2022-04-04 00:00:00', '3.0', '2022-04-05 14:09:47'),
(423, 3193, 9, '2022-04-05 00:00:00', '2.0', '2022-04-05 14:10:06'),
(424, 3193, 10, '2022-04-05 00:00:00', '3.0', '2022-04-05 14:10:25'),
(425, 3193, 11, '2022-04-05 00:00:00', '3.0', '2022-04-05 14:10:40'),
(426, 3193, 18, '2022-04-05 00:00:00', '3.0', '2022-04-05 14:11:28'),
(427, 3239, 11, '2022-04-06 00:00:00', '2.0', '2022-04-07 10:58:07'),
(428, 3239, 19, '2022-04-06 00:00:00', '2.0', '2022-04-07 10:58:16'),
(429, 3239, 11, '2022-04-07 00:00:00', '2.0', '2022-04-07 10:58:39'),
(430, 3239, 19, '2022-04-07 00:00:00', '1.0', '2022-04-07 10:58:47'),
(431, 3277, 8, '2022-04-06 00:00:00', '2.0', '2022-04-07 11:08:10'),
(432, 3277, 19, '2022-04-06 00:00:00', '2.0', '2022-04-07 11:08:18'),
(433, 3231, 8, '2022-04-05 00:00:00', '4.0', '2022-04-07 11:09:05'),
(434, 3231, 11, '2022-04-05 00:00:00', '3.0', '2022-04-07 11:09:19'),
(435, 3231, 19, '2022-04-05 00:00:00', '5.0', '2022-04-07 11:09:27'),
(436, 3231, 10, '2022-04-05 00:00:00', '2.0', '2022-04-07 11:10:08'),
(437, 3232, 8, '2022-04-06 00:00:00', '2.0', '2022-04-07 11:18:30'),
(438, 3232, 19, '2022-04-07 00:00:00', '1.0', '2022-04-07 11:18:38'),
(439, 3145, 19, '2022-04-07 00:00:00', '2.0', '2022-04-08 09:38:46'),
(440, 3186, 11, '2022-03-30 00:00:00', '4.0', '2022-04-08 10:35:37'),
(441, 3186, 19, '2022-03-30 00:00:00', '4.0', '2022-04-08 10:36:04'),
(442, 3310, 19, '2022-04-06 00:00:00', '2.0', '2022-04-08 10:37:17'),
(443, 3310, 11, '2022-04-07 00:00:00', '2.0', '2022-04-08 10:37:28'),
(444, 3310, 8, '2022-04-07 00:00:00', '5.0', '2022-04-08 10:37:40'),
(445, 3310, 4, '2022-04-07 00:00:00', '1.0', '2022-04-08 10:37:50'),
(446, 3310, 41, '2022-04-07 00:00:00', '2.0', '2022-04-08 10:38:06'),
(447, 3310, 10, '2022-04-07 00:00:00', '3.0', '2022-04-08 10:38:16'),
(448, 3310, 9, '2022-04-07 00:00:00', '3.0', '2022-04-08 10:38:25'),
(449, 3310, 19, '2022-04-07 00:00:00', '3.0', '2022-04-08 10:38:44'),
(450, 2606, 4, '2022-04-06 00:00:00', '3.0', '2022-04-08 10:39:06'),
(451, 2606, 19, '2022-04-07 00:00:00', '2.0', '2022-04-08 10:39:17'),
(452, 2606, 19, '2022-04-05 00:00:00', '2.0', '2022-04-08 10:40:29'),
(453, 3231, 8, '2022-04-07 00:00:00', '1.0', '2022-04-08 10:43:39'),
(454, 3231, 19, '2022-04-07 00:00:00', '1.0', '2022-04-08 10:43:53'),
(455, 3281, 39, '2022-04-06 00:00:00', '4.0', '2022-04-08 10:49:10'),
(456, 3281, 39, '2022-04-05 00:00:00', '3.0', '2022-04-08 10:49:28'),
(457, 3281, 19, '2022-04-06 00:00:00', '1.0', '2022-04-08 10:49:42'),
(458, 3318, 11, '2022-04-08 00:00:00', '4.0', '2022-04-09 11:34:49'),
(459, 3318, 19, '2022-04-08 00:00:00', '4.0', '2022-04-09 11:34:59'),
(460, 3318, 11, '2022-04-09 00:00:00', '2.0', '2022-04-09 11:35:10'),
(461, 3318, 19, '2022-04-09 00:00:00', '2.0', '2022-04-09 11:35:19'),
(462, 3310, 9, '2022-04-08 00:00:00', '5.0', '2022-04-09 11:35:44'),
(463, 3310, 10, '2022-04-08 00:00:00', '3.0', '2022-04-09 11:35:52'),
(464, 3310, 9, '2022-04-09 00:00:00', '3.0', '2022-04-09 11:36:03'),
(465, 3310, 10, '2022-04-09 00:00:00', '2.0', '2022-04-09 11:36:12'),
(466, 3310, 41, '2022-04-09 00:00:00', '3.0', '2022-04-09 11:36:38'),
(467, 3310, 41, '2022-04-08 00:00:00', '3.0', '2022-04-09 11:36:47'),
(468, 3310, 8, '2022-04-08 00:00:00', '5.0', '2022-04-09 11:37:15'),
(469, 3310, 8, '2022-04-09 00:00:00', '3.0', '2022-04-09 11:37:24'),
(470, 3310, 19, '2022-04-08 00:00:00', '3.0', '2022-04-09 11:38:08'),
(471, 3310, 19, '2022-04-09 00:00:00', '3.0', '2022-04-09 11:38:20'),
(472, 3310, 11, '2022-04-08 00:00:00', '3.0', '2022-04-09 11:38:54'),
(473, 3310, 11, '2022-04-09 00:00:00', '2.0', '2022-04-09 11:39:06'),
(474, 3311, 8, '2022-04-11 00:00:00', '3.0', '2022-04-11 15:40:18'),
(475, 3311, 19, '2022-04-11 00:00:00', '2.0', '2022-04-11 15:40:28'),
(476, 3310, 11, '2022-04-11 00:00:00', '4.0', '2022-04-11 15:46:35'),
(477, 3310, 8, '2022-04-11 00:00:00', '3.0', '2022-04-11 15:46:59'),
(478, 3310, 19, '2022-04-11 00:00:00', '4.0', '2022-04-11 15:47:11'),
(479, 3310, 41, '2022-04-11 00:00:00', '3.0', '2022-04-11 15:47:20'),
(480, 3356, 8, '2022-04-11 00:00:00', '7.0', '2022-04-11 17:06:20'),
(481, 3356, 19, '2022-04-11 00:00:00', '2.0', '2022-04-11 17:06:33'),
(482, 3308, 19, '2022-04-12 00:00:00', '3.0', '2022-04-12 10:03:03'),
(483, 3330, 19, '2022-04-12 00:00:00', '2.0', '2022-04-12 10:07:26'),
(484, 3243, 39, '2022-04-12 00:00:00', '4.0', '2022-04-19 07:25:15'),
(485, 3243, 19, '2022-04-19 00:00:00', '2.0', '2022-04-19 07:25:29'),
(486, 3251, 19, '2022-04-19 00:00:00', '2.0', '2022-04-19 09:31:02'),
(487, 3360, 39, '2022-04-11 00:00:00', '3.0', '2022-04-19 16:16:05'),
(488, 3360, 19, '2022-04-19 00:00:00', '1.0', '2022-04-19 16:16:14'),
(489, 3252, 8, '2022-04-19 00:00:00', '2.0', '2022-04-19 16:28:13'),
(490, 3252, 19, '2022-04-19 00:00:00', '1.0', '2022-04-19 16:28:24'),
(491, 3328, 8, '2022-04-18 00:00:00', '2.0', '2022-04-19 16:40:29'),
(492, 3328, 19, '2022-04-18 00:00:00', '2.0', '2022-04-19 16:40:44'),
(493, 3331, 8, '2022-04-18 00:00:00', '1.0', '2022-04-19 16:49:14'),
(494, 3331, 19, '2022-04-19 00:00:00', '2.0', '2022-04-19 16:49:37'),
(495, 2606, 9, '2022-04-20 00:00:00', '2.0', '2022-04-20 16:59:58'),
(496, 2606, 10, '2022-04-20 00:00:00', '2.0', '2022-04-20 17:00:07'),
(497, 2606, 11, '2022-04-20 00:00:00', '2.0', '2022-04-20 17:00:16'),
(498, 2606, 4, '2022-04-20 00:00:00', '2.0', '2022-04-20 17:00:25'),
(499, 2606, 19, '2022-04-20 00:00:00', '3.0', '2022-04-20 17:00:38'),
(500, 3384, 11, '2022-04-20 00:00:00', '2.0', '2022-04-20 17:00:59'),
(501, 3384, 9, '2022-04-20 00:00:00', '1.0', '2022-04-20 17:01:08'),
(502, 3384, 8, '2022-04-20 00:00:00', '1.0', '2022-04-20 17:01:17'),
(503, 3384, 19, '2022-04-20 00:00:00', '2.0', '2022-04-20 17:01:25'),
(504, 3384, 11, '2022-04-21 00:00:00', '4.0', '2022-04-22 09:45:19'),
(505, 3384, 4, '2022-04-21 00:00:00', '6.0', '2022-04-22 09:45:59'),
(506, 3384, 19, '2022-04-21 00:00:00', '8.0', '2022-04-22 09:46:10'),
(507, 2606, 4, '2022-04-21 00:00:00', '2.0', '2022-04-22 09:46:57'),
(508, 2606, 19, '2022-04-21 00:00:00', '2.0', '2022-04-22 09:47:06'),
(509, 2482, 20, '2022-04-25 00:00:00', '0.5', '2022-04-25 10:23:41'),
(510, 2501, 20, '2022-04-25 00:00:00', '2.0', '2022-04-25 14:11:28'),
(511, 2481, 20, '2022-04-25 00:00:00', '0.5', '2022-04-25 14:12:11'),
(512, 2438, 20, '2022-04-25 00:00:00', '1.0', '2022-04-25 14:23:59'),
(513, 2491, 20, '2022-04-25 00:00:00', '1.0', '2022-04-25 14:30:24'),
(514, 3226, 20, '2022-04-25 00:00:00', '0.5', '2022-04-25 14:37:34'),
(516, 3213, 20, '2022-04-25 00:00:00', '10.0', '2022-04-25 14:39:35'),
(517, 3216, 20, '2022-04-25 00:00:00', '0.5', '2022-04-25 14:40:18'),
(518, 3260, 20, '2022-04-25 00:00:00', '0.5', '2022-04-25 14:41:12'),
(519, 3256, 20, '2022-04-25 00:00:00', '5.0', '2022-04-25 14:47:39'),
(520, 3268, 20, '2022-04-25 00:00:00', '0.5', '2022-04-25 14:47:59'),
(521, 3217, 20, '2022-04-25 00:00:00', '0.5', '2022-04-25 14:48:25'),
(522, 3262, 20, '2022-04-25 00:00:00', '0.5', '2022-04-25 14:51:19'),
(523, 3279, 20, '2022-04-25 00:00:00', '1.0', '2022-04-25 14:57:29'),
(524, 3283, 20, '2022-04-25 00:00:00', '5.0', '2022-04-25 14:57:53'),
(525, 3284, 20, '2022-04-25 00:00:00', '5.0', '2022-04-25 15:02:15'),
(526, 3210, 20, '2022-04-25 00:00:00', '1.0', '2022-04-25 15:18:05'),
(527, 3261, 20, '2022-04-25 00:00:00', '0.5', '2022-04-25 15:18:49'),
(528, 3271, 20, '2022-04-25 00:00:00', '0.5', '2022-04-25 15:21:33'),
(529, 3218, 20, '2022-04-25 00:00:00', '1.0', '2022-04-25 15:21:58'),
(530, 3222, 20, '2022-04-25 00:00:00', '0.5', '2022-04-25 15:23:32'),
(531, 3230, 20, '2022-04-25 00:00:00', '5.0', '2022-04-25 15:24:21'),
(532, 3305, 20, '2022-04-25 00:00:00', '0.5', '2022-04-25 15:29:34'),
(533, 3341, 20, '2022-04-25 00:00:00', '0.5', '2022-04-25 15:30:26'),
(534, 3389, 20, '2022-04-25 00:00:00', '0.5', '2022-04-25 15:31:39'),
(535, 3301, 20, '2022-04-25 00:00:00', '0.5', '2022-04-25 15:32:16'),
(536, 3225, 20, '2022-04-25 00:00:00', '0.5', '2022-04-25 15:48:29'),
(537, 3228, 20, '2022-04-25 00:00:00', '0.5', '2022-04-25 15:48:49'),
(538, 3343, 20, '2022-04-25 00:00:00', '0.5', '2022-04-25 15:49:34'),
(539, 3296, 20, '2022-04-25 00:00:00', '0.5', '2022-04-25 15:50:09'),
(540, 3340, 20, '2022-04-25 00:00:00', '0.5', '2022-04-25 15:50:43'),
(541, 3307, 20, '2022-04-25 00:00:00', '0.5', '2022-04-25 15:51:12'),
(542, 3304, 20, '2022-04-25 00:00:00', '0.5', '2022-04-25 15:51:32'),
(543, 3427, 20, '2022-04-25 00:00:00', '0.5', '2022-04-25 15:52:08'),
(544, 3387, 20, '2022-04-25 00:00:00', '0.5', '2022-04-25 15:52:31'),
(545, 3385, 20, '2022-04-25 00:00:00', '0.5', '2022-04-25 15:52:56'),
(546, 3425, 20, '2022-04-25 00:00:00', '0.5', '2022-04-25 15:53:26'),
(547, 3380, 20, '2022-04-25 00:00:00', '0.5', '2022-04-25 15:53:50'),
(548, 3424, 20, '2022-04-25 00:00:00', '0.5', '2022-04-25 15:54:14'),
(549, 3391, 20, '2022-04-25 00:00:00', '0.5', '2022-04-25 15:54:45'),
(550, 3388, 20, '2022-04-25 00:00:00', '0.5', '2022-04-25 15:55:05'),
(551, 3189, 20, '2022-04-25 00:00:00', '0.5', '2022-04-25 15:57:43'),
(552, 3203, 20, '2022-04-25 00:00:00', '0.5', '2022-04-25 16:00:43'),
(553, 3426, 20, '2022-04-25 00:00:00', '0.5', '2022-04-25 16:04:09'),
(554, 3423, 20, '2022-04-25 00:00:00', '0.5', '2022-04-25 16:04:33'),
(555, 3379, 20, '2022-04-25 00:00:00', '0.5', '2022-04-25 16:05:21'),
(556, 3376, 20, '2022-04-25 00:00:00', '0.5', '2022-04-25 16:05:53'),
(557, 3386, 20, '2022-04-25 00:00:00', '0.5', '2022-04-25 16:07:16'),
(558, 3405, 20, '2022-04-25 00:00:00', '0.5', '2022-04-25 16:07:35'),
(559, 3404, 20, '2022-04-25 00:00:00', '0.5', '2022-04-25 16:07:53'),
(560, 3393, 20, '2022-04-25 00:00:00', '1.0', '2022-04-25 16:09:20'),
(561, 3382, 20, '2022-04-25 00:00:00', '0.5', '2022-04-25 16:10:13'),
(562, 3373, 20, '2022-04-25 00:00:00', '0.5', '2022-04-25 16:10:35'),
(563, 3442, 20, '2022-04-25 00:00:00', '0.5', '2022-04-25 16:10:55'),
(564, 3431, 20, '2022-04-25 00:00:00', '0.5', '2022-04-25 16:11:13'),
(565, 3430, 20, '2022-04-25 00:00:00', '0.5', '2022-04-25 16:11:31'),
(566, 3419, 20, '2022-04-25 00:00:00', '0.5', '2022-04-25 16:11:43'),
(567, 3446, 20, '2022-04-25 00:00:00', '0.5', '2022-04-25 16:11:54'),
(568, 3447, 20, '2022-04-25 00:00:00', '0.5', '2022-04-25 16:12:04'),
(569, 3432, 20, '2022-04-25 00:00:00', '0.5', '2022-04-25 16:12:15'),
(570, 3443, 20, '2022-04-25 00:00:00', '0.5', '2022-04-25 16:12:26'),
(571, 3421, 20, '2022-04-25 00:00:00', '0.5', '2022-04-25 16:12:36'),
(572, 3434, 20, '2022-04-25 00:00:00', '0.5', '2022-04-25 16:12:48'),
(573, 3381, 20, '2022-04-25 00:00:00', '0.5', '2022-04-25 16:13:20'),
(574, 3347, 20, '2022-04-25 00:00:00', '0.5', '2022-04-25 16:31:36'),
(575, 3339, 20, '2022-04-25 00:00:00', '0.5', '2022-04-25 16:33:52'),
(576, 3342, 20, '2022-04-25 00:00:00', '0.5', '2022-04-25 16:34:40'),
(577, 3295, 20, '2022-04-25 00:00:00', '0.5', '2022-04-25 16:34:53'),
(578, 3303, 20, '2022-04-25 00:00:00', '0.5', '2022-04-25 16:35:09'),
(579, 3292, 20, '2022-04-25 00:00:00', '0.5', '2022-04-25 16:35:37'),
(580, 3309, 20, '2022-04-25 00:00:00', '0.5', '2022-04-25 16:45:21'),
(581, 3358, 20, '2022-04-25 00:00:00', '0.5', '2022-04-25 17:16:03'),
(582, 3346, 20, '2022-04-25 00:00:00', '0.5', '2022-04-25 17:20:37'),
(583, 3348, 20, '2022-04-25 00:00:00', '0.5', '2022-04-25 17:20:50'),
(584, 3335, 20, '2022-04-25 00:00:00', '0.5', '2022-04-25 17:21:02'),
(585, 3362, 20, '2022-04-25 00:00:00', '0.5', '2022-04-25 17:21:13'),
(586, 3363, 20, '2022-04-25 00:00:00', '0.5', '2022-04-25 17:38:08'),
(587, 3350, 20, '2022-04-25 00:00:00', '0.5', '2022-04-25 17:47:15'),
(588, 3297, 20, '2022-04-25 00:00:00', '0.5', '2022-04-25 17:47:40'),
(589, 3289, 20, '2022-04-25 00:00:00', '0.5', '2022-04-25 17:48:07'),
(590, 3321, 20, '2022-04-25 00:00:00', '0.5', '2022-04-25 17:49:00'),
(591, 3320, 20, '2022-04-25 00:00:00', '0.5', '2022-04-25 17:49:10'),
(592, 3302, 20, '2022-04-25 00:00:00', '0.5', '2022-04-25 17:49:22'),
(593, 3298, 20, '2022-04-25 00:00:00', '0.5', '2022-04-25 17:50:18'),
(594, 3264, 20, '2022-04-25 00:00:00', '0.5', '2022-04-25 17:55:49'),
(595, 3224, 20, '2022-04-25 00:00:00', '0.5', '2022-04-25 17:56:07'),
(596, 3433, 19, '2022-04-28 00:00:00', '1.0', '2022-04-28 07:34:59'),
(597, 2606, 19, '2022-04-25 00:00:00', '3.0', '2022-04-28 07:44:20'),
(598, 2606, 11, '2022-04-25 00:00:00', '2.0', '2022-04-28 07:44:28'),
(599, 2606, 10, '2022-04-25 00:00:00', '2.0', '2022-04-28 07:44:36'),
(600, 2606, 9, '2022-04-25 00:00:00', '1.0', '2022-04-28 07:44:54'),
(601, 2606, 10, '2022-04-26 00:00:00', '6.0', '2022-04-28 07:45:26'),
(602, 2606, 4, '2022-04-26 00:00:00', '6.0', '2022-04-28 07:45:35'),
(603, 2606, 19, '2022-04-26 00:00:00', '7.0', '2022-04-28 07:45:48'),
(604, 2606, 10, '2022-04-27 00:00:00', '5.0', '2022-04-28 07:46:15'),
(605, 2606, 8, '2022-04-27 00:00:00', '5.0', '2022-04-28 07:46:25'),
(606, 2606, 4, '2022-04-27 00:00:00', '2.0', '2022-04-28 07:46:34'),
(607, 2606, 11, '2022-04-27 00:00:00', '2.0', '2022-04-28 07:46:43'),
(608, 2606, 19, '2022-04-27 00:00:00', '6.0', '2022-04-28 07:46:51'),
(609, 3558, 19, '2022-04-27 00:00:00', '1.0', '2022-05-02 07:53:33'),
(610, 3558, 19, '2022-04-28 00:00:00', '3.0', '2022-05-02 07:53:46'),
(611, 3575, 11, '2022-04-28 00:00:00', '5.0', '2022-05-02 07:54:59'),
(612, 3575, 10, '2022-04-28 00:00:00', '5.0', '2022-05-02 07:55:12'),
(613, 3575, 19, '2022-04-28 00:00:00', '3.0', '2022-05-02 07:55:22'),
(614, 3575, 11, '2022-04-29 00:00:00', '3.0', '2022-05-02 07:55:35'),
(615, 3575, 4, '2022-04-29 00:00:00', '2.0', '2022-05-02 07:55:44'),
(616, 3575, 19, '2022-04-29 00:00:00', '4.0', '2022-05-02 07:55:59'),
(617, 3577, 19, '2022-04-29 00:00:00', '2.0', '2022-05-02 07:59:49'),
(618, 3543, 4, '2022-05-03 00:00:00', '2.0', '2022-05-04 08:48:35'),
(619, 3543, 10, '2022-05-03 00:00:00', '2.0', '2022-05-04 08:48:49'),
(620, 3543, 9, '2022-05-03 00:00:00', '3.0', '2022-05-04 08:48:59'),
(621, 3543, 18, '2022-05-03 00:00:00', '1.0', '2022-05-04 08:49:09'),
(622, 3557, 20, '2022-05-04 00:00:00', '0.5', '2022-05-04 10:06:49'),
(623, 3576, 20, '2022-05-04 00:00:00', '0.5', '2022-05-04 10:08:24'),
(624, 3620, 11, '2022-05-12 00:00:00', '6.0', '2022-05-16 07:11:43'),
(625, 3620, 10, '2022-05-11 00:00:00', '2.0', '2022-05-16 07:11:57'),
(626, 3620, 9, '2022-05-11 00:00:00', '2.0', '2022-05-16 07:12:09'),
(627, 3620, 4, '2022-05-11 00:00:00', '2.0', '2022-05-16 07:12:32'),
(628, 3620, 8, '2022-05-12 00:00:00', '5.0', '2022-05-16 07:12:54'),
(629, 3620, 9, '2022-05-12 00:00:00', '3.0', '2022-05-16 07:13:05'),
(630, 3620, 10, '2022-05-12 00:00:00', '2.0', '2022-05-16 07:13:18'),
(631, 3620, 19, '2022-05-11 00:00:00', '4.0', '2022-05-16 07:13:47'),
(632, 3620, 19, '2022-05-12 00:00:00', '5.0', '2022-05-16 07:14:16'),
(633, 3606, 11, '2022-05-10 00:00:00', '3.0', '2022-05-16 07:15:40'),
(634, 3606, 10, '2022-05-10 00:00:00', '3.0', '2022-05-16 07:15:51'),
(635, 3606, 9, '2022-05-10 00:00:00', '3.0', '2022-05-16 07:15:59'),
(636, 3606, 19, '2022-05-10 00:00:00', '5.0', '2022-05-16 07:16:08'),
(637, 3620, 11, '2022-05-14 00:00:00', '3.0', '2022-05-16 07:17:02'),
(638, 3620, 8, '2022-05-14 00:00:00', '3.0', '2022-05-16 07:17:20'),
(639, 3620, 4, '2022-05-14 00:00:00', '3.0', '2022-05-16 07:17:38'),
(640, 3620, 19, '2022-05-14 00:00:00', '3.0', '2022-05-16 07:17:48'),
(641, 2606, 11, '2022-05-10 00:00:00', '8.0', '2022-05-16 07:18:04'),
(642, 2606, 19, '2022-05-10 00:00:00', '6.0', '2022-05-16 07:18:14'),
(643, 2606, 11, '2022-05-14 00:00:00', '3.0', '2022-05-16 07:18:23'),
(644, 2606, 19, '2022-05-14 00:00:00', '3.0', '2022-05-16 07:18:53'),
(645, 2613, 11, '2022-05-06 00:00:00', '5.0', '2022-05-16 07:49:07'),
(646, 2613, 19, '2022-05-06 00:00:00', '2.0', '2022-05-16 07:49:21'),
(647, 3641, 18, '2022-05-23 00:00:00', '2.0', '2022-05-26 07:29:03'),
(648, 3640, 8, '2022-05-24 00:00:00', '3.0', '2022-05-26 07:33:56'),
(649, 3625, 11, '2022-06-01 00:00:00', '1.0', '2022-06-09 10:40:10'),
(650, 3625, 19, '2022-06-01 00:00:00', '1.0', '2022-06-09 10:40:23'),
(651, 3627, 11, '2022-05-30 00:00:00', '2.0', '2022-06-09 10:45:10'),
(652, 3627, 19, '2022-05-30 00:00:00', '1.0', '2022-06-09 10:45:21'),
(653, 3620, 11, '2022-05-17 00:00:00', '2.0', '2022-06-09 10:51:41'),
(654, 3620, 19, '2022-05-16 00:00:00', '3.0', '2022-06-09 10:51:54'),
(655, 3607, 4, '2022-05-27 00:00:00', '8.0', '2022-06-09 10:58:55'),
(656, 3607, 11, '2022-05-27 00:00:00', '8.0', '2022-06-09 10:59:07'),
(657, 3607, 19, '2022-05-27 00:00:00', '4.0', '2022-06-09 10:59:20'),
(658, 3613, 11, '2022-05-11 00:00:00', '5.0', '2022-06-09 11:09:07'),
(659, 3613, 19, '2022-05-11 00:00:00', '3.0', '2022-06-09 11:09:43'),
(660, 3613, 11, '2022-06-17 00:00:00', '4.0', '2022-06-09 11:10:08'),
(661, 3613, 19, '2022-05-18 00:00:00', '3.0', '2022-06-09 11:10:23'),
(672, 2606, 41, '2022-05-06 00:00:00', '0.0', '2022-06-16 10:58:41'),
(674, 3193, 10, '2022-06-16 00:00:00', '0.0', '2022-06-16 11:14:21'),
(675, 3193, 11, '2022-06-16 00:00:00', '0.0', '2022-06-16 11:14:35'),
(676, 3193, 18, '2022-06-16 00:00:00', '0.0', '2022-06-16 11:14:48'),
(677, 2606, 10, '2022-06-22 00:00:00', '0.0', '2022-06-21 15:37:43'),
(678, 2606, 10, '2022-06-22 00:00:00', '0.0', '2022-06-21 15:38:32'),
(679, 2606, 10, '2022-06-22 00:00:00', '0.0', '2022-06-21 15:38:41'),
(680, 2606, 10, '2022-04-28 00:00:00', '3.0', '2022-06-21 15:39:02'),
(681, 2606, 9, '2022-04-28 00:00:00', '3.0', '2022-06-21 15:39:20'),
(682, 2606, 9, '2022-04-27 00:00:00', '3.0', '2022-06-21 15:39:27'),
(683, 2606, 9, '2022-04-26 00:00:00', '3.0', '2022-06-21 15:39:27'),
(684, 2606, 4, '2022-04-28 00:00:00', '3.0', '2022-06-21 15:41:38'),
(685, 2606, 4, '2022-04-29 00:00:00', '2.0', '2022-06-21 15:41:57'),
(686, 2606, 11, '2022-04-28 00:00:00', '3.0', '2022-06-21 15:42:19'),
(687, 2606, 11, '2022-04-29 00:00:00', '3.0', '2022-06-21 15:42:28'),
(688, 2606, 8, '2022-04-28 00:00:00', '2.0', '2022-06-21 15:42:44'),
(689, 2606, 19, '2022-04-28 00:00:00', '3.0', '2022-06-21 15:42:57'),
(690, 2606, 19, '2022-04-29 00:00:00', '3.0', '2022-06-21 15:43:05'),
(691, 2606, 19, '2022-05-11 00:00:00', '6.0', '2022-06-21 15:44:11'),
(692, 2606, 11, '2022-05-11 00:00:00', '8.0', '2022-06-21 15:44:25'),
(693, 2606, 19, '2022-05-12 00:00:00', '6.0', '2022-06-21 15:44:51'),
(694, 2606, 11, '2022-05-12 00:00:00', '4.0', '2022-06-21 15:45:04'),
(695, 2606, 11, '2022-05-16 00:00:00', '3.0', '2022-06-21 15:45:21'),
(696, 2606, 11, '2022-05-09 00:00:00', '8.0', '2022-06-21 15:46:21'),
(697, 2606, 19, '2022-05-09 00:00:00', '4.0', '2022-06-21 15:46:53'),
(698, 2606, 4, '2022-05-09 00:00:00', '6.0', '2022-06-21 15:47:05'),
(699, 2606, 4, '2022-05-10 00:00:00', '6.0', '2022-06-21 15:47:43'),
(700, 2606, 11, '2022-05-19 00:00:00', '3.0', '2022-06-21 15:48:06'),
(701, 2606, 9, '2022-05-11 00:00:00', '2.0', '2022-06-21 15:48:31'),
(702, 2606, 8, '2022-05-12 00:00:00', '3.0', '2022-06-21 15:49:12'),
(703, 3595, 11, '2022-05-13 00:00:00', '6.0', '2022-06-21 15:50:57'),
(704, 3595, 19, '2022-05-13 00:00:00', '4.0', '2022-06-21 15:51:17'),
(705, 2606, 11, '2022-05-20 00:00:00', '3.0', '2022-06-21 15:53:12'),
(706, 2606, 9, '2022-05-19 00:00:00', '2.0', '2022-06-21 15:54:12'),
(707, 2606, 19, '2022-05-19 00:00:00', '3.0', '2022-06-21 15:54:22'),
(708, 2606, 19, '2022-05-20 00:00:00', '3.0', '2022-06-21 15:54:33'),
(709, 3600, 11, '2022-05-09 00:00:00', '1.0', '2022-06-21 15:57:41'),
(710, 3600, 11, '2022-05-11 00:00:00', '1.0', '2022-06-21 15:57:53'),
(711, 3688, 20, '2022-06-23 00:00:00', '1.0', '2022-06-23 07:51:14'),
(712, 3666, 9, '2022-06-27 00:00:00', '2.0', '2022-07-12 10:22:47'),
(713, 3666, 10, '2022-07-01 00:00:00', '3.0', '2022-07-12 10:23:07'),
(714, 3666, 4, '2022-06-27 00:00:00', '4.0', '2022-07-12 10:23:21'),
(715, 3666, 18, '2022-06-27 00:00:00', '6.0', '2022-07-12 10:23:42'),
(716, 3666, 41, '2022-07-01 00:00:00', '3.0', '2022-07-12 10:23:55'),
(717, 3666, 19, '2022-07-01 00:00:00', '2.0', '2022-07-12 10:24:05'),
(718, 3667, 19, '2022-07-11 00:00:00', '2.0', '2022-07-12 10:25:03'),
(719, 3667, 8, '2022-07-11 00:00:00', '2.0', '2022-07-12 10:25:35'),
(720, 3654, 11, '2022-05-17 00:00:00', '3.0', '2022-07-12 11:13:43'),
(721, 3654, 19, '2022-05-17 00:00:00', '3.0', '2022-07-12 11:13:55'),
(722, 3659, 19, '2022-05-17 00:00:00', '4.0', '2022-07-12 11:16:04'),
(723, 3770, 8, '2022-07-06 00:00:00', '4.0', '2022-07-12 11:25:19'),
(724, 3770, 11, '2022-07-06 00:00:00', '4.0', '2022-07-12 11:25:36'),
(725, 3770, 10, '2022-07-06 00:00:00', '3.0', '2022-07-12 11:25:53'),
(726, 3770, 19, '2022-07-06 00:00:00', '6.0', '2022-07-12 11:26:12'),
(727, 3770, 9, '2022-07-07 00:00:00', '3.0', '2022-07-12 11:26:42'),
(728, 3770, 11, '2022-07-07 00:00:00', '3.0', '2022-07-12 11:26:45'),
(729, 3770, 8, '2022-07-07 00:00:00', '4.0', '2022-07-12 11:27:12'),
(730, 3770, 19, '2022-07-12 00:00:00', '5.0', '2022-07-12 11:27:23'),
(731, 3770, 19, '2022-07-08 00:00:00', '2.0', '2022-07-12 11:27:27'),
(732, 3770, 11, '2022-07-08 00:00:00', '2.0', '2022-07-12 11:27:50'),
(733, 3543, 11, '2022-06-27 00:00:00', '5.0', '2022-07-13 09:55:38'),
(734, 3543, 8, '2022-06-27 00:00:00', '10.0', '2022-07-13 09:56:08'),
(735, 3543, 39, '2022-07-04 00:00:00', '10.0', '2022-07-13 09:56:33'),
(736, 3599, 39, '2022-07-04 00:00:00', '10.0', '2022-07-13 09:57:07'),
(737, 3599, 39, '2022-07-13 00:00:00', '0.0', '2022-07-13 09:57:10'),
(738, 3599, 39, '2022-07-13 00:00:00', '0.0', '2022-07-13 09:57:12'),
(739, 3543, 10, '2022-06-13 00:00:00', '4.0', '2022-07-13 09:57:21'),
(740, 3543, 9, '2022-06-13 00:00:00', '4.0', '2022-07-13 09:57:41'),
(741, 3543, 18, '2022-06-13 00:00:00', '10.0', '2022-07-13 09:57:53'),
(742, 3543, 11, '2022-06-13 00:00:00', '6.0', '2022-07-13 09:58:12'),
(743, 3543, 11, '2022-07-13 00:00:00', '0.0', '2022-07-13 09:58:19'),
(744, 3543, 39, '2022-06-13 00:00:00', '10.0', '2022-07-13 09:58:30'),
(745, 3543, 8, '2022-06-13 00:00:00', '10.0', '2022-07-13 09:58:57'),
(746, 3550, 11, '2022-06-29 00:00:00', '5.0', '2022-07-13 09:59:40'),
(747, 3550, 11, '2022-06-23 00:00:00', '5.0', '2022-07-13 09:59:56'),
(748, 3550, 18, '2022-07-12 00:00:00', '3.0', '2022-07-13 10:01:14'),
(749, 3598, 41, '2022-06-30 00:00:00', '1.0', '2022-07-13 10:06:11'),
(750, 3666, 10, '2022-07-18 00:00:00', '4.0', '2022-07-19 07:43:25'),
(751, 3666, 41, '2022-07-18 00:00:00', '3.0', '2022-07-19 07:43:49'),
(752, 3666, 9, '2022-07-18 00:00:00', '1.0', '2022-07-19 07:44:04'),
(753, 3666, 18, '2022-07-18 00:00:00', '4.0', '2022-07-19 07:44:17'),
(754, 3673, 18, '2022-07-18 00:00:00', '2.0', '2022-07-19 07:44:44'),
(755, 3668, 39, '2022-07-01 00:00:00', '5.0', '2022-07-19 07:46:05'),
(756, 3830, 39, '2022-07-13 00:00:00', '6.0', '2022-07-19 10:13:33'),
(757, 3830, 39, '2022-07-14 00:00:00', '6.0', '2022-07-19 10:13:40'),
(758, 3830, 39, '2022-07-15 00:00:00', '6.0', '2022-07-19 10:13:53'),
(759, 3830, 19, '2022-07-13 00:00:00', '2.0', '2022-07-19 10:14:18'),
(760, 3830, 19, '2022-07-14 00:00:00', '2.0', '2022-07-19 10:14:21'),
(761, 3830, 19, '2022-07-15 00:00:00', '2.0', '2022-07-19 10:14:27'),
(762, 3827, 11, '2022-07-14 00:00:00', '2.0', '2022-07-19 10:20:18'),
(763, 3827, 19, '2022-07-14 00:00:00', '1.0', '2022-07-19 10:20:30'),
(764, 3827, 11, '2022-07-15 00:00:00', '2.0', '2022-07-19 10:20:32'),
(765, 3827, 19, '2022-07-15 00:00:00', '1.0', '2022-07-19 10:20:41'),
(766, 3834, 8, '2022-07-18 00:00:00', '1.0', '2022-07-19 10:22:16'),
(767, 3834, 19, '2022-07-18 00:00:00', '1.0', '2022-07-19 10:22:25'),
(768, 3821, 10, '2022-07-13 00:00:00', '4.0', '2022-07-19 10:24:03');
INSERT INTO `recursos_asignados` (`idRecurso`, `idActividades_proyecto`, `idEmpleado`, `fechaInicio`, `horas`, `fechaCrea`) VALUES
(769, 3821, 8, '2022-07-13 00:00:00', '5.0', '2022-07-19 10:24:15'),
(770, 3821, 11, '2022-07-13 00:00:00', '6.0', '2022-07-19 10:24:26'),
(771, 3821, 19, '2022-07-13 00:00:00', '6.0', '2022-07-19 10:24:39'),
(772, 3821, 8, '2022-07-14 00:00:00', '4.0', '2022-07-19 10:24:43'),
(773, 3821, 8, '2022-07-15 00:00:00', '4.0', '2022-07-19 10:24:49'),
(774, 3821, 10, '2022-07-14 00:00:00', '3.0', '2022-07-19 10:24:58'),
(775, 3821, 11, '2022-07-14 00:00:00', '3.0', '2022-07-19 10:25:06'),
(776, 3821, 11, '2022-07-15 00:00:00', '3.0', '2022-07-19 10:25:15'),
(777, 3821, 19, '2022-07-14 00:00:00', '5.0', '2022-07-19 10:25:22'),
(778, 3821, 19, '2022-07-15 00:00:00', '5.0', '2022-07-19 10:25:28'),
(779, 3821, 9, '2022-07-14 00:00:00', '3.0', '2022-07-19 10:25:45'),
(780, 3821, 9, '2022-07-15 00:00:00', '3.0', '2022-07-19 10:25:48'),
(781, 3821, 9, '2022-07-12 00:00:00', '2.0', '2022-07-19 10:25:54'),
(782, 3842, 11, '2022-07-16 00:00:00', '5.0', '2022-07-19 10:27:17'),
(783, 3842, 19, '2022-07-16 00:00:00', '2.0', '2022-07-19 10:27:26'),
(784, 3821, 41, '2022-07-13 00:00:00', '4.0', '2022-07-19 10:34:31'),
(785, 3821, 41, '2022-07-14 00:00:00', '3.0', '2022-07-19 10:34:34'),
(786, 3821, 41, '2022-07-15 00:00:00', '3.0', '2022-07-19 10:34:34'),
(787, 3919, 39, '2022-07-18 00:00:00', '4.0', '2022-07-19 10:58:18'),
(788, 3919, 19, '2022-07-18 00:00:00', '3.0', '2022-07-19 10:58:33'),
(789, 3881, 39, '2022-07-19 00:00:00', '3.0', '2022-07-19 10:59:55'),
(790, 3881, 19, '2022-07-19 00:00:00', '3.0', '2022-07-19 11:00:07'),
(791, 3890, 8, '2022-07-19 00:00:00', '1.0', '2022-07-19 11:03:05'),
(792, 3890, 19, '2022-07-19 00:00:00', '1.0', '2022-07-19 11:03:15'),
(793, 3675, 18, '2022-07-19 00:00:00', '2.0', '2022-07-19 14:21:29'),
(794, 3666, 41, '2022-07-19 00:00:00', '2.0', '2022-07-19 14:21:39'),
(795, 3666, 10, '2022-07-19 00:00:00', '8.0', '2022-07-19 14:21:58'),
(796, 3666, 10, '2022-07-19 00:00:00', '0.0', '2022-07-19 14:21:59'),
(797, 3666, 18, '2022-07-19 00:00:00', '5.0', '2022-07-19 14:22:23'),
(798, 3836, 8, '2022-07-18 00:00:00', '2.0', '2022-07-19 14:51:24'),
(799, 3836, 19, '2022-07-18 00:00:00', '2.0', '2022-07-19 14:51:36'),
(800, 3836, 19, '2022-07-19 00:00:00', '2.0', '2022-07-19 14:51:38'),
(801, 3915, 8, '2022-07-19 00:00:00', '2.0', '2022-07-19 14:53:54'),
(802, 3915, 19, '2022-07-19 00:00:00', '1.0', '2022-07-19 14:54:05'),
(803, 3889, 19, '2022-07-18 00:00:00', '2.0', '2022-07-19 15:51:45'),
(804, 3819, 19, '2022-07-19 00:00:00', '2.0', '2022-07-19 16:03:23'),
(805, 3667, 18, '2022-07-21 00:00:00', '5.0', '2022-07-21 17:00:46'),
(806, 3667, 41, '2022-07-21 00:00:00', '5.0', '2022-07-21 17:01:06'),
(807, 3666, 10, '2022-07-21 00:00:00', '3.0', '2022-07-21 17:01:21'),
(808, 3666, 9, '2022-07-21 00:00:00', '3.0', '2022-07-21 17:01:48'),
(809, 3677, 11, '2022-07-19 00:00:00', '3.0', '2022-07-21 17:02:29'),
(810, 3677, 11, '2022-07-20 00:00:00', '3.0', '2022-07-21 17:02:33'),
(811, 3677, 11, '2022-07-21 00:00:00', '1.0', '2022-07-21 17:02:47'),
(812, 3677, 18, '2022-07-21 00:00:00', '1.0', '2022-07-21 17:03:28'),
(813, 3867, 19, '2022-07-21 00:00:00', '3.0', '2022-07-25 08:30:50'),
(814, 3956, 11, '2022-07-21 00:00:00', '3.0', '2022-07-25 08:34:41'),
(815, 3956, 19, '2022-07-21 00:00:00', '2.0', '2022-07-25 08:34:53'),
(816, 3948, 8, '2022-07-20 00:00:00', '6.0', '2022-07-25 09:24:47'),
(817, 3948, 11, '2022-07-20 00:00:00', '5.0', '2022-07-25 09:25:04'),
(818, 3948, 41, '2022-07-20 00:00:00', '5.0', '2022-07-25 09:27:05'),
(819, 3948, 19, '2022-07-20 00:00:00', '7.0', '2022-07-25 09:27:14'),
(820, 3966, 8, '2022-07-21 00:00:00', '2.0', '2022-07-25 09:55:10'),
(821, 3966, 19, '2022-07-21 00:00:00', '2.0', '2022-07-25 09:55:18'),
(822, 3948, 8, '2022-07-21 00:00:00', '3.0', '2022-07-25 09:55:32'),
(823, 3994, 19, '2022-07-25 00:00:00', '4.0', '2022-07-25 10:00:41'),
(824, 3948, 19, '2022-07-21 00:00:00', '2.0', '2022-07-25 10:33:53'),
(825, 3948, 10, '2022-07-20 00:00:00', '2.0', '2022-07-25 10:34:51'),
(826, 3948, 10, '2022-07-21 00:00:00', '2.0', '2022-07-25 10:34:55'),
(827, 3948, 9, '2022-07-20 00:00:00', '3.0', '2022-07-25 10:35:18'),
(828, 3948, 9, '2022-07-21 00:00:00', '3.0', '2022-07-25 10:35:20'),
(829, 3680, 18, '2022-07-25 00:00:00', '1.0', '2022-07-25 10:47:32'),
(830, 3946, 19, '2022-07-25 00:00:00', '2.0', '2022-07-25 13:50:32'),
(831, 3968, 19, '2022-07-25 00:00:00', '2.0', '2022-07-25 13:50:59'),
(832, 3599, 39, '2022-07-25 00:00:00', '2.0', '2022-07-25 16:26:55'),
(833, 3668, 8, '2022-07-25 00:00:00', '0.0', '2022-07-25 16:27:27'),
(834, 3668, 39, '2022-07-26 00:00:00', '8.0', '2022-07-27 07:39:48'),
(835, 3949, 8, '2022-07-25 00:00:00', '1.0', '2022-07-29 07:50:28'),
(836, 3949, 19, '2022-07-26 00:00:00', '1.0', '2022-07-29 07:50:43'),
(837, 3960, 19, '2022-07-26 00:00:00', '4.0', '2022-07-29 07:51:12'),
(838, 3960, 19, '2022-07-27 00:00:00', '3.0', '2022-07-29 07:51:20'),
(839, 3960, 19, '2022-07-28 00:00:00', '3.0', '2022-07-29 07:51:28'),
(840, 3877, 11, '2022-07-25 00:00:00', '3.0', '2022-07-29 08:06:14'),
(841, 3676, 20, '2022-07-29 00:00:00', '0.5', '2022-07-29 11:58:21'),
(842, 3683, 20, '2022-07-29 00:00:00', '0.5', '2022-07-29 11:58:47'),
(843, 3825, 11, '2022-07-19 00:00:00', '2.0', '2022-08-02 09:00:52'),
(844, 3825, 19, '2022-07-22 00:00:00', '2.0', '2022-08-02 09:01:11'),
(845, 3840, 19, '2022-07-22 00:00:00', '2.0', '2022-08-02 09:01:33'),
(846, 3616, 20, '2022-08-02 00:00:00', '0.5', '2022-08-02 17:01:40'),
(847, 3605, 20, '2022-08-02 00:00:00', '1.0', '2022-08-02 17:04:27'),
(848, 3615, 20, '2022-08-02 00:00:00', '1.0', '2022-08-02 17:04:37'),
(849, 3605, 18, '2022-08-02 00:00:00', '0.5', '2022-08-02 17:10:10'),
(850, 3619, 20, '2022-08-02 00:00:00', '0.5', '2022-08-02 17:11:01'),
(851, 3646, 20, '2022-08-02 00:00:00', '0.5', '2022-08-02 17:11:12'),
(852, 3178, 20, '2022-08-02 00:00:00', '0.5', '2022-08-02 17:11:25'),
(853, 3864, 20, '2022-08-02 00:00:00', '0.5', '2022-08-02 17:55:08'),
(854, 3943, 20, '2022-08-02 00:00:00', '0.5', '2022-08-02 17:55:43'),
(855, 3552, 20, '2022-08-02 00:00:00', '1.0', '2022-08-02 18:11:00'),
(856, 3597, 20, '2022-08-02 00:00:00', '0.5', '2022-08-02 18:12:04'),
(857, 3930, 20, '2022-08-02 00:00:00', '2.0', '2022-08-02 18:15:26'),
(858, 3940, 20, '2022-08-02 00:00:00', '1.0', '2022-08-02 18:18:43'),
(859, 3977, 20, '2022-08-02 00:00:00', '0.5', '2022-08-02 18:19:30'),
(860, 3981, 20, '2022-08-02 00:00:00', '0.5', '2022-08-02 18:22:17'),
(861, 3941, 20, '2022-08-02 00:00:00', '0.5', '2022-08-02 18:22:29'),
(862, 3959, 20, '2022-08-02 00:00:00', '0.5', '2022-08-02 18:22:44'),
(863, 3939, 20, '2022-08-02 00:00:00', '0.5', '2022-08-02 18:22:56'),
(864, 3979, 20, '2022-08-02 00:00:00', '0.5', '2022-08-02 18:23:40'),
(865, 3934, 20, '2022-08-02 00:00:00', '0.5', '2022-08-02 18:24:04'),
(866, 3985, 20, '2022-08-02 00:00:00', '0.5', '2022-08-02 18:24:15'),
(867, 4000, 20, '2022-08-02 00:00:00', '1.0', '2022-08-02 18:24:32'),
(868, 4001, 20, '2022-08-02 00:00:00', '1.0', '2022-08-02 18:24:44'),
(869, 3978, 20, '2022-08-02 00:00:00', '0.5', '2022-08-02 18:24:56'),
(870, 3945, 20, '2022-08-02 00:00:00', '0.5', '2022-08-02 18:25:08'),
(871, 3942, 20, '2022-08-02 00:00:00', '0.5', '2022-08-02 18:25:18'),
(872, 3933, 20, '2022-08-02 00:00:00', '0.5', '2022-08-02 18:25:56'),
(873, 4001, 19, '2022-08-02 00:00:00', '1.0', '2022-08-02 18:32:59'),
(874, 3854, 20, '2022-08-02 00:00:00', '0.5', '2022-08-02 18:39:50'),
(875, 3902, 20, '2022-08-02 00:00:00', '0.5', '2022-08-02 18:40:14'),
(876, 3862, 20, '2022-08-02 00:00:00', '0.5', '2022-08-02 18:40:25'),
(877, 3851, 20, '2022-08-02 00:00:00', '2.0', '2022-08-02 18:40:39'),
(878, 3880, 20, '2022-08-02 00:00:00', '0.5', '2022-08-02 18:40:54'),
(879, 3860, 20, '2022-08-02 00:00:00', '0.5', '2022-08-02 18:41:04'),
(880, 3900, 20, '2022-08-02 00:00:00', '0.5', '2022-08-02 18:41:18'),
(881, 3855, 20, '2022-08-02 00:00:00', '0.5', '2022-08-02 18:41:42'),
(882, 3906, 20, '2022-08-02 00:00:00', '0.5', '2022-08-02 18:41:52'),
(883, 3899, 20, '2022-08-02 00:00:00', '0.5', '2022-08-02 18:42:10'),
(884, 3866, 20, '2022-08-02 00:00:00', '0.5', '2022-08-02 18:42:20'),
(885, 3863, 20, '2022-08-02 00:00:00', '0.5', '2022-08-02 18:42:33'),
(886, 3796, 20, '2022-08-02 00:00:00', '0.5', '2022-08-02 18:42:56'),
(887, 3811, 20, '2022-08-02 00:00:00', '0.5', '2022-08-02 18:43:06'),
(888, 3804, 20, '2022-08-02 00:00:00', '0.5', '2022-08-02 18:43:22'),
(889, 3803, 20, '2022-08-02 00:00:00', '0.5', '2022-08-02 18:43:40'),
(890, 3809, 20, '2022-08-02 00:00:00', '0.5', '2022-08-02 18:43:51'),
(891, 3818, 20, '2022-08-02 00:00:00', '3.0', '2022-08-02 18:49:36'),
(892, 3789, 20, '2022-08-02 00:00:00', '3.0', '2022-08-02 18:50:14'),
(893, 3807, 20, '2022-08-02 00:00:00', '0.5', '2022-08-02 18:51:09'),
(894, 4018, 11, '2022-08-02 00:00:00', '8.0', '2022-08-03 15:25:48'),
(895, 4018, 9, '2022-08-02 00:00:00', '5.0', '2022-08-03 15:26:05'),
(896, 4018, 8, '2022-08-02 00:00:00', '3.0', '2022-08-03 15:26:16'),
(897, 4018, 19, '2022-08-03 00:00:00', '6.0', '2022-08-05 10:51:09'),
(898, 4018, 11, '2022-08-04 00:00:00', '3.0', '2022-08-05 10:51:34'),
(899, 4018, 19, '2022-08-04 00:00:00', '5.0', '2022-08-05 10:51:45'),
(900, 4018, 9, '2022-08-04 00:00:00', '5.0', '2022-08-05 10:51:54'),
(901, 4018, 8, '2022-08-03 00:00:00', '4.0', '2022-08-05 10:52:03'),
(902, 3870, 8, '2022-08-08 00:00:00', '4.0', '2022-08-08 15:10:30'),
(903, 3870, 19, '2022-08-08 00:00:00', '2.0', '2022-08-08 15:10:39'),
(904, 4045, 10, '2022-08-05 00:00:00', '3.0', '2022-08-08 15:11:25'),
(905, 4045, 19, '2022-08-05 00:00:00', '4.0', '2022-08-08 15:11:41'),
(906, 4045, 10, '2022-08-08 00:00:00', '2.0', '2022-08-08 15:11:53'),
(907, 4045, 19, '2022-08-08 00:00:00', '3.0', '2022-08-08 15:12:05'),
(908, 4031, 11, '2022-08-05 00:00:00', '5.0', '2022-08-08 15:13:04'),
(909, 4031, 9, '2022-08-05 00:00:00', '5.0', '2022-08-08 15:13:18'),
(910, 4031, 8, '2022-08-06 00:00:00', '6.0', '2022-08-08 15:13:31'),
(911, 4031, 19, '2022-08-06 00:00:00', '6.0', '2022-08-08 15:13:40'),
(912, 4018, 8, '2022-08-04 00:00:00', '3.0', '2022-08-08 15:21:37'),
(913, 4018, 11, '2022-08-04 00:00:00', '4.0', '2022-08-08 15:21:51'),
(914, 4018, 9, '2022-08-04 00:00:00', '4.0', '2022-08-08 15:22:01'),
(915, 4018, 19, '2022-08-04 00:00:00', '4.0', '2022-08-08 15:22:15'),
(916, 4032, 9, '2022-08-08 00:00:00', '2.0', '2022-08-08 15:23:25'),
(917, 4032, 8, '2022-08-08 00:00:00', '2.0', '2022-08-08 15:23:36'),
(918, 4032, 19, '2022-08-08 00:00:00', '4.0', '2022-08-08 15:23:45'),
(919, 3869, 19, '2022-08-08 00:00:00', '1.0', '2022-08-08 15:35:28'),
(920, 4045, 9, '2022-08-05 00:00:00', '2.0', '2022-08-08 15:35:58'),
(921, 4045, 9, '2022-08-08 00:00:00', '1.0', '2022-08-08 15:36:02'),
(922, 2968, 20, '2022-08-15 00:00:00', '0.5', '2022-08-15 17:00:05'),
(923, 2954, 20, '2022-08-15 00:00:00', '1.0', '2022-08-15 17:03:38'),
(924, 2643, 20, '2022-08-15 00:00:00', '1.0', '2022-08-15 17:14:29'),
(925, 3359, 20, '2022-08-15 00:00:00', '2.0', '2022-08-15 17:15:26'),
(926, 3337, 20, '2022-08-15 00:00:00', '1.0', '2022-08-15 17:15:39'),
(927, 2995, 19, '2022-08-25 00:00:00', '5.0', '2022-08-25 11:20:45'),
(928, 3629, 20, '2022-08-30 00:00:00', '0.5', '2022-08-30 16:19:43'),
(929, 3656, 20, '2022-08-31 00:00:00', '0.5', '2022-08-31 07:25:11'),
(930, 3188, 20, '2022-08-31 00:00:00', '0.5', '2022-08-31 07:35:44'),
(931, 4026, 20, '2022-08-31 00:00:00', '0.5', '2022-08-31 08:00:46'),
(932, 4160, 11, '2022-09-16 00:00:00', '1.0', '2022-09-21 14:27:47'),
(933, 4160, 11, '2022-09-19 00:00:00', '1.0', '2022-09-21 14:28:00'),
(934, 4119, 11, '2022-09-13 00:00:00', '1.0', '2022-09-21 14:30:57'),
(935, 4119, 11, '2022-09-14 00:00:00', '1.0', '2022-09-21 14:31:47'),
(936, 4112, 11, '2022-09-08 00:00:00', '4.0', '2022-09-21 14:36:26'),
(937, 4112, 8, '2022-09-09 00:00:00', '4.0', '2022-09-21 14:36:42'),
(938, 4112, 9, '2022-09-09 00:00:00', '2.0', '2022-09-21 14:36:49'),
(939, 4112, 19, '2022-09-08 00:00:00', '5.0', '2022-09-21 14:43:52'),
(940, 4112, 10, '2022-09-08 00:00:00', '2.0', '2022-09-21 14:44:08'),
(941, 4112, 8, '2022-09-12 00:00:00', '2.0', '2022-09-21 14:44:15'),
(942, 4112, 11, '2022-09-12 00:00:00', '3.0', '2022-09-21 14:44:55'),
(943, 4112, 11, '2022-09-13 00:00:00', '4.0', '2022-09-21 14:45:01'),
(944, 4112, 11, '2022-09-14 00:00:00', '5.0', '2022-09-21 14:45:09'),
(945, 4112, 8, '2022-09-13 00:00:00', '3.0', '2022-09-21 14:45:17'),
(946, 4112, 9, '2022-09-12 00:00:00', '1.0', '2022-09-21 14:45:33'),
(947, 4112, 10, '2022-09-12 00:00:00', '1.0', '2022-09-21 14:45:41'),
(948, 4112, 19, '2022-09-09 00:00:00', '5.0', '2022-09-21 14:45:51'),
(949, 4112, 19, '2022-09-12 00:00:00', '5.0', '2022-09-21 14:45:59'),
(950, 4112, 19, '2022-09-13 00:00:00', '5.0', '2022-09-21 14:46:07'),
(951, 4112, 19, '2022-09-14 00:00:00', '3.0', '2022-09-21 14:46:13'),
(952, 4152, 11, '2022-09-15 00:00:00', '3.0', '2022-09-21 14:47:38'),
(953, 4152, 9, '2022-09-15 00:00:00', '1.0', '2022-09-21 14:47:49'),
(954, 4152, 8, '2022-09-15 00:00:00', '2.0', '2022-09-21 14:47:59'),
(955, 4152, 19, '2022-09-15 00:00:00', '5.0', '2022-09-21 14:48:11'),
(956, 4152, 10, '2022-09-15 00:00:00', '2.0', '2022-09-21 14:49:06'),
(957, 4152, 41, '2022-09-14 00:00:00', '2.0', '2022-09-21 14:49:54'),
(958, 4152, 41, '2022-09-15 00:00:00', '2.0', '2022-09-21 14:50:00'),
(959, 4152, 9, '2022-09-20 00:00:00', '3.0', '2022-09-21 14:50:12'),
(960, 4152, 19, '2022-09-14 00:00:00', '2.0', '2022-09-21 14:50:24'),
(961, 4152, 19, '2022-09-19 00:00:00', '6.0', '2022-09-21 14:50:37'),
(962, 4152, 19, '2022-09-20 00:00:00', '6.0', '2022-09-21 14:50:44'),
(963, 4152, 11, '2022-09-14 00:00:00', '2.0', '2022-09-21 14:50:54'),
(964, 4152, 11, '2022-09-19 00:00:00', '7.0', '2022-09-21 14:50:59'),
(965, 4152, 11, '2022-09-20 00:00:00', '5.0', '2022-09-21 14:51:08'),
(966, 4152, 8, '2022-09-19 00:00:00', '3.0', '2022-09-21 14:51:19'),
(967, 4152, 8, '2022-09-21 00:00:00', '0.0', '2022-09-21 14:51:24'),
(968, 4153, 8, '2022-09-20 00:00:00', '1.0', '2022-09-21 14:53:31'),
(969, 4197, 8, '2022-09-20 00:00:00', '1.0', '2022-09-21 14:55:58'),
(970, 4197, 19, '2022-09-20 00:00:00', '1.0', '2022-09-21 14:56:09'),
(971, 3769, 20, '2022-09-26 00:00:00', '0.5', '2022-09-26 15:05:36'),
(972, 3779, 20, '2022-09-26 00:00:00', '1.0', '2022-09-26 15:20:56'),
(973, 4012, 20, '2022-09-26 00:00:00', '1.0', '2022-09-26 15:29:15'),
(974, 4040, 20, '2022-09-26 00:00:00', '1.0', '2022-09-26 15:32:31'),
(975, 4212, 20, '2022-10-18 00:00:00', '2.0', '2022-10-18 11:42:35'),
(976, 4254, 20, '2022-10-18 00:00:00', '2.0', '2022-10-18 11:43:29'),
(977, 4227, 20, '2022-10-18 00:00:00', '0.5', '2022-10-18 11:44:19'),
(978, 4277, 20, '2022-10-18 00:00:00', '0.5', '2022-10-18 11:45:08'),
(979, 4261, 20, '2022-10-18 00:00:00', '0.5', '2022-10-18 11:48:53'),
(980, 4215, 20, '2022-10-18 00:00:00', '0.5', '2022-10-18 12:06:53'),
(981, 4262, 20, '2022-10-18 00:00:00', '1.0', '2022-10-18 12:12:18'),
(982, 4281, 20, '2022-10-18 00:00:00', '0.5', '2022-10-18 12:15:13'),
(983, 4222, 20, '2022-10-18 00:00:00', '0.5', '2022-10-18 12:15:39'),
(984, 4209, 20, '2022-10-18 00:00:00', '0.5', '2022-10-18 16:43:35'),
(985, 4247, 8, '2022-10-12 00:00:00', '2.0', '2022-10-19 09:20:01'),
(986, 4247, 19, '2022-10-12 00:00:00', '2.0', '2022-10-19 09:20:13'),
(987, 4247, 19, '2022-10-19 00:00:00', '1.0', '2022-10-19 09:20:18'),
(988, 4268, 8, '2022-10-12 00:00:00', '1.0', '2022-10-19 09:22:16'),
(989, 4268, 19, '2022-10-12 00:00:00', '1.0', '2022-10-19 09:22:28'),
(990, 4274, 8, '2022-10-11 00:00:00', '4.0', '2022-10-19 09:24:26'),
(991, 4274, 19, '2022-10-11 00:00:00', '2.0', '2022-10-19 09:24:36'),
(992, 4263, 11, '2022-10-05 00:00:00', '6.0', '2022-10-19 09:27:34'),
(993, 4263, 8, '2022-10-06 00:00:00', '4.0', '2022-10-19 09:29:12'),
(994, 4263, 9, '2022-10-06 00:00:00', '3.0', '2022-10-19 09:29:25'),
(995, 4263, 10, '2022-10-06 00:00:00', '3.0', '2022-10-19 09:29:38'),
(996, 4263, 11, '2022-10-06 00:00:00', '3.0', '2022-10-19 09:29:42'),
(997, 4263, 11, '2022-10-07 00:00:00', '2.0', '2022-10-19 09:31:35'),
(998, 4263, 9, '2022-10-07 00:00:00', '2.0', '2022-10-19 09:31:58'),
(999, 4263, 10, '2022-10-07 00:00:00', '2.0', '2022-10-19 09:32:07'),
(1000, 4263, 8, '2022-10-07 00:00:00', '2.0', '2022-10-19 09:32:27'),
(1001, 4263, 11, '2022-10-10 00:00:00', '3.0', '2022-10-19 09:32:46'),
(1002, 4263, 19, '2022-10-05 00:00:00', '5.0', '2022-10-19 09:33:07'),
(1003, 4263, 19, '2022-10-06 00:00:00', '4.0', '2022-10-19 09:33:09'),
(1004, 4263, 19, '2022-10-07 00:00:00', '5.0', '2022-10-19 09:33:17'),
(1005, 4263, 19, '2022-10-10 00:00:00', '5.0', '2022-10-19 09:33:24'),
(1006, 4263, 19, '2022-10-11 00:00:00', '5.0', '2022-10-19 09:33:37'),
(1007, 4279, 39, '2022-10-06 00:00:00', '5.0', '2022-10-19 09:35:09'),
(1008, 3960, 39, '2022-10-04 00:00:00', '5.0', '2022-10-19 09:50:30'),
(1009, 4279, 19, '2022-10-19 00:00:00', '2.0', '2022-10-19 09:53:16'),
(1010, 4267, 20, '2022-10-19 00:00:00', '3.0', '2022-10-19 16:59:07'),
(1011, 4256, 20, '2022-10-19 00:00:00', '0.5', '2022-10-19 16:59:18'),
(1012, 4407, 39, '2022-10-21 00:00:00', '2.0', '2022-10-24 10:33:18'),
(1013, 4407, 39, '2022-10-22 00:00:00', '3.0', '2022-10-24 10:33:28'),
(1014, 4439, 11, '2022-10-21 00:00:00', '2.0', '2022-10-24 10:33:57'),
(1015, 4405, 8, '2022-10-21 00:00:00', '5.0', '2022-10-24 10:35:43'),
(1016, 4405, 18, '2022-10-21 00:00:00', '5.0', '2022-10-24 10:35:55'),
(1017, 4406, 8, '2022-10-24 00:00:00', '4.0', '2022-10-24 16:44:15'),
(1018, 4437, 8, '2022-10-24 00:00:00', '1.0', '2022-10-24 16:44:27'),
(1019, 4459, 18, '2022-10-25 00:00:00', '1.0', '2022-10-25 16:57:05'),
(1020, 4459, 18, '2022-10-26 00:00:00', '0.0', '2022-10-25 16:57:40'),
(1021, 4455, 18, '2022-10-26 00:00:00', '1.0', '2022-10-26 09:22:12'),
(1022, 4448, 18, '2022-10-26 00:00:00', '1.0', '2022-10-27 07:53:33'),
(1023, 4457, 11, '2022-10-26 00:00:00', '3.0', '2022-10-27 09:07:53'),
(1024, 4449, 18, '2022-10-27 00:00:00', '1.0', '2022-10-27 10:01:28'),
(1025, 4450, 39, '2022-10-27 00:00:00', '3.0', '2022-10-27 15:45:26'),
(1026, 4183, 20, '2022-11-03 00:00:00', '0.5', '2022-11-03 11:34:33'),
(1027, 4147, 20, '2022-11-03 00:00:00', '0.5', '2022-11-03 11:34:47'),
(1028, 4137, 20, '2022-11-03 00:00:00', '0.5', '2022-11-03 11:35:00'),
(1029, 4180, 20, '2022-11-03 00:00:00', '0.5', '2022-11-03 11:35:12'),
(1030, 4144, 20, '2022-11-03 00:00:00', '0.5', '2022-11-03 11:35:32'),
(1031, 4162, 20, '2022-11-03 00:00:00', '0.5', '2022-11-03 11:35:42'),
(1032, 4163, 20, '2022-11-03 00:00:00', '0.5', '2022-11-03 11:35:51'),
(1033, 4143, 20, '2022-11-03 00:00:00', '0.5', '2022-11-03 11:36:00'),
(1034, 4151, 20, '2022-11-03 00:00:00', '1.0', '2022-11-03 11:36:11'),
(1035, 4140, 20, '2022-11-03 00:00:00', '0.5', '2022-11-03 11:36:21'),
(1036, 4182, 20, '2022-11-03 00:00:00', '0.5', '2022-11-03 11:36:30'),
(1037, 4131, 20, '2022-11-03 00:00:00', '0.5', '2022-11-03 11:36:40'),
(1038, 4199, 20, '2022-11-03 00:00:00', '0.5', '2022-11-03 11:36:52'),
(1039, 4138, 20, '2022-11-03 00:00:00', '0.5', '2022-11-03 11:37:01'),
(1040, 4188, 20, '2022-11-03 00:00:00', '0.5', '2022-11-03 11:37:09'),
(1041, 4187, 20, '2022-11-03 00:00:00', '0.5', '2022-11-03 11:37:19'),
(1042, 4189, 20, '2022-11-03 00:00:00', '0.5', '2022-11-03 11:37:28'),
(1043, 4176, 20, '2022-11-03 00:00:00', '0.5', '2022-11-03 11:37:37'),
(1044, 4203, 20, '2022-11-03 00:00:00', '0.5', '2022-11-03 11:37:46'),
(1045, 4204, 20, '2022-11-03 00:00:00', '0.5', '2022-11-03 11:37:59'),
(1046, 4200, 20, '2022-11-03 00:00:00', '3.0', '2022-11-03 11:38:10'),
(1047, 4181, 20, '2022-11-03 00:00:00', '0.5', '2022-11-03 11:38:20'),
(1048, 4149, 20, '2022-11-03 00:00:00', '0.5', '2022-11-03 11:38:31'),
(1049, 4178, 20, '2022-11-03 00:00:00', '1.0', '2022-11-03 11:38:40'),
(1050, 4146, 20, '2022-11-03 00:00:00', '0.5', '2022-11-03 11:38:49'),
(1051, 4191, 20, '2022-11-03 00:00:00', '0.5', '2022-11-03 11:39:00'),
(1052, 4139, 20, '2022-11-03 00:00:00', '0.5', '2022-11-03 11:39:08'),
(1053, 4184, 20, '2022-11-03 00:00:00', '0.5', '2022-11-03 11:39:21'),
(1054, 4145, 20, '2022-11-03 00:00:00', '0.5', '2022-11-03 11:39:29'),
(1055, 4134, 20, '2022-11-03 00:00:00', '0.5', '2022-11-03 11:39:38'),
(1056, 3810, 20, '2022-11-03 00:00:00', '0.5', '2022-11-03 16:44:57'),
(1057, 3802, 20, '2022-11-03 00:00:00', '0.5', '2022-11-03 16:45:11'),
(1058, 3829, 20, '2022-11-03 00:00:00', '0.5', '2022-11-03 16:45:20'),
(1059, 3820, 20, '2022-11-03 00:00:00', '2.0', '2022-11-03 16:45:31'),
(1060, 3799, 20, '2022-11-03 00:00:00', '0.5', '2022-11-03 16:45:40'),
(1061, 3787, 20, '2022-11-03 00:00:00', '0.5', '2022-11-03 16:45:55'),
(1062, 3816, 20, '2022-11-03 00:00:00', '0.5', '2022-11-03 16:46:04'),
(1063, 3797, 20, '2022-11-03 00:00:00', '0.5', '2022-11-03 16:46:13'),
(1064, 3813, 20, '2022-11-03 00:00:00', '0.5', '2022-11-03 16:46:22'),
(1065, 3793, 20, '2022-11-03 00:00:00', '0.5', '2022-11-03 16:46:34'),
(1066, 3838, 20, '2022-11-03 00:00:00', '3.0', '2022-11-03 16:46:43'),
(1067, 3795, 20, '2022-11-03 00:00:00', '1.0', '2022-11-03 16:46:52'),
(1068, 3814, 20, '2022-11-03 00:00:00', '0.5', '2022-11-03 16:47:00'),
(1069, 3798, 1, '2022-11-03 00:00:00', '0.5', '2022-11-03 16:47:08'),
(1070, 3798, 20, '2022-11-03 00:00:00', '0.5', '2022-11-03 16:47:31'),
(1071, 4121, 20, '2022-11-03 00:00:00', '1.0', '2022-11-03 17:18:01'),
(1072, 4126, 20, '2022-11-03 00:00:00', '2.0', '2022-11-03 17:18:12'),
(1073, 3894, 20, '2022-11-04 00:00:00', '1.0', '2022-11-04 07:31:08'),
(1074, 3907, 20, '2022-11-04 00:00:00', '0.5', '2022-11-04 07:35:05'),
(1075, 3918, 20, '2022-11-04 00:00:00', '2.5', '2022-11-04 07:35:45'),
(1076, 3896, 20, '2022-11-04 00:00:00', '0.5', '2022-11-04 07:36:02'),
(1077, 3922, 20, '2022-11-04 00:00:00', '0.5', '2022-11-04 07:36:44'),
(1078, 3909, 20, '2022-11-04 00:00:00', '0.5', '2022-11-04 07:36:54'),
(1079, 3856, 20, '2022-11-04 00:00:00', '0.5', '2022-11-04 07:37:04'),
(1080, 3921, 20, '2022-11-04 00:00:00', '0.5', '2022-11-04 07:40:12'),
(1081, 3848, 20, '2022-11-04 00:00:00', '0.5', '2022-11-04 07:40:34'),
(1082, 3917, 20, '2022-11-04 00:00:00', '0.5', '2022-11-04 07:40:43'),
(1083, 3905, 20, '2022-11-04 00:00:00', '0.5', '2022-11-04 07:40:53'),
(1084, 3901, 20, '2022-11-04 00:00:00', '0.5', '2022-11-04 07:42:26'),
(1085, 3898, 20, '2022-11-04 00:00:00', '0.5', '2022-11-04 07:42:39'),
(1086, 3861, 20, '2022-11-04 00:00:00', '0.5', '2022-11-04 07:48:25'),
(1087, 3879, 20, '2022-11-04 00:00:00', '0.5', '2022-11-04 07:58:29'),
(1088, 3868, 20, '2022-11-04 00:00:00', '0.5', '2022-11-04 07:58:42'),
(1089, 3857, 20, '2022-11-04 00:00:00', '0.5', '2022-11-04 07:58:57'),
(1090, 3947, 20, '2022-11-04 00:00:00', '1.0', '2022-11-04 09:29:31'),
(1091, 3980, 20, '2022-11-04 00:00:00', '0.5', '2022-11-04 09:34:27'),
(1092, 3936, 20, '2022-11-04 00:00:00', '0.5', '2022-11-04 09:37:48'),
(1093, 3996, 20, '2022-11-04 00:00:00', '0.5', '2022-11-04 09:38:15'),
(1094, 3927, 20, '2022-11-04 00:00:00', '0.5', '2022-11-04 09:38:52'),
(1095, 3958, 20, '2022-11-07 00:00:00', '1.0', '2022-11-07 07:25:13'),
(1096, 3984, 20, '2022-11-07 00:00:00', '0.5', '2022-11-07 07:25:25'),
(1097, 3986, 20, '2022-11-07 00:00:00', '0.5', '2022-11-07 07:25:38'),
(1098, 3973, 20, '2022-11-07 00:00:00', '1.0', '2022-11-07 07:25:55'),
(1099, 4385, 20, '2022-11-07 00:00:00', '1.0', '2022-11-07 08:02:54'),
(1100, 4371, 20, '2022-11-07 00:00:00', '2.0', '2022-11-07 08:17:56'),
(1101, 4388, 20, '2022-11-07 00:00:00', '0.5', '2022-11-07 08:50:05'),
(1102, 3267, 20, '2022-11-07 00:00:00', '0.5', '2022-11-07 08:50:46'),
(1103, 3269, 20, '2022-11-07 00:00:00', '0.5', '2022-11-07 08:50:56'),
(1104, 3219, 20, '2022-11-07 00:00:00', '0.5', '2022-11-07 08:51:10'),
(1105, 4430, 18, '2022-10-17 00:00:00', '8.0', '2022-11-07 09:30:59'),
(1106, 4430, 18, '2022-11-07 00:00:00', '0.0', '2022-11-07 09:31:19'),
(1107, 4430, 18, '2022-10-19 00:00:00', '8.0', '2022-11-07 09:31:43'),
(1108, 3935, 20, '2022-11-07 00:00:00', '0.5', '2022-11-07 09:50:15'),
(1109, 3988, 20, '2022-11-07 00:00:00', '0.5', '2022-11-07 10:02:30'),
(1110, 3975, 20, '2022-11-07 00:00:00', '0.5', '2022-11-07 15:03:19'),
(1111, 3997, 20, '2022-11-07 00:00:00', '2.0', '2022-11-07 15:33:42'),
(1112, 3258, 20, '2022-11-07 00:00:00', '0.5', '2022-11-07 15:35:49'),
(1113, 3280, 20, '2022-11-07 00:00:00', '2.0', '2022-11-07 15:36:11'),
(1114, 3241, 20, '2022-11-07 00:00:00', '0.5', '2022-11-07 15:37:12'),
(1115, 3242, 20, '2022-11-07 00:00:00', '0.5', '2022-11-07 15:37:28'),
(1116, 3223, 20, '2022-11-07 00:00:00', '0.5', '2022-11-07 15:38:38'),
(1117, 3263, 20, '2022-11-07 00:00:00', '0.5', '2022-11-07 15:39:18'),
(1118, 4010, 11, '2022-08-08 00:00:00', '6.0', '2022-11-07 16:43:00'),
(1119, 4010, 19, '2022-08-08 00:00:00', '8.0', '2022-11-07 16:43:13'),
(1120, 4010, 11, '2022-08-05 00:00:00', '3.0', '2022-11-07 16:43:19'),
(1121, 4010, 11, '2022-08-04 00:00:00', '3.0', '2022-11-07 16:43:44'),
(1122, 4010, 19, '2022-08-04 00:00:00', '4.0', '2022-11-07 16:44:03'),
(1123, 4010, 19, '2022-08-05 00:00:00', '4.0', '2022-11-07 16:44:12'),
(1124, 4004, 11, '2022-08-01 00:00:00', '4.0', '2022-11-07 16:45:13'),
(1125, 4004, 19, '2022-08-01 00:00:00', '6.0', '2022-11-07 16:45:26'),
(1126, 4004, 11, '2022-08-02 00:00:00', '3.0', '2022-11-07 16:45:29'),
(1127, 4004, 19, '2022-08-03 00:00:00', '5.0', '2022-11-07 16:45:44'),
(1128, 4005, 11, '2022-08-03 00:00:00', '6.0', '2022-11-07 16:46:55'),
(1129, 4005, 19, '2022-08-02 00:00:00', '6.0', '2022-11-07 16:47:16'),
(1130, 4472, 20, '2022-11-16 00:00:00', '1.0', '2022-11-16 17:11:18'),
(1131, 4462, 20, '2022-11-16 00:00:00', '0.5', '2022-11-16 17:16:01'),
(1132, 4479, 20, '2022-11-22 00:00:00', '2.0', '2022-11-22 15:47:33'),
(1133, 4361, 20, '2022-11-22 00:00:00', '0.5', '2022-11-22 15:55:03'),
(1134, 4376, 20, '2022-11-23 00:00:00', '8.0', '2022-11-23 18:13:31'),
(1135, 4390, 20, '2022-11-23 00:00:00', '0.5', '2022-11-23 18:13:40'),
(1136, 4431, 18, '2022-11-30 00:00:00', '2.0', '2022-11-30 15:28:18'),
(1137, 4369, 19, '2022-11-10 00:00:00', '1.0', '2022-12-07 16:03:31'),
(1138, 4369, 19, '2022-12-11 00:00:00', '1.0', '2022-12-07 16:03:42'),
(1139, 4369, 19, '2022-11-14 00:00:00', '1.0', '2022-12-07 16:04:12'),
(1140, 4369, 19, '2022-11-15 00:00:00', '1.0', '2022-12-07 16:04:56'),
(1141, 4364, 19, '2022-11-09 00:00:00', '5.0', '2022-12-07 16:06:28'),
(1142, 4378, 19, '2022-11-14 00:00:00', '6.0', '2022-12-07 16:06:52'),
(1143, 4363, 19, '2022-11-10 00:00:00', '7.0', '2022-12-07 16:07:16'),
(1144, 4362, 19, '2022-11-09 00:00:00', '3.0', '2022-12-07 16:07:38'),
(1145, 4362, 19, '2022-11-10 00:00:00', '1.0', '2022-12-07 16:07:43'),
(1146, 4362, 19, '2022-11-11 00:00:00', '5.0', '2022-12-07 16:08:01'),
(1147, 4362, 19, '2022-11-14 00:00:00', '3.0', '2022-12-07 16:08:38'),
(1148, 4378, 19, '2022-12-08 00:00:00', '3.0', '2022-12-07 16:11:02'),
(1149, 4378, 19, '2022-11-11 00:00:00', '3.0', '2022-12-07 16:13:17'),
(1150, 4375, 19, '2022-12-08 00:00:00', '2.0', '2022-12-07 16:14:57'),
(1151, 4463, 11, '2022-11-09 00:00:00', '2.0', '2022-12-07 16:18:56'),
(1152, 4470, 18, '2022-12-07 00:00:00', '1.0', '2022-12-07 16:31:29'),
(1153, 4475, 18, '2022-12-07 00:00:00', '1.0', '2022-12-07 16:32:16'),
(1154, 4488, 19, '2022-12-09 00:00:00', '1.0', '2022-12-09 07:11:54'),
(1155, 4494, 19, '2022-12-09 00:00:00', '1.0', '2022-12-09 07:12:47'),
(1156, 4487, 19, '2022-12-09 00:00:00', '3.0', '2022-12-09 09:50:08'),
(1157, 4486, 19, '2022-11-23 00:00:00', '5.0', '2022-12-09 10:00:59'),
(1158, 4486, 19, '2022-11-24 00:00:00', '5.0', '2022-12-09 10:01:06'),
(1159, 4486, 19, '2022-11-25 00:00:00', '9.0', '2022-12-09 10:01:41'),
(1160, 4486, 19, '2022-11-28 00:00:00', '8.0', '2022-12-09 10:01:53'),
(1161, 4486, 19, '2022-11-29 00:00:00', '8.0', '2022-12-09 10:02:15'),
(1162, 4493, 19, '2022-12-09 00:00:00', '2.0', '2022-12-12 10:02:02'),
(1163, 3167, 20, '2023-01-11 00:00:00', '3.0', '2023-01-11 08:05:14'),
(1164, 3155, 20, '2023-01-11 00:00:00', '1.0', '2023-01-11 08:22:17'),
(1165, 2605, 20, '2023-01-11 00:00:00', '0.5', '2023-01-11 08:22:52'),
(1166, 3162, 20, '2023-01-11 00:00:00', '0.5', '2023-01-11 08:23:57'),
(1167, 3150, 20, '2023-01-11 00:00:00', '0.5', '2023-01-11 08:27:31'),
(1168, 3594, 20, '2023-01-11 00:00:00', '0.5', '2023-01-11 08:28:01'),
(1169, 3593, 20, '2023-01-11 00:00:00', '0.5', '2023-01-11 09:40:18'),
(1170, 4394, 19, '2023-01-11 00:00:00', '2.0', '2023-01-11 10:03:09'),
(1171, 4391, 19, '2023-01-11 00:00:00', '2.0', '2023-01-11 10:20:01'),
(1172, 4374, 19, '2023-01-11 00:00:00', '2.0', '2023-01-11 11:31:28'),
(1173, 5510, 19, '2023-05-03 00:00:00', '9.0', '2023-05-08 15:40:32'),
(1174, 5510, 19, '2023-05-04 00:00:00', '9.0', '2023-05-08 15:40:37'),
(1175, 5510, 19, '2023-05-05 00:00:00', '8.0', '2023-05-08 15:40:49'),
(1176, 5510, 19, '2023-05-08 00:00:00', '4.0', '2023-05-08 15:41:06'),
(1177, 5518, 19, '2023-05-08 00:00:00', '1.0', '2023-05-08 15:49:33'),
(1178, 5515, 19, '2023-05-08 00:00:00', '1.0', '2023-05-08 15:49:48'),
(1179, 5512, 19, '2023-05-08 00:00:00', '1.0', '2023-05-08 15:50:21'),
(1180, 5206, 19, '2023-05-15 00:00:00', '6.0', '2023-05-18 15:03:33'),
(1181, 5206, 19, '2023-05-16 00:00:00', '8.0', '2023-05-18 15:03:43'),
(1182, 5206, 19, '2023-05-17 00:00:00', '4.0', '2023-05-18 15:03:55'),
(1183, 5464, 19, '2023-05-12 00:00:00', '4.0', '2023-05-18 15:09:01'),
(1184, 5484, 19, '2023-05-12 00:00:00', '4.0', '2023-05-18 15:09:15'),
(1185, 5214, 19, '2023-05-17 00:00:00', '1.0', '2023-05-18 15:13:01'),
(1186, 5463, 19, '2023-05-11 00:00:00', '6.0', '2023-05-18 15:17:37'),
(1187, 5477, 19, '2023-05-10 00:00:00', '6.0', '2023-05-18 15:18:01'),
(1188, 5463, 19, '2023-05-09 00:00:00', '6.0', '2023-05-18 15:18:06'),
(1189, 5477, 19, '2023-05-08 00:00:00', '5.0', '2023-05-18 15:18:20'),
(1190, 5251, 19, '2023-05-17 00:00:00', '3.0', '2023-05-18 15:27:58'),
(1191, 5475, 19, '2023-05-22 00:00:00', '1.0', '2023-05-23 08:32:51'),
(1192, 5489, 19, '2023-05-22 00:00:00', '1.0', '2023-05-23 08:33:26'),
(1193, 5666, 19, '2023-05-18 00:00:00', '6.0', '2023-05-23 08:34:12'),
(1194, 5666, 19, '2023-05-19 00:00:00', '5.0', '2023-05-23 08:34:21'),
(1195, 5666, 19, '2023-05-22 00:00:00', '4.0', '2023-05-23 08:34:42');

-- --------------------------------------------------------

--
-- Estructura de tabla para la tabla `rol_aprobador`
--

CREATE TABLE `rol_aprobador` (
  `idRol` int(11) NOT NULL,
  `nombre` varchar(60) COLLATE utf8_unicode_ci NOT NULL,
  `descripcion` varchar(200) COLLATE utf8_unicode_ci NOT NULL,
  `createdDate` datetime NOT NULL DEFAULT CURRENT_TIMESTAMP
) ENGINE=InnoDB DEFAULT CHARSET=utf8 COLLATE=utf8_unicode_ci;

--
-- Volcado de datos para la tabla `rol_aprobador`
--

INSERT INTO `rol_aprobador` (`idRol`, `nombre`, `descripcion`, `createdDate`) VALUES
(1, 'Project Leader', '', '2022-06-23 15:17:23'),
(2, 'COE Project Manager', '', '2022-06-23 15:17:23'),
(3, 'COE Project Coordinator', '', '2022-06-23 15:17:53'),
(4, 'COE QA Engineer', '', '2022-06-23 15:17:53');

-- --------------------------------------------------------

--
-- Estructura de tabla para la tabla `status`
--

CREATE TABLE `status` (
  `idStatus` int(11) NOT NULL,
  `nombre` varchar(50) NOT NULL,
  `descripcion` text NOT NULL,
  `fechaCrea` datetime NOT NULL DEFAULT CURRENT_TIMESTAMP
) ENGINE=InnoDB DEFAULT CHARSET=utf8mb4;

--
-- Volcado de datos para la tabla `status`
--

INSERT INTO `status` (`idStatus`, `nombre`, `descripcion`, `fechaCrea`) VALUES
(1, 'GREEN STATUS', 'Deliverables are current, little to no risk that future deliverables will not be met on time', '2021-03-26 17:19:46'),
(2, 'YELLOW STATUS', 'Incomplete and low risk for missing timing', '2021-03-26 17:20:15'),
(3, 'RED STATUS', 'Deliverable(s) are past due or in danger of being past due in the future', '2021-03-26 17:20:30'),
(4, 'OPEN', 'Pending to start', '2021-04-13 17:20:20'),
(5, 'CANCELED', 'Project Stopped', '2021-04-15 18:25:28'),
(6, 'ON HOLD', 'Stand by', '2021-08-17 10:21:02'),
(7, 'COMPLETED', 'Project Completed', '2021-09-29 07:35:15');

-- --------------------------------------------------------

--
-- Estructura de tabla para la tabla `ticket`
--

CREATE TABLE `ticket` (
  `idTicket` int(11) NOT NULL,
  `title` varchar(50) COLLATE utf8_unicode_ci NOT NULL,
  `issue` text COLLATE utf8_unicode_ci NOT NULL,
  `assignedDate` datetime DEFAULT NULL,
  `dueDate` datetime DEFAULT NULL,
  `completedDate` datetime DEFAULT NULL,
  `hrs` int(11) DEFAULT NULL,
  `response` text COLLATE utf8_unicode_ci,
  `idTicketType` int(11) NOT NULL,
  `idTicketStatus` int(11) NOT NULL DEFAULT '1',
  `idUser` int(11) DEFAULT NULL,
  `createdAt` datetime NOT NULL DEFAULT CURRENT_TIMESTAMP
) ENGINE=InnoDB DEFAULT CHARSET=utf8 COLLATE=utf8_unicode_ci;

--
-- Volcado de datos para la tabla `ticket`
--

INSERT INTO `ticket` (`idTicket`, `title`, `issue`, `assignedDate`, `dueDate`, `completedDate`, `hrs`, `response`, `idTicketType`, `idTicketStatus`, `idUser`, `createdAt`) VALUES
(6, 'Show Open Log Progress', 'Mostrar avance en la barra del Open Log', '2023-03-14 00:00:00', '2023-03-14 00:00:00', '2023-03-14 00:00:00', 2, '', 4, 4, 6, '2023-03-13 00:00:00'),
(7, 'Add Aditional Resources', 'Crear Aditional resources al agregar una actividad', '2023-03-15 00:00:00', '2023-03-16 00:00:00', '2023-03-16 00:00:00', 5, '', 4, 4, 6, '2023-03-10 00:00:00'),
(9, 'Eng Workload', 'Crear grafica de Week Workload por ingeniero\r\n', '2023-03-17 00:00:00', '2023-03-21 00:00:00', '2023-03-21 00:00:00', 10, NULL, 4, 4, 6, '2023-03-07 00:00:00'),
(10, 'Eng Workload', 'Crear grafica de Week Worload por departamento\r\n', '2023-03-22 00:00:00', '2023-03-23 00:00:00', '2023-03-23 00:00:00', 7, NULL, 4, 4, 6, '2023-03-07 00:00:00'),
(11, 'Create Service page', 'Page to create new type of services\r\n', '2023-03-23 00:00:00', '2023-03-23 00:00:00', '2023-03-23 00:00:00', 2, NULL, 4, 4, 6, '2023-03-06 00:00:00'),
(12, 'Create Requester page', 'Page to create new Application Project Requesters.', '2023-03-24 00:00:00', '2023-03-24 00:00:00', '2023-03-24 00:00:00', 2, NULL, 4, 4, 6, '2023-03-06 00:00:00'),
(13, 'Able to edit field requested date', 'Editar requested date de actividades\r\n', '2023-03-27 00:00:00', '2023-03-27 00:00:00', '2023-03-27 00:00:00', 2, NULL, 5, 4, 6, '2023-03-27 00:00:00'),
(14, 'Crear sistema de Tickets', 'Create page to administrate System Requirements (Tickets)\r\n', '2023-03-24 00:00:00', '2023-04-12 00:00:00', '2023-04-14 11:06:30', 30, 'Done with no issues', 7, 4, 6, '2023-02-24 00:00:00'),
(15, 'Add project Leader to Application Projects', 'Add option to enable a user as project leader', '2023-04-19 09:30:00', '2023-05-11 00:00:00', '2023-04-20 08:38:00', 2, 'Can toggle assign as project leader from Employee page', 4, 4, 6, '2023-04-10 00:00:00'),
(16, 'Crear Modulo de gestion de materiales alternativos', 'Add full module to manage and store alternative components to application team, add common user for everyone in NAI can consult current alternatives before request a new one', '2023-05-16 15:00:00', '2023-06-16 17:00:00', NULL, 120, '- Working on DB Design. - Base SQL Structure DB Created. - Working on migrating current data to DB Format. - Working on History Query Page.', 7, 2, 15, '2023-03-09 00:00:00'),
(25, 'PORCENTAJE DE COMPLETADO', 'Muestra 0% completado cuando ya esta 100%\n En la pagina de DETAIL ACTIVITY de Applications', '2023-04-17 09:30:00', '2023-04-17 00:00:00', '2023-04-19 07:53:00', 1, 'Fixed', 1, 4, 6, '2023-04-14 11:20:21'),
(26, 'INFORMACION DUPLICADA', 'Affected Page:\n                         AE-MEDIUM-47', '2023-04-21 15:00:00', '2023-04-21 00:00:00', '2023-04-21 15:40:00', 1, 'Done', 1, 4, 6, '2023-04-20 10:14:22'),
(27, 'LOG DE SOPORTE', 'Affected Page:\nFavor de crear un log especificamente para el soporte de tooling y alternativos.', '2023-04-21 14:04:00', '2023-04-21 00:00:00', '2023-04-24 10:26:00', 5, 'Added Support section to Open Log Page, and show projects with 10 hours or less', 4, 4, 6, '2023-04-21 08:01:53'),
(28, 'BARRA PROGRESO', 'Affected Page:\r\nOpen Log La barra del progreso de application no sirve.', '2023-04-27 08:00:00', '2023-04-27 19:00:00', '2023-04-27 16:24:00', 2, 'Fixed Issue', 1, 4, 6, '2023-04-21 15:27:07'),
(29, 'HORAS COE PROJECT DETAIL', 'Affected Page: PROJECT DETAIL COE                            HORAS MAL CALCULADAS EN LOS PROYECTOS DEL COE\n\n\n\n\n\n\n\n                         ', '2023-04-27 16:25:00', '2023-04-28 19:00:00', '2023-05-08 15:00:00', 2, 'Fixed hours based on selected project type.', 1, 4, 6, '2023-04-21 15:39:57'),
(30, 'ACTIVIDAD POR INGENIERO', 'Affected Page:  ACT PER ENG \nMuestra overdue actividades que ya se completaron.\n\n\n                         ', '2023-04-24 15:24:00', '2023-04-24 22:00:00', '2023-04-24 04:20:00', 1, 'Overdue Activities now refers to Aditional resuorces assigned oned, removed Inactive users.', 1, 4, 6, '2023-04-24 08:05:43'),
(31, 'Actualizar workload graphics', 'Affected Page:  Dashboard\nQuitar a Heriberto y Roberto\n                         ', '2023-04-24 15:45:00', '2023-04-24 23:00:00', NULL, 2, 'Those Graphics refers to active Users. Please update active status from each user in User\'s Page.', 1, 4, 6, '2023-04-24 10:54:33'),
(32, ' COE Projects Leader', 'Affected Page: Project detail\nNo puedo seleccionar a Felix / Eric como lider de un proyecto por que estan en otro dept.\n\n\n                         ', '2023-05-08 00:00:00', '2023-05-08 16:00:00', '2023-05-08 15:16:00', 1, 'Added Assignable Designers who has position of Design and Application Supervisor on Employee.', 1, 4, 6, '2023-05-03 11:14:43'),
(33, 'Actividades Fco', 'Affected Page: Profile\nNo le aparecen las actividades que se le asignaron\n                         ', '2023-05-08 10:00:00', '2023-05-08 11:41:00', '2023-05-08 14:35:00', 2, 'Fixed issue', 1, 4, 6, '2023-05-03 11:15:35'),
(34, 'CAMBIAR HORAS MANUALMENTE', 'Affected Page: PROJECT DETAIL\n\nSe requiere poder cambiar las horas ya establecidas de los proyectos manualmente cuando se requiera.\n                         ', '2023-05-09 07:30:00', '2023-05-09 10:00:00', '2023-05-09 08:30:00', 2, 'Added Option to increase hours by oveload field on project detail.', 4, 4, 6, '2023-05-04 07:51:06'),
(35, 'AGREGAR PRIORITY & AWARDED APP PROJECTS', 'Affected Page: PROJECT DETAIL \nAgregar los los botones de Priority & Awarded para los proyectos de Application.\n\n\n                         ', '2023-05-09 11:00:00', '2023-05-09 05:00:00', '2023-05-09 16:19:00', 5, 'Done', 4, 4, 6, '2023-05-04 10:53:57'),
(36, 'DUE DATE', 'Affected Page:  Project Detail / Activities\n\nDue date aparece como 5/4 en las actividades... y en el project detail tiene la fecha de 5/5\n \n\n                         ', '2023-05-08 15:30:00', '2023-05-08 16:00:00', '2023-05-08 16:00:00', 1, 'Project due date is independently from activities due date', 1, 4, 6, '2023-05-08 10:19:44'),
(37, 'Agregar Horas', 'Affected Page: Application History\nFavor de agregar la horas en el historial de aplicaciones.\n                         ', '2023-05-16 14:47:00', '2023-05-16 17:00:00', '2023-05-16 14:59:00', 1, 'Added hours field in history', 4, 4, 6, '2023-05-11 07:21:47'),
(38, 'WRONG PROJECT NAME', 'Affected Page: ACT PER ENG\nEn las actividades Over due de Felix aparece Application 172 en ligar del nombre del proyecto y la liga no te lleva al proyecto.\n                         ', '2023-05-16 11:43:00', '2023-05-16 17:00:00', '2023-05-16 14:45:00', 1, 'Fixed name display and correct link to projects', 1, 4, 6, '2023-05-15 10:44:05'),
(39, 'RECURSOS DE COE Y APPLICATIONS', 'Affected Page:  Project Detail\nHabilitar todos los recursos para que puedan ser asgnados a cualquier actividad. Juntar COE Y applicartions\n                        ', '2023-05-16 08:00:00', '2023-05-16 10:00:00', '2023-05-16 10:53:00', 1, 'Added COE & Application teams to be assignable on activities.', 1, 4, 6, '2023-05-15 16:41:37'),
(40, 'Suma de horas overload', 'Affected Page: Dashboard / Workload per engineer\nLa cantidad reflejada en la grafica de Workoad per engineer no tiene incluidas las horas overload que se le agregan al proyecto.\n\n                         ', '2023-05-25 07:24:00', '2023-05-25 15:00:00', '2023-05-25 08:32:00', 1, 'Added Overload hrs to Application Workload Dashboard.', 1, 4, 6, '2023-05-22 16:07:41'),
(41, 'Tabla capacidad instalada', 'Affected Page: Dashboard\nCrear una tabla con la siguiente informacion:  Num de semana /  total de horas de las actividades que se registraron esa semana / Total horas de las actividades que se completaron esa semana.\n                         ', '2023-06-01 00:00:00', '2023-06-02 00:00:00', NULL, 8, 'Working on it', 4, 2, 6, '2023-05-31 07:38:09'),
(42, 'Asignación de recursos', 'Affected Page:\n No puedes autoasignar en los requerimientos mas de un dia. ', NULL, NULL, NULL, NULL, NULL, 1, 1, 2, '2023-06-01 10:27:04');

-- --------------------------------------------------------

--
-- Estructura de tabla para la tabla `ticket_notes`
--

CREATE TABLE `ticket_notes` (
  `idTicketNote` int(11) NOT NULL,
  `note` text COLLATE utf8_unicode_ci NOT NULL,
  `idUser` int(11) NOT NULL,
  `idTicket` int(11) NOT NULL,
  `createdAt` datetime NOT NULL DEFAULT CURRENT_TIMESTAMP
) ENGINE=InnoDB DEFAULT CHARSET=utf8 COLLATE=utf8_unicode_ci;

-- --------------------------------------------------------

--
-- Estructura de tabla para la tabla `ticket_status`
--

CREATE TABLE `ticket_status` (
  `idTicketStatus` int(11) NOT NULL,
  `status` varchar(30) COLLATE utf8_unicode_ci NOT NULL,
  `createdAt` datetime NOT NULL DEFAULT CURRENT_TIMESTAMP
) ENGINE=InnoDB DEFAULT CHARSET=utf8 COLLATE=utf8_unicode_ci;

--
-- Volcado de datos para la tabla `ticket_status`
--

INSERT INTO `ticket_status` (`idTicketStatus`, `status`, `createdAt`) VALUES
(1, 'UNASSIGNED', '2023-03-30 16:31:48'),
(2, 'OPEN', '2023-03-30 16:31:48'),
(3, 'HOLD', '2023-03-30 16:33:57'),
(4, 'COMPLETED', '2023-03-30 16:33:57'),
(5, 'CANCELED', '2023-03-30 16:34:35');

-- --------------------------------------------------------

--
-- Estructura de tabla para la tabla `ticket_type`
--

CREATE TABLE `ticket_type` (
  `idTicketType` int(11) NOT NULL,
  `type` varchar(30) COLLATE utf8_unicode_ci NOT NULL,
  `description` varchar(300) COLLATE utf8_unicode_ci NOT NULL,
  `createdAt` datetime NOT NULL DEFAULT CURRENT_TIMESTAMP
) ENGINE=InnoDB DEFAULT CHARSET=utf8 COLLATE=utf8_unicode_ci;

--
-- Volcado de datos para la tabla `ticket_type`
--

INSERT INTO `ticket_type` (`idTicketType`, `type`, `description`, `createdAt`) VALUES
(1, 'Issue', 'There is a problem with the logic or functionality of system.', '2023-03-30 16:46:10'),
(2, 'Visual', 'Select this option if there is a visual requeriment.', '2023-03-30 16:46:10'),
(3, 'Delete record', 'Select this option If there is a need to delete some record. MUST SPECIFY REASON!.', '2023-03-30 16:48:16'),
(4, 'Add functionality', 'Select this option if there is a need for new logic or pages.', '2023-03-30 16:50:22'),
(5, 'Upgrade', 'Select this option if there is a suggestion for improvement for existing page.', '2023-03-30 16:50:22'),
(6, 'Other', 'Specify the type of requirement in the body of ticket.', '2023-03-30 16:51:37'),
(7, 'Full Module', 'Select this option to request a complete functionality for a non existing page.', '2023-04-12 15:35:03');

-- --------------------------------------------------------

--
-- Estructura de tabla para la tabla `tipocotizacion`
--

CREATE TABLE `tipocotizacion` (
  `idTipoCotizacion` int(11) NOT NULL,
  `idCotizacionCategoria` int(11) NOT NULL,
  `idCotizacionVolumen` int(11) NOT NULL,
  `horas` decimal(10,1) NOT NULL,
  `fechaCrea` datetime NOT NULL DEFAULT CURRENT_TIMESTAMP
) ENGINE=InnoDB DEFAULT CHARSET=utf8 COLLATE=utf8_unicode_ci;

--
-- Volcado de datos para la tabla `tipocotizacion`
--

INSERT INTO `tipocotizacion` (`idTipoCotizacion`, `idCotizacionCategoria`, `idCotizacionVolumen`, `horas`, `fechaCrea`) VALUES
(1, 1, 1, '18.0', '2021-05-17 22:15:15'),
(2, 1, 2, '45.0', '2021-05-17 22:15:15'),
(3, 1, 3, '67.5', '2021-05-17 22:15:15'),
(4, 2, 1, '45.0', '2021-05-17 22:31:29'),
(5, 2, 2, '67.5', '2021-05-17 22:31:29'),
(6, 2, 3, '135.0', '2021-05-17 22:31:29'),
(7, 3, 1, '67.5', '2021-05-17 22:32:30'),
(8, 3, 2, '112.5', '2021-05-17 22:32:30'),
(9, 3, 3, '180.0', '2021-05-17 22:32:30'),
(10, 4, 1, '9.0', '2021-05-17 22:34:30'),
(11, 4, 2, '22.5', '2021-05-17 22:34:30'),
(12, 4, 3, '33.8', '2021-05-17 22:34:30'),
(13, 5, 1, '22.5', '2021-05-17 22:34:30'),
(14, 5, 2, '33.8', '2021-05-17 22:34:30'),
(15, 5, 3, '67.5', '2021-05-17 22:34:30'),
(16, 6, 1, '33.8', '2021-05-17 22:34:30'),
(17, 6, 2, '56.3', '2021-05-17 22:34:30'),
(18, 6, 3, '90.0', '2021-05-17 22:34:30'),
(19, 7, 1, '22.5', '2021-05-17 22:35:58'),
(20, 7, 2, '22.5', '2021-05-17 22:35:58'),
(21, 7, 3, '22.5', '2021-05-17 22:35:58'),
(22, 8, 3, '90.0', '2021-05-17 22:35:58'),
(23, 8, 2, '90.0', '2022-02-09 10:01:00');

-- --------------------------------------------------------

--
-- Estructura de tabla para la tabla `tipoproyecto`
--

CREATE TABLE `tipoproyecto` (
  `idTipoProyecto` int(11) NOT NULL,
  `idProyectoCategoria` int(11) NOT NULL,
  `idProyectoServicio` int(11) DEFAULT NULL,
  `idComplejidad` int(11) NOT NULL,
  `horas` decimal(10,1) NOT NULL,
  `fechaCrea` datetime NOT NULL DEFAULT CURRENT_TIMESTAMP
) ENGINE=InnoDB DEFAULT CHARSET=utf8 COLLATE=utf8_unicode_ci;

--
-- Volcado de datos para la tabla `tipoproyecto`
--

INSERT INTO `tipoproyecto` (`idTipoProyecto`, `idProyectoCategoria`, `idProyectoServicio`, `idComplejidad`, `horas`, `fechaCrea`) VALUES
(1, 1, NULL, 1, '45.0', '2021-05-20 18:17:56'),
(2, 1, NULL, 2, '90.0', '2021-05-20 18:28:13'),
(3, 1, NULL, 3, '135.0', '2021-05-20 20:25:54'),
(4, 2, NULL, 1, '45.0', '2021-05-20 21:27:39'),
(5, 2, NULL, 2, '90.0', '2021-05-20 21:27:48'),
(6, 2, NULL, 3, '180.0', '2021-05-20 21:27:56'),
(7, 3, NULL, 1, '90.0', '2021-05-20 21:28:06'),
(8, 3, NULL, 2, '135.0', '2021-05-20 21:28:13'),
(9, 3, NULL, 3, '225.0', '2021-05-20 21:28:23'),
(10, 4, NULL, 1, '90.0', '2021-05-20 21:28:35'),
(11, 4, NULL, 2, '135.0', '2021-05-20 21:28:57'),
(12, 4, NULL, 3, '225.0', '2021-05-20 21:29:14'),
(13, 5, NULL, 1, '9.0', '2021-05-20 21:29:21'),
(14, 5, NULL, 2, '13.5', '2021-05-20 21:29:29'),
(15, 5, NULL, 3, '18.0', '2021-05-20 21:29:46'),
(16, 6, NULL, 1, '9.0', '2021-05-20 21:29:57'),
(17, 6, NULL, 2, '18.0', '2021-05-20 21:30:04'),
(18, 6, NULL, 3, '27.0', '2021-05-20 21:30:12'),
(19, 7, NULL, 1, '45.0', '2021-07-15 11:32:12'),
(20, 7, NULL, 2, '90.0', '2021-07-15 11:32:33'),
(21, 7, NULL, 3, '180.0', '2021-07-15 11:32:56'),
(22, 8, NULL, 1, '0.0', '2021-09-06 11:01:52'),
(23, 8, NULL, 2, '41.0', '2022-01-27 07:47:34'),
(24, 8, NULL, 3, '45.0', '2022-01-27 07:48:31'),
(25, 9, 1, 1, '1.0', '2023-02-03 14:52:20'),
(26, 9, 1, 2, '5.0', '2023-02-03 14:52:26'),
(27, 9, 1, 3, '10.0', '2023-02-03 14:52:32'),
(31, 9, 2, 1, '5.0', '2023-02-08 14:43:00'),
(32, 9, 2, 2, '15.0', '2023-02-08 14:43:18'),
(33, 9, 2, 3, '30.0', '2023-02-08 14:43:36'),
(34, 9, 3, 1, '10.0', '2023-02-08 14:44:10'),
(35, 9, 3, 2, '25.0', '2023-02-08 14:44:20'),
(36, 9, 3, 3, '50.0', '2023-02-08 14:44:28'),
(37, 9, 4, 1, '20.0', '2023-02-08 14:44:54'),
(38, 9, 4, 2, '50.0', '2023-02-08 14:45:01'),
(39, 9, 4, 3, '100.0', '2023-02-08 14:45:09'),
(40, 9, 5, 1, '10.0', '2023-02-08 14:46:23'),
(41, 9, 5, 2, '25.0', '2023-02-08 14:46:32'),
(42, 9, 5, 3, '50.0', '2023-02-08 14:46:38'),
(43, 9, 6, 1, '1.0', '2023-02-08 14:46:55'),
(44, 9, 6, 2, '5.0', '2023-02-08 14:47:01'),
(45, 9, 6, 3, '10.0', '2023-02-08 14:47:07'),
(46, 6, 7, 1, '5.0', '2023-02-08 14:48:57'),
(47, 6, 7, 2, '12.0', '2023-02-08 14:48:57'),
(48, 6, 7, 3, '45.0', '2023-02-08 14:49:13'),
(49, 6, 8, 1, '4.0', '2023-02-08 14:49:51'),
(50, 6, 8, 2, '18.0', '2023-02-08 14:49:59'),
(51, 6, 8, 3, '36.0', '2023-02-08 14:50:06'),
(52, 6, 9, 1, '4.0', '2023-02-08 14:51:15'),
(53, 6, 9, 2, '9.0', '2023-02-08 14:51:28'),
(54, 6, 9, 3, '18.0', '2023-02-08 14:51:34'),
(55, 6, 10, 1, '2.0', '2023-02-08 14:51:49'),
(56, 6, 10, 2, '4.0', '2023-02-08 14:51:55'),
(57, 6, 10, 3, '9.0', '2023-02-08 14:52:02'),
(58, 2, 7, 1, '9.0', '2023-02-08 14:52:59'),
(59, 2, 7, 2, '27.0', '2023-02-08 14:53:07'),
(60, 2, 7, 3, '90.0', '2023-02-08 14:53:13'),
(61, 2, 8, 1, '4.0', '2023-02-08 14:53:31'),
(62, 2, 8, 2, '18.0', '2023-02-08 14:53:38'),
(63, 2, 8, 3, '36.0', '2023-02-08 14:53:46'),
(64, 2, 9, 1, '6.0', '2023-02-08 14:54:48'),
(65, 2, 9, 2, '18.0', '2023-02-08 14:54:56'),
(66, 2, 9, 3, '45.0', '2023-02-08 14:55:02'),
(67, 2, 10, 1, '3.0', '2023-02-08 14:55:18'),
(68, 2, 10, 2, '6.0', '2023-02-08 14:55:23'),
(69, 2, 10, 3, '18.0', '2023-02-08 14:55:29');

-- --------------------------------------------------------

--
-- Estructura de tabla para la tabla `usuario`
--

CREATE TABLE `usuario` (
  `idUsuario` int(11) NOT NULL,
  `usuarioNombre` varchar(50) NOT NULL,
  `contrasena` varchar(50) NOT NULL,
  `activo` tinyint(1) NOT NULL,
  `fechaCrea` datetime NOT NULL DEFAULT CURRENT_TIMESTAMP,
  `idEmpleado` int(11) NOT NULL
) ENGINE=InnoDB DEFAULT CHARSET=utf8mb4;

--
-- Volcado de datos para la tabla `usuario`
--

INSERT INTO `usuario` (`idUsuario`, `usuarioNombre`, `contrasena`, `activo`, `fechaCrea`, `idEmpleado`) VALUES
(1, 'folimero', '202cb962ac59075b964b07152d234b70', 1, '2021-05-05 19:09:53', 1),
(2, 'ffelix@nai-group.com', '81bd84c896e453d8b6292072257c75c1', 1, '2021-05-24 14:41:19', 19),
(3, 'fnorzagaray@nai-group.com', 'f32a1932b0daea4297ad6fabea5e2ddb', 1, '2021-06-17 01:35:34', 20),
(4, 'LIZ', '7815696ecbf1c96e6894b779456d330e', 0, '2021-06-17 17:28:04', 4),
(5, 'jcastillo@nai-group.com', '202cb962ac59075b964b07152d234b70', 0, '2021-07-15 10:39:54', 27),
(6, 'galcantar@nai-group.com', '8d207018b44acf9fc8d29a0590ce5a25', 1, '2021-08-17 11:03:22', 28),
(7, 'asalas@nai-group.com', '202cb962ac59075b964b07152d234b70', 0, '2021-08-30 15:54:37', 18),
(8, 'dherrejon@nai-group.com', '7815696ecbf1c96e6894b779456d330e', 0, '2021-08-30 16:32:54', 21),
(9, 'rencinas@nai-group.com', '186eebd2d00bb2d01334bc4b92777766', 1, '2021-09-02 08:53:00', 29),
(10, 'gtobin@nai-group.com', '469ae135c8929b61b5aceefc76440578', 1, '2021-10-14 15:03:39', 13),
(11, 'sfranco@nai-group.com', '202cb962ac59075b964b07152d234b70', 0, '2021-10-26 10:22:06', 17),
(12, 'erojas@nai-group.com', '202cb962ac59075b964b07152d234b70', 0, '2021-11-18 10:19:43', 39),
(13, 'jacuna@nai-group.com', '7815696ecbf1c96e6894b779456d330e', 0, '2021-12-08 16:54:37', 30),
(14, 'icasillas@nai-group.com', '202cb962ac59075b964b07152d234b70', 1, '2021-12-15 12:26:00', 40),
(15, 'hhuerta@nai-group.com', '202cb962ac59075b964b07152d234b70', 0, '2023-01-26 10:35:50', 44),
(16, 'rguzman@nai-group.com', '202cb962ac59075b964b07152d234b70', 0, '2023-01-26 10:36:15', 43),
(17, 'jlruiz@nai-group.com', '202cb962ac59075b964b07152d234b70', 0, '2023-01-31 08:01:46', 49),
(18, 'jamedina@nai-group.com', '202cb962ac59075b964b07152d234b70', 0, '2023-01-31 08:02:51', 48),
(19, 'ahernandez@nai-group.com', '202cb962ac59075b964b07152d234b70', 1, '2023-01-31 08:03:22', 47),
(20, 'mtolano@nai-group.com', '70d6b6b337de9bd6815f18e9afb77470', 1, '2023-01-31 08:04:02', 45),
(21, 'jquijada@nai-group.com', '202cb962ac59075b964b07152d234b70', 1, '2023-01-31 08:04:28', 46),
(23, 'ecastelo@nai-group.com', '202cb962ac59075b964b07152d234b70', 1, '2023-04-24 10:43:41', 51),
(24, 'jmoroyoqui@nai-group.com', '202cb962ac59075b964b07152d234b70', 1, '2023-05-11 07:42:52', 52),
(25, 'mgomes@nai-group.com', '202cb962ac59075b964b07152d234b70', 1, '2023-05-17 10:07:38', 53),
(26, 'apayne@nai-group.com', '202cb962ac59075b964b07152d234b70', 1, '2023-05-17 10:11:21', 54),
(27, 'mlopez@nai-group.com', '202cb962ac59075b964b07152d234b70', 0, '2023-05-17 10:18:56', 55),
(28, 'jurias@nai-group.com', '202cb962ac59075b964b07152d234b70', 1, '2023-05-17 10:35:02', 56),
(29, 'mrodelo@nai-group.com', '202cb962ac59075b964b07152d234b70', 1, '2023-05-17 10:38:52', 57),
(30, 'adrielm@nai-group.com', '202cb962ac59075b964b07152d234b70', 1, '2023-05-17 10:40:50', 58),
(31, 'aarmenta@nai-group.com', '202cb962ac59075b964b07152d234b70', 1, '2023-05-17 10:42:42', 59),
(32, 'lzendejas@nai-group.com', '202cb962ac59075b964b07152d234b70', 1, '2023-05-17 10:44:51', 60),
(33, 'malcaraz@nai-group.com', '202cb962ac59075b964b07152d234b70', 1, '2023-05-17 10:46:16', 61),
(34, 'vmolina@nai-group.com', '202cb962ac59075b964b07152d234b70', 1, '2023-05-17 10:48:09', 62),
(35, 'svazquez@nai-group.com', '202cb962ac59075b964b07152d234b70', 1, '2023-05-17 10:49:43', 63),
(36, 'ymorales@nai-group.com', '202cb962ac59075b964b07152d234b70', 1, '2023-05-17 10:52:43', 64),
(37, 'mcervantes@nai-group.com', '202cb962ac59075b964b07152d234b70', 1, '2023-05-17 10:57:58', 65),
(38, 'cgarcia@nai-group.com', '202cb962ac59075b964b07152d234b70', 1, '2023-05-17 11:00:07', 66),
(39, 'amonge@nai-group.com', '202cb962ac59075b964b07152d234b70', 0, '2023-05-17 11:01:41', 67),
(40, 'stadeo@nai-group.com', '202cb962ac59075b964b07152d234b70', 1, '2023-05-17 11:07:04', 68),
(41, 'tborboa@nai-group.com', '202cb962ac59075b964b07152d234b70', 1, '2023-05-17 11:08:37', 69),
(42, 'ddurazo@nai-group.com', '202cb962ac59075b964b07152d234b70', 1, '2023-05-17 11:16:47', 70),
(43, 'lhernandez@nai-group.com', '202cb962ac59075b964b07152d234b70', 1, '2023-05-17 11:19:59', 71),
(44, 'dvalenzuela@nai-group.com', '202cb962ac59075b964b07152d234b70', 1, '2023-05-17 11:23:06', 72),
(45, 'rbeltran@nai-group.com', '202cb962ac59075b964b07152d234b70', 1, '2023-05-17 11:25:14', 73),
(46, 'hrenteria@nai-group.com', '202cb962ac59075b964b07152d234b70', 1, '2023-05-17 11:26:29', 74),
(47, 'mmedina@nai-group.com', '202cb962ac59075b964b07152d234b70', 0, '2023-05-17 11:28:19', 75),
(48, 'bbutler@nai-group.com', '202cb962ac59075b964b07152d234b70', 1, '2023-05-17 11:32:55', 76),
(49, 'cchairez@nai-group.com', '202cb962ac59075b964b07152d234b70', 1, '2023-05-17 11:36:13', 77),
(50, 'festrada@nai-group.com', '202cb962ac59075b964b07152d234b70', 1, '2023-05-17 11:37:57', 78),
(51, 'fmartinez@nai-group.com', '202cb962ac59075b964b07152d234b70', 1, '2023-05-17 11:41:06', 79),
(52, 'jaothon@nai-group.com', '202cb962ac59075b964b07152d234b70', 1, '2023-05-17 11:43:07', 80),
(53, 'lduarte@nai-group.com', '202cb962ac59075b964b07152d234b70', 1, '2023-05-17 11:46:20', 81),
(54, 'araceli.galaviz@nai-group.com', '202cb962ac59075b964b07152d234b70', 1, '2023-05-17 11:47:47', 82),
(55, 'gdingfelder@nai-group.com', '202cb962ac59075b964b07152d234b70', 0, '2023-05-17 11:53:08', 83),
(56, 'gfontes@nai-group.com', '202cb962ac59075b964b07152d234b70', 1, '2023-05-17 11:54:37', 84),
(57, 'mpazos@nai-group.com', '202cb962ac59075b964b07152d234b70', 0, '2023-05-17 11:56:31', 85),
(58, 'abraham.hernandez@nai-group.com', '202cb962ac59075b964b07152d234b70', 0, '2023-05-17 11:58:34', 86),
(59, 'cdelvillar@nai-group.com', '202cb962ac59075b964b07152d234b70', 0, '2023-05-17 11:59:48', 87),
(60, 'jcrodriguez@nai-group.com', '202cb962ac59075b964b07152d234b70', 1, '2023-05-17 12:01:02', 88),
(61, 'unknown@nai-group.com', '202cb962ac59075b964b07152d234b70', 0, '2023-05-17 16:35:53', 89),
(62, 'fpalomares@nai-group.com', '202cb962ac59075b964b07152d234b70', 1, '2023-07-11 07:46:59', 90);

-- --------------------------------------------------------

--
-- Estructura de tabla para la tabla `usuarios_asignados`
--

CREATE TABLE `usuarios_asignados` (
  `idUsuarioAsignado` int(11) NOT NULL,
  `idActividades_proyecto` int(11) NOT NULL,
  `idUsuario` int(11) NOT NULL,
  `fechaInicio` datetime NOT NULL DEFAULT CURRENT_TIMESTAMP,
  `fechaAprobacion` datetime DEFAULT NULL,
  `motivoReq` text COLLATE utf8_unicode_ci,
  `notas` text COLLATE utf8_unicode_ci,
  `fechaCrea` datetime NOT NULL DEFAULT CURRENT_TIMESTAMP
) ENGINE=InnoDB DEFAULT CHARSET=utf8 COLLATE=utf8_unicode_ci;

--
-- Volcado de datos para la tabla `usuarios_asignados`
--

INSERT INTO `usuarios_asignados` (`idUsuarioAsignado`, `idActividades_proyecto`, `idUsuario`, `fechaInicio`, `fechaAprobacion`, `motivoReq`, `notas`, `fechaCrea`) VALUES
(1, 1635, 9, '2021-11-18 10:33:14', '2021-11-22 15:40:41', 'Se requiere validar la AWI preliminar', 'revcisada', '2021-11-18 10:33:14'),
(2, 1635, 3, '2021-11-18 10:33:36', NULL, 'Revision de AWI preliminar', NULL, '2021-11-18 10:33:36'),
(3, 741, 3, '2021-11-22 07:28:09', '2021-12-03 14:20:05', 'No info', 'Document Shared', '2021-11-22 07:28:09'),
(4, 302, 1, '2021-11-22 15:12:22', '2021-11-22 15:12:38', 'PLS HELP', 'NO', '2021-11-22 15:12:22'),
(5, 566, 3, '2021-11-22 15:19:48', '2021-12-03 14:20:21', 'NO INFO', 'Document shared', '2021-11-22 15:19:48'),
(6, 665, 3, '2021-11-22 15:20:03', '2021-12-03 14:21:49', 'NO INFO', 'Document Shared', '2021-11-22 15:20:03'),
(7, 120, 3, '2021-11-22 15:20:21', '2021-12-03 14:21:35', 'NO INFO', 'No information from the customer.', '2021-11-22 15:20:21'),
(8, 2042, 10, '2021-11-22 15:31:00', '2021-11-24 16:12:37', 'PLS SHARE INFO', 'There is no need for a formal quote. Only design service is needed for now.', '2021-11-22 15:31:00'),
(9, 1601, 9, '2021-11-23 07:59:49', '2021-11-24 09:20:05', 'ASdiajsodiwejfsf o hsdifu hfiweu hfoido hs fdiouhewi pdifuhdfpquwhe iurh pas fpiweuh spdiofuvh se pruioh fpsuhfwerewr', 'Fue una actividad de prueba', '2021-11-23 07:59:49'),
(10, 2077, 1, '2021-11-23 10:12:19', '2021-11-24 09:06:02', 'Develop Drawings for CSR and ENG.', 'Done sended by mail.', '2021-11-23 10:12:19');

-- --------------------------------------------------------

--
-- Estructura de tabla para la tabla `ventas`
--

CREATE TABLE `ventas` (
  `idVenta` int(11) NOT NULL,
  `idCotizacion` int(11) NOT NULL,
  `anio` varchar(4) COLLATE utf8_unicode_ci NOT NULL DEFAULT '2021',
  `mes` int(2) NOT NULL,
  `venta` decimal(15,2) DEFAULT NULL,
  `dueDate` datetime DEFAULT NULL,
  `idResponsable` int(11) DEFAULT NULL,
  `approved` tinyint(1) NOT NULL DEFAULT '0',
  `approvedBy` int(11) DEFAULT NULL,
  `approvedOn` datetime DEFAULT NULL,
  `notas` text COLLATE utf8_unicode_ci,
  `createdBy` int(11) NOT NULL,
  `fechaCrea` datetime NOT NULL DEFAULT CURRENT_TIMESTAMP
) ENGINE=InnoDB DEFAULT CHARSET=utf8 COLLATE=utf8_unicode_ci;

--
-- Volcado de datos para la tabla `ventas`
--

INSERT INTO `ventas` (`idVenta`, `idCotizacion`, `anio`, `mes`, `venta`, `dueDate`, `idResponsable`, `approved`, `approvedBy`, `approvedOn`, `notas`, `createdBy`, `fechaCrea`) VALUES
(1, 48, '2021', 1, '7370.40', NULL, NULL, 0, NULL, NULL, 'PART NUMBERS: 3129817-30-E@B 3129817-10-E@B', 11, '2021-10-26 14:42:39'),
(2, 48, '2021', 4, '4744.20', NULL, NULL, 0, NULL, NULL, 'PART NUMBERS: 3129817-30-E@B 3129817-10-E@B', 11, '2021-10-26 14:49:41'),
(3, 140, '2021', 7, '70200.00', NULL, NULL, 0, NULL, NULL, '', 11, '2021-10-27 08:13:27'),
(4, 140, '2021', 8, '56725.00', NULL, NULL, 0, NULL, NULL, '', 11, '2021-10-27 08:13:45'),
(5, 140, '2021', 9, '80075.00', NULL, NULL, 0, NULL, NULL, '', 11, '2021-10-27 08:14:06'),
(6, 140, '2021', 10, '72000.00', NULL, NULL, 0, NULL, NULL, '', 11, '2021-10-27 08:14:22'),
(7, 77, '2021', 1, '2402768.38', NULL, NULL, 0, NULL, NULL, '', 11, '2021-11-02 08:49:36'),
(8, 77, '2021', 2, '2722261.44', NULL, NULL, 0, NULL, NULL, '', 11, '2021-11-02 08:50:01'),
(9, 77, '2021', 3, '1422885.98', NULL, NULL, 0, NULL, NULL, '', 11, '2021-11-02 08:50:28'),
(10, 77, '2021', 4, '345470.05', NULL, NULL, 0, NULL, NULL, '', 11, '2021-11-02 08:50:52'),
(11, 77, '2021', 5, '467648.90', NULL, NULL, 0, NULL, NULL, '', 11, '2021-11-02 08:51:15'),
(12, 77, '2021', 6, '644809.73', NULL, NULL, 0, NULL, NULL, '', 11, '2021-11-02 08:51:45'),
(13, 77, '2021', 7, '370728.38', NULL, NULL, 0, NULL, NULL, '', 11, '2021-11-02 08:52:11'),
(14, 77, '2021', 8, '574279.03', NULL, NULL, 0, NULL, NULL, '', 11, '2021-11-02 08:52:39'),
(15, 77, '2021', 9, '855235.04', NULL, NULL, 0, NULL, NULL, '', 11, '2021-11-02 08:53:01'),
(16, 77, '2021', 10, '603612.86', NULL, NULL, 0, NULL, NULL, '', 11, '2021-11-02 08:53:25'),
(17, 66, '2021', 1, '12703.60', NULL, NULL, 0, NULL, NULL, '', 11, '2021-11-02 08:55:57'),
(18, 66, '2021', 2, '12486.00', NULL, NULL, 0, NULL, NULL, '', 11, '2021-11-02 08:56:14'),
(19, 66, '2021', 3, '5826.80', NULL, NULL, 0, NULL, NULL, '', 11, '2021-11-02 08:56:28'),
(20, 66, '2021', 4, '6659.20', NULL, NULL, 0, NULL, NULL, '', 11, '2021-11-02 08:56:48'),
(21, 63, '2021', 1, '39349.95', NULL, NULL, 0, NULL, NULL, '', 11, '2021-11-02 09:12:36'),
(22, 63, '2021', 2, '11304.81', NULL, NULL, 0, NULL, NULL, '', 11, '2021-11-02 09:12:51'),
(23, 63, '2021', 3, '56810.20', NULL, NULL, 0, NULL, NULL, '', 11, '2021-11-02 09:13:06'),
(24, 63, '2021', 4, '37963.80', NULL, NULL, 0, NULL, NULL, '', 11, '2021-11-02 09:13:26'),
(25, 63, '2021', 5, '22597.50', NULL, NULL, 0, NULL, NULL, '', 11, '2021-11-02 09:13:43'),
(26, 63, '2021', 6, '13948.76', NULL, NULL, 0, NULL, NULL, '', 11, '2021-11-02 09:14:04'),
(27, 63, '2021', 7, '25811.69', NULL, NULL, 0, NULL, NULL, '', 11, '2021-11-02 09:14:19'),
(28, 58, '2021', 5, '411.06', NULL, NULL, 0, NULL, NULL, '', 11, '2021-11-02 09:17:35'),
(29, 58, '2021', 6, '1858.29', NULL, NULL, 0, NULL, NULL, '', 11, '2021-11-02 09:17:50'),
(30, 58, '2021', 7, '5960.37', NULL, NULL, 0, NULL, NULL, '', 11, '2021-11-02 09:18:04'),
(31, 55, '2021', 1, '392245.77', NULL, NULL, 0, NULL, NULL, '', 11, '2021-11-02 09:22:38'),
(32, 55, '2021', 2, '809381.19', NULL, NULL, 0, NULL, NULL, '', 11, '2021-11-02 09:23:03'),
(33, 55, '2021', 3, '603114.17', NULL, NULL, 0, NULL, NULL, '', 11, '2021-11-02 09:23:26'),
(34, 55, '2021', 4, '326967.49', NULL, NULL, 0, NULL, NULL, '', 11, '2021-11-02 09:23:47'),
(35, 55, '2021', 5, '96863.62', NULL, NULL, 0, NULL, NULL, '', 11, '2021-11-02 09:24:09'),
(36, 55, '2021', 6, '173020.21', NULL, NULL, 0, NULL, NULL, '', 11, '2021-11-02 09:24:35'),
(37, 55, '2021', 7, '287617.88', NULL, NULL, 0, NULL, NULL, '', 11, '2021-11-02 09:24:56'),
(38, 55, '2021', 8, '234888.04', NULL, NULL, 0, NULL, NULL, '', 11, '2021-11-02 09:25:17'),
(39, 55, '2021', 9, '203858.44', NULL, NULL, 0, NULL, NULL, '', 11, '2021-11-02 09:25:36'),
(40, 55, '2021', 10, '132852.89', NULL, NULL, 0, NULL, NULL, '', 11, '2021-11-02 09:25:59'),
(41, 42, '2021', 1, '488580.90', NULL, NULL, 0, NULL, NULL, '', 11, '2021-11-02 10:50:05'),
(42, 42, '2021', 2, '201738.21', NULL, NULL, 0, NULL, NULL, '', 11, '2021-11-02 10:50:26'),
(43, 42, '2021', 3, '182028.63', NULL, NULL, 0, NULL, NULL, '', 11, '2021-11-02 10:50:45'),
(44, 42, '2021', 4, '25329.09', NULL, NULL, 0, NULL, NULL, '', 11, '2021-11-02 10:51:05'),
(45, 42, '2021', 5, '23465.40', NULL, NULL, 0, NULL, NULL, '', 11, '2021-11-02 10:51:23'),
(46, 42, '2021', 6, '2681.76', NULL, NULL, 0, NULL, NULL, '', 11, '2021-11-02 10:51:40'),
(47, 42, '2021', 7, '790.83', NULL, NULL, 0, NULL, NULL, '', 11, '2021-11-02 10:51:58'),
(48, 12, '2021', 1, '209664.45', NULL, NULL, 0, NULL, NULL, '', 11, '2021-11-02 10:55:06'),
(50, 63, '2019', 1, '1769.04', NULL, NULL, 0, NULL, NULL, '', 11, '2021-11-04 15:39:20'),
(51, 66, '2019', 1, '945.00', NULL, NULL, 0, NULL, NULL, '', 11, '2021-11-04 15:39:49'),
(52, 155, '2019', 1, '3926.83', NULL, NULL, 0, NULL, NULL, '', 11, '2021-11-04 15:40:18'),
(53, 43, '2020', 1, '4256405.46', NULL, NULL, 0, NULL, NULL, '', 11, '2021-11-04 15:40:54'),
(54, 42, '2020', 1, '1202439.33', NULL, NULL, 0, NULL, NULL, '', 11, '2021-11-04 15:41:17'),
(55, 47, '2020', 1, '135340.00', NULL, NULL, 0, NULL, NULL, '', 11, '2021-11-04 15:41:38'),
(56, 58, '2020', 1, '15964.14', NULL, NULL, 0, NULL, NULL, '', 11, '2021-11-04 15:41:57'),
(57, 63, '2020', 1, '237246.71', NULL, NULL, 0, NULL, NULL, '', 11, '2021-11-04 15:42:40'),
(58, 37, '2020', 1, '7251.90', NULL, NULL, 0, NULL, NULL, '', 11, '2021-11-04 15:43:00'),
(59, 38, '2020', 1, '1502.84', NULL, NULL, 0, NULL, NULL, '', 11, '2021-11-04 15:43:31'),
(60, 66, '2020', 1, '28122.00', NULL, NULL, 0, NULL, NULL, '', 11, '2021-11-04 15:44:08'),
(61, 10, '2020', 1, '1784613.93', NULL, NULL, 0, NULL, NULL, '', 11, '2021-11-04 15:44:26'),
(62, 77, '2020', 1, '4186909.97', NULL, NULL, 0, NULL, NULL, '', 11, '2021-11-04 15:55:11'),
(63, 40, '2020', 1, '8020.95', NULL, NULL, 0, NULL, NULL, '', 11, '2021-11-04 15:58:49'),
(64, 40, '2021', 5, '15400.00', NULL, NULL, 0, NULL, NULL, '', 11, '2021-11-04 15:59:04'),
(65, 47, '2021', 1, '4020.00', NULL, NULL, 0, NULL, NULL, '', 11, '2021-11-04 16:33:33'),
(66, 47, '2021', 2, '56280.00', NULL, NULL, 0, NULL, NULL, '', 11, '2021-11-04 16:33:53'),
(67, 47, '2021', 3, '1239500.00', NULL, NULL, 0, NULL, NULL, '', 11, '2021-11-04 16:34:13'),
(68, 47, '2021', 4, '1893420.00', NULL, NULL, 0, NULL, NULL, '', 11, '2021-11-04 16:34:37'),
(69, 47, '2021', 5, '2010000.00', NULL, NULL, 0, NULL, NULL, '', 11, '2021-11-04 16:35:01'),
(70, 47, '2021', 6, '2111840.00', NULL, NULL, 0, NULL, NULL, '', 11, '2021-11-04 16:35:22'),
(71, 47, '2021', 7, '958100.00', NULL, NULL, 0, NULL, NULL, '', 11, '2021-11-04 16:35:42'),
(72, 47, '2021', 8, '2060920.00', NULL, NULL, 0, NULL, NULL, '', 11, '2021-11-04 16:36:09'),
(73, 47, '2021', 9, '1297120.00', NULL, NULL, 0, NULL, NULL, '', 11, '2021-11-04 16:36:32'),
(74, 47, '2021', 10, '1901460.00', NULL, NULL, 0, NULL, NULL, '', 11, '2021-11-04 16:36:53'),
(75, 47, '2021', 11, '343040.00', NULL, NULL, 0, NULL, NULL, '', 11, '2021-11-04 16:37:15'),
(76, 107, '2021', 4, '154636.03', NULL, NULL, 0, NULL, NULL, '', 10, '2021-11-09 07:54:33'),
(77, 107, '2021', 5, '421346.87', NULL, NULL, 0, NULL, NULL, '', 10, '2021-11-09 07:54:41'),
(78, 107, '2021', 9, '1234.60', NULL, NULL, 0, NULL, NULL, '', 10, '2021-11-09 07:54:55'),
(79, 107, '2021', 10, '1313.17', NULL, NULL, 0, NULL, NULL, '', 10, '2021-11-09 07:55:00'),
(80, 118, '2021', 4, '87457.00', NULL, NULL, 0, NULL, NULL, '', 10, '2021-11-09 07:56:33'),
(81, 118, '2021', 5, '36824.00', NULL, NULL, 0, NULL, NULL, '', 10, '2021-11-09 07:56:39'),
(82, 15, '2019', 12, '624.65', NULL, NULL, 0, NULL, NULL, '', 10, '2021-11-09 08:00:52'),
(83, 15, '2020', 10, '604.50', NULL, NULL, 0, NULL, NULL, '', 10, '2021-11-09 08:01:07'),
(84, 121, '2021', 8, '504.75', NULL, NULL, 0, NULL, NULL, '', 10, '2021-11-09 08:01:38'),
(85, 130, '2021', 5, '107.93', NULL, NULL, 0, NULL, NULL, '', 10, '2021-11-09 08:03:36'),
(86, 131, '2021', 6, '2673.86', NULL, NULL, 0, NULL, NULL, '', 10, '2021-11-09 08:18:01'),
(87, 131, '2021', 7, '17357.55', NULL, NULL, 0, NULL, NULL, '', 10, '2021-11-09 08:18:06'),
(88, 131, '2021', 8, '2008.78', NULL, NULL, 0, NULL, NULL, '', 10, '2021-11-09 08:18:12'),
(89, 131, '2021', 9, '756.22', NULL, NULL, 0, NULL, NULL, '', 10, '2021-11-09 08:18:18'),
(90, 135, '2021', 6, '1611.97', NULL, NULL, 0, NULL, NULL, '', 10, '2021-11-09 08:33:58'),
(91, 153, '2021', 9, '9903.30', NULL, NULL, 0, NULL, NULL, '', 11, '2021-12-08 15:35:32'),
(92, 140, '2021', 11, '121975.00', NULL, NULL, 0, NULL, NULL, '', 11, '2021-12-08 15:38:20'),
(93, 133, '2021', 7, '17357.55', NULL, NULL, 0, NULL, NULL, '', 11, '2021-12-08 16:24:51'),
(94, 133, '2021', 8, '2008.78', NULL, NULL, 0, NULL, NULL, '', 11, '2021-12-08 16:25:04'),
(95, 133, '2021', 6, '2673.86', NULL, NULL, 0, NULL, NULL, '', 11, '2021-12-08 16:25:53'),
(96, 133, '2021', 9, '756.22', NULL, NULL, 0, NULL, NULL, '', 11, '2021-12-08 16:27:34'),
(97, 121, '2021', 5, '504.75', NULL, NULL, 0, NULL, NULL, '', 11, '2021-12-08 16:32:15'),
(98, 140, '2022', 1, '65250.00', NULL, NULL, 0, NULL, NULL, '', 11, '2022-02-25 09:53:01'),
(99, 140, '2022', 2, '54450.00', NULL, NULL, 0, NULL, NULL, '', 11, '2022-02-25 09:54:09'),
(100, 63, '2022', 1, '20346.84', NULL, NULL, 0, NULL, NULL, '', 11, '2022-02-25 10:37:15'),
(101, 63, '2022', 2, '30520.26', NULL, NULL, 0, NULL, NULL, '', 11, '2022-02-25 13:49:20'),
(102, 77, '2022', 1, '462459.19', NULL, NULL, 0, NULL, NULL, '', 11, '2022-02-25 13:54:19'),
(103, 77, '2022', 2, '531437.45', NULL, NULL, 0, NULL, NULL, '', 11, '2022-02-25 13:54:47'),
(104, 47, '2022', 1, '1603980.00', NULL, NULL, 0, NULL, NULL, '', 11, '2022-02-25 13:56:42'),
(105, 47, '2022', 2, '1847860.00', NULL, NULL, 0, NULL, NULL, '', 11, '2022-02-25 13:57:10'),
(106, 55, '2022', 1, '541434.67', NULL, NULL, 0, NULL, NULL, '', 11, '2022-02-25 14:11:59'),
(107, 55, '2022', 2, '316933.73', NULL, NULL, 0, NULL, NULL, '', 11, '2022-02-25 14:12:20'),
(108, 42, '2022', 1, '18269.49', NULL, NULL, 0, NULL, NULL, '', 11, '2022-02-25 14:13:57'),
(109, 42, '2022', 2, '19107.54', NULL, NULL, 0, NULL, NULL, '', 11, '2022-02-25 14:14:42'),
(110, 115, '2022', 1, '517627.00', NULL, NULL, 0, NULL, NULL, '', 11, '2022-02-25 15:42:00'),
(111, 115, '2022', 2, '442121.00', NULL, NULL, 0, NULL, NULL, '', 11, '2022-02-25 15:42:26'),
(112, 107, '2022', 2, '111939.14', NULL, NULL, 0, NULL, NULL, '', 11, '2022-02-25 15:44:00'),
(113, 397, '2022', 1, '8942.17', NULL, NULL, 0, NULL, NULL, '', 11, '2022-02-25 16:08:17'),
(114, 397, '2022', 2, '63175.15', NULL, NULL, 0, NULL, NULL, '', 11, '2022-02-25 16:08:36'),
(115, 12, '2022', 2, '3000.90', NULL, NULL, 0, NULL, NULL, '', 11, '2022-02-25 16:10:12'),
(116, 315, '2022', 1, '0.00', NULL, NULL, 0, NULL, NULL, '', 11, '2022-03-10 10:45:48'),
(117, 47, '2021', 12, '2039480.00', NULL, NULL, 0, NULL, NULL, '', 11, '2022-03-29 15:31:17'),
(118, 397, '2021', 12, '11968.00', NULL, NULL, 0, NULL, NULL, '', 11, '2022-03-29 15:38:57'),
(119, 55, '2021', 12, '166989.07', NULL, NULL, 0, NULL, NULL, '', 11, '2022-03-29 15:52:52'),
(120, 77, '2021', 12, '354497.64', NULL, NULL, 0, NULL, NULL, '', 11, '2022-03-29 15:58:02'),
(121, 131, '2021', 12, '1822.02', NULL, NULL, 0, NULL, NULL, '', 11, '2022-03-30 16:39:33'),
(122, 126, '2021', 12, '559.80', NULL, NULL, 0, NULL, NULL, '', 11, '2022-03-30 16:42:16'),
(123, 140, '2021', 12, '27900.00', NULL, NULL, 0, NULL, NULL, '', 11, '2022-03-30 16:49:26'),
(124, 308, '2021', 12, '165079.00', NULL, NULL, 0, NULL, NULL, '', 11, '2022-03-30 16:59:25');

--
-- Índices para tablas volcadas
--

--
-- Indices de la tabla `actividad`
--
ALTER TABLE `actividad`
  ADD PRIMARY KEY (`idActividad`),
  ADD KEY `idEtapa` (`idEtapa`);

--
-- Indices de la tabla `actividades_proyecto`
--
ALTER TABLE `actividades_proyecto`
  ADD PRIMARY KEY (`idActividades_proyecto`),
  ADD UNIQUE KEY `UQ_PROID_ACTID` (`idProyecto`,`idActividad`),
  ADD KEY `idProyecto` (`idProyecto`),
  ADD KEY `idActividad` (`idActividad`),
  ADD KEY `entregadoPor` (`entregadoPor`),
  ADD KEY `aprobadoPor` (`aprobadoPor`),
  ADD KEY `respAct` (`respAct`);

--
-- Indices de la tabla `actividad_dependencia`
--
ALTER TABLE `actividad_dependencia`
  ADD PRIMARY KEY (`idActividadDependencia`),
  ADD UNIQUE KEY `UNIQUE_ACT_ACTREQ` (`idActividad`,`idActRequerida`),
  ADD KEY `idActRequerida` (`idActRequerida`);

--
-- Indices de la tabla `actividad_recursos_adicionales`
--
ALTER TABLE `actividad_recursos_adicionales`
  ADD PRIMARY KEY (`idRecursosAdicionales`),
  ADD KEY `idUsuario` (`idUsuario`),
  ADD KEY `idActividades_proyecto` (`idActividades_proyecto`);

--
-- Indices de la tabla `alternativo`
--
ALTER TABLE `alternativo`
  ADD PRIMARY KEY (`idAlternativo`),
  ADD KEY `idAlternativoManufacturador` (`idAlternativoManufacturador`),
  ADD KEY `idAlternativoStatus` (`idAlternativoStatus`),
  ADD KEY `idAlternativoTipo` (`idAlternativoTipo`),
  ADD KEY `idAsignadoAUsuario` (`idAsignadoAUsuario`),
  ADD KEY `idManufacturador` (`idManufacturador`),
  ADD KEY `idMotivo` (`idMotivo`),
  ADD KEY `idNegocioVieneDeDepartamento` (`idNegocioVieneDeDepartamento`),
  ADD KEY `idNegocioVieneDeUsuario` (`idNegocioVieneDeUsuario`);

--
-- Indices de la tabla `alternativo_motivo`
--
ALTER TABLE `alternativo_motivo`
  ADD PRIMARY KEY (`idAlternativoMotivo`),
  ADD KEY `creadoPor` (`creadoPor`);

--
-- Indices de la tabla `alternativo_spec`
--
ALTER TABLE `alternativo_spec`
  ADD PRIMARY KEY (`idAlternativoSpec`),
  ADD KEY `subidoPor` (`subidoPor`),
  ADD KEY `idAlternativo` (`idAlternativo`);

--
-- Indices de la tabla `alternativo_status`
--
ALTER TABLE `alternativo_status`
  ADD PRIMARY KEY (`idAlternativoStatus`),
  ADD KEY `creadoPor` (`creadoPor`);

--
-- Indices de la tabla `alternativo_tipo`
--
ALTER TABLE `alternativo_tipo`
  ADD PRIMARY KEY (`idAlternativoTipo`),
  ADD KEY `creadoPor` (`creadoPor`);

--
-- Indices de la tabla `capacidad`
--
ALTER TABLE `capacidad`
  ADD PRIMARY KEY (`idCapacidad`);

--
-- Indices de la tabla `capacidades`
--
ALTER TABLE `capacidades`
  ADD PRIMARY KEY (`idCapacidades`),
  ADD UNIQUE KEY `UQ_EMPID_CAPID` (`idEmpleado`,`idCapacidad`),
  ADD KEY `idCapacidad` (`idCapacidad`),
  ADD KEY `idEmpleado` (`idEmpleado`);

--
-- Indices de la tabla `cap_requeridas`
--
ALTER TABLE `cap_requeridas`
  ADD PRIMARY KEY (`idCapRequeridas`),
  ADD UNIQUE KEY `UQ_PROID_CAPID` (`idProyecto`,`idCapacidad`),
  ADD KEY `idCapacidad` (`idCapacidad`),
  ADD KEY `idProyecto` (`idProyecto`);

--
-- Indices de la tabla `carrier`
--
ALTER TABLE `carrier`
  ADD PRIMARY KEY (`idCarrier`),
  ADD UNIQUE KEY `nombre` (`nombreCarrier`);

--
-- Indices de la tabla `cliente`
--
ALTER TABLE `cliente`
  ADD PRIMARY KEY (`idCliente`);

--
-- Indices de la tabla `cliente_contacto`
--
ALTER TABLE `cliente_contacto`
  ADD PRIMARY KEY (`idClienteContacto`),
  ADD KEY `idCliente` (`idCliente`);

--
-- Indices de la tabla `complejidad`
--
ALTER TABLE `complejidad`
  ADD PRIMARY KEY (`idComplejidad`);

--
-- Indices de la tabla `cotizacion`
--
ALTER TABLE `cotizacion`
  ADD PRIMARY KEY (`idCotizacion`),
  ADD UNIQUE KEY `quoteID` (`quoteID`),
  ADD KEY `idCliente` (`idCliente`),
  ADD KEY `idResponsable` (`idResponsable`),
  ADD KEY `idRepreVentas` (`idRepreVentas`),
  ADD KEY `idStatus` (`idStatus`),
  ADD KEY `idClienteContacto` (`idClienteContacto`),
  ADD KEY `BOMType` (`BOMType`),
  ADD KEY `idTipoCotizacion` (`idTipoCotizacion`);

--
-- Indices de la tabla `cotizacion_archivo`
--
ALTER TABLE `cotizacion_archivo`
  ADD PRIMARY KEY (`idCotizacionArchivo`),
  ADD KEY `subidoPor` (`subidoPor`),
  ADD KEY `tipo` (`tipo`),
  ADD KEY `aprobadoPor` (`aprobadoPor`),
  ADD KEY `idCotizacion` (`idCotizacion`);

--
-- Indices de la tabla `cotizacion_archivo_tipo`
--
ALTER TABLE `cotizacion_archivo_tipo`
  ADD PRIMARY KEY (`idCotizacionArchivoTipo`);

--
-- Indices de la tabla `cotizacion_categoria`
--
ALTER TABLE `cotizacion_categoria`
  ADD PRIMARY KEY (`idCotizacionCategoria`),
  ADD UNIQUE KEY `categoria` (`categoria`),
  ADD KEY `idComplejidad` (`idComplejidad`);

--
-- Indices de la tabla `cotizacion_ensambles`
--
ALTER TABLE `cotizacion_ensambles`
  ADD PRIMARY KEY (`idCotizacionEnsamble`),
  ADD KEY `idCotizacion` (`idCotizacion`);

--
-- Indices de la tabla `cotizacion_notas`
--
ALTER TABLE `cotizacion_notas`
  ADD PRIMARY KEY (`idCotizacionNota`),
  ADD KEY `idCotizacion` (`idCotizacion`),
  ADD KEY `idUsuario` (`idUsuario`);

--
-- Indices de la tabla `cotizacion_volumen`
--
ALTER TABLE `cotizacion_volumen`
  ADD PRIMARY KEY (`idCotizacionVolumen`),
  ADD UNIQUE KEY `nombre` (`nombre`);

--
-- Indices de la tabla `cuenta`
--
ALTER TABLE `cuenta`
  ADD PRIMARY KEY (`idCuenta`),
  ADD KEY `idCliente` (`idCliente`),
  ADD KEY `idCarrier` (`idCarrier`);

--
-- Indices de la tabla `departamento`
--
ALTER TABLE `departamento`
  ADD PRIMARY KEY (`idDepartamento`);

--
-- Indices de la tabla `empleado`
--
ALTER TABLE `empleado`
  ADD PRIMARY KEY (`idEmpleado`),
  ADD UNIQUE KEY `numEmpleado` (`numEmpleado`),
  ADD KEY `idPuesto` (`idPuesto`),
  ADD KEY `idDepartamento` (`idDepartamento`);

--
-- Indices de la tabla `ensambles`
--
ALTER TABLE `ensambles`
  ADD PRIMARY KEY (`idEnsamble`),
  ADD KEY `idProyecto` (`idProyecto`);

--
-- Indices de la tabla `etapa`
--
ALTER TABLE `etapa`
  ADD PRIMARY KEY (`idEtapa`);

--
-- Indices de la tabla `historial`
--
ALTER TABLE `historial`
  ADD PRIMARY KEY (`idHistorial`),
  ADD KEY `idProyecto` (`idProyecto`),
  ADD KEY `idUsuario` (`idUsuario`);

--
-- Indices de la tabla `manufacturador`
--
ALTER TABLE `manufacturador`
  ADD PRIMARY KEY (`idManufacturador`),
  ADD KEY `creadoPor` (`creadoPor`);

--
-- Indices de la tabla `permiso`
--
ALTER TABLE `permiso`
  ADD PRIMARY KEY (`idPermiso`);

--
-- Indices de la tabla `privilegios`
--
ALTER TABLE `privilegios`
  ADD PRIMARY KEY (`idPrivilegios`),
  ADD UNIQUE KEY `UQ_USRID_PERMID` (`idUsuario`,`idPermiso`),
  ADD KEY `idPermiso` (`idPermiso`),
  ADD KEY `idUsuario` (`idUsuario`);

--
-- Indices de la tabla `productos`
--
ALTER TABLE `productos`
  ADD PRIMARY KEY (`idProducto`);

--
-- Indices de la tabla `proyecto`
--
ALTER TABLE `proyecto`
  ADD PRIMARY KEY (`idProyecto`),
  ADD UNIQUE KEY `appTrackID` (`appTrackID`),
  ADD KEY `idCliente` (`idCliente`),
  ADD KEY `idStatus` (`idStatus`),
  ADD KEY `idUsuario` (`idUsuario`),
  ADD KEY `idCuenta` (`idCuenta`),
  ADD KEY `idResponsable` (`idRespDiseno`),
  ADD KEY `idRespManu` (`idRespManu`),
  ADD KEY `currentStage` (`currentStage`),
  ADD KEY `idTipoProyecto` (`idTipoProyecto`),
  ADD KEY `idRepreVentas` (`idRepreVentas`),
  ADD KEY `idGerenteProyecto` (`idGerenteProyecto`),
  ADD KEY `idLiderProyecto` (`idLiderProyecto`),
  ADD KEY `idIngenieroQA` (`idIngenieroQA`),
  ADD KEY `idGerentePrograma` (`idCoordinadorProyecto`),
  ADD KEY `idProyectoRequester` (`idProyectoRequester`);

--
-- Indices de la tabla `proyecto_aprobador_etapa`
--
ALTER TABLE `proyecto_aprobador_etapa`
  ADD PRIMARY KEY (`idProyectoAprobador`),
  ADD KEY `idProyectoEtapa` (`idProyectoEtapa`),
  ADD KEY `idUsuario` (`idUsuario`),
  ADD KEY `idRol` (`idRol`);

--
-- Indices de la tabla `proyecto_categoria`
--
ALTER TABLE `proyecto_categoria`
  ADD PRIMARY KEY (`idProyectoCategoria`);

--
-- Indices de la tabla `proyecto_etapa`
--
ALTER TABLE `proyecto_etapa`
  ADD PRIMARY KEY (`idProyectoEtapa`),
  ADD KEY `idProyecto` (`idProyecto`),
  ADD KEY `idEtapa` (`idEtapa`);

--
-- Indices de la tabla `proyecto_notas`
--
ALTER TABLE `proyecto_notas`
  ADD PRIMARY KEY (`idProyectoNota`),
  ADD KEY `idProyecto` (`idProyecto`),
  ADD KEY `idUsuario` (`idUsuario`);

--
-- Indices de la tabla `proyecto_requester`
--
ALTER TABLE `proyecto_requester`
  ADD PRIMARY KEY (`idProyectoRequester`);

--
-- Indices de la tabla `proyecto_servicio`
--
ALTER TABLE `proyecto_servicio`
  ADD PRIMARY KEY (`idProyectoServicio`);

--
-- Indices de la tabla `puesto`
--
ALTER TABLE `puesto`
  ADD PRIMARY KEY (`idPuesto`);

--
-- Indices de la tabla `recursos_asignados`
--
ALTER TABLE `recursos_asignados`
  ADD PRIMARY KEY (`idRecurso`),
  ADD KEY `idEmpleado` (`idEmpleado`),
  ADD KEY `recursos_asignados_ibfk_2` (`idActividades_proyecto`);

--
-- Indices de la tabla `rol_aprobador`
--
ALTER TABLE `rol_aprobador`
  ADD PRIMARY KEY (`idRol`);

--
-- Indices de la tabla `status`
--
ALTER TABLE `status`
  ADD PRIMARY KEY (`idStatus`);

--
-- Indices de la tabla `ticket`
--
ALTER TABLE `ticket`
  ADD PRIMARY KEY (`idTicket`),
  ADD KEY `idIssueType` (`idTicketType`),
  ADD KEY `idTicketStatus` (`idTicketStatus`),
  ADD KEY `idUser` (`idUser`);

--
-- Indices de la tabla `ticket_notes`
--
ALTER TABLE `ticket_notes`
  ADD PRIMARY KEY (`idTicketNote`),
  ADD KEY `idTicket` (`idTicket`),
  ADD KEY `idUser` (`idUser`);

--
-- Indices de la tabla `ticket_status`
--
ALTER TABLE `ticket_status`
  ADD PRIMARY KEY (`idTicketStatus`);

--
-- Indices de la tabla `ticket_type`
--
ALTER TABLE `ticket_type`
  ADD PRIMARY KEY (`idTicketType`);

--
-- Indices de la tabla `tipocotizacion`
--
ALTER TABLE `tipocotizacion`
  ADD PRIMARY KEY (`idTipoCotizacion`),
  ADD UNIQUE KEY `UQ_COTCAT_COTVOL` (`idCotizacionCategoria`,`idCotizacionVolumen`),
  ADD KEY `idCotizacionVolumen` (`idCotizacionVolumen`);

--
-- Indices de la tabla `tipoproyecto`
--
ALTER TABLE `tipoproyecto`
  ADD PRIMARY KEY (`idTipoProyecto`),
  ADD UNIQUE KEY `UQ_PROCAT_CMPLX` (`idProyectoCategoria`,`idComplejidad`,`idProyectoServicio`) USING BTREE,
  ADD KEY `idComplejidad` (`idComplejidad`),
  ADD KEY `idProyectoServicio` (`idProyectoServicio`);

--
-- Indices de la tabla `usuario`
--
ALTER TABLE `usuario`
  ADD PRIMARY KEY (`idUsuario`),
  ADD UNIQUE KEY `idEmpleado` (`idEmpleado`);

--
-- Indices de la tabla `usuarios_asignados`
--
ALTER TABLE `usuarios_asignados`
  ADD PRIMARY KEY (`idUsuarioAsignado`),
  ADD KEY `idActividades_proyecto` (`idActividades_proyecto`),
  ADD KEY `idUsuario` (`idUsuario`);

--
-- Indices de la tabla `ventas`
--
ALTER TABLE `ventas`
  ADD PRIMARY KEY (`idVenta`),
  ADD UNIQUE KEY `UQ_ANIO_MES` (`idCotizacion`,`anio`,`mes`),
  ADD KEY `approvedBy` (`approvedBy`),
  ADD KEY `idResponsable` (`idResponsable`),
  ADD KEY `createdBy` (`createdBy`);

--
-- AUTO_INCREMENT de las tablas volcadas
--

--
-- AUTO_INCREMENT de la tabla `actividad`
--
ALTER TABLE `actividad`
  MODIFY `idActividad` int(11) NOT NULL AUTO_INCREMENT, AUTO_INCREMENT=156;

--
-- AUTO_INCREMENT de la tabla `actividades_proyecto`
--
ALTER TABLE `actividades_proyecto`
  MODIFY `idActividades_proyecto` int(11) NOT NULL AUTO_INCREMENT, AUTO_INCREMENT=5974;

--
-- AUTO_INCREMENT de la tabla `actividad_dependencia`
--
ALTER TABLE `actividad_dependencia`
  MODIFY `idActividadDependencia` int(11) NOT NULL AUTO_INCREMENT, AUTO_INCREMENT=103;

--
-- AUTO_INCREMENT de la tabla `actividad_recursos_adicionales`
--
ALTER TABLE `actividad_recursos_adicionales`
  MODIFY `idRecursosAdicionales` int(11) NOT NULL AUTO_INCREMENT, AUTO_INCREMENT=432;

--
-- AUTO_INCREMENT de la tabla `alternativo`
--
ALTER TABLE `alternativo`
  MODIFY `idAlternativo` int(11) NOT NULL AUTO_INCREMENT, AUTO_INCREMENT=4;

--
-- AUTO_INCREMENT de la tabla `alternativo_motivo`
--
ALTER TABLE `alternativo_motivo`
  MODIFY `idAlternativoMotivo` int(11) NOT NULL AUTO_INCREMENT, AUTO_INCREMENT=7;

--
-- AUTO_INCREMENT de la tabla `alternativo_spec`
--
ALTER TABLE `alternativo_spec`
  MODIFY `idAlternativoSpec` int(11) NOT NULL AUTO_INCREMENT;

--
-- AUTO_INCREMENT de la tabla `alternativo_status`
--
ALTER TABLE `alternativo_status`
  MODIFY `idAlternativoStatus` int(11) NOT NULL AUTO_INCREMENT, AUTO_INCREMENT=4;

--
-- AUTO_INCREMENT de la tabla `alternativo_tipo`
--
ALTER TABLE `alternativo_tipo`
  MODIFY `idAlternativoTipo` int(11) NOT NULL AUTO_INCREMENT, AUTO_INCREMENT=41;

--
-- AUTO_INCREMENT de la tabla `capacidad`
--
ALTER TABLE `capacidad`
  MODIFY `idCapacidad` int(11) NOT NULL AUTO_INCREMENT, AUTO_INCREMENT=41;

--
-- AUTO_INCREMENT de la tabla `capacidades`
--
ALTER TABLE `capacidades`
  MODIFY `idCapacidades` int(11) NOT NULL AUTO_INCREMENT, AUTO_INCREMENT=135;

--
-- AUTO_INCREMENT de la tabla `cap_requeridas`
--
ALTER TABLE `cap_requeridas`
  MODIFY `idCapRequeridas` int(11) NOT NULL AUTO_INCREMENT;

--
-- AUTO_INCREMENT de la tabla `carrier`
--
ALTER TABLE `carrier`
  MODIFY `idCarrier` int(11) NOT NULL AUTO_INCREMENT, AUTO_INCREMENT=4;

--
-- AUTO_INCREMENT de la tabla `cliente`
--
ALTER TABLE `cliente`
  MODIFY `idCliente` int(11) NOT NULL AUTO_INCREMENT, AUTO_INCREMENT=69;

--
-- AUTO_INCREMENT de la tabla `cliente_contacto`
--
ALTER TABLE `cliente_contacto`
  MODIFY `idClienteContacto` int(11) NOT NULL AUTO_INCREMENT, AUTO_INCREMENT=74;

--
-- AUTO_INCREMENT de la tabla `complejidad`
--
ALTER TABLE `complejidad`
  MODIFY `idComplejidad` int(11) NOT NULL AUTO_INCREMENT, AUTO_INCREMENT=4;

--
-- AUTO_INCREMENT de la tabla `cotizacion`
--
ALTER TABLE `cotizacion`
  MODIFY `idCotizacion` int(11) NOT NULL AUTO_INCREMENT, AUTO_INCREMENT=468;

--
-- AUTO_INCREMENT de la tabla `cotizacion_archivo`
--
ALTER TABLE `cotizacion_archivo`
  MODIFY `idCotizacionArchivo` int(11) NOT NULL AUTO_INCREMENT, AUTO_INCREMENT=390;

--
-- AUTO_INCREMENT de la tabla `cotizacion_archivo_tipo`
--
ALTER TABLE `cotizacion_archivo_tipo`
  MODIFY `idCotizacionArchivoTipo` int(11) NOT NULL AUTO_INCREMENT, AUTO_INCREMENT=12;

--
-- AUTO_INCREMENT de la tabla `cotizacion_categoria`
--
ALTER TABLE `cotizacion_categoria`
  MODIFY `idCotizacionCategoria` int(11) NOT NULL AUTO_INCREMENT, AUTO_INCREMENT=9;

--
-- AUTO_INCREMENT de la tabla `cotizacion_ensambles`
--
ALTER TABLE `cotizacion_ensambles`
  MODIFY `idCotizacionEnsamble` int(11) NOT NULL AUTO_INCREMENT, AUTO_INCREMENT=448;

--
-- AUTO_INCREMENT de la tabla `cotizacion_notas`
--
ALTER TABLE `cotizacion_notas`
  MODIFY `idCotizacionNota` int(11) NOT NULL AUTO_INCREMENT, AUTO_INCREMENT=450;

--
-- AUTO_INCREMENT de la tabla `cotizacion_volumen`
--
ALTER TABLE `cotizacion_volumen`
  MODIFY `idCotizacionVolumen` int(11) NOT NULL AUTO_INCREMENT, AUTO_INCREMENT=4;

--
-- AUTO_INCREMENT de la tabla `cuenta`
--
ALTER TABLE `cuenta`
  MODIFY `idCuenta` int(11) NOT NULL AUTO_INCREMENT, AUTO_INCREMENT=2;

--
-- AUTO_INCREMENT de la tabla `departamento`
--
ALTER TABLE `departamento`
  MODIFY `idDepartamento` int(11) NOT NULL AUTO_INCREMENT, AUTO_INCREMENT=21;

--
-- AUTO_INCREMENT de la tabla `empleado`
--
ALTER TABLE `empleado`
  MODIFY `idEmpleado` int(11) NOT NULL AUTO_INCREMENT, AUTO_INCREMENT=91;

--
-- AUTO_INCREMENT de la tabla `ensambles`
--
ALTER TABLE `ensambles`
  MODIFY `idEnsamble` int(11) NOT NULL AUTO_INCREMENT, AUTO_INCREMENT=618;

--
-- AUTO_INCREMENT de la tabla `etapa`
--
ALTER TABLE `etapa`
  MODIFY `idEtapa` int(11) NOT NULL AUTO_INCREMENT, AUTO_INCREMENT=5;

--
-- AUTO_INCREMENT de la tabla `historial`
--
ALTER TABLE `historial`
  MODIFY `idHistorial` int(11) NOT NULL AUTO_INCREMENT;

--
-- AUTO_INCREMENT de la tabla `manufacturador`
--
ALTER TABLE `manufacturador`
  MODIFY `idManufacturador` int(11) NOT NULL AUTO_INCREMENT, AUTO_INCREMENT=657;

--
-- AUTO_INCREMENT de la tabla `permiso`
--
ALTER TABLE `permiso`
  MODIFY `idPermiso` int(11) NOT NULL AUTO_INCREMENT, AUTO_INCREMENT=41;

--
-- AUTO_INCREMENT de la tabla `privilegios`
--
ALTER TABLE `privilegios`
  MODIFY `idPrivilegios` int(11) NOT NULL AUTO_INCREMENT, AUTO_INCREMENT=801;

--
-- AUTO_INCREMENT de la tabla `productos`
--
ALTER TABLE `productos`
  MODIFY `idProducto` int(11) NOT NULL AUTO_INCREMENT, AUTO_INCREMENT=5;

--
-- AUTO_INCREMENT de la tabla `proyecto`
--
ALTER TABLE `proyecto`
  MODIFY `idProyecto` int(11) NOT NULL AUTO_INCREMENT, AUTO_INCREMENT=742;

--
-- AUTO_INCREMENT de la tabla `proyecto_aprobador_etapa`
--
ALTER TABLE `proyecto_aprobador_etapa`
  MODIFY `idProyectoAprobador` int(11) NOT NULL AUTO_INCREMENT, AUTO_INCREMENT=49;

--
-- AUTO_INCREMENT de la tabla `proyecto_categoria`
--
ALTER TABLE `proyecto_categoria`
  MODIFY `idProyectoCategoria` int(11) NOT NULL AUTO_INCREMENT, AUTO_INCREMENT=10;

--
-- AUTO_INCREMENT de la tabla `proyecto_etapa`
--
ALTER TABLE `proyecto_etapa`
  MODIFY `idProyectoEtapa` int(11) NOT NULL AUTO_INCREMENT, AUTO_INCREMENT=13;

--
-- AUTO_INCREMENT de la tabla `proyecto_notas`
--
ALTER TABLE `proyecto_notas`
  MODIFY `idProyectoNota` int(11) NOT NULL AUTO_INCREMENT, AUTO_INCREMENT=661;

--
-- AUTO_INCREMENT de la tabla `proyecto_requester`
--
ALTER TABLE `proyecto_requester`
  MODIFY `idProyectoRequester` int(11) NOT NULL AUTO_INCREMENT, AUTO_INCREMENT=5;

--
-- AUTO_INCREMENT de la tabla `proyecto_servicio`
--
ALTER TABLE `proyecto_servicio`
  MODIFY `idProyectoServicio` int(11) NOT NULL AUTO_INCREMENT, AUTO_INCREMENT=11;

--
-- AUTO_INCREMENT de la tabla `puesto`
--
ALTER TABLE `puesto`
  MODIFY `idPuesto` int(11) NOT NULL AUTO_INCREMENT, AUTO_INCREMENT=29;

--
-- AUTO_INCREMENT de la tabla `recursos_asignados`
--
ALTER TABLE `recursos_asignados`
  MODIFY `idRecurso` int(11) NOT NULL AUTO_INCREMENT, AUTO_INCREMENT=1196;

--
-- AUTO_INCREMENT de la tabla `rol_aprobador`
--
ALTER TABLE `rol_aprobador`
  MODIFY `idRol` int(11) NOT NULL AUTO_INCREMENT, AUTO_INCREMENT=5;

--
-- AUTO_INCREMENT de la tabla `status`
--
ALTER TABLE `status`
  MODIFY `idStatus` int(11) NOT NULL AUTO_INCREMENT, AUTO_INCREMENT=8;

--
-- AUTO_INCREMENT de la tabla `ticket`
--
ALTER TABLE `ticket`
  MODIFY `idTicket` int(11) NOT NULL AUTO_INCREMENT, AUTO_INCREMENT=43;

--
-- AUTO_INCREMENT de la tabla `ticket_notes`
--
ALTER TABLE `ticket_notes`
  MODIFY `idTicketNote` int(11) NOT NULL AUTO_INCREMENT;

--
-- AUTO_INCREMENT de la tabla `ticket_status`
--
ALTER TABLE `ticket_status`
  MODIFY `idTicketStatus` int(11) NOT NULL AUTO_INCREMENT, AUTO_INCREMENT=6;

--
-- AUTO_INCREMENT de la tabla `ticket_type`
--
ALTER TABLE `ticket_type`
  MODIFY `idTicketType` int(11) NOT NULL AUTO_INCREMENT, AUTO_INCREMENT=8;

--
-- AUTO_INCREMENT de la tabla `tipocotizacion`
--
ALTER TABLE `tipocotizacion`
  MODIFY `idTipoCotizacion` int(11) NOT NULL AUTO_INCREMENT, AUTO_INCREMENT=24;

--
-- AUTO_INCREMENT de la tabla `tipoproyecto`
--
ALTER TABLE `tipoproyecto`
  MODIFY `idTipoProyecto` int(11) NOT NULL AUTO_INCREMENT, AUTO_INCREMENT=70;

--
-- AUTO_INCREMENT de la tabla `usuario`
--
ALTER TABLE `usuario`
  MODIFY `idUsuario` int(11) NOT NULL AUTO_INCREMENT, AUTO_INCREMENT=63;

--
-- AUTO_INCREMENT de la tabla `usuarios_asignados`
--
ALTER TABLE `usuarios_asignados`
  MODIFY `idUsuarioAsignado` int(11) NOT NULL AUTO_INCREMENT, AUTO_INCREMENT=11;

--
-- AUTO_INCREMENT de la tabla `ventas`
--
ALTER TABLE `ventas`
  MODIFY `idVenta` int(11) NOT NULL AUTO_INCREMENT, AUTO_INCREMENT=125;

--
-- Restricciones para tablas volcadas
--

--
-- Filtros para la tabla `actividad`
--
ALTER TABLE `actividad`
  ADD CONSTRAINT `actividad_ibfk_1` FOREIGN KEY (`idEtapa`) REFERENCES `etapa` (`idEtapa`);

--
-- Filtros para la tabla `actividades_proyecto`
--
ALTER TABLE `actividades_proyecto`
  ADD CONSTRAINT `actividades_proyecto_ibfk_1` FOREIGN KEY (`idProyecto`) REFERENCES `proyecto` (`idProyecto`),
  ADD CONSTRAINT `actividades_proyecto_ibfk_2` FOREIGN KEY (`idActividad`) REFERENCES `actividad` (`idActividad`),
  ADD CONSTRAINT `actividades_proyecto_ibfk_3` FOREIGN KEY (`entregadoPor`) REFERENCES `usuario` (`idUsuario`),
  ADD CONSTRAINT `actividades_proyecto_ibfk_4` FOREIGN KEY (`aprobadoPor`) REFERENCES `usuario` (`idUsuario`),
  ADD CONSTRAINT `actividades_proyecto_ibfk_5` FOREIGN KEY (`respAct`) REFERENCES `usuario` (`idUsuario`);

--
-- Filtros para la tabla `actividad_dependencia`
--
ALTER TABLE `actividad_dependencia`
  ADD CONSTRAINT `actividad_dependencia_ibfk_1` FOREIGN KEY (`idActividad`) REFERENCES `actividad` (`idActividad`),
  ADD CONSTRAINT `actividad_dependencia_ibfk_2` FOREIGN KEY (`idActRequerida`) REFERENCES `actividad` (`idActividad`);

--
-- Filtros para la tabla `actividad_recursos_adicionales`
--
ALTER TABLE `actividad_recursos_adicionales`
  ADD CONSTRAINT `actividad_recursos_adicionales_ibfk_2` FOREIGN KEY (`idUsuario`) REFERENCES `usuario` (`idUsuario`),
  ADD CONSTRAINT `actividad_recursos_adicionales_ibfk_3` FOREIGN KEY (`idActividades_proyecto`) REFERENCES `actividades_proyecto` (`idActividades_proyecto`);

--
-- Filtros para la tabla `alternativo`
--
ALTER TABLE `alternativo`
  ADD CONSTRAINT `alternativo_ibfk_1` FOREIGN KEY (`idAlternativoManufacturador`) REFERENCES `manufacturador` (`idManufacturador`),
  ADD CONSTRAINT `alternativo_ibfk_2` FOREIGN KEY (`idAlternativoStatus`) REFERENCES `alternativo_status` (`idAlternativoStatus`),
  ADD CONSTRAINT `alternativo_ibfk_3` FOREIGN KEY (`idAlternativoTipo`) REFERENCES `alternativo_tipo` (`idAlternativoTipo`),
  ADD CONSTRAINT `alternativo_ibfk_4` FOREIGN KEY (`idAsignadoAUsuario`) REFERENCES `usuario` (`idUsuario`),
  ADD CONSTRAINT `alternativo_ibfk_5` FOREIGN KEY (`idManufacturador`) REFERENCES `manufacturador` (`idManufacturador`),
  ADD CONSTRAINT `alternativo_ibfk_6` FOREIGN KEY (`idMotivo`) REFERENCES `alternativo_motivo` (`idAlternativoMotivo`),
  ADD CONSTRAINT `alternativo_ibfk_7` FOREIGN KEY (`idNegocioVieneDeDepartamento`) REFERENCES `departamento` (`idDepartamento`),
  ADD CONSTRAINT `alternativo_ibfk_8` FOREIGN KEY (`idNegocioVieneDeUsuario`) REFERENCES `usuario` (`idUsuario`);

--
-- Filtros para la tabla `alternativo_motivo`
--
ALTER TABLE `alternativo_motivo`
  ADD CONSTRAINT `alternativo_motivo_ibfk_1` FOREIGN KEY (`creadoPor`) REFERENCES `usuario` (`idUsuario`);

--
-- Filtros para la tabla `alternativo_spec`
--
ALTER TABLE `alternativo_spec`
  ADD CONSTRAINT `alternativo_spec_ibfk_1` FOREIGN KEY (`subidoPor`) REFERENCES `usuario` (`idUsuario`),
  ADD CONSTRAINT `alternativo_spec_ibfk_2` FOREIGN KEY (`idAlternativo`) REFERENCES `alternativo` (`idAlternativo`);

--
-- Filtros para la tabla `alternativo_status`
--
ALTER TABLE `alternativo_status`
  ADD CONSTRAINT `alternativo_status_ibfk_1` FOREIGN KEY (`creadoPor`) REFERENCES `usuario` (`idUsuario`);

--
-- Filtros para la tabla `alternativo_tipo`
--
ALTER TABLE `alternativo_tipo`
  ADD CONSTRAINT `alternativo_tipo_ibfk_1` FOREIGN KEY (`creadoPor`) REFERENCES `usuario` (`idUsuario`);

--
-- Filtros para la tabla `capacidades`
--
ALTER TABLE `capacidades`
  ADD CONSTRAINT `capacidades_ibfk_1` FOREIGN KEY (`idCapacidad`) REFERENCES `capacidad` (`idCapacidad`),
  ADD CONSTRAINT `capacidades_ibfk_2` FOREIGN KEY (`idEmpleado`) REFERENCES `empleado` (`idEmpleado`);

--
-- Filtros para la tabla `cap_requeridas`
--
ALTER TABLE `cap_requeridas`
  ADD CONSTRAINT `cap_requeridas_ibfk_1` FOREIGN KEY (`idCapacidad`) REFERENCES `capacidad` (`idCapacidad`),
  ADD CONSTRAINT `cap_requeridas_ibfk_2` FOREIGN KEY (`idProyecto`) REFERENCES `proyecto` (`idProyecto`);

--
-- Filtros para la tabla `cliente_contacto`
--
ALTER TABLE `cliente_contacto`
  ADD CONSTRAINT `cliente_contacto_ibfk_1` FOREIGN KEY (`idCliente`) REFERENCES `cliente` (`idCliente`);

--
-- Filtros para la tabla `cotizacion`
--
ALTER TABLE `cotizacion`
  ADD CONSTRAINT `cotizacion_ibfk_1` FOREIGN KEY (`idCliente`) REFERENCES `cliente` (`idCliente`),
  ADD CONSTRAINT `cotizacion_ibfk_2` FOREIGN KEY (`idResponsable`) REFERENCES `empleado` (`idEmpleado`),
  ADD CONSTRAINT `cotizacion_ibfk_3` FOREIGN KEY (`idRepreVentas`) REFERENCES `empleado` (`idEmpleado`),
  ADD CONSTRAINT `cotizacion_ibfk_4` FOREIGN KEY (`idStatus`) REFERENCES `status` (`idStatus`),
  ADD CONSTRAINT `cotizacion_ibfk_7` FOREIGN KEY (`idClienteContacto`) REFERENCES `cliente_contacto` (`idClienteContacto`),
  ADD CONSTRAINT `cotizacion_ibfk_8` FOREIGN KEY (`BOMType`) REFERENCES `tipocotizacion` (`idTipoCotizacion`),
  ADD CONSTRAINT `cotizacion_ibfk_9` FOREIGN KEY (`idTipoCotizacion`) REFERENCES `tipocotizacion` (`idTipoCotizacion`);

--
-- Filtros para la tabla `cotizacion_archivo`
--
ALTER TABLE `cotizacion_archivo`
  ADD CONSTRAINT `cotizacion_archivo_ibfk_1` FOREIGN KEY (`subidoPor`) REFERENCES `usuario` (`idUsuario`),
  ADD CONSTRAINT `cotizacion_archivo_ibfk_2` FOREIGN KEY (`tipo`) REFERENCES `cotizacion_archivo_tipo` (`idCotizacionArchivoTipo`),
  ADD CONSTRAINT `cotizacion_archivo_ibfk_3` FOREIGN KEY (`aprobadoPor`) REFERENCES `usuario` (`idUsuario`),
  ADD CONSTRAINT `cotizacion_archivo_ibfk_4` FOREIGN KEY (`idCotizacion`) REFERENCES `cotizacion` (`idCotizacion`);

--
-- Filtros para la tabla `cotizacion_categoria`
--
ALTER TABLE `cotizacion_categoria`
  ADD CONSTRAINT `cotizacion_categoria_ibfk_1` FOREIGN KEY (`idComplejidad`) REFERENCES `complejidad` (`idComplejidad`);

--
-- Filtros para la tabla `cotizacion_ensambles`
--
ALTER TABLE `cotizacion_ensambles`
  ADD CONSTRAINT `cotizacion_ensambles_ibfk_1` FOREIGN KEY (`idCotizacion`) REFERENCES `cotizacion` (`idCotizacion`);

--
-- Filtros para la tabla `cotizacion_notas`
--
ALTER TABLE `cotizacion_notas`
  ADD CONSTRAINT `cotizacion_notas_ibfk_1` FOREIGN KEY (`idCotizacion`) REFERENCES `cotizacion` (`idCotizacion`),
  ADD CONSTRAINT `cotizacion_notas_ibfk_2` FOREIGN KEY (`idUsuario`) REFERENCES `usuario` (`idUsuario`);

--
-- Filtros para la tabla `cuenta`
--
ALTER TABLE `cuenta`
  ADD CONSTRAINT `cuenta_ibfk_1` FOREIGN KEY (`idCliente`) REFERENCES `cliente` (`idCliente`),
  ADD CONSTRAINT `cuenta_ibfk_2` FOREIGN KEY (`idCarrier`) REFERENCES `carrier` (`idCarrier`);

--
-- Filtros para la tabla `empleado`
--
ALTER TABLE `empleado`
  ADD CONSTRAINT `empleado_ibfk_1` FOREIGN KEY (`idPuesto`) REFERENCES `puesto` (`idPuesto`),
  ADD CONSTRAINT `empleado_ibfk_2` FOREIGN KEY (`idDepartamento`) REFERENCES `departamento` (`idDepartamento`);

--
-- Filtros para la tabla `ensambles`
--
ALTER TABLE `ensambles`
  ADD CONSTRAINT `ensambles_ibfk_1` FOREIGN KEY (`idProyecto`) REFERENCES `proyecto` (`idProyecto`);

--
-- Filtros para la tabla `historial`
--
ALTER TABLE `historial`
  ADD CONSTRAINT `historial_ibfk_1` FOREIGN KEY (`idProyecto`) REFERENCES `proyecto` (`idProyecto`),
  ADD CONSTRAINT `historial_ibfk_2` FOREIGN KEY (`idUsuario`) REFERENCES `usuario` (`idUsuario`);

--
-- Filtros para la tabla `manufacturador`
--
ALTER TABLE `manufacturador`
  ADD CONSTRAINT `manufacturador_ibfk_1` FOREIGN KEY (`creadoPor`) REFERENCES `usuario` (`idUsuario`);

--
-- Filtros para la tabla `privilegios`
--
ALTER TABLE `privilegios`
  ADD CONSTRAINT `privilegios_ibfk_1` FOREIGN KEY (`idPermiso`) REFERENCES `permiso` (`idPermiso`),
  ADD CONSTRAINT `privilegios_ibfk_2` FOREIGN KEY (`idUsuario`) REFERENCES `usuario` (`idUsuario`);

--
-- Filtros para la tabla `proyecto`
--
ALTER TABLE `proyecto`
  ADD CONSTRAINT `proyecto_ibfk_1` FOREIGN KEY (`idCliente`) REFERENCES `cliente` (`idCliente`),
  ADD CONSTRAINT `proyecto_ibfk_10` FOREIGN KEY (`idTipoProyecto`) REFERENCES `tipoproyecto` (`idTipoProyecto`),
  ADD CONSTRAINT `proyecto_ibfk_11` FOREIGN KEY (`idRepreVentas`) REFERENCES `coe_performance_db_esp`.`empleado` (`idEmpleado`),
  ADD CONSTRAINT `proyecto_ibfk_12` FOREIGN KEY (`idGerenteProyecto`) REFERENCES `usuario` (`idUsuario`),
  ADD CONSTRAINT `proyecto_ibfk_13` FOREIGN KEY (`idLiderProyecto`) REFERENCES `usuario` (`idUsuario`),
  ADD CONSTRAINT `proyecto_ibfk_14` FOREIGN KEY (`idIngenieroQA`) REFERENCES `usuario` (`idUsuario`),
  ADD CONSTRAINT `proyecto_ibfk_15` FOREIGN KEY (`idCoordinadorProyecto`) REFERENCES `usuario` (`idUsuario`),
  ADD CONSTRAINT `proyecto_ibfk_16` FOREIGN KEY (`idProyectoRequester`) REFERENCES `proyecto_requester` (`idProyectoRequester`),
  ADD CONSTRAINT `proyecto_ibfk_3` FOREIGN KEY (`idStatus`) REFERENCES `status` (`idStatus`),
  ADD CONSTRAINT `proyecto_ibfk_5` FOREIGN KEY (`idUsuario`) REFERENCES `usuario` (`idUsuario`),
  ADD CONSTRAINT `proyecto_ibfk_6` FOREIGN KEY (`idCuenta`) REFERENCES `cuenta` (`idCuenta`),
  ADD CONSTRAINT `proyecto_ibfk_7` FOREIGN KEY (`idRespDiseno`) REFERENCES `empleado` (`idEmpleado`),
  ADD CONSTRAINT `proyecto_ibfk_8` FOREIGN KEY (`idRespManu`) REFERENCES `empleado` (`idEmpleado`),
  ADD CONSTRAINT `proyecto_ibfk_9` FOREIGN KEY (`currentStage`) REFERENCES `etapa` (`idEtapa`);

--
-- Filtros para la tabla `proyecto_aprobador_etapa`
--
ALTER TABLE `proyecto_aprobador_etapa`
  ADD CONSTRAINT `proyecto_aprobador_etapa_ibfk_1` FOREIGN KEY (`idProyectoEtapa`) REFERENCES `proyecto_etapa` (`idProyectoEtapa`),
  ADD CONSTRAINT `proyecto_aprobador_etapa_ibfk_2` FOREIGN KEY (`idUsuario`) REFERENCES `usuario` (`idUsuario`),
  ADD CONSTRAINT `proyecto_aprobador_etapa_ibfk_3` FOREIGN KEY (`idRol`) REFERENCES `rol_aprobador` (`idRol`);

--
-- Filtros para la tabla `proyecto_etapa`
--
ALTER TABLE `proyecto_etapa`
  ADD CONSTRAINT `proyecto_etapa_ibfk_1` FOREIGN KEY (`idProyecto`) REFERENCES `proyecto` (`idProyecto`),
  ADD CONSTRAINT `proyecto_etapa_ibfk_2` FOREIGN KEY (`idEtapa`) REFERENCES `etapa` (`idEtapa`);

--
-- Filtros para la tabla `proyecto_notas`
--
ALTER TABLE `proyecto_notas`
  ADD CONSTRAINT `proyecto_notas_ibfk_1` FOREIGN KEY (`idProyecto`) REFERENCES `proyecto` (`idProyecto`),
  ADD CONSTRAINT `proyecto_notas_ibfk_2` FOREIGN KEY (`idUsuario`) REFERENCES `usuario` (`idUsuario`);

--
-- Filtros para la tabla `recursos_asignados`
--
ALTER TABLE `recursos_asignados`
  ADD CONSTRAINT `recursos_asignados_ibfk_1` FOREIGN KEY (`idEmpleado`) REFERENCES `empleado` (`idEmpleado`),
  ADD CONSTRAINT `recursos_asignados_ibfk_2` FOREIGN KEY (`idActividades_proyecto`) REFERENCES `actividades_proyecto` (`idActividades_proyecto`);

--
-- Filtros para la tabla `ticket`
--
ALTER TABLE `ticket`
  ADD CONSTRAINT `ticket_ibfk_1` FOREIGN KEY (`idTicketType`) REFERENCES `ticket_type` (`idTicketType`),
  ADD CONSTRAINT `ticket_ibfk_2` FOREIGN KEY (`idTicketStatus`) REFERENCES `ticket_status` (`idTicketStatus`),
  ADD CONSTRAINT `ticket_ibfk_3` FOREIGN KEY (`idUser`) REFERENCES `usuario` (`idUsuario`);

--
-- Filtros para la tabla `ticket_notes`
--
ALTER TABLE `ticket_notes`
  ADD CONSTRAINT `ticket_notes_ibfk_1` FOREIGN KEY (`idTicket`) REFERENCES `ticket` (`idTicket`),
  ADD CONSTRAINT `ticket_notes_ibfk_2` FOREIGN KEY (`idUser`) REFERENCES `usuario` (`idUsuario`);

--
-- Filtros para la tabla `tipocotizacion`
--
ALTER TABLE `tipocotizacion`
  ADD CONSTRAINT `tipocotizacion_ibfk_1` FOREIGN KEY (`idCotizacionCategoria`) REFERENCES `cotizacion_categoria` (`idCotizacionCategoria`),
  ADD CONSTRAINT `tipocotizacion_ibfk_2` FOREIGN KEY (`idCotizacionVolumen`) REFERENCES `cotizacion_volumen` (`idCotizacionVolumen`);

--
-- Filtros para la tabla `tipoproyecto`
--
ALTER TABLE `tipoproyecto`
  ADD CONSTRAINT `tipoproyecto_ibfk_1` FOREIGN KEY (`idProyectoCategoria`) REFERENCES `proyecto_categoria` (`idProyectoCategoria`),
  ADD CONSTRAINT `tipoproyecto_ibfk_2` FOREIGN KEY (`idComplejidad`) REFERENCES `complejidad` (`idComplejidad`),
  ADD CONSTRAINT `tipoproyecto_ibfk_3` FOREIGN KEY (`idProyectoServicio`) REFERENCES `proyecto_servicio` (`idProyectoServicio`);

--
-- Filtros para la tabla `usuario`
--
ALTER TABLE `usuario`
  ADD CONSTRAINT `usuario_ibfk_1` FOREIGN KEY (`idEmpleado`) REFERENCES `empleado` (`idEmpleado`);

--
-- Filtros para la tabla `usuarios_asignados`
--
ALTER TABLE `usuarios_asignados`
  ADD CONSTRAINT `usuarios_asignados_ibfk_1` FOREIGN KEY (`idActividades_proyecto`) REFERENCES `actividades_proyecto` (`idActividades_proyecto`),
  ADD CONSTRAINT `usuarios_asignados_ibfk_2` FOREIGN KEY (`idUsuario`) REFERENCES `usuario` (`idUsuario`);

--
-- Filtros para la tabla `ventas`
--
ALTER TABLE `ventas`
  ADD CONSTRAINT `ventas_ibfk_1` FOREIGN KEY (`idCotizacion`) REFERENCES `cotizacion` (`idCotizacion`),
  ADD CONSTRAINT `ventas_ibfk_2` FOREIGN KEY (`approvedBy`) REFERENCES `usuario` (`idUsuario`),
  ADD CONSTRAINT `ventas_ibfk_3` FOREIGN KEY (`idResponsable`) REFERENCES `empleado` (`idEmpleado`),
  ADD CONSTRAINT `ventas_ibfk_4` FOREIGN KEY (`createdBy`) REFERENCES `usuario` (`idUsuario`);
COMMIT;

/*!40101 SET CHARACTER_SET_CLIENT=@OLD_CHARACTER_SET_CLIENT */;
/*!40101 SET CHARACTER_SET_RESULTS=@OLD_CHARACTER_SET_RESULTS */;
/*!40101 SET COLLATION_CONNECTION=@OLD_COLLATION_CONNECTION */;
